c PyNETGEN v1.0.0
c $ pip install pynetgen
c
c  NETGEN flow network generation algorithm
c  Problem input parameters
c  -------------------------------------
c   Random seed:          78075841
c   Number of nodes:      1200
c   Source nodes:         15
c   Sink nodes:           15
c   Number of arcs:       20000
c   Minimum arc cost:     1
c   Maximum arc cost:     50
c   Total supply:         60000
c   Transshipment -
c     Sources:            0
c     Sinks:              0
c   Skeleton arcs -
c     With max cost:      50
c     Capacitated:        100
c   Minimum arc capacity: 1
c   Maximum arc capacity: 10
c
c  *** Minimum cost flow ***
c
p min 1200 20000
n 1 11920
n 2 3954
n 3 2427
n 4 2638
n 5 3458
n 6 6874
n 7 27
n 8 3858
n 9 5112
n 10 10636
n 11 4420
n 12 3320
n 13 384
n 14 568
n 15 404
n 1186 -5341
n 1187 -7877
n 1188 -7533
n 1189 -148
n 1190 -3523
n 1191 -811
n 1192 -7516
n 1193 -9932
n 1194 -846
n 1195 -2565
n 1196 -154
n 1197 -10257
n 1198 -863
n 1199 -101
n 1200 -2533
a 1 68 0 11920 34
a 1 19 0 8 35
a 1 1092 0 9 42
a 1 1049 0 2 45
a 1 596 0 2 43
a 1 1112 0 3 25
a 1 253 0 6 30
a 1 447 0 8 2
a 1 335 0 10 15
a 1 330 0 4 22
a 1 862 0 3 11
a 1 1014 0 4 45
a 1 739 0 3 49
a 1 1056 0 5 31
a 1 80 0 2 4
a 1 257 0 5 46
a 1 154 0 3 45
a 1 162 0 5 6
a 1 660 0 8 12
a 1 875 0 4 5
a 29 1048 0 11920 50
a 29 335 0 6 38
a 29 869 0 4 7
a 29 423 0 7 1
a 29 934 0 7 26
a 29 401 0 8 34
a 29 515 0 7 38
a 29 325 0 10 44
a 29 72 0 2 13
a 29 984 0 2 5
a 29 475 0 4 13
a 29 219 0 3 41
a 29 339 0 10 40
a 29 291 0 2 28
a 29 978 0 2 48
a 29 287 0 9 41
a 29 259 0 5 28
a 29 139 0 1 45
a 43 138 0 11920 46
a 43 756 0 7 10
a 43 797 0 3 29
a 43 395 0 8 2
a 43 648 0 6 6
a 43 399 0 4 9
a 43 847 0 4 33
a 43 802 0 4 21
a 43 727 0 3 44
a 43 1110 0 2 33
a 43 1052 0 8 42
a 43 120 0 3 9
a 43 270 0 1 30
a 43 836 0 9 30
a 43 263 0 3 29
a 43 1035 0 2 41
a 68 171 0 11920 42
a 68 530 0 1 26
a 68 523 0 5 4
a 68 891 0 8 4
a 68 574 0 5 49
a 68 362 0 6 41
a 68 597 0 2 45
a 68 677 0 3 30
a 68 944 0 10 20
a 68 17 0 4 34
a 68 903 0 5 15
a 68 535 0 3 21
a 68 1111 0 6 35
a 68 341 0 2 10
a 68 440 0 2 33
a 68 141 0 8 29
a 68 252 0 10 2
a 68 894 0 3 49
a 68 681 0 3 30
a 68 1094 0 7 38
a 68 1048 0 1 34
a 68 310 0 3 18
a 68 965 0 6 42
a 68 67 0 2 38
a 68 179 0 4 36
a 68 1038 0 8 38
a 68 263 0 8 50
a 69 362 0 11920 50
a 69 933 0 2 40
a 69 384 0 5 34
a 69 1124 0 3 38
a 69 1041 0 8 50
a 69 272 0 4 18
a 69 265 0 10 26
a 69 1073 0 5 1
a 69 759 0 1 39
a 69 532 0 6 11
a 69 861 0 7 35
a 77 686 0 11920 50
a 77 996 0 3 34
a 77 148 0 6 38
a 77 129 0 8 19
a 77 90 0 4 23
a 77 314 0 9 28
a 77 1089 0 5 19
a 85 993 0 11920 42
a 85 203 0 6 43
a 85 501 0 3 5
a 85 770 0 9 34
a 85 1031 0 3 8
a 85 313 0 9 15
a 85 124 0 10 7
a 85 500 0 3 27
a 85 1030 0 9 21
a 85 119 0 2 1
a 85 783 0 7 1
a 85 304 0 10 9
a 85 378 0 4 36
a 85 1139 0 5 18
a 85 207 0 3 9
a 85 540 0 7 15
a 85 100 0 9 50
a 85 1071 0 5 8
a 85 1035 0 4 3
a 85 58 0 7 16
a 85 976 0 8 22
a 85 374 0 9 19
a 85 1175 0 4 36
a 87 29 0 11920 15
a 87 427 0 7 21
a 87 301 0 8 37
a 87 520 0 8 34
a 87 1160 0 7 39
a 87 761 0 7 10
a 87 873 0 4 24
a 87 341 0 8 34
a 87 240 0 7 32
a 87 880 0 1 9
a 87 999 0 4 48
a 87 915 0 9 26
a 87 1142 0 10 38
a 87 80 0 4 11
a 87 56 0 4 16
a 87 535 0 10 38
a 87 324 0 9 26
a 87 1192 0 5 18
a 87 836 0 1 14
a 87 666 0 9 49
a 131 627 0 11920 50
a 131 1094 0 5 30
a 131 628 0 5 40
a 131 219 0 7 8
a 131 1086 0 4 28
a 131 1022 0 7 14
a 131 647 0 6 5
a 131 130 0 6 20
a 131 364 0 8 48
a 131 171 0 7 27
a 131 1126 0 10 47
a 131 596 0 4 21
a 131 1097 0 1 8
a 131 291 0 5 34
a 131 1055 0 1 17
a 131 272 0 10 47
a 131 614 0 4 37
a 131 560 0 1 38
a 131 995 0 4 14
a 131 859 0 7 14
a 131 442 0 1 11
a 132 262 0 11920 50
a 132 830 0 6 17
a 132 1116 0 1 32
a 132 245 0 7 13
a 132 1067 0 4 7
a 132 825 0 4 48
a 132 232 0 6 1
a 132 29 0 3 15
a 138 700 0 11920 50
a 138 708 0 6 38
a 138 199 0 4 16
a 138 284 0 5 5
a 138 1049 0 7 34
a 138 614 0 6 44
a 138 490 0 4 10
a 138 472 0 4 5
a 138 1166 0 1 28
a 138 498 0 7 19
a 138 149 0 2 13
a 138 525 0 4 28
a 138 1109 0 7 24
a 138 531 0 5 40
a 150 655 0 11920 32
a 150 243 0 10 49
a 150 1112 0 6 21
a 150 607 0 10 49
a 150 873 0 1 14
a 150 484 0 6 42
a 150 526 0 1 38
a 150 333 0 2 15
a 150 301 0 6 19
a 150 561 0 2 25
a 150 26 0 1 21
a 150 714 0 3 39
a 150 372 0 3 29
a 150 290 0 1 41
a 150 613 0 8 12
a 150 578 0 7 10
a 150 460 0 3 37
a 164 629 0 11920 39
a 164 428 0 10 45
a 164 1014 0 5 33
a 164 799 0 5 47
a 164 514 0 6 33
a 164 199 0 5 8
a 164 605 0 9 36
a 164 934 0 2 4
a 164 954 0 4 36
a 164 75 0 5 14
a 171 598 0 11920 50
a 171 726 0 10 18
a 171 916 0 5 18
a 171 791 0 3 28
a 171 971 0 9 39
a 171 626 0 10 18
a 171 636 0 3 43
a 171 1047 0 5 33
a 183 1129 0 11920 10
a 183 775 0 7 34
a 183 1059 0 7 38
a 183 911 0 5 6
a 183 84 0 9 25
a 183 289 0 1 22
a 183 883 0 7 10
a 183 878 0 7 23
a 183 490 0 6 27
a 183 376 0 4 46
a 183 58 0 5 38
a 183 463 0 3 22
a 183 996 0 9 38
a 183 849 0 4 8
a 183 803 0 5 16
a 183 726 0 4 28
a 183 302 0 1 6
a 183 689 0 9 14
a 183 135 0 2 33
a 183 291 0 6 27
a 183 167 0 10 13
a 183 1005 0 3 48
a 183 669 0 2 12
a 183 652 0 2 40
a 183 1030 0 5 19
a 183 28 0 10 14
a 183 387 0 9 48
a 183 999 0 5 5
a 183 1132 0 2 14
a 183 173 0 10 16
a 183 460 0 7 26
a 183 85 0 3 1
a 202 497 0 11920 50
a 202 646 0 8 41
a 202 267 0 6 41
a 202 145 0 9 4
a 202 786 0 9 18
a 202 86 0 4 48
a 202 1144 0 8 5
a 202 889 0 10 19
a 202 315 0 5 10
a 202 182 0 5 40
a 202 369 0 4 41
a 202 581 0 5 28
a 202 382 0 1 23
a 202 783 0 9 40
a 202 543 0 3 39
a 202 412 0 8 23
a 202 518 0 5 29
a 202 398 0 3 16
a 202 142 0 5 50
a 202 335 0 1 37
a 202 753 0 6 2
a 202 882 0 5 38
a 202 1020 0 8 17
a 202 1006 0 6 43
a 202 544 0 3 2
a 202 875 0 3 43
a 202 1133 0 8 20
a 262 672 0 11920 5
a 262 1137 0 5 12
a 262 981 0 6 2
a 262 1002 0 3 15
a 262 687 0 2 44
a 262 200 0 8 42
a 262 49 0 4 6
a 262 103 0 4 7
a 262 518 0 5 21
a 262 536 0 4 34
a 262 630 0 5 41
a 262 253 0 3 38
a 264 799 0 11920 24
a 264 72 0 8 40
a 264 506 0 6 47
a 264 848 0 7 21
a 264 642 0 2 15
a 264 332 0 10 25
a 264 155 0 1 33
a 284 974 0 11920 50
a 284 482 0 4 19
a 284 258 0 6 13
a 284 550 0 3 3
a 284 443 0 2 36
a 284 1180 0 4 14
a 284 1167 0 10 38
a 284 599 0 10 27
a 284 119 0 10 11
a 284 104 0 6 27
a 284 30 0 3 31
a 284 226 0 9 12
a 284 1122 0 8 24
a 284 911 0 4 43
a 284 60 0 7 43
a 284 232 0 4 41
a 284 310 0 1 11
a 284 649 0 6 11
a 284 561 0 4 19
a 284 702 0 8 9
a 284 639 0 7 31
a 284 1173 0 10 11
a 284 937 0 9 37
a 284 860 0 9 11
a 284 1192 0 9 41
a 284 1033 0 9 40
a 284 327 0 9 31
a 284 609 0 10 34
a 284 216 0 3 17
a 284 17 0 10 35
a 284 1059 0 1 13
a 284 234 0 9 17
a 304 441 0 11920 50
a 304 835 0 5 42
a 304 749 0 9 27
a 304 88 0 7 32
a 316 864 0 11920 50
a 316 327 0 8 10
a 316 985 0 8 35
a 316 958 0 10 42
a 316 48 0 2 4
a 316 932 0 1 5
a 316 588 0 8 10
a 316 1093 0 5 37
a 316 1054 0 9 31
a 316 247 0 5 13
a 316 982 0 8 31
a 316 238 0 3 7
a 316 506 0 2 31
a 316 722 0 10 33
a 316 61 0 3 29
a 316 161 0 10 49
a 316 139 0 7 33
a 316 764 0 5 13
a 316 150 0 10 44
a 341 150 0 11920 50
a 341 885 0 3 3
a 341 210 0 3 23
a 341 364 0 1 32
a 341 1137 0 1 7
a 341 899 0 1 17
a 341 334 0 6 25
a 341 550 0 6 35
a 341 247 0 3 43
a 341 449 0 9 42
a 341 178 0 6 28
a 341 964 0 8 5
a 341 250 0 4 1
a 341 764 0 1 34
a 341 228 0 6 15
a 341 52 0 2 21
a 341 858 0 4 47
a 341 1045 0 6 45
a 341 533 0 8 31
a 341 354 0 8 46
a 341 595 0 3 6
a 341 204 0 1 26
a 341 544 0 7 38
a 341 958 0 4 47
a 341 89 0 10 13
a 341 620 0 10 42
a 341 1027 0 1 36
a 357 801 0 11920 50
a 357 1171 0 6 17
a 357 248 0 7 15
a 357 683 0 4 18
a 357 540 0 3 9
a 357 778 0 1 11
a 357 325 0 1 37
a 357 207 0 7 11
a 357 730 0 5 22
a 357 80 0 10 1
a 360 567 0 11920 34
a 360 378 0 6 2
a 360 462 0 2 32
a 360 435 0 2 22
a 360 965 0 8 3
a 360 497 0 9 43
a 360 60 0 2 14
a 360 813 0 6 40
a 360 893 0 7 43
a 360 71 0 2 50
a 360 622 0 3 25
a 360 55 0 6 47
a 360 847 0 9 25
a 360 1040 0 1 10
a 360 386 0 9 43
a 360 375 0 9 15
a 360 1177 0 2 5
a 360 1065 0 3 9
a 360 794 0 5 6
a 360 704 0 4 29
a 360 43 0 6 36
a 360 65 0 4 6
a 362 1072 0 11920 50
a 362 680 0 1 15
a 362 66 0 9 26
a 362 662 0 7 38
a 362 759 0 6 32
a 362 537 0 2 2
a 362 1157 0 5 9
a 362 1184 0 1 47
a 362 1178 0 9 9
a 362 460 0 9 19
a 362 27 0 7 15
a 362 557 0 2 41
a 362 1135 0 10 31
a 362 1128 0 7 33
a 362 431 0 10 50
a 425 680 0 11920 4
a 425 78 0 3 39
a 425 811 0 7 9
a 425 362 0 7 28
a 425 487 0 2 10
a 425 505 0 7 8
a 425 710 0 4 3
a 425 635 0 6 40
a 425 790 0 6 13
a 425 1174 0 6 35
a 425 516 0 7 49
a 425 336 0 5 13
a 425 1182 0 7 28
a 428 425 0 11920 14
a 428 168 0 7 10
a 428 183 0 6 48
a 428 624 0 5 49
a 428 292 0 1 13
a 428 1027 0 8 9
a 428 724 0 1 16
a 428 1158 0 7 21
a 428 1088 0 3 15
a 428 698 0 1 10
a 428 1126 0 5 8
a 428 623 0 1 43
a 428 471 0 9 33
a 428 1015 0 7 13
a 441 1069 0 11920 50
a 441 76 0 7 33
a 441 615 0 9 14
a 441 352 0 1 48
a 441 1048 0 3 30
a 441 669 0 8 38
a 441 511 0 9 31
a 441 635 0 8 19
a 441 294 0 10 5
a 441 1182 0 2 41
a 441 243 0 2 40
a 441 184 0 4 41
a 441 610 0 1 12
a 441 276 0 5 11
a 441 717 0 7 36
a 441 573 0 7 41
a 441 434 0 4 18
a 441 80 0 1 27
a 441 508 0 4 21
a 441 551 0 1 48
a 441 472 0 4 14
a 441 690 0 2 35
a 441 728 0 3 31
a 441 767 0 5 8
a 441 282 0 9 4
a 441 773 0 9 40
a 457 77 0 11920 50
a 457 740 0 1 20
a 457 791 0 1 11
a 457 739 0 8 3
a 457 29 0 5 30
a 457 387 0 1 9
a 457 1133 0 9 6
a 457 713 0 3 38
a 457 971 0 7 14
a 457 269 0 9 9
a 457 798 0 9 39
a 468 202 0 11920 50
a 468 511 0 1 33
a 468 274 0 1 17
a 468 527 0 4 36
a 468 1119 0 9 16
a 468 665 0 3 26
a 468 69 0 9 21
a 468 179 0 9 32
a 468 199 0 10 47
a 468 801 0 10 34
a 468 1050 0 9 14
a 468 1120 0 9 6
a 468 233 0 6 19
a 468 224 0 5 10
a 497 866 0 11920 23
a 497 754 0 7 17
a 497 744 0 10 30
a 497 159 0 4 9
a 497 913 0 5 43
a 497 1112 0 8 28
a 497 1139 0 10 2
a 497 399 0 4 24
a 497 981 0 1 31
a 497 681 0 5 19
a 497 1106 0 8 34
a 529 1200 0 11920 11
a 529 435 0 3 2
a 529 1072 0 10 50
a 529 751 0 1 47
a 529 310 0 3 13
a 529 505 0 8 46
a 529 1116 0 2 43
a 529 171 0 8 13
a 529 451 0 10 13
a 529 687 0 8 50
a 529 77 0 9 19
a 529 794 0 6 49
a 529 334 0 4 40
a 529 937 0 4 41
a 529 449 0 3 10
a 529 354 0 9 42
a 529 463 0 3 4
a 529 525 0 6 24
a 529 144 0 3 1
a 529 204 0 1 35
a 529 64 0 9 32
a 529 409 0 1 35
a 529 66 0 5 6
a 529 133 0 6 12
a 529 976 0 6 26
a 532 544 0 11920 19
a 532 616 0 9 6
a 532 644 0 2 7
a 532 524 0 10 2
a 532 263 0 10 15
a 532 110 0 6 18
a 532 531 0 5 49
a 542 132 0 11920 19
a 542 939 0 1 7
a 542 352 0 6 44
a 542 1107 0 9 50
a 542 122 0 1 14
a 542 725 0 3 22
a 542 779 0 9 49
a 542 555 0 10 23
a 542 24 0 6 17
a 542 1117 0 10 16
a 542 679 0 8 32
a 542 935 0 4 10
a 542 941 0 3 3
a 542 575 0 5 20
a 542 1190 0 2 26
a 542 314 0 1 48
a 542 252 0 10 25
a 542 45 0 7 48
a 542 296 0 7 44
a 543 996 0 11920 50
a 543 377 0 9 49
a 543 509 0 3 16
a 543 974 0 9 15
a 543 1166 0 5 13
a 543 98 0 10 38
a 543 583 0 2 1
a 543 231 0 1 41
a 543 835 0 10 48
a 543 678 0 6 41
a 543 1029 0 9 25
a 543 552 0 4 40
a 543 21 0 1 10
a 543 138 0 9 42
a 543 807 0 10 9
a 543 771 0 5 13
a 543 158 0 3 31
a 543 169 0 1 17
a 543 431 0 10 22
a 543 885 0 10 1
a 543 562 0 1 3
a 543 743 0 2 48
a 543 952 0 8 49
a 543 1079 0 9 4
a 543 29 0 9 9
a 544 529 0 11920 50
a 544 762 0 8 18
a 561 1093 0 11920 50
a 561 395 0 9 7
a 561 631 0 8 5
a 561 559 0 8 2
a 561 652 0 5 25
a 561 834 0 1 20
a 561 839 0 9 45
a 561 26 0 9 24
a 561 1170 0 4 15
a 561 798 0 3 11
a 561 731 0 9 25
a 561 696 0 8 22
a 561 104 0 3 4
a 561 383 0 8 40
a 561 282 0 6 28
a 561 495 0 6 7
a 561 373 0 6 31
a 561 668 0 9 37
a 562 561 0 11920 50
a 562 292 0 5 4
a 562 103 0 7 33
a 562 324 0 3 26
a 562 558 0 7 19
a 562 627 0 9 39
a 562 263 0 5 18
a 562 779 0 9 28
a 562 568 0 8 23
a 562 328 0 1 47
a 562 266 0 8 13
a 562 194 0 9 11
a 562 566 0 3 3
a 562 1028 0 8 16
a 562 1181 0 1 38
a 562 346 0 9 9
a 562 497 0 1 44
a 562 968 0 5 15
a 562 882 0 10 19
a 562 1170 0 8 47
a 562 1012 0 6 18
a 562 1053 0 1 2
a 567 599 0 11920 31
a 567 755 0 1 32
a 567 43 0 9 18
a 567 1009 0 7 31
a 567 540 0 4 49
a 567 216 0 8 13
a 567 718 0 1 18
a 567 1020 0 2 41
a 567 122 0 1 15
a 567 1164 0 10 21
a 567 836 0 1 5
a 567 261 0 2 30
a 567 207 0 7 29
a 567 623 0 1 12
a 567 560 0 5 22
a 567 365 0 7 5
a 567 191 0 3 4
a 567 304 0 9 25
a 567 591 0 8 30
a 567 1014 0 8 46
a 567 800 0 4 9
a 567 103 0 7 9
a 572 562 0 11920 44
a 572 204 0 5 41
a 572 629 0 1 23
a 572 621 0 10 48
a 572 1168 0 7 9
a 572 16 0 4 32
a 572 838 0 7 36
a 572 209 0 7 49
a 572 471 0 1 2
a 572 622 0 10 3
a 572 500 0 4 37
a 572 605 0 1 22
a 572 1006 0 9 13
a 572 946 0 4 28
a 572 735 0 6 35
a 572 876 0 1 27
a 572 1035 0 5 20
a 572 482 0 6 34
a 572 370 0 10 26
a 572 114 0 7 15
a 572 277 0 2 12
a 572 643 0 5 45
a 572 194 0 5 3
a 574 316 0 11920 36
a 574 1065 0 2 9
a 574 917 0 3 5
a 574 236 0 8 41
a 574 1068 0 4 50
a 574 452 0 2 5
a 574 415 0 7 21
a 574 228 0 6 2
a 574 186 0 9 42
a 574 634 0 2 19
a 574 712 0 3 14
a 574 131 0 3 45
a 574 192 0 9 1
a 574 1118 0 7 29
a 574 859 0 1 49
a 574 631 0 4 4
a 596 457 0 11920 35
a 596 906 0 9 34
a 596 403 0 8 29
a 596 42 0 8 36
a 596 646 0 7 26
a 596 402 0 4 3
a 596 951 0 3 21
a 596 1154 0 1 4
a 596 307 0 6 34
a 596 312 0 5 2
a 596 137 0 2 48
a 598 264 0 11920 12
a 598 982 0 10 25
a 598 1064 0 4 40
a 598 746 0 6 43
a 598 147 0 4 30
a 598 923 0 5 42
a 598 795 0 7 36
a 598 415 0 1 10
a 598 1116 0 4 45
a 598 47 0 4 15
a 598 142 0 1 28
a 598 1039 0 4 49
a 598 162 0 10 43
a 598 962 0 7 37
a 598 167 0 8 38
a 598 469 0 4 34
a 598 98 0 5 37
a 598 550 0 3 31
a 598 642 0 8 29
a 598 883 0 5 14
a 598 914 0 5 22
a 598 863 0 8 29
a 599 948 0 11920 50
a 599 667 0 3 42
a 627 542 0 11920 27
a 627 486 0 9 8
a 627 662 0 2 6
a 627 576 0 6 17
a 627 975 0 8 12
a 627 1004 0 6 15
a 627 693 0 1 19
a 627 319 0 4 36
a 627 1061 0 10 9
a 627 894 0 4 14
a 627 1184 0 4 14
a 627 749 0 9 12
a 627 740 0 8 48
a 627 743 0 5 33
a 627 243 0 5 46
a 627 999 0 4 11
a 627 1017 0 9 9
a 627 274 0 4 31
a 627 448 0 10 40
a 627 536 0 9 7
a 629 903 0 11920 50
a 629 78 0 8 25
a 629 202 0 4 48
a 629 343 0 2 34
a 629 1008 0 10 34
a 629 1146 0 3 32
a 629 190 0 4 37
a 629 374 0 6 35
a 629 367 0 3 32
a 629 1195 0 5 37
a 629 397 0 8 15
a 629 857 0 6 1
a 629 576 0 9 14
a 629 563 0 9 11
a 629 824 0 10 18
a 629 1088 0 9 30
a 629 869 0 4 10
a 629 1121 0 4 13
a 629 23 0 7 31
a 629 796 0 7 50
a 629 1103 0 7 40
a 629 767 0 6 8
a 629 891 0 8 6
a 655 284 0 11920 3
a 655 943 0 2 49
a 655 179 0 3 11
a 655 1144 0 3 25
a 655 1157 0 9 34
a 655 948 0 2 35
a 655 457 0 6 2
a 655 1163 0 7 13
a 655 401 0 8 31
a 655 1155 0 5 43
a 655 1021 0 5 14
a 655 229 0 5 23
a 655 285 0 1 20
a 655 1095 0 1 23
a 655 1114 0 6 19
a 655 1055 0 4 44
a 655 439 0 6 3
a 655 768 0 2 44
a 655 351 0 10 13
a 655 556 0 7 50
a 655 240 0 6 13
a 655 720 0 8 45
a 668 341 0 11920 50
a 668 695 0 3 8
a 668 1186 0 2 6
a 668 205 0 1 18
a 668 639 0 5 9
a 668 270 0 3 22
a 668 1149 0 5 19
a 668 67 0 4 10
a 668 69 0 4 37
a 668 694 0 3 6
a 668 193 0 9 20
a 668 944 0 2 3
a 668 887 0 8 23
a 668 661 0 3 29
a 668 731 0 9 44
a 668 881 0 10 27
a 668 264 0 3 17
a 668 556 0 1 35
a 668 385 0 4 4
a 668 76 0 6 49
a 668 1098 0 1 39
a 668 454 0 1 10
a 668 365 0 1 42
a 668 872 0 10 20
a 668 898 0 10 49
a 668 131 0 4 35
a 668 732 0 10 38
a 668 738 0 5 42
a 668 451 0 8 12
a 668 875 0 7 4
a 668 103 0 2 38
a 672 85 0 11920 9
a 672 180 0 8 9
a 672 977 0 3 7
a 672 497 0 3 40
a 672 927 0 8 28
a 680 1151 0 11920 50
a 680 1062 0 5 30
a 680 396 0 10 41
a 680 578 0 4 32
a 680 1060 0 2 41
a 680 111 0 7 4
a 680 848 0 10 45
a 680 514 0 4 49
a 680 1185 0 10 24
a 680 250 0 8 17
a 680 750 0 5 44
a 680 38 0 4 40
a 680 409 0 3 27
a 680 316 0 3 48
a 680 267 0 7 45
a 680 74 0 1 41
a 680 1125 0 3 41
a 680 959 0 5 10
a 680 620 0 2 29
a 680 965 0 8 44
a 680 255 0 3 43
a 680 133 0 9 23
a 680 176 0 6 41
a 680 1004 0 1 26
a 680 828 0 4 34
a 680 938 0 9 20
a 680 674 0 7 39
a 686 572 0 11920 5
a 686 1019 0 10 6
a 686 929 0 2 37
a 686 450 0 5 20
a 686 293 0 3 46
a 686 570 0 7 25
a 686 403 0 6 34
a 686 672 0 8 22
a 686 203 0 2 47
a 686 544 0 9 4
a 686 737 0 5 11
a 686 710 0 10 44
a 686 76 0 8 19
a 686 98 0 5 39
a 686 661 0 9 48
a 686 383 0 1 18
a 686 61 0 10 16
a 686 189 0 5 3
a 686 144 0 6 47
a 686 890 0 5 10
a 686 566 0 10 22
a 686 1185 0 2 28
a 686 1034 0 9 38
a 686 264 0 1 50
a 686 411 0 10 32
a 686 1027 0 3 44
a 686 839 0 4 34
a 686 1068 0 4 47
a 686 305 0 3 2
a 700 857 0 11920 6
a 700 919 0 8 17
a 700 59 0 8 50
a 700 393 0 5 8
a 700 631 0 4 47
a 700 540 0 5 35
a 700 561 0 7 19
a 726 543 0 11920 50
a 726 163 0 10 18
a 726 719 0 5 35
a 726 69 0 3 43
a 726 183 0 8 15
a 726 333 0 7 17
a 726 1197 0 5 47
a 726 993 0 8 5
a 726 1086 0 4 23
a 726 736 0 6 43
a 726 349 0 6 43
a 726 786 0 8 40
a 726 960 0 9 24
a 726 653 0 9 26
a 726 62 0 3 39
a 726 242 0 9 28
a 726 46 0 8 44
a 726 1061 0 10 29
a 726 941 0 5 24
a 726 366 0 4 27
a 726 671 0 5 30
a 726 382 0 6 38
a 726 908 0 1 48
a 726 969 0 1 9
a 726 407 0 4 11
a 726 509 0 10 27
a 726 364 0 5 11
a 726 403 0 8 8
a 726 745 0 4 18
a 799 838 0 11920 47
a 799 671 0 4 2
a 799 1014 0 9 13
a 799 162 0 9 17
a 799 549 0 2 31
a 799 844 0 8 28
a 799 907 0 3 24
a 799 369 0 9 2
a 799 1009 0 1 47
a 799 846 0 10 50
a 799 904 0 8 22
a 799 180 0 2 37
a 799 1090 0 2 41
a 799 36 0 10 2
a 799 168 0 9 3
a 799 250 0 7 35
a 799 785 0 7 50
a 799 586 0 9 50
a 799 870 0 10 41
a 799 55 0 1 17
a 799 565 0 6 4
a 799 678 0 8 48
a 799 670 0 3 5
a 799 620 0 5 43
a 799 48 0 3 45
a 799 390 0 8 36
a 801 1126 0 11920 3
a 801 1144 0 5 5
a 801 1007 0 4 22
a 801 739 0 1 45
a 801 49 0 5 33
a 801 574 0 9 8
a 801 673 0 7 42
a 801 228 0 5 5
a 801 486 0 10 16
a 801 329 0 9 22
a 801 218 0 1 30
a 801 1046 0 7 43
a 801 879 0 4 13
a 801 151 0 8 12
a 801 588 0 9 34
a 801 299 0 8 36
a 801 726 0 1 37
a 801 296 0 5 3
a 801 638 0 10 33
a 801 1059 0 7 24
a 801 261 0 9 27
a 811 726 0 11920 50
a 811 166 0 10 39
a 811 457 0 2 44
a 830 87 0 11920 39
a 830 159 0 7 5
a 830 70 0 5 2
a 830 1028 0 1 48
a 830 1152 0 5 8
a 830 604 0 6 6
a 830 761 0 1 49
a 830 201 0 1 2
a 830 1071 0 8 4
a 830 28 0 8 5
a 830 468 0 10 28
a 830 658 0 9 16
a 830 234 0 7 33
a 830 1090 0 3 7
a 830 545 0 8 22
a 830 419 0 9 37
a 830 798 0 3 42
a 830 907 0 3 15
a 830 647 0 2 14
a 830 593 0 5 43
a 830 529 0 2 22
a 830 407 0 5 10
a 830 35 0 8 49
a 830 94 0 10 26
a 830 969 0 4 42
a 830 486 0 10 15
a 838 1197 0 11920 50
a 838 596 0 11920 50
a 838 629 0 9 20
a 838 351 0 5 8
a 838 781 0 6 24
a 838 426 0 5 15
a 838 237 0 10 8
a 857 183 0 11920 30
a 857 1119 0 9 45
a 857 448 0 3 47
a 857 839 0 7 2
a 857 36 0 9 19
a 857 729 0 7 45
a 857 783 0 10 11
a 857 160 0 8 16
a 857 1063 0 7 17
a 857 1010 0 9 37
a 857 431 0 8 14
a 857 1000 0 2 27
a 857 186 0 2 42
a 857 78 0 7 28
a 857 1151 0 2 43
a 857 113 0 8 32
a 857 190 0 3 23
a 857 631 0 10 31
a 857 447 0 1 36
a 857 540 0 3 33
a 857 476 0 7 47
a 857 669 0 10 21
a 857 1183 0 10 24
a 857 592 0 5 49
a 857 1178 0 2 42
a 857 304 0 2 28
a 864 1066 0 11920 32
a 864 1126 0 6 4
a 864 921 0 7 13
a 865 811 0 11920 50
a 865 1110 0 10 37
a 865 384 0 9 12
a 865 677 0 10 34
a 865 652 0 5 18
a 865 355 0 6 37
a 865 748 0 6 21
a 865 750 0 3 30
a 865 947 0 10 32
a 865 350 0 8 5
a 865 204 0 2 47
a 865 715 0 7 42
a 865 618 0 4 45
a 865 603 0 5 13
a 865 109 0 4 6
a 865 930 0 5 15
a 865 26 0 10 15
a 865 23 0 6 44
a 865 734 0 1 9
a 865 854 0 2 18
a 865 1152 0 4 7
a 865 956 0 5 8
a 865 681 0 6 20
a 865 307 0 4 30
a 865 1137 0 9 50
a 866 357 0 11920 15
a 866 698 0 3 47
a 866 688 0 9 33
a 866 427 0 7 4
a 866 191 0 4 5
a 866 431 0 3 22
a 866 362 0 1 14
a 866 646 0 1 7
a 866 1066 0 10 26
a 866 749 0 8 12
a 866 1000 0 3 8
a 866 1015 0 6 1
a 866 85 0 9 49
a 866 850 0 9 47
a 866 36 0 5 25
a 866 507 0 10 17
a 866 141 0 7 20
a 866 410 0 3 9
a 866 1061 0 4 38
a 866 440 0 10 22
a 866 893 0 7 2
a 866 576 0 3 49
a 903 1059 0 11920 50
a 903 730 0 7 12
a 903 534 0 5 38
a 903 739 0 6 22
a 903 571 0 5 4
a 903 997 0 8 49
a 903 462 0 9 34
a 903 713 0 8 1
a 948 830 0 11920 47
a 948 292 0 5 48
a 948 1127 0 5 4
a 948 604 0 2 37
a 948 938 0 2 33
a 948 644 0 7 41
a 948 489 0 1 26
a 948 1080 0 9 27
a 974 164 0 11920 2
a 974 340 0 8 14
a 974 1058 0 3 25
a 974 80 0 3 14
a 974 843 0 5 20
a 974 99 0 3 8
a 974 117 0 9 40
a 974 1127 0 7 22
a 974 476 0 1 27
a 974 801 0 1 12
a 974 468 0 8 36
a 974 929 0 3 44
a 974 514 0 3 38
a 974 1113 0 3 19
a 974 457 0 10 9
a 974 998 0 7 24
a 974 377 0 3 24
a 993 69 0 11920 33
a 993 742 0 3 6
a 993 1166 0 7 50
a 993 651 0 7 20
a 993 1079 0 6 37
a 993 499 0 9 30
a 993 658 0 9 20
a 993 528 0 4 37
a 993 381 0 4 22
a 993 398 0 6 1
a 993 179 0 5 29
a 993 55 0 8 17
a 993 641 0 10 42
a 993 455 0 3 21
a 993 1069 0 1 14
a 993 461 0 2 3
a 993 238 0 7 37
a 993 233 0 1 48
a 993 495 0 3 3
a 993 79 0 10 2
a 993 1027 0 7 14
a 993 34 0 10 14
a 993 440 0 9 18
a 993 1178 0 10 46
a 993 707 0 1 12
a 993 255 0 7 42
a 993 632 0 3 4
a 993 22 0 1 19
a 993 1113 0 6 22
a 993 627 0 7 9
a 996 131 0 11920 50
a 996 122 0 10 11
a 996 393 0 10 11
a 996 686 0 7 25
a 996 220 0 1 20
a 996 166 0 5 11
a 996 88 0 4 6
a 996 359 0 1 12
a 996 118 0 7 19
a 996 64 0 6 24
a 996 673 0 1 24
a 996 450 0 1 50
a 996 370 0 9 50
a 996 610 0 10 45
a 1048 304 0 11920 50
a 1048 521 0 6 4
a 1048 72 0 5 2
a 1048 853 0 5 18
a 1048 447 0 9 41
a 1048 462 0 1 44
a 1048 162 0 6 46
a 1048 16 0 6 29
a 1048 739 0 9 27
a 1048 761 0 3 1
a 1048 204 0 2 22
a 1048 416 0 6 35
a 1048 1037 0 7 4
a 1048 1151 0 8 28
a 1048 60 0 2 4
a 1048 812 0 7 41
a 1048 1112 0 1 42
a 1048 831 0 7 16
a 1048 988 0 8 3
a 1048 613 0 2 43
a 1048 827 0 9 18
a 1048 762 0 4 46
a 1048 670 0 7 46
a 1048 537 0 10 34
a 1048 687 0 6 6
a 1048 788 0 3 16
a 1048 815 0 4 26
a 1048 680 0 6 9
a 1059 468 0 11920 20
a 1059 501 0 6 41
a 1059 370 0 8 43
a 1059 243 0 4 33
a 1059 798 0 6 20
a 1059 713 0 1 8
a 1059 287 0 3 46
a 1059 625 0 4 35
a 1059 329 0 1 1
a 1066 668 0 11920 50
a 1066 1173 0 10 28
a 1068 865 0 11920 50
a 1068 416 0 10 39
a 1068 795 0 3 24
a 1068 608 0 2 21
a 1069 428 0 11920 23
a 1069 554 0 1 31
a 1069 353 0 5 13
a 1069 19 0 3 7
a 1069 493 0 2 32
a 1069 836 0 4 20
a 1069 409 0 4 39
a 1069 525 0 1 5
a 1069 609 0 7 18
a 1069 1105 0 6 36
a 1069 236 0 1 25
a 1069 312 0 7 14
a 1069 813 0 4 24
a 1069 399 0 1 27
a 1069 1196 0 4 8
a 1069 845 0 10 22
a 1069 305 0 2 24
a 1069 121 0 4 11
a 1069 823 0 3 8
a 1069 400 0 7 17
a 1069 374 0 4 38
a 1069 348 0 5 49
a 1069 970 0 3 9
a 1069 885 0 7 49
a 1069 786 0 9 49
a 1069 506 0 8 47
a 1069 794 0 8 42
a 1069 1149 0 3 10
a 1072 43 0 11920 38
a 1072 356 0 9 8
a 1072 155 0 7 9
a 1072 1177 0 6 29
a 1072 34 0 2 25
a 1072 210 0 8 31
a 1072 805 0 2 33
a 1072 462 0 3 4
a 1072 694 0 8 20
a 1072 16 0 7 16
a 1072 67 0 10 11
a 1072 168 0 2 21
a 1072 656 0 8 29
a 1072 208 0 7 40
a 1072 861 0 4 29
a 1072 972 0 1 33
a 1084 360 0 11920 6
a 1084 569 0 7 7
a 1084 524 0 5 6
a 1084 752 0 4 39
a 1084 997 0 4 21
a 1084 1053 0 5 13
a 1084 984 0 1 24
a 1084 249 0 5 29
a 1084 1052 0 5 42
a 1084 1025 0 4 24
a 1084 28 0 3 10
a 1084 686 0 1 23
a 1084 410 0 5 49
a 1084 39 0 5 44
a 1084 562 0 3 26
a 1084 273 0 8 40
a 1092 1153 0 11920 16
a 1092 959 0 10 11
a 1092 1067 0 6 29
a 1093 574 0 11920 14
a 1093 795 0 3 34
a 1093 1047 0 3 46
a 1093 113 0 2 11
a 1093 140 0 3 23
a 1093 484 0 7 29
a 1126 1092 0 11920 50
a 1126 935 0 6 7
a 1126 382 0 7 34
a 1126 439 0 2 12
a 1126 371 0 7 46
a 1126 1008 0 5 45
a 1126 964 0 2 6
a 1126 1197 0 2 36
a 1126 343 0 8 28
a 1126 518 0 7 3
a 1126 1155 0 2 26
a 1126 259 0 3 11
a 1126 450 0 9 7
a 1126 599 0 10 42
a 1126 780 0 9 39
a 1126 177 0 3 21
a 1126 585 0 3 45
a 1126 1057 0 6 13
a 1126 322 0 8 22
a 1126 136 0 8 11
a 1126 376 0 3 24
a 1126 65 0 10 25
a 1126 603 0 3 48
a 1126 369 0 9 49
a 1126 681 0 5 32
a 1126 600 0 2 12
a 1126 925 0 8 29
a 1126 595 0 6 13
a 1129 532 0 11920 50
a 1129 689 0 8 47
a 1151 1068 0 11920 50
a 1151 1000 0 9 29
a 1151 447 0 6 30
a 1151 571 0 3 30
a 1151 369 0 9 46
a 1151 308 0 4 23
a 1151 496 0 6 33
a 1151 1028 0 4 2
a 1151 645 0 4 2
a 1151 453 0 5 5
a 1151 791 0 4 48
a 1151 526 0 5 23
a 1151 203 0 4 8
a 1151 722 0 7 24
a 1151 914 0 2 30
a 1151 991 0 3 44
a 1151 212 0 7 44
a 1151 1017 0 10 43
a 1151 628 0 2 48
a 1153 1084 0 11920 30
a 1153 764 0 9 26
a 1153 776 0 3 43
a 1153 296 0 5 6
a 1153 805 0 1 4
a 1153 1019 0 10 50
a 1153 1070 0 9 25
a 1153 656 0 6 14
a 1153 711 0 4 23
a 1153 354 0 7 14
a 1153 1033 0 9 28
a 1153 676 0 3 50
a 1153 928 0 7 21
a 1153 1174 0 9 43
a 1153 796 0 4 21
a 1153 1062 0 2 36
a 1153 431 0 9 6
a 1153 933 0 8 31
a 1153 707 0 3 44
a 1153 422 0 8 2
a 1153 286 0 1 24
a 1153 1134 0 3 41
a 1153 484 0 6 26
a 1153 745 0 5 2
a 1153 949 0 4 23
a 1153 935 0 10 26
a 1153 180 0 4 10
a 1153 475 0 10 22
a 1153 418 0 6 36
a 2 376 0 3954 31
a 2 266 0 2 3
a 2 1145 0 6 1
a 2 529 0 9 42
a 2 341 0 9 2
a 2 239 0 9 5
a 2 1142 0 2 33
a 34 767 0 3954 50
a 34 498 0 8 47
a 34 1137 0 2 16
a 34 157 0 10 32
a 34 88 0 5 32
a 34 594 0 8 25
a 34 307 0 1 30
a 34 984 0 8 11
a 34 987 0 2 39
a 34 752 0 2 46
a 34 539 0 1 20
a 34 576 0 1 11
a 34 981 0 5 50
a 34 940 0 9 39
a 34 1033 0 8 23
a 34 430 0 5 49
a 34 661 0 4 9
a 34 358 0 1 35
a 34 416 0 6 9
a 34 423 0 10 8
a 34 631 0 9 49
a 34 311 0 5 18
a 34 698 0 6 39
a 49 1061 0 3954 50
a 49 886 0 7 48
a 49 97 0 5 11
a 49 489 0 3 16
a 49 56 0 3 35
a 49 547 0 4 12
a 49 629 0 8 27
a 49 1165 0 4 13
a 49 673 0 7 14
a 49 602 0 3 6
a 49 896 0 6 30
a 49 630 0 7 26
a 49 1092 0 9 49
a 56 229 0 3954 50
a 56 623 0 10 18
a 56 602 0 6 32
a 56 237 0 5 44
a 56 676 0 4 13
a 56 1152 0 6 43
a 56 160 0 5 37
a 56 342 0 4 25
a 56 991 0 6 10
a 56 704 0 5 39
a 56 276 0 2 32
a 56 981 0 6 36
a 56 1138 0 3 28
a 56 1189 0 2 35
a 56 937 0 9 25
a 56 947 0 9 50
a 56 289 0 10 13
a 56 38 0 9 39
a 56 300 0 10 47
a 56 555 0 8 26
a 56 1126 0 1 9
a 56 872 0 5 7
a 56 337 0 9 10
a 56 1073 0 8 38
a 56 274 0 3 44
a 56 681 0 10 7
a 57 121 0 3954 4
a 57 40 0 4 40
a 57 946 0 9 38
a 57 465 0 5 38
a 59 568 0 3954 50
a 59 365 0 5 15
a 59 244 0 7 18
a 59 47 0 8 13
a 59 765 0 5 13
a 59 538 0 4 18
a 59 193 0 1 12
a 59 134 0 3 6
a 59 696 0 10 10
a 59 547 0 6 12
a 59 304 0 10 4
a 59 586 0 7 3
a 59 1052 0 2 25
a 59 383 0 3 35
a 59 1142 0 2 14
a 59 288 0 3 32
a 59 526 0 5 44
a 59 131 0 10 36
a 59 624 0 4 29
a 59 825 0 4 9
a 59 994 0 4 41
a 59 448 0 5 11
a 59 234 0 10 36
a 59 232 0 1 5
a 59 950 0 3 37
a 59 108 0 10 20
a 59 361 0 10 45
a 59 937 0 4 28
a 59 513 0 2 2
a 59 133 0 8 19
a 59 919 0 5 27
a 59 441 0 8 37
a 62 656 0 3954 50
a 62 138 0 1 29
a 62 293 0 1 30
a 62 242 0 4 12
a 62 865 0 10 8
a 62 44 0 7 20
a 62 773 0 5 3
a 62 276 0 6 40
a 62 129 0 6 21
a 62 652 0 4 37
a 62 923 0 10 17
a 62 699 0 10 31
a 62 465 0 2 31
a 62 1198 0 1 42
a 62 326 0 9 15
a 62 647 0 3 12
a 62 391 0 9 6
a 62 353 0 5 6
a 62 789 0 8 41
a 62 1135 0 2 25
a 62 436 0 5 3
a 62 1024 0 1 7
a 62 74 0 1 11
a 62 185 0 1 43
a 62 356 0 8 22
a 62 971 0 4 9
a 62 1111 0 1 34
a 62 1001 0 6 39
a 62 1128 0 4 14
a 62 324 0 7 26
a 62 537 0 8 11
a 62 467 0 8 33
a 110 328 0 3954 50
a 110 978 0 2 50
a 110 636 0 3 36
a 110 1197 0 7 11
a 110 783 0 8 17
a 110 921 0 7 37
a 110 600 0 8 32
a 110 99 0 2 50
a 110 548 0 2 40
a 110 1130 0 8 24
a 121 34 0 3954 50
a 121 1050 0 5 13
a 121 1072 0 10 8
a 121 297 0 5 25
a 121 1198 0 5 21
a 135 303 0 3954 50
a 135 780 0 7 40
a 135 686 0 1 3
a 135 310 0 6 3
a 135 752 0 9 44
a 135 878 0 7 24
a 174 1038 0 3954 50
a 174 524 0 3 19
a 174 604 0 7 12
a 174 242 0 5 44
a 174 251 0 3 16
a 174 543 0 2 19
a 174 305 0 8 49
a 178 677 0 3954 50
a 178 600 0 10 44
a 178 806 0 2 42
a 178 436 0 7 34
a 178 326 0 6 40
a 178 214 0 3 14
a 178 695 0 9 26
a 178 1047 0 4 40
a 178 645 0 4 7
a 178 212 0 9 48
a 178 366 0 8 3
a 178 914 0 1 42
a 178 188 0 4 28
a 178 85 0 1 40
a 178 1167 0 7 25
a 178 414 0 8 28
a 178 674 0 5 13
a 182 470 0 3954 50
a 182 620 0 5 39
a 182 801 0 2 35
a 182 480 0 2 21
a 182 52 0 9 6
a 182 1152 0 3 49
a 182 539 0 2 5
a 182 1136 0 8 1
a 182 195 0 9 16
a 182 994 0 7 45
a 182 933 0 1 38
a 182 585 0 6 3
a 182 838 0 8 11
a 182 476 0 1 48
a 182 857 0 7 32
a 182 944 0 7 15
a 182 584 0 8 12
a 191 49 0 3954 4
a 191 316 0 9 21
a 191 1026 0 2 28
a 191 967 0 10 33
a 191 1192 0 1 47
a 191 92 0 1 42
a 191 1093 0 4 35
a 191 299 0 1 15
a 191 1124 0 7 20
a 191 1083 0 4 9
a 191 225 0 9 23
a 191 411 0 8 21
a 191 957 0 3 31
a 191 451 0 6 15
a 191 1070 0 6 41
a 191 61 0 2 23
a 191 781 0 2 39
a 191 1180 0 4 49
a 191 735 0 10 15
a 191 157 0 10 25
a 195 459 0 3954 50
a 195 223 0 3 5
a 195 864 0 10 26
a 195 942 0 8 33
a 195 845 0 2 17
a 195 737 0 6 37
a 195 755 0 10 26
a 195 290 0 5 45
a 195 834 0 5 42
a 195 29 0 1 39
a 195 1108 0 2 22
a 195 1190 0 2 42
a 195 1142 0 10 6
a 195 920 0 3 36
a 195 424 0 10 1
a 195 104 0 4 1
a 195 100 0 4 17
a 195 999 0 8 14
a 195 1088 0 4 29
a 195 1040 0 8 18
a 195 1062 0 5 40
a 195 1042 0 10 1
a 195 559 0 7 42
a 195 1043 0 1 9
a 195 876 0 2 32
a 195 523 0 7 31
a 195 307 0 4 6
a 195 167 0 7 28
a 195 741 0 7 15
a 203 938 0 3954 33
a 203 632 0 4 14
a 203 695 0 9 35
a 203 832 0 1 19
a 203 123 0 6 31
a 203 798 0 8 13
a 203 64 0 1 16
a 203 414 0 6 15
a 203 811 0 10 5
a 203 960 0 3 21
a 203 193 0 6 36
a 203 99 0 7 20
a 203 522 0 9 25
a 203 636 0 7 12
a 203 310 0 6 43
a 203 223 0 2 24
a 203 1120 0 1 47
a 205 280 0 3954 50
a 205 105 0 9 50
a 205 566 0 7 4
a 205 68 0 6 39
a 205 815 0 5 42
a 205 1007 0 7 19
a 205 1071 0 8 39
a 205 353 0 2 41
a 205 770 0 10 46
a 205 160 0 3 34
a 205 888 0 10 24
a 205 267 0 2 45
a 205 902 0 8 41
a 205 491 0 3 2
a 205 135 0 8 47
a 205 862 0 6 19
a 205 476 0 10 36
a 205 316 0 2 40
a 205 506 0 5 30
a 205 21 0 2 24
a 205 633 0 9 45
a 205 571 0 7 13
a 205 1138 0 9 3
a 205 182 0 3 40
a 205 1006 0 4 20
a 205 203 0 3 38
a 205 466 0 6 24
a 229 59 0 3954 50
a 229 160 0 1 27
a 229 1001 0 9 15
a 229 920 0 10 10
a 229 134 0 8 23
a 229 290 0 1 47
a 229 971 0 9 41
a 229 95 0 1 46
a 229 626 0 8 10
a 229 55 0 6 7
a 229 385 0 7 4
a 229 1033 0 9 45
a 229 30 0 7 48
a 229 519 0 4 23
a 229 644 0 4 28
a 229 804 0 2 33
a 229 637 0 5 20
a 229 671 0 10 36
a 229 121 0 6 12
a 229 269 0 10 19
a 229 956 0 5 23
a 229 266 0 1 36
a 229 466 0 1 44
a 229 1099 0 5 37
a 229 698 0 10 37
a 229 394 0 1 13
a 229 1173 0 3 47
a 229 1088 0 6 25
a 229 794 0 4 3
a 229 882 0 6 19
a 229 915 0 10 32
a 244 1057 0 3954 50
a 244 1111 0 4 6
a 244 531 0 8 34
a 244 792 0 5 37
a 244 434 0 9 48
a 244 1196 0 8 22
a 244 881 0 2 32
a 244 789 0 10 28
a 244 621 0 7 40
a 244 1067 0 5 48
a 244 1088 0 1 24
a 244 93 0 3 37
a 244 177 0 3 35
a 244 158 0 1 6
a 244 235 0 6 21
a 244 566 0 9 42
a 244 55 0 1 40
a 244 124 0 6 47
a 244 298 0 5 13
a 244 202 0 6 1
a 244 1041 0 9 25
a 244 772 0 8 42
a 244 743 0 1 15
a 244 572 0 1 7
a 244 355 0 1 44
a 244 728 0 10 16
a 244 864 0 10 4
a 244 804 0 5 16
a 244 890 0 1 19
a 244 707 0 7 38
a 245 1076 0 3954 50
a 245 600 0 4 20
a 245 770 0 5 49
a 245 1198 0 4 22
a 245 536 0 6 1
a 245 184 0 5 50
a 245 596 0 5 24
a 245 889 0 9 26
a 245 785 0 9 25
a 245 1195 0 9 2
a 245 165 0 4 4
a 245 479 0 7 21
a 245 445 0 10 14
a 245 919 0 7 25
a 245 336 0 5 42
a 245 849 0 1 19
a 245 109 0 2 46
a 245 223 0 5 27
a 245 449 0 4 19
a 245 697 0 5 15
a 245 256 0 3 47
a 245 458 0 2 50
a 245 590 0 3 43
a 245 1100 0 3 28
a 245 571 0 7 2
a 245 464 0 10 3
a 245 30 0 2 3
a 245 708 0 1 5
a 245 685 0 1 21
a 245 758 0 1 31
a 245 614 0 3 45
a 245 660 0 5 23
a 255 932 0 3954 29
a 255 1047 0 10 20
a 255 510 0 5 7
a 255 403 0 10 37
a 255 1191 0 8 41
a 255 295 0 4 1
a 255 157 0 5 14
a 255 971 0 6 40
a 255 80 0 3 32
a 255 1118 0 6 46
a 255 700 0 1 28
a 280 541 0 3954 23
a 280 76 0 1 31
a 280 831 0 9 26
a 280 961 0 8 7
a 280 1113 0 8 8
a 280 1103 0 8 43
a 280 573 0 6 42
a 280 77 0 4 34
a 280 1116 0 4 13
a 280 63 0 8 16
a 280 248 0 10 44
a 283 178 0 3954 9
a 283 189 0 10 46
a 283 734 0 6 38
a 283 467 0 7 6
a 283 754 0 7 11
a 283 34 0 2 39
a 283 204 0 4 35
a 283 471 0 6 15
a 283 342 0 2 1
a 283 157 0 6 35
a 283 640 0 8 1
a 283 188 0 1 32
a 283 280 0 8 4
a 283 962 0 3 26
a 283 423 0 8 26
a 283 843 0 4 4
a 283 586 0 6 47
a 283 630 0 2 15
a 283 845 0 6 26
a 283 841 0 3 48
a 303 1046 0 3954 50
a 303 833 0 1 32
a 303 242 0 6 37
a 303 175 0 6 49
a 307 623 0 3954 50
a 307 75 0 6 33
a 307 811 0 2 14
a 307 910 0 4 22
a 307 598 0 7 5
a 307 652 0 9 27
a 307 911 0 5 38
a 307 303 0 1 10
a 307 761 0 1 36
a 307 140 0 4 30
a 307 632 0 4 43
a 313 844 0 3954 31
a 313 809 0 3 38
a 318 892 0 3954 50
a 318 452 0 7 33
a 318 795 0 6 3
a 318 57 0 2 7
a 328 283 0 3954 50
a 328 264 0 8 6
a 328 463 0 10 40
a 328 565 0 8 34
a 328 1104 0 3 31
a 328 222 0 2 25
a 328 196 0 4 34
a 328 819 0 2 10
a 328 1177 0 4 50
a 328 1163 0 3 37
a 328 1048 0 10 27
a 328 90 0 1 16
a 328 1137 0 6 45
a 328 731 0 2 18
a 328 420 0 9 5
a 328 586 0 9 46
a 328 304 0 10 38
a 328 638 0 2 21
a 328 103 0 5 11
a 328 372 0 6 8
a 328 59 0 2 20
a 328 867 0 10 38
a 328 265 0 5 14
a 328 538 0 10 49
a 328 362 0 9 8
a 328 1052 0 9 19
a 328 363 0 2 12
a 336 57 0 3954 30
a 336 950 0 4 13
a 336 675 0 3 9
a 336 561 0 8 17
a 336 174 0 7 44
a 336 902 0 2 14
a 336 266 0 6 40
a 336 606 0 3 25
a 336 105 0 1 33
a 336 838 0 2 30
a 336 731 0 7 21
a 336 1022 0 4 22
a 336 503 0 3 11
a 336 1066 0 7 11
a 336 969 0 10 3
a 336 234 0 7 13
a 336 927 0 4 37
a 336 1146 0 1 37
a 336 365 0 2 22
a 336 679 0 5 1
a 336 353 0 7 13
a 336 598 0 10 21
a 336 693 0 1 25
a 336 1134 0 5 47
a 336 160 0 7 29
a 336 963 0 3 22
a 376 989 0 3954 31
a 376 992 0 10 32
a 376 935 0 9 25
a 376 655 0 3 16
a 376 559 0 4 2
a 376 170 0 9 21
a 376 316 0 7 12
a 376 132 0 7 23
a 376 448 0 2 16
a 376 27 0 10 19
a 376 30 0 9 31
a 378 381 0 3954 37
a 378 1096 0 10 39
a 378 880 0 7 17
a 378 666 0 4 14
a 378 554 0 10 28
a 378 844 0 3 47
a 378 708 0 7 31
a 378 1008 0 6 48
a 378 1177 0 9 19
a 378 663 0 10 31
a 378 589 0 8 23
a 378 857 0 10 16
a 378 848 0 10 27
a 378 393 0 6 35
a 378 931 0 6 22
a 378 299 0 2 24
a 378 534 0 2 24
a 378 466 0 7 50
a 378 998 0 9 1
a 378 852 0 6 41
a 378 1007 0 6 15
a 378 179 0 3 9
a 378 929 0 9 15
a 378 584 0 5 46
a 378 216 0 2 20
a 378 1012 0 2 27
a 378 1037 0 2 40
a 378 967 0 5 39
a 378 941 0 7 41
a 378 664 0 1 30
a 378 40 0 10 45
a 381 552 0 3954 50
a 381 367 0 3 42
a 381 530 0 10 19
a 381 689 0 5 6
a 381 792 0 7 35
a 381 705 0 8 42
a 381 199 0 5 37
a 381 907 0 8 2
a 381 155 0 4 21
a 381 593 0 2 6
a 381 109 0 5 39
a 381 562 0 3 11
a 381 364 0 2 8
a 381 1095 0 1 18
a 381 891 0 10 43
a 381 426 0 8 13
a 381 477 0 3 18
a 381 1147 0 3 15
a 381 545 0 4 27
a 381 677 0 1 35
a 381 634 0 6 19
a 381 1116 0 3 18
a 381 656 0 8 7
a 381 610 0 4 27
a 381 751 0 10 45
a 381 1013 0 8 34
a 400 203 0 3954 50
a 400 903 0 9 2
a 400 77 0 6 1
a 400 635 0 2 17
a 400 86 0 7 20
a 400 1176 0 1 18
a 400 565 0 8 6
a 400 748 0 8 16
a 400 952 0 7 24
a 400 966 0 4 21
a 400 255 0 8 36
a 400 812 0 3 48
a 400 961 0 7 37
a 400 883 0 3 49
a 408 784 0 3954 50
a 408 120 0 1 40
a 408 890 0 2 37
a 408 859 0 2 43
a 408 931 0 3 10
a 408 772 0 10 43
a 408 309 0 9 37
a 408 586 0 6 48
a 408 1023 0 1 12
a 408 523 0 2 23
a 408 502 0 7 27
a 408 22 0 7 12
a 408 848 0 2 17
a 408 985 0 9 3
a 408 808 0 3 31
a 408 1115 0 2 9
a 408 56 0 4 32
a 408 312 0 10 20
a 408 1091 0 3 37
a 408 40 0 5 24
a 408 51 0 6 17
a 408 976 0 4 3
a 408 826 0 7 45
a 408 461 0 1 10
a 408 752 0 4 42
a 437 205 0 3954 50
a 437 373 0 1 37
a 437 216 0 5 29
a 437 775 0 6 1
a 448 313 0 3954 25
a 448 184 0 10 22
a 448 276 0 9 27
a 448 736 0 9 42
a 448 590 0 3 42
a 448 1137 0 6 13
a 448 527 0 9 12
a 448 1002 0 2 27
a 448 73 0 1 16
a 448 759 0 10 6
a 448 261 0 3 33
a 448 511 0 5 2
a 448 843 0 6 5
a 448 31 0 9 25
a 448 667 0 3 33
a 448 372 0 5 34
a 448 754 0 7 33
a 448 550 0 4 13
a 448 45 0 10 3
a 448 492 0 7 10
a 448 842 0 2 19
a 448 321 0 7 24
a 448 726 0 7 22
a 453 850 0 3954 50
a 453 139 0 8 46
a 453 361 0 9 34
a 453 547 0 3 27
a 453 1145 0 9 20
a 453 440 0 2 36
a 453 713 0 6 4
a 453 130 0 9 20
a 453 343 0 5 9
a 453 1055 0 10 14
a 453 441 0 4 16
a 453 90 0 8 3
a 453 987 0 5 1
a 453 80 0 8 49
a 453 595 0 3 16
a 453 16 0 7 27
a 453 644 0 4 23
a 453 989 0 7 16
a 453 920 0 10 35
a 453 276 0 3 36
a 453 149 0 7 36
a 453 1032 0 2 8
a 453 820 0 8 12
a 459 255 0 3954 43
a 459 576 0 6 16
a 459 72 0 10 35
a 459 460 0 2 45
a 459 1093 0 2 20
a 459 595 0 10 5
a 459 351 0 10 37
a 459 810 0 3 30
a 459 322 0 3 23
a 459 901 0 4 38
a 459 798 0 4 14
a 459 555 0 2 31
a 459 1185 0 9 1
a 459 152 0 8 18
a 459 355 0 7 5
a 459 436 0 10 17
a 470 336 0 3954 40
a 470 1104 0 2 28
a 470 390 0 8 36
a 470 491 0 2 50
a 470 1187 0 4 29
a 470 446 0 7 47
a 470 1026 0 6 38
a 470 335 0 9 47
a 470 370 0 5 48
a 470 557 0 2 7
a 499 245 0 3954 50
a 499 607 0 4 29
a 499 686 0 2 21
a 499 298 0 8 15
a 499 828 0 5 11
a 504 754 0 3954 21
a 504 936 0 6 35
a 504 459 0 2 25
a 504 954 0 7 37
a 504 1063 0 4 18
a 504 982 0 9 4
a 504 628 0 9 3
a 504 92 0 4 14
a 504 234 0 8 21
a 504 612 0 4 33
a 504 242 0 1 25
a 504 249 0 1 2
a 504 873 0 1 13
a 504 844 0 7 27
a 504 757 0 7 37
a 504 994 0 5 44
a 504 1116 0 5 24
a 504 405 0 4 26
a 504 465 0 1 24
a 535 935 0 3954 48
a 535 960 0 6 17
a 535 123 0 4 31
a 535 714 0 9 5
a 535 161 0 2 7
a 535 943 0 10 27
a 535 316 0 8 45
a 535 386 0 10 47
a 535 831 0 10 47
a 535 969 0 6 23
a 535 713 0 4 44
a 535 514 0 7 19
a 535 1101 0 6 48
a 541 499 0 3954 50
a 541 366 0 2 9
a 541 188 0 1 13
a 541 728 0 8 7
a 541 435 0 9 1
a 541 316 0 8 14
a 541 928 0 4 2
a 541 994 0 3 25
a 541 146 0 5 23
a 541 33 0 6 41
a 541 511 0 2 27
a 541 422 0 1 48
a 541 795 0 7 45
a 541 184 0 6 14
a 541 320 0 9 30
a 541 492 0 1 19
a 541 304 0 10 10
a 541 94 0 9 27
a 541 191 0 7 25
a 541 1195 0 9 24
a 541 389 0 3 24
a 541 315 0 10 26
a 541 280 0 7 26
a 541 705 0 4 34
a 541 671 0 8 36
a 541 216 0 5 25
a 541 455 0 3 28
a 541 995 0 8 17
a 552 56 0 3954 27
a 552 1176 0 10 23
a 568 504 0 3954 50
a 568 440 0 8 1
a 568 623 0 5 16
a 568 894 0 7 4
a 568 321 0 8 18
a 568 803 0 2 7
a 568 384 0 5 47
a 568 1193 0 1 15
a 568 936 0 9 28
a 568 1102 0 10 3
a 568 1015 0 4 47
a 568 652 0 10 34
a 568 272 0 5 2
a 568 159 0 5 23
a 568 535 0 6 9
a 568 806 0 7 48
a 568 866 0 5 48
a 568 538 0 6 8
a 568 885 0 2 48
a 568 1196 0 6 28
a 568 708 0 2 32
a 568 1010 0 4 1
a 568 653 0 8 22
a 568 191 0 1 36
a 568 112 0 4 33
a 568 676 0 2 10
a 568 536 0 9 35
a 568 446 0 5 14
a 568 255 0 3 17
a 568 860 0 1 23
a 620 378 0 3954 50
a 620 1129 0 2 11
a 620 1110 0 7 1
a 620 951 0 2 24
a 620 785 0 9 12
a 620 234 0 6 42
a 620 604 0 5 34
a 620 608 0 3 13
a 620 878 0 2 18
a 620 104 0 9 10
a 620 789 0 2 19
a 620 362 0 10 2
a 620 29 0 4 37
a 623 408 0 3954 37
a 623 530 0 9 36
a 623 270 0 2 25
a 623 923 0 10 19
a 623 727 0 5 22
a 623 637 0 7 35
a 623 365 0 3 31
a 623 80 0 8 26
a 623 1060 0 5 28
a 623 1131 0 8 11
a 623 744 0 8 26
a 623 231 0 9 41
a 623 133 0 10 28
a 623 1001 0 2 37
a 623 959 0 4 8
a 623 74 0 10 44
a 623 222 0 7 7
a 623 242 0 2 35
a 623 62 0 10 1
a 623 822 0 5 20
a 623 246 0 2 16
a 623 1004 0 5 22
a 623 317 0 3 5
a 623 131 0 8 49
a 623 1027 0 3 46
a 623 788 0 9 15
a 623 696 0 2 47
a 623 98 0 3 28
a 623 993 0 3 12
a 623 281 0 10 47
a 623 117 0 8 10
a 637 135 0 3954 50
a 637 676 0 1 37
a 637 864 0 6 33
a 637 575 0 3 18
a 637 669 0 5 19
a 637 639 0 8 28
a 637 421 0 7 38
a 637 58 0 10 18
a 637 482 0 7 5
a 637 299 0 6 48
a 637 1011 0 7 25
a 637 1099 0 10 30
a 637 318 0 6 2
a 637 234 0 9 27
a 637 56 0 8 9
a 656 182 0 3954 50
a 656 393 0 1 46
a 656 660 0 5 22
a 656 992 0 10 9
a 656 302 0 3 29
a 656 605 0 9 39
a 656 1152 0 9 43
a 656 1094 0 5 13
a 656 618 0 5 22
a 656 379 0 4 27
a 656 354 0 7 44
a 656 183 0 6 30
a 677 728 0 3954 50
a 677 703 0 8 17
a 677 377 0 10 22
a 677 275 0 7 27
a 677 283 0 2 9
a 677 1007 0 10 35
a 677 194 0 2 18
a 677 163 0 5 19
a 715 318 0 3954 50
a 715 1136 0 7 9
a 715 18 0 4 4
a 715 217 0 7 5
a 715 293 0 10 45
a 715 1079 0 8 19
a 715 740 0 10 39
a 715 218 0 1 37
a 715 422 0 4 3
a 715 601 0 6 31
a 715 88 0 5 46
a 715 624 0 3 34
a 715 399 0 9 34
a 715 633 0 3 45
a 715 883 0 3 48
a 715 828 0 3 43
a 715 68 0 10 7
a 715 338 0 2 21
a 715 47 0 4 41
a 715 571 0 10 16
a 715 706 0 10 40
a 715 107 0 9 50
a 715 669 0 4 28
a 715 686 0 2 41
a 715 1173 0 5 6
a 715 29 0 4 32
a 715 1070 0 10 39
a 715 748 0 5 39
a 715 584 0 5 50
a 715 1180 0 2 5
a 715 459 0 5 2
a 715 162 0 8 23
a 728 448 0 3954 50
a 728 33 0 10 15
a 728 464 0 5 9
a 728 748 0 5 19
a 742 620 0 3954 41
a 742 543 0 5 19
a 742 388 0 1 17
a 742 999 0 1 43
a 742 550 0 8 50
a 742 1096 0 3 8
a 742 631 0 6 8
a 742 780 0 8 20
a 742 1046 0 9 5
a 742 1126 0 3 16
a 742 1133 0 1 36
a 742 1123 0 5 21
a 742 1195 0 4 42
a 742 688 0 7 14
a 742 1058 0 3 23
a 742 754 0 1 2
a 742 805 0 6 48
a 742 515 0 10 40
a 742 791 0 8 47
a 742 321 0 6 44
a 748 195 0 3954 50
a 748 692 0 7 38
a 748 66 0 3 23
a 748 505 0 2 32
a 748 534 0 6 14
a 754 886 0 3954 24
a 754 420 0 7 50
a 754 970 0 2 3
a 754 762 0 2 10
a 754 885 0 7 29
a 754 55 0 6 12
a 754 113 0 6 25
a 754 625 0 10 43
a 754 586 0 6 27
a 754 887 0 7 24
a 754 733 0 7 47
a 754 93 0 4 8
a 754 915 0 3 4
a 754 1138 0 1 25
a 754 442 0 4 45
a 754 59 0 5 34
a 754 216 0 10 37
a 754 546 0 10 28
a 754 942 0 6 39
a 767 437 0 3954 3
a 767 688 0 4 50
a 767 1046 0 10 28
a 767 251 0 1 30
a 784 62 0 3954 50
a 784 952 0 3 15
a 784 935 0 6 5
a 784 646 0 6 4
a 784 709 0 4 35
a 784 364 0 1 33
a 784 61 0 7 23
a 784 200 0 3 25
a 784 701 0 10 42
a 784 1048 0 2 8
a 784 451 0 3 7
a 784 629 0 8 41
a 784 224 0 2 41
a 784 787 0 8 37
a 784 1081 0 10 30
a 784 375 0 6 15
a 784 809 0 8 35
a 784 835 0 5 16
a 784 123 0 1 11
a 844 942 0 3954 3
a 844 433 0 3 35
a 844 885 0 9 34
a 844 1045 0 7 13
a 844 754 0 4 18
a 844 123 0 9 37
a 844 519 0 4 33
a 844 643 0 3 36
a 844 1179 0 2 17
a 844 424 0 8 24
a 844 441 0 4 5
a 844 634 0 9 35
a 844 934 0 10 30
a 844 687 0 1 1
a 850 1138 0 3954 20
a 850 1059 0 8 22
a 850 1028 0 6 29
a 850 602 0 5 44
a 850 790 0 2 10
a 850 58 0 2 39
a 850 846 0 10 44
a 850 415 0 4 15
a 850 798 0 7 41
a 850 485 0 4 2
a 850 757 0 4 16
a 850 920 0 4 15
a 850 83 0 3 16
a 859 1097 0 3954 50
a 859 710 0 8 26
a 859 365 0 7 35
a 859 686 0 5 39
a 859 889 0 7 23
a 859 38 0 9 32
a 859 1112 0 4 26
a 859 264 0 2 23
a 859 1132 0 9 49
a 859 380 0 5 29
a 859 246 0 7 35
a 859 401 0 4 6
a 859 254 0 4 41
a 859 913 0 3 41
a 859 268 0 1 34
a 859 561 0 7 7
a 859 1107 0 3 35
a 859 184 0 10 23
a 859 195 0 7 13
a 859 703 0 2 24
a 859 260 0 3 39
a 859 656 0 4 29
a 859 26 0 4 35
a 859 1001 0 4 40
a 859 549 0 5 48
a 859 1103 0 1 21
a 886 748 0 3954 50
a 886 338 0 4 24
a 886 648 0 6 47
a 886 1078 0 3 25
a 886 810 0 4 31
a 886 617 0 10 3
a 886 796 0 10 50
a 886 916 0 5 16
a 886 178 0 5 50
a 886 752 0 4 46
a 886 837 0 7 14
a 886 116 0 7 32
a 886 353 0 9 15
a 886 839 0 9 16
a 886 1112 0 2 47
a 886 148 0 2 25
a 886 1186 0 9 18
a 886 579 0 5 35
a 886 795 0 5 39
a 886 1088 0 9 34
a 886 237 0 1 16
a 886 811 0 9 45
a 886 814 0 7 28
a 886 642 0 9 16
a 892 742 0 3954 44
a 892 920 0 8 34
a 892 424 0 1 20
a 892 1058 0 5 46
a 892 724 0 7 5
a 892 980 0 9 31
a 892 446 0 7 20
a 892 192 0 2 46
a 892 693 0 10 8
a 892 1069 0 5 9
a 892 79 0 10 40
a 892 927 0 5 38
a 892 410 0 10 20
a 892 377 0 10 14
a 892 1096 0 9 4
a 892 326 0 10 32
a 892 624 0 5 47
a 892 651 0 3 48
a 892 398 0 6 32
a 892 188 0 4 1
a 892 846 0 6 44
a 892 118 0 5 41
a 892 770 0 9 17
a 892 943 0 5 27
a 892 784 0 8 1
a 892 327 0 5 27
a 892 340 0 3 42
a 927 244 0 3954 44
a 927 435 0 5 8
a 927 1106 0 1 49
a 927 826 0 8 32
a 927 875 0 1 35
a 927 1061 0 4 41
a 927 278 0 10 28
a 927 852 0 6 41
a 927 984 0 8 44
a 927 523 0 9 5
a 927 349 0 6 25
a 927 484 0 5 8
a 927 1169 0 1 46
a 927 1005 0 2 26
a 927 848 0 6 40
a 927 116 0 4 37
a 927 486 0 8 36
a 927 191 0 2 50
a 927 49 0 9 20
a 927 802 0 9 46
a 932 307 0 3954 9
a 932 116 0 6 21
a 932 711 0 7 31
a 932 384 0 9 2
a 932 788 0 10 39
a 932 633 0 1 9
a 932 70 0 1 8
a 932 450 0 6 6
a 932 825 0 6 44
a 932 342 0 3 2
a 932 56 0 1 31
a 932 760 0 1 7
a 932 891 0 1 35
a 932 929 0 8 50
a 932 665 0 6 30
a 932 99 0 7 45
a 932 611 0 10 6
a 932 139 0 8 11
a 932 559 0 2 9
a 932 410 0 2 3
a 932 1188 0 8 50
a 932 878 0 8 7
a 932 1000 0 1 50
a 932 1119 0 8 34
a 932 470 0 7 19
a 932 92 0 1 29
a 932 74 0 9 38
a 932 972 0 10 36
a 932 1041 0 5 1
a 935 1186 0 3954 27
a 935 847 0 1 7
a 935 1067 0 7 5
a 935 539 0 5 12
a 935 343 0 1 47
a 935 707 0 3 24
a 935 934 0 3 45
a 935 1048 0 2 38
a 935 702 0 7 29
a 935 1101 0 2 7
a 938 1102 0 3954 38
a 938 964 0 10 50
a 938 956 0 9 42
a 938 812 0 10 21
a 938 148 0 6 23
a 938 725 0 5 6
a 938 168 0 3 38
a 938 419 0 2 39
a 938 982 0 8 2
a 938 737 0 8 5
a 938 607 0 9 2
a 938 588 0 5 30
a 938 280 0 9 16
a 938 906 0 4 24
a 938 688 0 3 42
a 938 479 0 10 35
a 938 1058 0 3 21
a 938 1123 0 1 48
a 938 403 0 9 22
a 938 1125 0 7 2
a 938 985 0 5 12
a 938 476 0 9 6
a 938 915 0 9 50
a 938 278 0 4 24
a 938 625 0 10 7
a 938 705 0 8 37
a 938 186 0 8 10
a 938 905 0 3 37
a 938 391 0 2 38
a 938 912 0 5 48
a 938 756 0 1 9
a 942 400 0 3954 24
a 942 253 0 10 33
a 942 40 0 7 19
a 942 639 0 2 6
a 942 329 0 8 33
a 942 738 0 4 12
a 942 837 0 3 19
a 942 515 0 10 43
a 942 466 0 9 49
a 942 402 0 10 33
a 942 43 0 2 49
a 942 180 0 8 23
a 942 818 0 2 47
a 942 1150 0 4 39
a 942 38 0 4 23
a 942 264 0 10 17
a 942 863 0 2 38
a 942 436 0 2 27
a 942 1093 0 10 4
a 942 1176 0 2 20
a 942 367 0 6 29
a 942 207 0 5 22
a 942 27 0 1 40
a 942 754 0 9 22
a 942 417 0 5 23
a 942 388 0 2 48
a 942 682 0 4 2
a 942 1137 0 1 44
a 942 1125 0 2 1
a 989 110 0 3954 42
a 989 81 0 1 25
a 989 420 0 10 24
a 989 759 0 10 13
a 989 623 0 1 1
a 989 274 0 8 8
a 989 828 0 1 42
a 989 1138 0 3 8
a 989 405 0 2 42
a 989 408 0 1 30
a 989 332 0 4 8
a 989 906 0 6 45
a 989 57 0 10 34
a 989 224 0 9 46
a 989 749 0 10 38
a 989 732 0 2 1
a 989 285 0 4 38
a 989 1195 0 1 20
a 989 449 0 5 45
a 989 799 0 5 39
a 989 1141 0 2 32
a 989 134 0 4 12
a 989 845 0 5 18
a 989 762 0 5 45
a 989 576 0 10 37
a 989 146 0 6 9
a 989 1088 0 4 29
a 989 935 0 8 22
a 989 637 0 4 27
a 989 970 0 1 44
a 989 625 0 6 47
a 989 302 0 2 33
a 1038 191 0 3954 40
a 1038 63 0 1 27
a 1038 157 0 7 5
a 1038 174 0 5 39
a 1038 919 0 8 21
a 1038 798 0 2 6
a 1038 1127 0 6 42
a 1038 975 0 1 3
a 1038 353 0 3 41
a 1038 1110 0 8 14
a 1038 751 0 9 46
a 1046 859 0 3954 43
a 1046 1115 0 2 37
a 1046 112 0 2 27
a 1046 446 0 1 28
a 1046 1196 0 5 25
a 1046 262 0 10 23
a 1046 757 0 9 2
a 1057 1178 0 3954 50
a 1057 699 0 1 17
a 1057 212 0 2 41
a 1057 994 0 2 38
a 1057 714 0 3 3
a 1057 746 0 9 37
a 1057 909 0 9 31
a 1057 152 0 10 41
a 1057 700 0 3 45
a 1057 303 0 3 10
a 1057 145 0 9 27
a 1057 697 0 7 7
a 1057 198 0 10 48
a 1057 372 0 8 9
a 1061 453 0 3954 50
a 1061 1065 0 1 37
a 1061 587 0 4 38
a 1061 1155 0 3 37
a 1061 246 0 9 15
a 1061 381 0 10 3
a 1061 580 0 6 38
a 1061 846 0 1 14
a 1061 369 0 5 46
a 1061 274 0 1 24
a 1061 960 0 3 49
a 1061 694 0 9 28
a 1061 168 0 10 30
a 1076 535 0 3954 34
a 1076 304 0 8 11
a 1076 262 0 8 49
a 1076 398 0 8 43
a 1076 800 0 3 19
a 1076 163 0 2 17
a 1076 177 0 9 11
a 1076 252 0 8 38
a 1076 1077 0 3 48
a 1076 369 0 6 12
a 1076 782 0 3 31
a 1076 580 0 2 29
a 1076 980 0 8 31
a 1076 583 0 10 26
a 1076 776 0 8 18
a 1076 925 0 8 30
a 1076 958 0 9 2
a 1076 100 0 10 42
a 1076 795 0 10 42
a 1076 145 0 7 29
a 1076 404 0 4 27
a 1076 1121 0 2 9
a 1076 1122 0 1 7
a 1076 1105 0 9 28
a 1076 663 0 8 20
a 1076 1138 0 7 24
a 1076 444 0 6 38
a 1076 883 0 7 34
a 1076 1002 0 2 7
a 1076 934 0 4 27
a 1097 715 0 3954 18
a 1097 397 0 2 22
a 1097 319 0 3 48
a 1097 453 0 6 3
a 1097 161 0 8 16
a 1097 687 0 6 46
a 1097 1117 0 1 17
a 1097 347 0 3 3
a 1097 619 0 6 6
a 1097 758 0 4 6
a 1097 665 0 2 43
a 1097 109 0 6 29
a 1097 17 0 4 8
a 1097 478 0 8 26
a 1097 1131 0 7 31
a 1097 639 0 5 44
a 1097 38 0 8 33
a 1097 740 0 4 20
a 1097 634 0 7 10
a 1097 427 0 3 39
a 1102 174 0 3954 50
a 1102 179 0 1 21
a 1102 400 0 7 37
a 1102 711 0 7 10
a 1102 1140 0 4 40
a 1102 920 0 3 1
a 1102 377 0 4 34
a 1102 1011 0 6 43
a 1102 78 0 8 21
a 1102 483 0 4 27
a 1102 995 0 9 8
a 1102 498 0 10 7
a 1102 259 0 4 1
a 1102 1089 0 2 29
a 1102 422 0 8 36
a 1102 1179 0 4 44
a 1102 341 0 7 44
a 1102 749 0 9 17
a 1102 235 0 9 35
a 1102 978 0 4 45
a 1102 915 0 6 18
a 1138 1193 0 3954 50
a 1138 927 0 3954 50
a 1138 683 0 1 11
a 1138 494 0 4 34
a 1138 1125 0 8 30
a 1138 959 0 5 37
a 1138 274 0 8 42
a 1138 718 0 6 19
a 1138 70 0 7 46
a 1138 55 0 10 38
a 1138 64 0 3 33
a 1138 453 0 6 12
a 1178 637 0 3954 50
a 1178 1073 0 4 5
a 1178 537 0 8 23
a 1178 902 0 7 46
a 1178 584 0 4 40
a 1178 980 0 1 25
a 1178 931 0 5 35
a 1178 630 0 2 50
a 1178 501 0 8 26
a 1178 1153 0 6 42
a 1178 722 0 2 24
a 1178 553 0 2 38
a 1178 937 0 7 35
a 1178 197 0 2 31
a 1178 150 0 10 37
a 1178 1009 0 2 8
a 1178 300 0 6 7
a 1178 797 0 10 1
a 1178 42 0 2 13
a 1178 115 0 10 25
a 1178 246 0 6 23
a 1178 492 0 4 43
a 1178 669 0 2 8
a 1178 1058 0 1 10
a 1178 282 0 3 26
a 1178 289 0 8 46
a 1178 1091 0 1 45
a 1178 1163 0 5 40
a 1178 1040 0 6 27
a 1178 357 0 7 40
a 3 347 0 2427 46
a 3 794 0 2 21
a 3 675 0 4 32
a 3 340 0 4 42
a 3 882 0 2 40
a 3 189 0 4 25
a 3 175 0 6 1
a 3 973 0 3 2
a 3 664 0 10 1
a 3 309 0 9 36
a 32 773 0 2427 31
a 32 393 0 4 34
a 32 1176 0 4 19
a 32 692 0 5 30
a 32 530 0 4 50
a 32 853 0 10 42
a 32 944 0 4 9
a 32 662 0 5 35
a 32 948 0 1 22
a 32 1041 0 8 3
a 32 383 0 1 33
a 32 808 0 9 1
a 32 65 0 1 48
a 32 90 0 5 16
a 32 552 0 6 26
a 32 66 0 5 2
a 32 84 0 6 43
a 32 80 0 6 11
a 32 607 0 4 33
a 32 1166 0 5 28
a 32 648 0 3 44
a 48 876 0 2427 50
a 48 280 0 6 4
a 48 580 0 4 21
a 48 397 0 8 26
a 48 1069 0 2 14
a 48 585 0 8 21
a 48 1019 0 4 47
a 48 806 0 10 16
a 48 741 0 2 13
a 48 584 0 9 14
a 48 158 0 1 1
a 48 1144 0 7 44
a 48 1122 0 4 36
a 48 275 0 9 4
a 48 114 0 9 42
a 48 1117 0 3 15
a 48 180 0 3 10
a 48 588 0 4 18
a 48 952 0 2 42
a 48 1092 0 2 35
a 48 714 0 7 39
a 48 58 0 4 24
a 48 498 0 10 8
a 48 790 0 4 21
a 48 228 0 4 13
a 74 302 0 2427 6
a 74 521 0 8 47
a 74 354 0 6 32
a 74 974 0 5 26
a 74 1014 0 7 9
a 74 305 0 4 16
a 74 714 0 2 41
a 74 486 0 6 42
a 74 447 0 9 41
a 74 931 0 8 20
a 74 830 0 3 37
a 74 553 0 3 18
a 74 436 0 2 35
a 74 417 0 3 37
a 74 754 0 1 32
a 83 119 0 2427 28
a 83 487 0 7 34
a 83 675 0 6 11
a 83 246 0 5 6
a 83 58 0 4 44
a 83 762 0 6 38
a 83 117 0 7 16
a 83 921 0 5 31
a 83 978 0 2 6
a 83 175 0 5 37
a 83 158 0 7 19
a 83 730 0 1 25
a 111 32 0 2427 50
a 111 131 0 4 24
a 111 613 0 9 37
a 111 189 0 4 11
a 111 331 0 9 22
a 111 1138 0 1 30
a 111 747 0 1 12
a 111 844 0 9 27
a 111 128 0 4 49
a 111 354 0 2 49
a 111 947 0 4 8
a 111 712 0 5 50
a 111 524 0 10 47
a 111 473 0 1 34
a 117 1065 0 2427 20
a 117 525 0 6 33
a 117 689 0 2 26
a 117 986 0 1 3
a 117 571 0 6 32
a 117 154 0 4 45
a 117 770 0 7 35
a 117 121 0 1 42
a 117 36 0 1 5
a 117 243 0 5 48
a 117 1027 0 6 47
a 117 734 0 5 2
a 117 1147 0 9 34
a 117 425 0 1 13
a 117 1190 0 8 7
a 117 52 0 9 41
a 117 1160 0 7 28
a 117 262 0 2 3
a 117 709 0 8 24
a 117 867 0 1 50
a 117 1180 0 2 36
a 117 1069 0 1 37
a 117 963 0 2 10
a 117 255 0 4 40
a 117 280 0 7 5
a 117 747 0 3 36
a 117 1129 0 1 34
a 117 574 0 10 49
a 117 923 0 4 50
a 119 777 0 2427 50
a 119 161 0 7 16
a 119 106 0 6 11
a 119 38 0 9 37
a 119 299 0 5 42
a 119 1046 0 2 9
a 119 82 0 1 7
a 119 147 0 8 24
a 119 802 0 2 31
a 119 856 0 10 35
a 119 972 0 6 39
a 119 623 0 8 16
a 119 1111 0 8 36
a 119 566 0 10 47
a 119 467 0 2 6
a 119 291 0 10 26
a 119 1010 0 3 6
a 141 745 0 2427 50
a 141 1160 0 10 2
a 141 970 0 2 43
a 141 847 0 5 42
a 141 617 0 9 43
a 141 241 0 5 14
a 141 407 0 1 15
a 169 606 0 2427 50
a 169 1064 0 4 9
a 169 318 0 8 40
a 169 527 0 3 10
a 169 416 0 1 14
a 169 1066 0 8 1
a 169 768 0 4 33
a 169 400 0 1 16
a 169 386 0 9 41
a 169 914 0 3 3
a 169 222 0 3 18
a 169 82 0 2 50
a 169 987 0 7 50
a 169 328 0 9 33
a 169 331 0 7 31
a 169 341 0 8 1
a 169 242 0 4 27
a 200 602 0 2427 25
a 200 1065 0 1 31
a 200 724 0 8 45
a 200 762 0 5 43
a 200 372 0 8 31
a 200 208 0 2 12
a 200 678 0 8 20
a 200 1017 0 3 15
a 200 442 0 9 43
a 213 1015 0 2427 21
a 213 733 0 1 5
a 213 652 0 6 49
a 213 956 0 3 27
a 213 256 0 5 45
a 213 451 0 9 13
a 213 605 0 4 2
a 213 246 0 8 50
a 213 631 0 2 48
a 213 401 0 7 48
a 213 342 0 4 29
a 213 395 0 8 20
a 213 290 0 9 22
a 213 514 0 6 35
a 213 135 0 10 12
a 213 1091 0 8 46
a 213 992 0 7 2
a 213 439 0 2 40
a 213 724 0 10 34
a 213 561 0 2 29
a 213 300 0 5 19
a 213 1067 0 5 27
a 213 1082 0 7 19
a 213 268 0 7 34
a 213 34 0 10 3
a 213 274 0 5 42
a 213 172 0 7 19
a 213 706 0 9 1
a 213 376 0 10 42
a 213 313 0 10 46
a 213 383 0 4 6
a 213 121 0 8 49
a 219 1187 0 2427 18
a 219 293 0 3 10
a 219 462 0 9 36
a 219 548 0 3 34
a 219 1070 0 6 43
a 219 756 0 9 29
a 219 1004 0 10 31
a 219 1102 0 1 22
a 219 392 0 4 41
a 219 57 0 5 33
a 219 800 0 8 46
a 219 669 0 8 44
a 219 481 0 2 2
a 219 109 0 10 33
a 219 84 0 5 46
a 219 527 0 8 46
a 219 944 0 1 48
a 219 796 0 3 11
a 219 609 0 4 10
a 219 407 0 10 15
a 219 658 0 1 13
a 219 349 0 6 43
a 219 1029 0 9 5
a 219 1165 0 8 30
a 219 366 0 4 42
a 219 1034 0 6 9
a 219 341 0 7 42
a 219 494 0 8 49
a 231 786 0 2427 50
a 231 576 0 6 28
a 231 415 0 8 10
a 231 534 0 10 10
a 231 1187 0 10 50
a 231 785 0 7 38
a 231 368 0 6 42
a 231 431 0 4 3
a 231 846 0 8 29
a 231 717 0 2 36
a 231 343 0 10 50
a 231 866 0 9 25
a 231 92 0 9 6
a 231 691 0 5 46
a 231 363 0 10 47
a 231 763 0 7 23
a 231 1131 0 5 28
a 231 634 0 1 3
a 231 611 0 8 23
a 231 123 0 9 39
a 231 183 0 1 21
a 231 779 0 2 27
a 231 491 0 7 2
a 231 422 0 4 48
a 231 682 0 7 35
a 231 1135 0 4 17
a 231 94 0 1 30
a 231 716 0 3 26
a 231 660 0 8 16
a 231 738 0 9 37
a 231 1046 0 7 36
a 253 694 0 2427 50
a 253 675 0 10 42
a 253 243 0 6 49
a 253 192 0 3 10
a 253 1124 0 1 46
a 253 1183 0 3 14
a 253 685 0 10 5
a 253 1179 0 8 25
a 253 825 0 9 35
a 253 454 0 5 50
a 253 657 0 6 18
a 253 1115 0 9 7
a 253 869 0 9 29
a 253 513 0 5 9
a 253 522 0 6 24
a 253 600 0 6 8
a 253 577 0 4 43
a 253 126 0 1 28
a 259 1105 0 2427 18
a 259 1135 0 7 8
a 259 977 0 7 18
a 259 621 0 2 45
a 259 669 0 9 16
a 259 738 0 2 46
a 259 268 0 6 1
a 259 596 0 8 18
a 259 388 0 2 22
a 259 91 0 4 20
a 259 952 0 2 11
a 259 756 0 6 23
a 259 456 0 8 22
a 259 703 0 4 33
a 259 755 0 7 37
a 259 1040 0 6 23
a 259 996 0 8 18
a 259 816 0 7 20
a 259 459 0 3 6
a 277 1009 0 2427 23
a 277 1052 0 5 9
a 277 328 0 4 4
a 277 866 0 3 48
a 277 459 0 5 35
a 277 210 0 10 49
a 277 292 0 3 39
a 277 406 0 4 35
a 277 43 0 9 26
a 277 1149 0 9 24
a 277 91 0 4 7
a 277 941 0 2 13
a 277 1056 0 3 6
a 277 402 0 4 1
a 277 195 0 3 32
a 277 1192 0 1 29
a 277 1067 0 8 40
a 277 1061 0 2 9
a 277 664 0 1 29
a 294 603 0 2427 11
a 294 170 0 7 38
a 294 408 0 7 16
a 294 494 0 5 38
a 294 235 0 3 18
a 294 902 0 5 8
a 300 536 0 2427 24
a 300 631 0 5 1
a 300 943 0 4 34
a 300 588 0 8 27
a 302 111 0 2427 50
a 302 485 0 2 3
a 302 748 0 9 12
a 302 568 0 8 40
a 302 68 0 10 23
a 315 1050 0 2427 23
a 315 110 0 7 14
a 325 776 0 2427 29
a 325 191 0 8 44
a 325 276 0 7 24
a 325 607 0 9 11
a 325 1021 0 7 6
a 325 362 0 7 25
a 325 358 0 6 11
a 325 1053 0 8 28
a 325 820 0 3 33
a 325 855 0 1 49
a 325 280 0 2 16
a 325 305 0 6 39
a 325 618 0 4 18
a 325 621 0 5 29
a 325 1002 0 5 37
a 325 816 0 1 11
a 325 138 0 6 14
a 325 846 0 4 5
a 325 123 0 9 9
a 325 257 0 4 22
a 325 285 0 6 45
a 325 206 0 5 33
a 325 741 0 6 14
a 325 231 0 8 32
a 325 454 0 8 1
a 325 1140 0 8 33
a 325 167 0 8 20
a 325 817 0 5 30
a 325 606 0 5 5
a 335 259 0 2427 50
a 335 410 0 6 49
a 335 726 0 2 34
a 335 153 0 7 10
a 335 686 0 10 2
a 335 729 0 10 48
a 335 243 0 5 29
a 335 979 0 1 30
a 335 494 0 6 18
a 335 1018 0 1 40
a 335 553 0 2 39
a 335 996 0 7 48
a 335 486 0 3 26
a 335 698 0 3 17
a 335 1142 0 3 16
a 335 400 0 1 45
a 335 560 0 1 27
a 335 292 0 5 43
a 335 116 0 9 44
a 335 918 0 6 30
a 335 663 0 7 43
a 335 932 0 2 46
a 335 1117 0 4 14
a 338 1161 0 2427 42
a 338 841 0 1 37
a 338 1171 0 3 8
a 338 769 0 7 37
a 338 573 0 9 8
a 338 817 0 10 15
a 338 55 0 9 17
a 338 1066 0 5 32
a 338 1050 0 7 38
a 338 879 0 8 18
a 338 922 0 1 38
a 338 1197 0 10 12
a 338 676 0 10 10
a 338 1200 0 7 20
a 338 290 0 6 11
a 338 41 0 3 33
a 338 84 0 10 12
a 338 263 0 9 17
a 338 932 0 4 8
a 338 75 0 4 9
a 338 487 0 2 24
a 338 876 0 3 21
a 338 89 0 9 29
a 347 819 0 2427 50
a 347 776 0 7 7
a 347 130 0 4 44
a 347 892 0 1 5
a 347 984 0 9 4
a 347 703 0 5 11
a 347 463 0 4 15
a 347 1134 0 6 16
a 347 949 0 9 7
a 347 369 0 4 40
a 347 629 0 7 15
a 347 1168 0 7 4
a 347 431 0 1 5
a 347 678 0 9 36
a 347 935 0 4 17
a 347 995 0 2 49
a 347 1119 0 10 39
a 347 699 0 3 16
a 347 719 0 5 26
a 347 542 0 6 17
a 347 191 0 4 36
a 347 950 0 6 33
a 347 192 0 9 14
a 347 164 0 5 37
a 347 69 0 5 38
a 347 867 0 8 3
a 347 511 0 6 15
a 347 382 0 3 13
a 347 1007 0 2 1
a 347 696 0 1 6
a 347 409 0 9 17
a 366 338 0 2427 25
a 366 1094 0 5 18
a 366 731 0 7 49
a 366 910 0 10 48
a 366 163 0 4 11
a 366 728 0 1 50
a 366 1148 0 2 24
a 366 754 0 5 48
a 366 315 0 2 30
a 372 393 0 2427 50
a 372 554 0 9 5
a 372 627 0 2 1
a 372 419 0 1 43
a 372 34 0 5 50
a 372 993 0 4 33
a 372 1076 0 9 3
a 372 532 0 8 1
a 372 821 0 8 13
a 372 990 0 8 44
a 393 477 0 2427 50
a 393 402 0 4 46
a 393 931 0 5 34
a 393 270 0 9 39
a 393 87 0 9 25
a 393 172 0 8 50
a 393 1156 0 9 6
a 393 274 0 1 40
a 393 1184 0 5 18
a 393 120 0 5 47
a 393 1132 0 9 25
a 393 430 0 10 36
a 393 308 0 3 46
a 393 1042 0 3 11
a 393 986 0 10 40
a 393 1046 0 3 47
a 393 802 0 9 27
a 393 513 0 10 28
a 393 539 0 3 27
a 393 617 0 5 48
a 393 511 0 6 48
a 402 219 0 2427 50
a 402 787 0 10 41
a 402 765 0 5 23
a 402 1058 0 8 18
a 402 995 0 2 48
a 402 103 0 7 49
a 402 824 0 10 9
a 402 1035 0 4 16
a 402 994 0 6 14
a 402 1170 0 5 28
a 402 215 0 1 14
a 402 456 0 5 12
a 402 321 0 4 4
a 402 121 0 10 15
a 402 825 0 10 47
a 402 152 0 3 24
a 409 446 0 2427 20
a 409 425 0 1 28
a 409 1052 0 7 43
a 409 349 0 1 34
a 409 729 0 9 20
a 409 996 0 2 30
a 409 462 0 6 19
a 409 244 0 7 27
a 409 127 0 5 5
a 414 335 0 2427 9
a 414 1024 0 1 37
a 414 708 0 3 13
a 414 261 0 9 24
a 414 171 0 8 50
a 414 100 0 4 9
a 414 23 0 3 42
a 414 69 0 10 7
a 414 1029 0 2 49
a 414 689 0 5 18
a 414 228 0 4 17
a 446 835 0 2427 16
a 446 388 0 3 17
a 446 202 0 10 40
a 446 246 0 7 43
a 446 904 0 2 47
a 446 410 0 5 17
a 446 72 0 1 19
a 446 239 0 10 45
a 461 1064 0 2427 50
a 461 630 0 2 7
a 461 1063 0 4 30
a 461 1089 0 6 9
a 461 180 0 4 27
a 461 401 0 3 6
a 461 807 0 3 37
a 461 440 0 9 42
a 461 242 0 10 21
a 477 556 0 2427 50
a 477 326 0 1 18
a 477 714 0 9 36
a 477 783 0 3 47
a 477 471 0 4 20
a 477 1002 0 2 24
a 477 506 0 7 26
a 477 1010 0 6 7
a 477 426 0 7 9
a 477 307 0 10 30
a 477 495 0 7 35
a 477 36 0 3 17
a 477 605 0 6 8
a 477 163 0 6 2
a 477 56 0 3 44
a 477 1163 0 1 48
a 477 483 0 10 4
a 477 582 0 9 39
a 477 738 0 10 21
a 477 358 0 9 46
a 477 1072 0 2 46
a 477 592 0 4 37
a 477 376 0 9 27
a 477 1040 0 10 50
a 477 361 0 9 26
a 477 611 0 5 32
a 477 634 0 9 20
a 477 153 0 2 50
a 477 154 0 10 10
a 477 626 0 7 13
a 477 639 0 10 1
a 477 254 0 10 14
a 478 231 0 2427 50
a 478 372 0 1 19
a 478 351 0 7 31
a 478 162 0 6 36
a 478 136 0 7 36
a 479 481 0 2427 50
a 479 269 0 10 38
a 479 1061 0 10 3
a 479 524 0 1 44
a 479 806 0 6 16
a 479 306 0 5 13
a 479 275 0 5 8
a 479 492 0 6 42
a 479 589 0 2 28
a 479 843 0 4 31
a 479 974 0 6 29
a 479 738 0 10 14
a 479 525 0 8 23
a 479 1169 0 2 15
a 479 643 0 10 47
a 479 516 0 7 32
a 479 477 0 2 25
a 479 391 0 2 32
a 479 950 0 5 5
a 479 346 0 2 37
a 479 374 0 10 32
a 479 723 0 3 19
a 479 632 0 7 34
a 479 1159 0 6 12
a 481 461 0 2427 24
a 481 212 0 8 41
a 481 218 0 5 40
a 481 742 0 10 42
a 481 801 0 8 24
a 481 695 0 4 7
a 481 473 0 1 36
a 481 360 0 5 33
a 481 336 0 1 43
a 481 979 0 5 41
a 481 411 0 2 4
a 481 94 0 8 15
a 481 401 0 4 27
a 481 394 0 2 31
a 481 1100 0 8 26
a 481 604 0 10 17
a 481 446 0 6 5
a 481 472 0 4 29
a 481 395 0 5 30
a 481 629 0 2 11
a 481 248 0 3 5
a 481 678 0 6 41
a 481 702 0 1 27
a 518 372 0 2427 50
a 518 1188 0 2427 23
a 518 205 0 2 26
a 518 532 0 8 16
a 522 141 0 2427 44
a 522 685 0 6 38
a 522 704 0 3 38
a 522 1106 0 1 37
a 522 838 0 2 27
a 522 454 0 8 27
a 522 334 0 1 45
a 522 213 0 2 17
a 522 574 0 4 7
a 522 252 0 4 41
a 522 133 0 10 50
a 522 342 0 2 7
a 522 254 0 9 20
a 522 17 0 10 40
a 522 936 0 3 41
a 522 661 0 4 24
a 522 256 0 10 43
a 522 483 0 9 42
a 522 1074 0 2 43
a 522 113 0 3 17
a 522 749 0 3 12
a 522 468 0 2 48
a 522 1147 0 1 34
a 522 214 0 10 47
a 522 192 0 7 29
a 522 761 0 8 46
a 522 760 0 9 45
a 522 227 0 9 43
a 522 1048 0 6 22
a 522 696 0 4 6
a 536 981 0 2427 50
a 536 561 0 9 23
a 536 714 0 5 38
a 536 112 0 6 4
a 536 926 0 6 44
a 536 653 0 5 8
a 536 1157 0 1 6
a 536 870 0 7 1
a 536 1138 0 3 47
a 536 139 0 10 38
a 536 1154 0 3 21
a 536 136 0 1 24
a 536 1163 0 9 25
a 536 1018 0 1 24
a 551 117 0 2427 45
a 551 249 0 3 21
a 551 883 0 6 40
a 551 943 0 10 5
a 551 401 0 4 32
a 551 253 0 8 20
a 551 903 0 5 7
a 551 364 0 10 41
a 551 977 0 6 23
a 551 244 0 6 20
a 551 95 0 10 25
a 551 31 0 6 5
a 551 1089 0 3 48
a 551 911 0 10 46
a 551 241 0 7 4
a 551 683 0 8 44
a 551 884 0 3 36
a 551 404 0 6 9
a 551 865 0 10 35
a 551 529 0 5 11
a 551 264 0 8 7
a 551 1086 0 3 48
a 551 85 0 9 29
a 551 523 0 1 16
a 551 985 0 8 40
a 556 551 0 2427 40
a 556 396 0 9 4
a 556 81 0 1 13
a 556 994 0 2 28
a 556 232 0 4 22
a 556 1083 0 6 26
a 556 1028 0 2 23
a 556 686 0 7 4
a 556 401 0 2 21
a 556 128 0 7 38
a 556 213 0 7 50
a 556 995 0 4 46
a 556 1038 0 2 14
a 556 192 0 1 13
a 556 495 0 1 20
a 556 1134 0 1 40
a 556 335 0 1 21
a 556 612 0 4 32
a 565 1139 0 2427 50
a 565 1042 0 3 34
a 565 961 0 6 40
a 565 552 0 7 36
a 565 586 0 2 27
a 565 570 0 8 46
a 565 589 0 3 38
a 565 276 0 3 24
a 565 643 0 8 41
a 565 1012 0 4 47
a 565 1115 0 6 38
a 565 45 0 4 39
a 565 1143 0 2 1
a 565 438 0 2 18
a 565 745 0 9 45
a 565 742 0 2 2
a 565 291 0 6 16
a 594 518 0 2427 50
a 594 358 0 3 26
a 594 441 0 3 38
a 594 329 0 10 9
a 594 410 0 2 2
a 594 1181 0 2 3
a 594 290 0 9 19
a 594 532 0 8 24
a 594 1179 0 3 2
a 594 232 0 4 18
a 594 436 0 1 2
a 594 885 0 8 8
a 594 1090 0 3 6
a 594 457 0 3 37
a 594 626 0 1 8
a 594 841 0 2 28
a 594 1059 0 5 24
a 594 980 0 1 1
a 594 718 0 7 22
a 594 1032 0 6 30
a 594 468 0 1 41
a 594 1120 0 2 29
a 594 653 0 4 6
a 594 90 0 9 49
a 594 576 0 3 47
a 594 309 0 9 35
a 594 761 0 10 37
a 594 307 0 6 48
a 594 804 0 7 24
a 594 497 0 9 11
a 594 795 0 1 15
a 594 173 0 6 10
a 602 910 0 2427 50
a 602 295 0 8 20
a 602 1026 0 10 36
a 602 494 0 1 12
a 602 37 0 4 3
a 602 250 0 10 17
a 602 531 0 4 36
a 602 732 0 9 24
a 602 438 0 6 2
a 602 941 0 10 44
a 602 654 0 4 32
a 602 802 0 2 6
a 602 1175 0 10 47
a 602 460 0 10 42
a 602 1106 0 7 10
a 602 474 0 2 9
a 602 76 0 7 5
a 602 358 0 5 31
a 602 571 0 8 29
a 602 138 0 4 46
a 602 234 0 6 3
a 602 923 0 2 47
a 602 896 0 3 27
a 602 971 0 2 34
a 602 925 0 8 46
a 602 668 0 8 34
a 602 405 0 1 19
a 602 1114 0 9 35
a 602 258 0 7 8
a 603 409 0 2427 50
a 603 946 0 2 5
a 603 112 0 6 20
a 603 313 0 9 50
a 603 149 0 3 44
a 603 1159 0 2 19
a 603 450 0 3 17
a 603 1151 0 5 17
a 603 905 0 7 27
a 603 859 0 9 41
a 603 189 0 6 39
a 606 478 0 2427 12
a 606 1075 0 4 1
a 606 1199 0 2 18
a 606 811 0 1 24
a 606 1165 0 6 49
a 606 504 0 8 1
a 606 411 0 9 50
a 606 585 0 10 43
a 606 376 0 2 50
a 660 83 0 2427 50
a 660 962 0 8 30
a 660 202 0 4 30
a 660 157 0 7 12
a 660 461 0 3 14
a 660 358 0 3 44
a 660 452 0 1 10
a 694 294 0 2427 50
a 694 680 0 4 20
a 738 315 0 2427 32
a 738 330 0 1 49
a 738 861 0 10 29
a 738 1132 0 8 26
a 738 213 0 7 7
a 738 892 0 8 16
a 738 1027 0 4 8
a 738 790 0 6 17
a 738 335 0 10 48
a 738 507 0 9 46
a 738 457 0 7 29
a 738 295 0 9 44
a 738 649 0 6 49
a 738 950 0 3 22
a 738 921 0 1 45
a 738 982 0 1 40
a 738 464 0 6 49
a 738 944 0 3 48
a 738 1021 0 9 4
a 738 379 0 7 43
a 738 432 0 9 27
a 738 210 0 1 23
a 738 207 0 5 50
a 738 134 0 5 34
a 738 871 0 9 3
a 738 1127 0 8 47
a 738 76 0 4 23
a 738 159 0 4 42
a 738 947 0 6 23
a 738 770 0 2 21
a 738 744 0 3 41
a 738 128 0 4 12
a 739 660 0 2427 1
a 739 256 0 7 34
a 739 642 0 4 21
a 739 579 0 9 24
a 739 169 0 2 44
a 739 129 0 10 20
a 739 997 0 2 32
a 739 1048 0 7 44
a 739 551 0 8 16
a 739 419 0 4 14
a 739 65 0 4 7
a 739 1160 0 6 45
a 739 993 0 9 45
a 739 50 0 7 13
a 739 357 0 9 40
a 739 787 0 8 26
a 739 472 0 9 12
a 739 249 0 4 13
a 739 207 0 4 28
a 739 49 0 7 49
a 739 1190 0 9 43
a 739 335 0 4 35
a 739 840 0 4 17
a 739 350 0 1 10
a 739 1180 0 1 18
a 739 421 0 7 13
a 739 178 0 8 1
a 739 712 0 2 49
a 745 479 0 2427 48
a 745 530 0 1 33
a 745 785 0 7 13
a 745 515 0 7 25
a 745 498 0 8 41
a 745 538 0 4 7
a 745 889 0 1 15
a 745 230 0 7 49
a 745 529 0 7 11
a 745 274 0 1 29
a 745 1081 0 8 30
a 745 971 0 1 39
a 745 796 0 9 25
a 745 364 0 4 23
a 745 103 0 7 25
a 745 238 0 4 39
a 773 200 0 2427 41
a 773 345 0 8 50
a 773 971 0 9 17
a 773 94 0 10 6
a 773 429 0 8 23
a 773 274 0 9 30
a 773 918 0 10 11
a 773 718 0 9 12
a 773 832 0 5 8
a 773 992 0 6 46
a 773 465 0 5 23
a 773 1100 0 8 32
a 773 954 0 4 23
a 773 777 0 6 3
a 773 583 0 5 23
a 773 1128 0 3 48
a 773 223 0 4 28
a 773 475 0 2 31
a 773 251 0 6 46
a 773 594 0 5 42
a 773 542 0 2 2
a 773 164 0 1 10
a 773 654 0 9 23
a 773 1016 0 6 16
a 773 203 0 4 35
a 776 169 0 2427 27
a 776 1038 0 8 15
a 776 369 0 8 39
a 776 1131 0 9 3
a 776 1064 0 6 25
a 776 346 0 10 34
a 776 203 0 3 11
a 776 63 0 4 30
a 776 770 0 5 7
a 776 208 0 1 28
a 776 384 0 8 30
a 776 638 0 4 36
a 776 530 0 8 20
a 776 1001 0 4 40
a 776 425 0 3 8
a 776 856 0 8 36
a 776 503 0 9 2
a 776 912 0 2 5
a 776 1005 0 7 17
a 776 337 0 7 31
a 776 432 0 5 2
a 776 1142 0 5 44
a 776 155 0 7 7
a 776 62 0 4 45
a 777 414 0 2427 6
a 777 1104 0 4 22
a 777 379 0 3 4
a 777 817 0 6 33
a 777 141 0 10 23
a 777 83 0 10 2
a 777 66 0 3 21
a 777 395 0 2 8
a 777 444 0 4 48
a 777 554 0 10 10
a 777 521 0 5 11
a 777 879 0 4 19
a 777 872 0 9 11
a 777 633 0 3 7
a 777 920 0 5 8
a 777 1146 0 3 2
a 777 902 0 1 1
a 777 692 0 7 28
a 777 301 0 8 48
a 777 592 0 8 27
a 777 954 0 6 3
a 777 1071 0 10 50
a 777 241 0 6 20
a 786 1162 0 2427 18
a 786 761 0 4 41
a 786 1059 0 4 26
a 786 415 0 6 45
a 786 409 0 4 10
a 786 920 0 2 43
a 786 824 0 4 24
a 786 371 0 7 33
a 786 1147 0 6 24
a 786 113 0 8 42
a 786 1035 0 8 11
a 786 1039 0 4 25
a 786 305 0 4 46
a 786 659 0 2 40
a 786 86 0 2 9
a 786 731 0 3 34
a 786 566 0 10 13
a 786 242 0 10 25
a 786 674 0 9 49
a 786 1010 0 7 7
a 786 293 0 4 44
a 786 194 0 5 26
a 786 231 0 7 43
a 786 934 0 4 34
a 786 757 0 4 3
a 786 249 0 7 16
a 786 206 0 7 31
a 786 149 0 6 12
a 786 712 0 9 20
a 786 262 0 3 7
a 786 139 0 7 17
a 786 449 0 3 6
a 819 565 0 2427 50
a 819 638 0 2 27
a 819 778 0 5 28
a 819 940 0 5 33
a 819 597 0 7 28
a 819 713 0 2 29
a 819 657 0 10 24
a 835 325 0 2427 50
a 835 692 0 1 20
a 835 182 0 1 21
a 835 1200 0 7 23
a 835 1036 0 5 11
a 835 439 0 3 49
a 835 919 0 3 4
a 835 351 0 2 38
a 835 927 0 5 42
a 835 367 0 8 20
a 835 1084 0 10 24
a 835 106 0 7 32
a 835 998 0 1 35
a 835 406 0 8 44
a 835 668 0 9 17
a 835 298 0 7 28
a 835 740 0 2 48
a 835 753 0 1 20
a 835 721 0 6 18
a 835 1017 0 7 9
a 835 112 0 3 42
a 835 703 0 5 22
a 835 109 0 5 48
a 835 625 0 2 29
a 876 1110 0 2427 50
a 876 770 0 8 21
a 876 239 0 3 38
a 876 588 0 10 4
a 876 681 0 6 35
a 876 762 0 9 46
a 876 219 0 8 20
a 876 649 0 6 24
a 876 55 0 3 7
a 876 1140 0 5 50
a 876 102 0 3 29
a 876 295 0 10 44
a 876 487 0 7 42
a 904 1169 0 2427 27
a 904 595 0 2 7
a 904 542 0 4 2
a 904 890 0 8 23
a 904 452 0 4 40
a 904 128 0 9 32
a 904 832 0 4 16
a 904 1050 0 7 28
a 904 794 0 10 29
a 904 90 0 2 4
a 904 1022 0 7 20
a 904 304 0 5 17
a 904 487 0 9 41
a 904 228 0 9 47
a 904 440 0 3 15
a 904 593 0 9 24
a 904 674 0 3 26
a 904 616 0 7 24
a 904 760 0 8 50
a 904 488 0 10 43
a 904 507 0 8 2
a 904 689 0 5 35
a 904 237 0 4 37
a 904 1139 0 2 6
a 910 920 0 2427 48
a 910 1155 0 10 9
a 910 993 0 5 26
a 910 631 0 8 48
a 910 699 0 3 32
a 910 1063 0 4 23
a 910 202 0 1 1
a 910 881 0 4 22
a 910 793 0 1 41
a 910 682 0 2 41
a 910 980 0 6 50
a 910 861 0 8 5
a 910 46 0 7 1
a 910 984 0 6 40
a 920 253 0 2427 39
a 920 601 0 4 36
a 920 506 0 3 2
a 920 605 0 5 27
a 920 1171 0 10 29
a 920 40 0 1 11
a 920 30 0 1 31
a 920 123 0 5 8
a 920 144 0 5 26
a 920 1160 0 10 31
a 920 228 0 4 50
a 920 1040 0 1 48
a 920 830 0 3 23
a 920 520 0 5 44
a 920 969 0 4 16
a 920 1162 0 6 6
a 920 1110 0 9 15
a 920 578 0 10 34
a 981 739 0 2427 50
a 981 848 0 10 14
a 981 880 0 8 36
a 981 1119 0 2 49
a 981 159 0 3 45
a 981 747 0 3 38
a 981 410 0 2 4
a 981 319 0 4 20
a 986 1090 0 2427 50
a 986 604 0 4 9
a 986 902 0 4 5
a 986 1084 0 3 37
a 986 953 0 8 16
a 986 197 0 5 33
a 986 514 0 5 49
a 986 87 0 2 1
a 986 821 0 7 48
a 986 64 0 3 35
a 986 367 0 7 37
a 986 347 0 10 16
a 986 714 0 10 49
a 986 649 0 5 46
a 986 178 0 10 27
a 986 789 0 3 3
a 986 677 0 9 37
a 986 389 0 9 22
a 1009 904 0 2427 50
a 1009 684 0 6 12
a 1009 450 0 2 2
a 1009 223 0 6 11
a 1009 713 0 1 36
a 1009 732 0 2 26
a 1009 278 0 9 14
a 1009 783 0 5 21
a 1009 64 0 7 33
a 1009 381 0 3 38
a 1009 769 0 10 46
a 1009 879 0 6 36
a 1015 402 0 2427 40
a 1015 846 0 8 49
a 1015 682 0 8 25
a 1015 862 0 4 35
a 1015 666 0 7 32
a 1015 399 0 6 31
a 1015 1148 0 10 45
a 1015 469 0 2 14
a 1015 394 0 2 18
a 1015 1159 0 6 42
a 1015 772 0 1 43
a 1015 804 0 1 31
a 1015 1095 0 6 31
a 1015 280 0 10 9
a 1015 915 0 4 15
a 1015 737 0 8 1
a 1015 632 0 5 15
a 1015 1107 0 3 45
a 1015 1070 0 3 47
a 1031 300 0 2427 50
a 1031 952 0 7 14
a 1031 490 0 5 7
a 1031 420 0 1 18
a 1031 1037 0 8 15
a 1031 469 0 10 22
a 1031 502 0 6 50
a 1031 122 0 7 34
a 1031 880 0 3 26
a 1031 507 0 9 14
a 1031 735 0 5 31
a 1031 150 0 8 45
a 1031 172 0 2 9
a 1031 296 0 3 19
a 1031 148 0 9 14
a 1031 251 0 4 7
a 1031 1077 0 7 3
a 1032 986 0 2427 38
a 1032 765 0 10 4
a 1032 945 0 7 20
a 1032 682 0 2 44
a 1032 618 0 6 20
a 1032 968 0 7 50
a 1032 1168 0 9 19
a 1032 837 0 10 41
a 1032 823 0 7 26
a 1032 423 0 4 36
a 1032 829 0 5 37
a 1032 1075 0 2 21
a 1050 594 0 2427 50
a 1050 1136 0 8 26
a 1050 438 0 8 23
a 1050 1028 0 7 26
a 1064 277 0 2427 12
a 1064 342 0 9 8
a 1064 254 0 3 11
a 1064 122 0 5 32
a 1064 391 0 6 33
a 1064 68 0 6 20
a 1064 249 0 6 3
a 1064 678 0 8 3
a 1064 1182 0 3 47
a 1064 698 0 7 13
a 1064 704 0 7 2
a 1064 1038 0 10 3
a 1064 151 0 10 44
a 1064 768 0 9 26
a 1064 479 0 5 1
a 1064 480 0 2 8
a 1064 683 0 6 28
a 1064 445 0 5 45
a 1064 318 0 2 23
a 1065 48 0 2427 25
a 1065 827 0 7 49
a 1065 543 0 8 12
a 1065 411 0 8 17
a 1065 502 0 3 18
a 1065 934 0 8 43
a 1065 732 0 7 38
a 1065 237 0 2 29
a 1065 765 0 7 27
a 1065 1154 0 6 44
a 1065 1071 0 8 2
a 1065 354 0 10 27
a 1065 160 0 10 46
a 1065 108 0 5 13
a 1065 1165 0 8 1
a 1065 664 0 4 47
a 1065 79 0 9 31
a 1065 876 0 10 43
a 1065 369 0 8 30
a 1090 366 0 2427 50
a 1090 697 0 10 14
a 1090 864 0 1 40
a 1090 393 0 7 10
a 1090 299 0 10 43
a 1090 597 0 4 3
a 1090 805 0 5 36
a 1090 607 0 9 35
a 1105 522 0 2427 50
a 1105 1115 0 2 3
a 1105 1095 0 2 38
a 1105 333 0 7 5
a 1105 949 0 3 17
a 1105 691 0 8 10
a 1105 856 0 7 50
a 1105 30 0 2 32
a 1105 1087 0 5 42
a 1105 1072 0 3 41
a 1105 786 0 2 32
a 1105 603 0 7 50
a 1105 722 0 7 43
a 1105 372 0 4 18
a 1105 218 0 1 19
a 1105 915 0 3 37
a 1105 389 0 9 19
a 1105 1173 0 7 27
a 1105 303 0 3 7
a 1105 1131 0 1 46
a 1105 300 0 9 40
a 1105 273 0 7 44
a 1110 1032 0 2427 41
a 1110 1171 0 8 13
a 1110 643 0 4 38
a 1110 249 0 4 27
a 1110 130 0 10 24
a 1110 924 0 8 11
a 1110 1102 0 5 16
a 1110 546 0 4 43
a 1110 1003 0 9 20
a 1110 496 0 9 49
a 1110 859 0 7 14
a 1110 1173 0 10 43
a 1139 74 0 2427 48
a 1139 394 0 9 26
a 1139 1090 0 9 17
a 1139 1106 0 6 25
a 1139 580 0 5 8
a 1139 264 0 9 49
a 1139 621 0 9 20
a 1139 765 0 9 16
a 1139 678 0 5 19
a 1139 1006 0 1 9
a 1139 312 0 2 12
a 1139 630 0 7 31
a 1161 1031 0 2427 50
a 1161 1091 0 10 32
a 1161 274 0 3 4
a 1161 812 0 7 41
a 1161 835 0 4 21
a 1161 1093 0 7 20
a 1161 852 0 2 13
a 1161 932 0 1 10
a 1161 686 0 2 11
a 1161 831 0 7 22
a 1161 952 0 8 6
a 1161 123 0 5 43
a 1161 251 0 7 17
a 1161 511 0 5 17
a 1161 705 0 6 47
a 1161 973 0 4 24
a 1161 386 0 9 11
a 1161 67 0 5 41
a 1161 719 0 6 47
a 1161 399 0 10 4
a 1162 738 0 2427 50
a 1162 469 0 8 21
a 1162 607 0 2 13
a 1162 462 0 4 23
a 1162 950 0 7 8
a 1162 429 0 4 6
a 1162 150 0 10 25
a 1162 1037 0 3 26
a 1162 389 0 10 25
a 1162 633 0 3 22
a 1162 46 0 5 49
a 1162 822 0 5 34
a 1162 717 0 8 3
a 1162 1021 0 1 2
a 1162 962 0 6 46
a 1162 53 0 9 12
a 1162 412 0 4 37
a 1162 169 0 9 10
a 1162 661 0 6 46
a 1162 1142 0 3 5
a 1162 595 0 4 7
a 1162 875 0 7 31
a 1162 676 0 7 14
a 1162 1133 0 6 19
a 1162 1137 0 2 35
a 1169 213 0 2427 23
a 1169 326 0 8 24
a 1169 598 0 8 37
a 4 114 0 2638 18
a 4 995 0 6 5
a 4 606 0 8 33
a 4 1052 0 8 5
a 4 851 0 9 45
a 4 646 0 4 30
a 4 986 0 6 2
a 4 480 0 4 37
a 4 696 0 6 23
a 4 928 0 10 18
a 4 869 0 10 38
a 4 297 0 9 41
a 4 880 0 5 34
a 4 1158 0 6 36
a 4 651 0 9 47
a 4 592 0 7 32
a 4 942 0 8 19
a 4 1070 0 9 36
a 4 1089 0 1 38
a 4 373 0 5 42
a 4 1144 0 4 44
a 4 922 0 3 13
a 4 378 0 4 11
a 4 1080 0 6 40
a 4 324 0 2 47
a 4 731 0 9 20
a 4 469 0 5 14
a 4 891 0 1 32
a 4 563 0 4 16
a 4 1078 0 3 7
a 16 711 0 2638 25
a 16 60 0 5 38
a 16 322 0 4 25
a 16 144 0 9 45
a 16 595 0 7 26
a 16 623 0 4 40
a 16 989 0 6 23
a 16 647 0 1 33
a 16 1135 0 9 6
a 16 802 0 1 40
a 16 1191 0 9 8
a 16 202 0 10 9
a 16 653 0 5 44
a 16 145 0 4 49
a 16 907 0 2 32
a 16 798 0 8 44
a 16 1130 0 3 41
a 16 586 0 10 28
a 16 1181 0 9 15
a 16 375 0 6 46
a 16 852 0 3 11
a 16 48 0 5 27
a 16 530 0 5 11
a 16 525 0 7 49
a 16 213 0 1 37
a 16 65 0 2 32
a 16 1098 0 6 47
a 16 813 0 7 20
a 16 478 0 10 38
a 16 1127 0 1 29
a 16 1112 0 7 31
a 16 938 0 5 8
a 24 995 0 2638 50
a 24 549 0 7 47
a 24 161 0 1 33
a 24 670 0 8 24
a 24 1079 0 7 22
a 24 678 0 9 17
a 24 1045 0 2 30
a 25 832 0 2638 36
a 25 537 0 6 4
a 25 841 0 2 9
a 46 25 0 2638 50
a 46 1098 0 8 7
a 46 1153 0 7 3
a 46 1085 0 5 50
a 46 397 0 1 48
a 46 656 0 8 9
a 46 334 0 7 30
a 46 68 0 4 12
a 46 443 0 7 21
a 46 698 0 7 37
a 46 234 0 1 28
a 46 98 0 8 42
a 46 78 0 8 5
a 46 287 0 8 2
a 46 552 0 7 21
a 46 1036 0 8 50
a 46 663 0 5 18
a 46 493 0 2 15
a 46 75 0 9 12
a 46 519 0 6 13
a 46 427 0 6 11
a 46 54 0 8 21
a 46 959 0 4 31
a 46 346 0 10 25
a 46 1009 0 7 42
a 46 478 0 1 5
a 52 589 0 2638 33
a 52 982 0 5 46
a 52 1186 0 5 10
a 52 1129 0 9 4
a 52 433 0 6 11
a 52 987 0 8 34
a 52 813 0 1 29
a 52 105 0 2 24
a 52 901 0 10 32
a 52 754 0 10 49
a 52 599 0 5 28
a 52 894 0 1 25
a 52 39 0 3 8
a 52 907 0 5 20
a 52 474 0 9 43
a 52 391 0 4 13
a 72 1047 0 2638 22
a 72 665 0 7 40
a 72 161 0 7 34
a 72 983 0 6 41
a 75 496 0 2638 37
a 75 664 0 1 10
a 75 1060 0 5 50
a 75 735 0 8 44
a 75 928 0 4 11
a 75 536 0 3 16
a 75 842 0 8 9
a 75 170 0 4 14
a 75 315 0 5 28
a 75 1185 0 3 46
a 75 250 0 5 49
a 75 586 0 6 31
a 76 145 0 2638 50
a 76 971 0 9 41
a 76 1010 0 7 35
a 76 939 0 10 7
a 76 48 0 3 30
a 76 351 0 9 7
a 76 45 0 1 40
a 76 214 0 3 50
a 76 249 0 4 12
a 76 397 0 5 21
a 76 905 0 5 15
a 76 1078 0 9 32
a 76 25 0 8 13
a 76 1168 0 9 27
a 76 480 0 4 6
a 76 938 0 3 8
a 76 1200 0 6 30
a 76 338 0 3 19
a 76 75 0 1 35
a 76 307 0 9 35
a 76 134 0 8 46
a 76 615 0 6 38
a 76 613 0 2 37
a 76 602 0 7 18
a 76 898 0 9 4
a 76 1024 0 1 21
a 76 371 0 4 45
a 82 319 0 2638 40
a 82 47 0 6 39
a 84 514 0 2638 50
a 84 137 0 8 24
a 84 821 0 3 46
a 84 554 0 3 32
a 84 462 0 8 2
a 84 269 0 9 9
a 114 885 0 2638 50
a 114 1169 0 2 1
a 114 130 0 9 25
a 114 697 0 4 15
a 114 491 0 8 10
a 114 382 0 2 34
a 114 967 0 2 26
a 114 224 0 7 20
a 114 920 0 10 40
a 114 378 0 5 42
a 114 913 0 3 16
a 114 591 0 9 7
a 114 769 0 5 43
a 114 539 0 9 46
a 114 137 0 8 16
a 114 896 0 6 3
a 114 29 0 9 22
a 114 806 0 5 20
a 114 24 0 9 35
a 114 524 0 2 29
a 114 167 0 5 27
a 114 212 0 8 21
a 114 1151 0 10 12
a 114 908 0 1 38
a 118 743 0 2638 42
a 118 795 0 10 47
a 118 913 0 7 33
a 118 911 0 9 13
a 118 892 0 2 2
a 118 579 0 7 11
a 118 621 0 1 35
a 118 256 0 8 48
a 118 634 0 4 2
a 118 945 0 7 38
a 118 961 0 1 3
a 118 735 0 1 16
a 122 1157 0 2638 16
a 122 346 0 1 3
a 122 1077 0 4 27
a 137 82 0 2638 26
a 137 1098 0 6 20
a 137 125 0 6 29
a 137 825 0 4 35
a 137 915 0 1 41
a 137 592 0 8 19
a 137 537 0 4 18
a 137 781 0 10 32
a 137 322 0 7 14
a 137 305 0 8 35
a 137 287 0 3 23
a 137 97 0 5 48
a 137 728 0 4 33
a 137 1059 0 3 46
a 137 1170 0 5 45
a 137 839 0 8 3
a 137 202 0 1 47
a 137 876 0 1 8
a 137 154 0 3 34
a 137 348 0 2 8
a 145 1004 0 2638 50
a 145 1049 0 2 18
a 145 412 0 5 27
a 145 798 0 7 18
a 145 222 0 3 14
a 145 737 0 5 14
a 145 366 0 3 24
a 145 259 0 4 31
a 145 207 0 3 12
a 145 716 0 10 2
a 145 588 0 4 10
a 172 449 0 2638 50
a 172 629 0 10 12
a 172 81 0 8 27
a 172 621 0 7 23
a 172 657 0 1 24
a 172 386 0 9 49
a 187 122 0 2638 50
a 187 484 0 1 7
a 187 1183 0 4 33
a 187 585 0 4 34
a 187 1096 0 10 30
a 187 872 0 9 9
a 187 488 0 6 31
a 187 57 0 5 26
a 187 807 0 8 15
a 187 979 0 2 12
a 187 275 0 6 26
a 187 901 0 3 35
a 187 1156 0 5 20
a 187 920 0 9 8
a 187 925 0 7 17
a 187 156 0 9 13
a 187 252 0 9 32
a 217 440 0 2638 50
a 217 1016 0 1 41
a 217 517 0 3 7
a 217 893 0 2 45
a 217 140 0 2 13
a 217 881 0 5 1
a 217 89 0 5 25
a 217 415 0 3 4
a 217 832 0 4 23
a 217 844 0 10 8
a 217 332 0 6 1
a 309 790 0 2638 50
a 309 489 0 9 25
a 309 699 0 3 7
a 309 495 0 8 7
a 309 538 0 2 18
a 309 745 0 4 8
a 309 1044 0 4 18
a 309 1125 0 1 21
a 309 88 0 9 38
a 309 1137 0 2 47
a 309 369 0 5 44
a 309 584 0 5 28
a 309 1122 0 9 39
a 309 606 0 10 20
a 309 520 0 10 27
a 309 278 0 3 2
a 309 296 0 3 45
a 309 131 0 8 6
a 309 980 0 10 2
a 309 847 0 5 30
a 309 348 0 7 47
a 309 442 0 1 29
a 309 1173 0 10 34
a 319 1000 0 2638 50
a 319 994 0 6 3
a 319 1003 0 4 48
a 319 1178 0 5 7
a 319 87 0 5 34
a 319 853 0 9 30
a 319 991 0 7 28
a 319 920 0 4 13
a 319 717 0 6 19
a 319 811 0 10 39
a 319 803 0 1 26
a 319 903 0 1 46
a 319 845 0 10 14
a 319 322 0 9 18
a 319 624 0 9 38
a 319 351 0 6 46
a 319 1010 0 5 38
a 319 999 0 4 26
a 319 65 0 1 34
a 319 490 0 3 25
a 319 911 0 10 16
a 319 341 0 10 14
a 319 899 0 6 31
a 332 1051 0 2638 50
a 332 1026 0 8 10
a 332 222 0 2 14
a 332 922 0 6 18
a 332 1158 0 6 50
a 332 569 0 2 34
a 332 298 0 4 15
a 332 692 0 5 23
a 332 177 0 4 34
a 332 872 0 9 25
a 332 841 0 5 13
a 332 719 0 7 44
a 332 105 0 6 46
a 332 364 0 1 6
a 332 296 0 7 40
a 332 838 0 5 24
a 332 127 0 6 40
a 332 746 0 1 12
a 332 961 0 5 6
a 332 686 0 5 36
a 332 289 0 8 36
a 332 133 0 10 13
a 332 992 0 9 19
a 332 367 0 7 44
a 332 668 0 5 47
a 332 885 0 5 24
a 332 217 0 3 41
a 332 772 0 10 29
a 332 445 0 6 31
a 332 781 0 9 32
a 359 84 0 2638 50
a 359 273 0 3 37
a 359 989 0 4 23
a 359 1102 0 2 45
a 359 669 0 3 46
a 359 144 0 8 34
a 359 284 0 6 13
a 359 479 0 4 14
a 359 66 0 4 32
a 359 840 0 6 44
a 359 41 0 4 12
a 359 502 0 9 31
a 359 320 0 8 24
a 359 251 0 5 50
a 359 1184 0 2 37
a 359 149 0 9 33
a 359 301 0 7 36
a 359 656 0 8 9
a 359 1109 0 7 13
a 379 698 0 2638 14
a 379 23 0 2 21
a 379 874 0 3 29
a 379 945 0 3 7
a 379 556 0 9 9
a 385 1052 0 2638 8
a 385 435 0 2 17
a 385 1181 0 10 5
a 385 797 0 6 7
a 385 779 0 2 32
a 385 117 0 1 25
a 386 172 0 2638 14
a 386 779 0 10 4
a 386 1154 0 1 25
a 386 484 0 7 50
a 386 1004 0 7 35
a 386 836 0 9 5
a 386 682 0 3 15
a 386 652 0 6 12
a 386 453 0 7 22
a 386 931 0 2 24
a 386 323 0 7 42
a 386 60 0 7 33
a 386 795 0 9 26
a 386 1182 0 1 18
a 386 1186 0 4 38
a 386 813 0 6 45
a 386 774 0 8 43
a 386 797 0 4 9
a 386 1169 0 2 16
a 386 433 0 5 17
a 386 871 0 2 29
a 386 371 0 5 16
a 386 494 0 7 40
a 386 418 0 2 22
a 386 859 0 6 11
a 386 658 0 7 15
a 386 245 0 3 4
a 388 722 0 2638 50
a 388 963 0 5 40
a 388 198 0 9 46
a 388 1012 0 3 7
a 388 761 0 2 41
a 388 362 0 10 37
a 388 433 0 3 14
a 388 505 0 8 5
a 388 39 0 6 27
a 388 1079 0 5 8
a 388 1058 0 7 33
a 388 746 0 5 42
a 388 599 0 2 32
a 388 1158 0 9 4
a 388 964 0 10 22
a 388 402 0 9 48
a 388 897 0 10 20
a 388 510 0 10 27
a 388 849 0 10 9
a 388 286 0 6 10
a 388 297 0 6 4
a 388 49 0 9 40
a 388 751 0 4 39
a 388 176 0 10 21
a 391 968 0 2638 50
a 391 737 0 8 50
a 391 751 0 9 43
a 391 849 0 8 19
a 391 241 0 5 48
a 391 117 0 10 22
a 391 564 0 7 14
a 391 68 0 7 17
a 391 167 0 1 16
a 391 88 0 4 40
a 394 634 0 2638 35
a 394 29 0 6 1
a 394 102 0 2 28
a 394 25 0 2 16
a 394 706 0 4 38
a 394 1038 0 6 34
a 394 1114 0 1 11
a 394 663 0 4 28
a 394 55 0 6 11
a 394 163 0 10 37
a 394 513 0 7 32
a 394 1036 0 10 47
a 394 210 0 1 43
a 394 250 0 3 48
a 394 935 0 3 20
a 394 686 0 1 26
a 394 532 0 9 8
a 394 962 0 8 20
a 394 824 0 6 5
a 394 817 0 7 28
a 394 144 0 3 34
a 394 95 0 7 39
a 397 486 0 2638 37
a 397 61 0 9 35
a 397 545 0 4 23
a 397 776 0 9 15
a 397 1070 0 7 40
a 397 576 0 9 1
a 397 1165 0 8 42
a 397 1151 0 3 31
a 397 159 0 9 42
a 397 685 0 5 43
a 397 1150 0 10 5
a 397 181 0 10 39
a 397 353 0 8 36
a 397 431 0 4 36
a 397 1001 0 5 33
a 397 163 0 10 28
a 397 1163 0 1 8
a 397 137 0 8 8
a 397 846 0 1 44
a 397 1088 0 9 27
a 397 1095 0 2 6
a 397 964 0 4 1
a 397 1105 0 1 3
a 397 774 0 3 2
a 412 385 0 2638 35
a 412 359 0 2 28
a 412 892 0 3 7
a 412 925 0 9 38
a 412 104 0 10 34
a 412 1005 0 8 15
a 412 723 0 3 5
a 412 447 0 3 40
a 412 793 0 10 19
a 412 438 0 5 7
a 412 910 0 10 45
a 412 506 0 7 25
a 412 404 0 4 25
a 412 516 0 2 48
a 412 893 0 3 8
a 412 932 0 7 6
a 412 421 0 8 31
a 412 1043 0 3 11
a 412 610 0 2 19
a 412 189 0 9 42
a 412 1031 0 10 42
a 434 1122 0 2638 1
a 434 414 0 8 13
a 434 299 0 6 30
a 434 231 0 10 14
a 434 1043 0 3 20
a 434 400 0 2 33
a 434 484 0 7 18
a 434 174 0 10 36
a 434 784 0 1 26
a 434 67 0 10 41
a 434 97 0 2 15
a 434 593 0 7 31
a 434 379 0 3 42
a 434 765 0 8 50
a 434 891 0 9 25
a 434 409 0 9 13
a 434 58 0 8 36
a 434 791 0 6 24
a 434 355 0 5 47
a 434 430 0 7 35
a 434 807 0 4 47
a 434 152 0 2 18
a 434 225 0 10 21
a 434 734 0 3 45
a 434 760 0 8 18
a 434 324 0 5 12
a 434 1121 0 6 47
a 434 447 0 3 46
a 434 290 0 3 47
a 434 352 0 8 25
a 434 20 0 6 6
a 434 427 0 5 48
a 435 412 0 2638 3
a 435 1193 0 4 35
a 435 893 0 1 49
a 440 1186 0 2638 50
a 440 67 0 5 11
a 440 551 0 9 26
a 440 548 0 6 50
a 440 588 0 1 22
a 440 1100 0 3 29
a 440 164 0 5 11
a 440 948 0 2 25
a 440 140 0 6 40
a 440 506 0 9 49
a 440 80 0 2 25
a 440 1024 0 4 43
a 440 1002 0 1 28
a 440 1144 0 9 48
a 440 318 0 8 15
a 440 374 0 7 3
a 440 191 0 3 23
a 440 1065 0 2 46
a 440 916 0 7 14
a 440 642 0 5 6
a 440 245 0 9 33
a 440 1057 0 5 42
a 440 598 0 7 29
a 449 217 0 2638 15
a 449 616 0 2 6
a 449 1058 0 9 3
a 449 478 0 9 33
a 449 929 0 7 42
a 449 183 0 8 41
a 449 38 0 1 44
a 449 418 0 9 12
a 449 453 0 1 5
a 449 92 0 8 37
a 449 835 0 6 31
a 449 672 0 7 30
a 449 228 0 5 22
a 449 168 0 3 49
a 449 589 0 7 46
a 449 761 0 9 40
a 449 791 0 6 3
a 449 273 0 5 14
a 449 442 0 6 28
a 449 115 0 9 32
a 449 433 0 1 9
a 449 64 0 3 18
a 486 1100 0 2638 15
a 486 154 0 3 19
a 486 1147 0 5 5
a 486 851 0 8 13
a 486 463 0 3 38
a 486 880 0 6 3
a 486 1139 0 4 5
a 486 441 0 4 20
a 486 828 0 6 11
a 486 187 0 7 20
a 486 928 0 6 6
a 486 291 0 8 48
a 486 1181 0 9 12
a 486 509 0 2 49
a 486 167 0 7 26
a 486 697 0 3 42
a 486 275 0 1 45
a 486 1152 0 6 2
a 486 278 0 1 44
a 486 871 0 6 36
a 486 84 0 7 2
a 486 818 0 5 28
a 486 1114 0 9 3
a 486 522 0 3 40
a 486 471 0 5 5
a 486 621 0 9 30
a 486 387 0 4 8
a 486 1178 0 4 14
a 494 778 0 2638 22
a 494 214 0 3 24
a 494 564 0 7 31
a 494 707 0 7 20
a 494 154 0 6 23
a 494 723 0 4 11
a 494 397 0 1 29
a 494 573 0 7 5
a 494 901 0 4 44
a 494 1090 0 7 25
a 494 310 0 4 11
a 494 971 0 1 44
a 494 818 0 5 48
a 494 479 0 9 29
a 494 650 0 8 48
a 494 478 0 5 15
a 494 380 0 8 23
a 494 333 0 8 48
a 494 187 0 7 24
a 494 576 0 10 2
a 494 801 0 9 18
a 494 142 0 2 37
a 496 52 0 2638 25
a 496 164 0 4 3
a 496 939 0 4 14
a 496 813 0 9 33
a 496 437 0 1 1
a 496 96 0 3 22
a 496 159 0 2 45
a 496 209 0 1 29
a 496 265 0 9 49
a 496 76 0 1 24
a 496 569 0 6 15
a 496 598 0 6 22
a 496 584 0 1 24
a 496 1113 0 8 2
a 496 1171 0 3 39
a 496 551 0 9 11
a 496 562 0 6 48
a 496 1159 0 1 14
a 505 851 0 2638 46
a 505 571 0 4 6
a 505 593 0 10 24
a 505 1100 0 7 44
a 505 511 0 4 13
a 505 1033 0 5 32
a 505 1060 0 6 1
a 505 481 0 4 14
a 505 557 0 9 43
a 505 100 0 7 15
a 505 388 0 1 30
a 505 38 0 6 12
a 505 797 0 5 3
a 505 150 0 9 43
a 505 585 0 9 20
a 505 89 0 4 11
a 505 1057 0 6 33
a 505 799 0 10 46
a 505 771 0 5 33
a 505 106 0 6 5
a 505 1158 0 2 46
a 505 860 0 6 23
a 505 770 0 10 49
a 511 643 0 2638 50
a 511 49 0 9 12
a 511 753 0 6 11
a 511 778 0 1 50
a 511 27 0 1 1
a 511 722 0 10 36
a 511 460 0 6 35
a 511 990 0 4 28
a 511 736 0 5 26
a 511 953 0 2 30
a 511 755 0 6 15
a 511 996 0 9 4
a 511 922 0 5 42
a 511 404 0 3 8
a 511 213 0 3 24
a 511 1094 0 2 29
a 511 701 0 10 18
a 511 141 0 4 38
a 511 1131 0 7 17
a 511 88 0 7 50
a 511 592 0 10 26
a 511 547 0 5 29
a 511 447 0 3 19
a 511 649 0 6 16
a 511 256 0 3 18
a 511 217 0 8 26
a 511 583 0 2 27
a 514 118 0 2638 50
a 514 1064 0 10 15
a 514 934 0 1 35
a 514 517 0 8 23
a 514 730 0 10 10
a 514 803 0 3 40
a 514 350 0 7 15
a 514 710 0 9 27
a 514 483 0 2 19
a 514 593 0 7 40
a 514 896 0 3 42
a 514 1111 0 8 20
a 514 510 0 6 13
a 514 744 0 1 32
a 514 1074 0 4 39
a 514 737 0 1 1
a 514 185 0 4 36
a 514 398 0 10 44
a 514 65 0 5 49
a 514 316 0 4 43
a 514 263 0 9 50
a 514 829 0 9 37
a 514 86 0 6 4
a 514 1023 0 9 49
a 514 935 0 7 35
a 514 94 0 2 45
a 514 831 0 9 37
a 514 1027 0 3 47
a 514 247 0 7 47
a 514 1094 0 4 20
a 553 397 0 2638 24
a 553 1092 0 8 33
a 553 515 0 2 12
a 553 931 0 5 33
a 553 854 0 9 24
a 553 1068 0 9 19
a 553 542 0 9 44
a 553 1143 0 1 26
a 553 459 0 3 45
a 553 168 0 4 37
a 553 67 0 6 12
a 553 734 0 7 20
a 553 904 0 1 2
a 553 1085 0 10 43
a 553 445 0 10 34
a 553 122 0 10 38
a 553 777 0 4 47
a 553 968 0 7 41
a 553 1024 0 1 47
a 553 68 0 5 15
a 553 64 0 2 39
a 589 379 0 2638 50
a 589 112 0 4 18
a 589 1178 0 5 7
a 589 1095 0 2 28
a 589 758 0 9 28
a 589 387 0 1 40
a 589 752 0 2 12
a 589 296 0 9 5
a 589 951 0 5 13
a 589 1158 0 3 7
a 589 226 0 1 6
a 589 588 0 8 47
a 589 1122 0 10 6
a 589 352 0 1 47
a 589 174 0 8 17
a 589 526 0 6 44
a 589 888 0 2 20
a 589 158 0 5 35
a 589 555 0 9 38
a 589 230 0 10 10
a 589 514 0 8 30
a 589 778 0 3 25
a 589 601 0 9 21
a 589 1065 0 2 49
a 589 145 0 1 31
a 589 180 0 2 22
a 589 1019 0 6 29
a 589 468 0 3 11
a 589 803 0 4 10
a 634 1123 0 2638 50
a 634 731 0 6 24
a 634 1189 0 2 26
a 634 45 0 4 1
a 634 455 0 10 14
a 634 475 0 5 22
a 634 291 0 4 3
a 634 82 0 10 49
a 634 1020 0 5 1
a 634 91 0 8 16
a 634 636 0 5 17
a 634 497 0 5 48
a 634 543 0 3 35
a 634 339 0 10 7
a 634 796 0 1 38
a 643 658 0 2638 36
a 643 1071 0 5 39
a 643 500 0 4 33
a 643 772 0 7 25
a 643 1191 0 7 41
a 643 991 0 4 4
a 643 970 0 4 45
a 643 590 0 5 48
a 643 436 0 6 17
a 643 1024 0 4 48
a 643 669 0 4 46
a 643 1092 0 9 26
a 643 153 0 6 28
a 643 315 0 3 32
a 643 542 0 3 15
a 643 490 0 3 24
a 643 730 0 10 49
a 643 395 0 9 18
a 643 403 0 10 26
a 643 185 0 6 11
a 643 45 0 10 11
a 643 495 0 1 45
a 643 758 0 3 9
a 643 1195 0 10 27
a 643 847 0 10 17
a 643 1194 0 5 34
a 658 899 0 2638 50
a 658 16 0 9 3
a 658 405 0 6 4
a 658 145 0 3 4
a 658 457 0 9 1
a 658 602 0 9 41
a 658 1147 0 1 25
a 658 806 0 6 35
a 658 1200 0 3 6
a 658 575 0 3 39
a 658 544 0 1 45
a 658 984 0 6 38
a 658 461 0 3 48
a 658 646 0 2 46
a 658 515 0 10 15
a 673 782 0 2638 50
a 673 955 0 4 47
a 673 69 0 1 47
a 673 237 0 5 47
a 679 725 0 2638 23
a 679 697 0 3 12
a 679 85 0 2 27
a 679 558 0 8 6
a 679 18 0 9 15
a 679 921 0 8 44
a 679 956 0 3 9
a 679 878 0 7 33
a 679 62 0 8 33
a 679 782 0 3 23
a 679 453 0 3 40
a 679 1194 0 5 44
a 679 212 0 4 26
a 679 778 0 5 6
a 679 901 0 8 19
a 679 74 0 7 14
a 679 1056 0 1 42
a 679 285 0 7 44
a 679 700 0 5 40
a 679 1141 0 6 5
a 679 889 0 4 9
a 679 633 0 8 41
a 679 475 0 7 49
a 679 22 0 6 39
a 679 1079 0 4 18
a 698 16 0 2638 50
a 698 761 0 5 28
a 698 532 0 8 32
a 698 397 0 5 42
a 698 1106 0 9 46
a 698 372 0 3 46
a 698 75 0 1 25
a 698 338 0 5 7
a 698 964 0 3 22
a 698 805 0 4 47
a 698 309 0 7 40
a 698 1031 0 4 47
a 698 1032 0 6 42
a 698 585 0 9 30
a 698 343 0 10 45
a 698 150 0 1 35
a 698 472 0 1 30
a 698 721 0 4 21
a 698 849 0 8 28
a 698 415 0 4 45
a 698 948 0 6 32
a 698 51 0 1 47
a 698 61 0 4 10
a 711 24 0 2638 30
a 711 1029 0 4 42
a 711 887 0 8 3
a 711 649 0 8 15
a 711 842 0 9 44
a 711 50 0 7 18
a 711 843 0 1 25
a 711 298 0 4 43
a 711 1106 0 9 19
a 711 36 0 2 5
a 711 1150 0 6 50
a 711 275 0 9 30
a 711 533 0 2 45
a 711 507 0 6 17
a 711 68 0 6 32
a 711 527 0 2 34
a 711 879 0 2 9
a 711 718 0 5 38
a 711 458 0 3 35
a 711 653 0 5 44
a 711 758 0 7 47
a 711 411 0 2 16
a 711 534 0 9 30
a 711 164 0 2 17
a 711 937 0 6 25
a 717 388 0 2638 20
a 717 1191 0 2638 50
a 717 912 0 1 3
a 717 802 0 5 11
a 717 765 0 8 37
a 717 41 0 9 4
a 717 1143 0 6 9
a 717 1168 0 8 45
a 717 1198 0 9 41
a 717 128 0 8 17
a 717 889 0 4 15
a 717 815 0 7 10
a 717 625 0 1 38
a 717 1015 0 2 14
a 717 846 0 9 38
a 717 56 0 2 46
a 717 323 0 5 41
a 717 1034 0 7 33
a 717 301 0 7 13
a 717 308 0 6 26
a 717 1078 0 5 34
a 717 1088 0 10 10
a 717 344 0 10 15
a 717 517 0 9 10
a 717 25 0 9 14
a 722 386 0 2638 50
a 722 896 0 9 33
a 722 736 0 5 43
a 722 235 0 5 4
a 722 307 0 2 50
a 722 210 0 6 41
a 722 1164 0 3 26
a 722 286 0 7 34
a 722 105 0 8 10
a 722 509 0 4 2
a 722 488 0 4 22
a 722 191 0 2 26
a 722 78 0 2 32
a 722 839 0 8 48
a 722 884 0 1 47
a 722 186 0 9 23
a 722 1118 0 2 1
a 722 1132 0 6 43
a 722 825 0 4 38
a 722 23 0 1 3
a 722 348 0 6 4
a 722 970 0 2 10
a 722 785 0 1 28
a 722 371 0 5 22
a 722 648 0 1 37
a 722 465 0 5 25
a 722 259 0 8 10
a 722 582 0 2 40
a 722 422 0 6 43
a 722 22 0 2 20
a 722 1155 0 6 7
a 724 46 0 2638 50
a 724 507 0 3 43
a 724 517 0 2 22
a 724 121 0 1 32
a 725 804 0 2638 36
a 725 884 0 9 9
a 725 300 0 9 14
a 725 195 0 6 20
a 725 586 0 3 41
a 725 467 0 2 16
a 725 920 0 5 24
a 725 798 0 3 16
a 725 865 0 7 9
a 725 341 0 9 33
a 725 668 0 2 12
a 725 80 0 5 35
a 725 489 0 7 22
a 725 1116 0 7 15
a 725 660 0 2 17
a 725 717 0 2 43
a 725 946 0 6 33
a 725 581 0 10 41
a 725 854 0 10 41
a 725 735 0 4 47
a 743 1099 0 2638 22
a 743 970 0 1 46
a 743 1028 0 10 42
a 743 1152 0 6 49
a 743 189 0 7 17
a 778 929 0 2638 1
a 778 1052 0 1 33
a 778 1143 0 10 39
a 778 825 0 2 23
a 778 180 0 5 42
a 778 807 0 1 24
a 778 1135 0 9 45
a 778 496 0 3 10
a 778 824 0 3 36
a 778 1005 0 5 8
a 778 1113 0 4 11
a 778 211 0 6 43
a 778 123 0 10 17
a 778 500 0 5 33
a 778 247 0 1 30
a 778 741 0 9 38
a 778 381 0 1 28
a 778 1085 0 1 16
a 778 83 0 5 9
a 778 1015 0 9 20
a 778 682 0 1 13
a 778 281 0 8 39
a 778 609 0 10 26
a 778 937 0 3 34
a 778 41 0 8 30
a 778 989 0 7 36
a 778 21 0 1 34
a 778 914 0 6 14
a 778 804 0 5 9
a 782 717 0 2638 50
a 782 323 0 10 43
a 782 382 0 1 43
a 782 215 0 7 41
a 790 434 0 2638 5
a 790 46 0 2 34
a 790 999 0 5 49
a 790 255 0 2 11
a 790 675 0 1 36
a 790 1117 0 2 17
a 790 90 0 9 40
a 790 277 0 8 17
a 790 57 0 3 24
a 790 433 0 3 48
a 804 309 0 2638 50
a 804 250 0 5 19
a 804 65 0 4 9
a 825 1014 0 2638 49
a 825 382 0 4 22
a 825 170 0 6 8
a 825 325 0 4 15
a 825 961 0 7 22
a 825 578 0 1 38
a 825 369 0 4 6
a 825 1113 0 6 18
a 825 916 0 2 41
a 825 739 0 3 5
a 825 1159 0 8 41
a 825 352 0 1 44
a 825 227 0 7 34
a 825 89 0 10 49
a 825 565 0 8 34
a 825 1112 0 8 9
a 825 798 0 9 9
a 825 593 0 2 16
a 825 1082 0 10 38
a 825 123 0 10 49
a 825 812 0 8 24
a 825 1087 0 9 39
a 825 610 0 8 7
a 825 639 0 6 44
a 825 556 0 10 20
a 825 713 0 8 17
a 825 847 0 10 35
a 825 539 0 5 26
a 825 403 0 6 27
a 825 228 0 9 2
a 825 1147 0 4 27
a 825 544 0 7 25
a 832 679 0 2638 50
a 832 1042 0 3 9
a 832 598 0 8 16
a 832 574 0 1 13
a 832 154 0 2 26
a 832 333 0 7 35
a 832 1177 0 8 50
a 832 276 0 6 22
a 832 1192 0 2 50
a 832 912 0 9 12
a 832 68 0 10 26
a 832 498 0 7 9
a 832 447 0 7 19
a 832 673 0 8 3
a 832 297 0 7 49
a 841 75 0 2638 29
a 841 525 0 5 45
a 841 107 0 4 50
a 841 179 0 2 38
a 841 577 0 10 16
a 841 628 0 1 19
a 841 494 0 1 9
a 841 379 0 9 3
a 841 508 0 5 30
a 841 921 0 3 9
a 841 280 0 10 14
a 841 1027 0 5 27
a 841 1018 0 4 6
a 841 476 0 10 8
a 841 578 0 5 24
a 841 835 0 7 27
a 841 703 0 9 4
a 841 1024 0 2 29
a 841 740 0 8 16
a 841 415 0 9 20
a 841 832 0 1 44
a 841 229 0 1 18
a 841 56 0 8 8
a 841 77 0 2 31
a 841 948 0 6 9
a 841 706 0 5 4
a 841 420 0 9 45
a 841 459 0 6 29
a 841 596 0 2 6
a 841 1012 0 3 23
a 851 724 0 2638 27
a 851 775 0 7 32
a 851 636 0 10 1
a 851 251 0 8 1
a 851 932 0 1 10
a 851 585 0 10 12
a 851 944 0 7 10
a 851 281 0 4 13
a 851 797 0 3 22
a 851 589 0 3 36
a 851 52 0 5 24
a 851 479 0 4 24
a 851 177 0 8 37
a 851 345 0 9 38
a 851 1096 0 10 48
a 851 533 0 1 50
a 851 389 0 10 23
a 851 948 0 6 44
a 851 65 0 10 4
a 885 391 0 2638 30
a 885 1010 0 9 38
a 885 226 0 1 26
a 885 301 0 3 47
a 885 57 0 10 31
a 885 697 0 2 3
a 885 473 0 5 16
a 885 971 0 7 39
a 885 491 0 1 4
a 885 267 0 2 13
a 885 409 0 6 50
a 885 747 0 1 15
a 885 817 0 1 3
a 885 919 0 8 47
a 885 313 0 7 38
a 885 1085 0 10 22
a 885 638 0 8 5
a 885 776 0 2 9
a 885 354 0 7 12
a 885 728 0 10 49
a 885 382 0 6 19
a 885 1145 0 2 10
a 885 306 0 10 16
a 885 484 0 5 16
a 885 435 0 10 22
a 885 912 0 8 48
a 885 287 0 1 40
a 885 1094 0 10 1
a 885 205 0 4 42
a 899 841 0 2638 50
a 899 303 0 8 49
a 899 366 0 8 16
a 899 792 0 3 14
a 899 1122 0 5 42
a 899 451 0 7 9
a 899 663 0 9 48
a 899 750 0 6 19
a 899 1026 0 1 23
a 899 947 0 5 3
a 899 108 0 2 47
a 899 907 0 1 48
a 899 990 0 5 7
a 899 285 0 9 48
a 899 159 0 5 33
a 899 860 0 7 7
a 899 394 0 2 41
a 899 1125 0 10 39
a 899 445 0 10 10
a 899 260 0 2 12
a 899 569 0 8 35
a 899 31 0 3 24
a 899 393 0 8 26
a 899 723 0 9 2
a 899 624 0 1 10
a 899 933 0 2 19
a 929 511 0 2638 35
a 929 182 0 2 24
a 929 813 0 9 22
a 929 600 0 3 26
a 968 394 0 2638 13
a 968 433 0 4 3
a 968 885 0 7 25
a 968 67 0 2 16
a 968 543 0 2 30
a 968 772 0 8 25
a 968 758 0 9 11
a 968 1000 0 3 48
a 968 176 0 3 41
a 968 97 0 2 7
a 968 326 0 1 3
a 968 381 0 8 40
a 968 880 0 1 17
a 968 237 0 3 12
a 968 821 0 9 45
a 968 1158 0 7 39
a 968 629 0 7 41
a 968 184 0 5 27
a 968 196 0 3 10
a 968 715 0 1 13
a 968 961 0 9 25
a 968 827 0 4 5
a 968 1185 0 8 41
a 995 673 0 2638 50
a 995 906 0 1 28
a 995 428 0 9 48
a 995 1119 0 10 2
a 995 849 0 6 13
a 995 288 0 8 37
a 1000 76 0 2638 50
a 1000 955 0 8 17
a 1000 466 0 8 13
a 1000 1185 0 2 19
a 1000 832 0 4 36
a 1000 75 0 7 22
a 1000 995 0 1 11
a 1000 126 0 6 37
a 1000 713 0 7 40
a 1000 960 0 7 39
a 1000 462 0 10 2
a 1000 502 0 10 48
a 1000 143 0 8 45
a 1000 603 0 6 39
a 1000 732 0 9 34
a 1000 679 0 1 4
a 1000 599 0 4 15
a 1000 876 0 7 7
a 1000 1043 0 9 30
a 1000 122 0 3 11
a 1000 659 0 6 15
a 1000 632 0 4 1
a 1000 424 0 9 1
a 1000 301 0 8 18
a 1000 672 0 3 33
a 1000 165 0 6 8
a 1000 747 0 5 3
a 1000 144 0 4 47
a 1004 825 0 2638 50
a 1004 325 0 3 33
a 1004 114 0 8 8
a 1004 1160 0 8 16
a 1004 1178 0 3 15
a 1004 798 0 4 13
a 1004 730 0 6 27
a 1004 622 0 4 41
a 1004 317 0 8 6
a 1004 917 0 5 49
a 1014 1165 0 2638 50
a 1014 366 0 7 13
a 1014 157 0 8 5
a 1014 676 0 7 32
a 1014 92 0 5 36
a 1014 218 0 2 7
a 1014 205 0 5 29
a 1014 931 0 10 44
a 1014 476 0 5 8
a 1014 1151 0 2 23
a 1014 711 0 2 36
a 1014 694 0 7 43
a 1014 919 0 10 22
a 1014 23 0 8 2
a 1014 884 0 3 21
a 1014 502 0 5 23
a 1014 101 0 3 21
a 1014 195 0 1 26
a 1014 63 0 10 33
a 1014 878 0 6 34
a 1014 575 0 9 4
a 1014 234 0 10 29
a 1014 872 0 1 22
a 1014 509 0 7 7
a 1014 215 0 1 49
a 1014 155 0 7 13
a 1014 413 0 3 22
a 1014 763 0 9 1
a 1044 553 0 2638 50
a 1044 921 0 9 44
a 1044 91 0 3 12
a 1044 84 0 4 10
a 1044 415 0 7 18
a 1044 993 0 5 47
a 1044 517 0 8 22
a 1047 505 0 2638 50
a 1047 188 0 4 41
a 1047 691 0 1 47
a 1047 714 0 10 27
a 1047 1196 0 5 37
a 1047 296 0 5 49
a 1047 818 0 4 43
a 1047 428 0 9 32
a 1047 1129 0 6 41
a 1047 1131 0 2 44
a 1047 499 0 10 46
a 1047 83 0 1 11
a 1047 277 0 1 7
a 1047 480 0 5 10
a 1047 234 0 5 27
a 1047 336 0 7 46
a 1047 1029 0 7 34
a 1047 621 0 10 49
a 1047 375 0 3 9
a 1047 596 0 9 15
a 1047 551 0 9 20
a 1047 102 0 9 23
a 1047 684 0 9 1
a 1047 730 0 10 48
a 1047 292 0 1 44
a 1047 961 0 3 27
a 1047 173 0 3 36
a 1047 525 0 8 49
a 1047 1007 0 5 19
a 1051 137 0 2638 50
a 1051 609 0 1 5
a 1051 143 0 5 2
a 1051 605 0 7 18
a 1051 238 0 9 11
a 1051 423 0 8 8
a 1051 833 0 6 12
a 1051 755 0 6 39
a 1051 660 0 8 45
a 1051 540 0 10 21
a 1051 853 0 1 19
a 1051 116 0 3 8
a 1051 196 0 8 13
a 1051 212 0 5 30
a 1051 1022 0 6 17
a 1051 1162 0 9 24
a 1051 537 0 1 25
a 1051 379 0 5 23
a 1051 980 0 4 8
a 1051 830 0 9 25
a 1052 1044 0 2638 50
a 1052 122 0 4 9
a 1052 109 0 1 24
a 1099 187 0 2638 50
a 1099 1183 0 9 6
a 1099 969 0 5 10
a 1099 46 0 4 10
a 1099 441 0 10 27
a 1099 1039 0 6 23
a 1099 652 0 9 9
a 1099 82 0 5 41
a 1099 903 0 9 29
a 1099 405 0 2 35
a 1099 242 0 7 30
a 1099 625 0 5 11
a 1099 344 0 3 47
a 1099 203 0 3 40
a 1099 758 0 9 44
a 1099 835 0 3 45
a 1099 684 0 1 31
a 1099 602 0 8 15
a 1099 247 0 5 21
a 1099 437 0 2 32
a 1100 494 0 2638 3
a 1100 449 0 2 40
a 1100 739 0 3 15
a 1122 435 0 2638 7
a 1122 42 0 7 29
a 1122 1006 0 10 36
a 1122 646 0 6 25
a 1122 718 0 10 10
a 1122 264 0 6 9
a 1122 359 0 2 36
a 1122 671 0 9 48
a 1122 935 0 10 7
a 1122 204 0 5 44
a 1122 364 0 8 25
a 1122 840 0 2 16
a 1122 633 0 10 25
a 1122 263 0 3 4
a 1122 528 0 6 36
a 1122 150 0 8 50
a 1122 842 0 9 28
a 1122 651 0 9 27
a 1122 914 0 3 36
a 1122 461 0 1 37
a 1123 359 0 2638 24
a 1123 844 0 10 19
a 1123 56 0 7 38
a 1123 1033 0 2 48
a 1123 494 0 2 24
a 1123 129 0 2 26
a 1123 346 0 4 14
a 1123 746 0 6 44
a 1123 1092 0 1 32
a 1123 347 0 7 9
a 1123 139 0 8 21
a 1123 315 0 9 7
a 1123 404 0 4 31
a 1123 1029 0 5 37
a 1123 76 0 1 27
a 1123 826 0 1 42
a 1123 403 0 5 7
a 1123 417 0 1 22
a 1123 790 0 8 27
a 1123 885 0 10 37
a 1123 1078 0 8 42
a 1123 348 0 10 36
a 1123 492 0 3 33
a 1123 726 0 8 38
a 1123 273 0 3 41
a 1123 705 0 4 39
a 1123 1076 0 6 17
a 1123 788 0 1 22
a 1123 797 0 1 3
a 1123 695 0 10 37
a 1123 808 0 1 9
a 1123 296 0 10 17
a 1157 332 0 2638 50
a 1157 723 0 5 13
a 1157 363 0 2 23
a 1157 326 0 6 41
a 1157 550 0 7 15
a 1157 926 0 1 7
a 1157 970 0 8 40
a 1157 1159 0 6 13
a 1157 466 0 2 39
a 1157 132 0 3 16
a 1157 586 0 10 20
a 1157 843 0 10 12
a 1157 124 0 8 18
a 1157 1059 0 9 10
a 1157 982 0 9 22
a 1157 675 0 6 32
a 1157 237 0 9 31
a 1157 648 0 6 31
a 1157 333 0 6 20
a 1157 356 0 6 45
a 1157 1005 0 4 4
a 1157 347 0 8 3
a 1157 1032 0 9 38
a 1165 72 0 2638 50
a 1165 1028 0 3 24
a 1165 34 0 3 8
a 1165 149 0 1 9
a 1165 274 0 6 39
a 1165 1021 0 10 2
a 1165 1085 0 8 24
a 1165 264 0 9 15
a 1165 342 0 10 33
a 1165 806 0 7 14
a 1165 1169 0 10 38
a 1165 804 0 8 32
a 1165 214 0 2 28
a 1165 872 0 6 15
a 1165 689 0 7 19
a 1165 166 0 9 10
a 1165 810 0 4 36
a 1165 1036 0 3 2
a 1165 1066 0 7 13
a 1165 496 0 2 28
a 1165 942 0 1 19
a 5 144 0 3458 50
a 5 726 0 8 3
a 5 844 0 2 10
a 5 163 0 8 28
a 5 98 0 10 24
a 33 614 0 3458 50
a 33 1143 0 1 42
a 33 825 0 6 40
a 33 134 0 7 34
a 33 40 0 6 29
a 33 1019 0 5 32
a 38 1083 0 3458 33
a 38 816 0 5 40
a 38 714 0 10 35
a 38 944 0 10 9
a 38 194 0 3 20
a 39 992 0 3458 50
a 39 383 0 9 4
a 39 598 0 9 18
a 39 1200 0 3 3
a 39 333 0 2 9
a 39 1107 0 4 6
a 39 350 0 6 1
a 39 835 0 4 37
a 39 455 0 6 46
a 39 228 0 4 22
a 39 408 0 1 8
a 39 347 0 1 12
a 39 991 0 2 37
a 39 17 0 1 28
a 39 310 0 4 42
a 39 215 0 10 40
a 39 1152 0 7 5
a 39 194 0 7 3
a 39 276 0 10 2
a 39 823 0 5 14
a 39 810 0 5 3
a 39 980 0 3 14
a 39 406 0 1 33
a 39 251 0 7 28
a 39 442 0 6 2
a 39 633 0 1 2
a 39 1187 0 9 42
a 39 660 0 8 28
a 39 667 0 7 10
a 39 984 0 1 25
a 42 1136 0 3458 50
a 42 328 0 2 13
a 42 358 0 3 50
a 42 692 0 2 3
a 42 698 0 7 9
a 42 1178 0 4 26
a 42 144 0 4 7
a 42 538 0 4 20
a 42 383 0 1 25
a 42 353 0 1 16
a 42 85 0 4 34
a 42 767 0 2 21
a 42 388 0 3 42
a 42 493 0 8 50
a 42 441 0 4 31
a 42 195 0 9 34
a 42 720 0 10 5
a 42 412 0 10 27
a 42 532 0 7 9
a 42 603 0 9 48
a 42 160 0 8 15
a 42 1066 0 8 35
a 42 712 0 2 17
a 42 622 0 5 43
a 42 726 0 6 27
a 42 329 0 10 5
a 42 731 0 5 36
a 42 466 0 1 40
a 42 633 0 3 35
a 42 616 0 7 10
a 42 1188 0 3 27
a 65 682 0 3458 31
a 65 89 0 5 21
a 65 92 0 10 31
a 65 374 0 1 10
a 65 103 0 10 7
a 65 43 0 6 45
a 65 570 0 1 9
a 65 365 0 3 20
a 65 789 0 10 23
a 65 68 0 8 4
a 65 385 0 2 6
a 65 799 0 5 39
a 65 326 0 8 4
a 65 63 0 5 32
a 65 157 0 8 9
a 65 730 0 4 17
a 65 842 0 2 34
a 65 914 0 6 37
a 65 672 0 9 50
a 65 339 0 8 12
a 65 785 0 3 28
a 65 916 0 7 48
a 65 401 0 1 5
a 65 808 0 8 26
a 66 889 0 3458 48
a 66 466 0 6 18
a 66 278 0 5 7
a 66 35 0 8 11
a 66 482 0 2 39
a 66 1062 0 6 15
a 66 1023 0 5 11
a 66 1006 0 7 5
a 66 496 0 3 39
a 66 163 0 6 22
a 66 461 0 9 48
a 66 1050 0 3 2
a 66 767 0 1 29
a 66 1008 0 7 36
a 66 658 0 5 30
a 66 1136 0 7 37
a 66 237 0 9 15
a 66 468 0 3 43
a 66 133 0 2 34
a 66 117 0 8 8
a 66 1187 0 8 5
a 66 491 0 4 18
a 66 556 0 7 17
a 66 178 0 5 50
a 66 652 0 6 18
a 66 1081 0 9 9
a 78 769 0 3458 7
a 78 996 0 1 39
a 78 30 0 4 41
a 78 79 0 5 41
a 78 1087 0 6 33
a 78 52 0 8 42
a 78 1019 0 1 37
a 78 689 0 5 14
a 78 632 0 1 31
a 79 223 0 3458 50
a 79 679 0 6 40
a 79 105 0 3 7
a 79 416 0 9 21
a 89 214 0 3458 50
a 89 479 0 8 42
a 89 356 0 9 26
a 89 613 0 10 35
a 89 264 0 1 37
a 89 164 0 7 21
a 89 1090 0 8 39
a 89 700 0 8 22
a 89 1009 0 8 32
a 89 1071 0 1 17
a 96 407 0 3458 15
a 96 396 0 6 25
a 96 67 0 10 9
a 96 116 0 2 30
a 96 301 0 2 31
a 96 777 0 3 45
a 96 1142 0 9 26
a 96 1039 0 8 18
a 96 280 0 5 11
a 96 577 0 2 3
a 96 879 0 1 17
a 96 544 0 9 17
a 96 1194 0 7 8
a 96 651 0 3 24
a 96 762 0 5 47
a 96 771 0 7 12
a 96 1067 0 1 11
a 106 815 0 3458 50
a 106 1187 0 5 45
a 106 431 0 7 32
a 106 692 0 8 30
a 107 733 0 3458 48
a 107 505 0 8 39
a 107 788 0 7 9
a 107 706 0 6 28
a 107 649 0 5 33
a 107 637 0 9 13
a 107 80 0 7 3
a 107 739 0 2 11
a 107 294 0 7 13
a 107 929 0 3 20
a 107 141 0 8 45
a 107 242 0 9 32
a 107 688 0 3 20
a 107 825 0 4 49
a 107 696 0 5 24
a 107 785 0 6 29
a 107 1088 0 7 41
a 107 552 0 1 48
a 107 743 0 5 32
a 107 955 0 6 49
a 107 943 0 3 21
a 107 1111 0 9 31
a 107 974 0 5 31
a 107 457 0 1 46
a 107 1080 0 10 20
a 108 1114 0 3458 50
a 108 374 0 6 13
a 108 993 0 10 34
a 108 875 0 6 43
a 108 317 0 9 41
a 108 480 0 8 11
a 108 171 0 8 47
a 108 567 0 5 4
a 108 804 0 10 20
a 108 350 0 3 7
a 108 1028 0 5 47
a 108 990 0 3 24
a 108 675 0 2 26
a 108 988 0 4 47
a 108 284 0 7 40
a 144 39 0 3458 47
a 144 689 0 5 40
a 144 502 0 5 25
a 144 1128 0 2 25
a 144 287 0 5 42
a 144 1064 0 4 12
a 144 588 0 4 42
a 144 692 0 6 33
a 144 416 0 7 47
a 144 201 0 6 29
a 144 835 0 6 36
a 144 466 0 6 37
a 144 1055 0 1 13
a 144 667 0 1 41
a 144 910 0 5 34
a 144 1167 0 4 1
a 144 370 0 3 7
a 144 929 0 2 49
a 144 585 0 3 36
a 144 1104 0 8 26
a 144 266 0 3 41
a 144 127 0 6 29
a 144 159 0 7 37
a 144 906 0 7 11
a 148 78 0 3458 50
a 148 729 0 8 37
a 148 44 0 3 40
a 148 23 0 9 2
a 148 244 0 3 44
a 148 1049 0 3 4
a 148 507 0 9 2
a 148 54 0 8 4
a 148 420 0 6 8
a 148 841 0 8 3
a 148 200 0 3 8
a 148 1194 0 2 29
a 148 169 0 10 11
a 148 431 0 5 10
a 148 577 0 5 31
a 148 859 0 4 44
a 148 167 0 7 44
a 148 86 0 3 20
a 148 1103 0 10 14
a 148 536 0 3 33
a 148 512 0 2 1
a 148 1092 0 10 11
a 148 1040 0 8 13
a 148 678 0 10 3
a 148 180 0 1 41
a 148 516 0 1 25
a 148 411 0 7 48
a 148 223 0 9 50
a 179 96 0 3458 50
a 179 931 0 2 20
a 179 738 0 10 22
a 179 834 0 2 50
a 179 1035 0 9 29
a 179 407 0 2 12
a 179 988 0 9 37
a 179 1150 0 9 7
a 179 82 0 9 40
a 179 181 0 2 23
a 179 1103 0 6 31
a 179 77 0 8 12
a 179 226 0 8 36
a 179 184 0 9 22
a 179 876 0 9 11
a 179 92 0 3 38
a 179 763 0 2 29
a 179 388 0 8 45
a 179 528 0 4 6
a 179 133 0 6 48
a 179 270 0 3 3
a 179 1094 0 9 2
a 179 459 0 6 9
a 179 18 0 6 44
a 179 431 0 2 25
a 179 234 0 4 6
a 179 403 0 6 17
a 197 234 0 3458 50
a 197 236 0 4 9
a 197 781 0 8 22
a 197 890 0 5 18
a 197 1119 0 5 14
a 197 432 0 8 49
a 197 1099 0 9 19
a 197 113 0 3 6
a 197 885 0 8 27
a 197 272 0 10 13
a 197 346 0 8 31
a 207 669 0 3458 50
a 207 516 0 3 31
a 207 1083 0 2 28
a 207 469 0 9 20
a 207 1191 0 7 12
a 207 906 0 3 2
a 207 720 0 8 27
a 207 327 0 5 29
a 207 359 0 3 6
a 207 382 0 4 44
a 207 40 0 10 35
a 207 417 0 6 48
a 207 1055 0 7 3
a 207 458 0 2 39
a 207 166 0 3 17
a 207 819 0 2 13
a 207 525 0 1 6
a 207 1016 0 7 49
a 207 874 0 3 29
a 207 1028 0 5 26
a 207 976 0 4 5
a 207 183 0 9 24
a 207 603 0 2 17
a 207 492 0 1 2
a 207 322 0 6 28
a 207 1194 0 6 43
a 207 557 0 3 18
a 214 548 0 3458 31
a 214 827 0 7 36
a 214 989 0 5 49
a 214 1175 0 4 28
a 214 861 0 6 42
a 214 233 0 7 39
a 214 80 0 7 33
a 214 915 0 7 37
a 214 500 0 9 26
a 214 471 0 3 33
a 214 1137 0 9 48
a 214 944 0 2 36
a 214 100 0 1 32
a 214 235 0 4 10
a 214 1061 0 8 2
a 214 882 0 4 49
a 214 917 0 2 28
a 214 868 0 4 35
a 214 144 0 4 33
a 214 707 0 1 36
a 214 428 0 9 34
a 214 356 0 9 3
a 214 970 0 6 12
a 214 894 0 1 47
a 214 1119 0 7 1
a 214 184 0 2 16
a 223 433 0 3458 42
a 223 360 0 9 4
a 223 1174 0 3 36
a 223 119 0 5 4
a 223 983 0 7 3
a 223 598 0 2 16
a 223 1099 0 8 3
a 223 144 0 4 40
a 223 679 0 10 19
a 223 957 0 10 16
a 223 696 0 6 42
a 223 713 0 3 21
a 223 53 0 5 48
a 223 916 0 7 34
a 223 915 0 4 31
a 223 245 0 7 19
a 223 311 0 2 46
a 223 492 0 9 11
a 223 300 0 4 34
a 223 591 0 10 46
a 223 393 0 1 46
a 223 1094 0 2 36
a 223 1125 0 5 42
a 223 648 0 6 13
a 223 67 0 9 41
a 223 379 0 6 23
a 223 820 0 4 12
a 223 467 0 7 16
a 223 597 0 10 35
a 223 821 0 3 6
a 223 722 0 6 15
a 223 996 0 6 12
a 234 762 0 3458 13
a 234 243 0 4 19
a 234 397 0 9 23
a 234 539 0 8 20
a 234 79 0 9 6
a 234 145 0 4 5
a 234 159 0 9 35
a 234 1102 0 9 13
a 234 764 0 6 31
a 234 246 0 5 33
a 234 1192 0 1 2
a 234 1008 0 4 31
a 234 346 0 4 13
a 234 288 0 1 38
a 234 1006 0 1 10
a 234 118 0 3 32
a 261 445 0 3458 50
a 261 843 0 5 19
a 261 123 0 6 22
a 261 1029 0 2 21
a 261 713 0 3 13
a 261 761 0 8 29
a 279 108 0 3458 7
a 279 64 0 8 48
a 301 577 0 3458 50
a 301 961 0 4 6
a 301 242 0 5 44
a 301 590 0 8 31
a 301 865 0 10 24
a 301 1003 0 10 19
a 301 671 0 8 32
a 301 103 0 3 15
a 301 681 0 6 12
a 301 401 0 3 42
a 301 282 0 8 21
a 301 697 0 6 10
a 301 252 0 4 39
a 301 1060 0 9 34
a 301 894 0 5 47
a 301 960 0 8 50
a 301 1069 0 7 13
a 301 76 0 1 50
a 301 602 0 2 2
a 301 433 0 2 24
a 301 914 0 10 2
a 301 524 0 3 34
a 301 332 0 6 15
a 301 633 0 3 24
a 301 136 0 8 46
a 301 21 0 5 27
a 301 392 0 6 9
a 301 841 0 1 34
a 301 912 0 2 46
a 349 922 0 3458 21
a 349 126 0 2 11
a 349 16 0 5 46
a 349 932 0 10 9
a 349 107 0 7 37
a 349 695 0 8 42
a 349 422 0 6 41
a 349 911 0 4 22
a 349 221 0 5 40
a 349 782 0 8 48
a 349 978 0 1 31
a 349 1124 0 8 41
a 349 32 0 10 42
a 349 110 0 9 6
a 349 462 0 1 9
a 349 456 0 2 11
a 349 212 0 9 19
a 349 1111 0 7 10
a 349 1152 0 6 29
a 349 190 0 8 27
a 349 781 0 4 5
a 349 314 0 5 14
a 349 30 0 10 11
a 349 546 0 6 27
a 349 524 0 9 36
a 349 847 0 8 3
a 364 436 0 3458 50
a 364 947 0 7 30
a 364 960 0 4 47
a 370 261 0 3458 48
a 370 1000 0 1 25
a 370 838 0 10 1
a 370 582 0 4 12
a 370 985 0 6 27
a 370 208 0 5 29
a 370 310 0 1 25
a 370 690 0 6 15
a 370 885 0 7 27
a 370 558 0 9 45
a 370 304 0 9 9
a 370 368 0 6 39
a 370 122 0 7 33
a 370 764 0 1 2
a 370 909 0 2 23
a 370 1135 0 7 10
a 370 48 0 9 37
a 370 1187 0 4 37
a 370 302 0 2 41
a 370 146 0 5 28
a 370 693 0 7 37
a 370 982 0 5 30
a 370 200 0 4 40
a 370 659 0 9 45
a 370 1088 0 2 22
a 370 738 0 5 14
a 370 1193 0 7 47
a 370 1140 0 4 12
a 370 471 0 6 35
a 370 545 0 10 8
a 401 525 0 3458 12
a 401 974 0 1 35
a 401 779 0 5 37
a 401 1063 0 3 20
a 401 198 0 8 7
a 404 642 0 3458 10
a 404 259 0 10 29
a 404 1174 0 6 11
a 404 658 0 3 45
a 404 146 0 3 2
a 404 1190 0 10 44
a 404 1160 0 7 10
a 404 483 0 7 44
a 404 169 0 5 38
a 404 1052 0 4 3
a 404 357 0 9 12
a 404 1164 0 9 5
a 404 726 0 5 6
a 404 860 0 4 7
a 404 1021 0 8 50
a 404 970 0 4 24
a 405 401 0 3458 2
a 405 588 0 4 8
a 405 86 0 1 41
a 405 316 0 10 25
a 405 725 0 9 10
a 405 174 0 4 29
a 405 361 0 2 7
a 405 48 0 1 48
a 405 523 0 4 10
a 405 412 0 3 23
a 405 1141 0 3 45
a 405 470 0 6 28
a 405 626 0 2 42
a 405 913 0 5 9
a 405 574 0 8 45
a 405 150 0 7 17
a 405 107 0 5 41
a 405 1168 0 8 19
a 405 593 0 10 25
a 405 430 0 4 15
a 405 653 0 1 4
a 405 449 0 1 39
a 407 570 0 3458 24
a 407 991 0 9 14
a 407 492 0 10 20
a 407 1159 0 8 29
a 407 575 0 1 4
a 407 1102 0 9 42
a 407 1133 0 1 34
a 407 441 0 2 30
a 407 384 0 4 31
a 407 613 0 8 45
a 407 104 0 1 47
a 407 252 0 5 22
a 407 918 0 5 25
a 407 860 0 10 28
a 407 906 0 4 24
a 407 179 0 4 3
a 407 968 0 9 39
a 407 550 0 6 3
a 407 549 0 6 24
a 407 352 0 7 25
a 433 33 0 3458 49
a 433 208 0 4 28
a 433 481 0 1 26
a 433 542 0 10 13
a 433 833 0 1 10
a 433 457 0 2 33
a 433 910 0 8 31
a 433 666 0 9 27
a 433 749 0 2 46
a 433 745 0 6 32
a 433 1136 0 9 26
a 433 195 0 4 15
a 433 1006 0 4 33
a 433 619 0 2 34
a 433 616 0 6 27
a 436 1177 0 3458 50
a 436 105 0 2 2
a 436 908 0 1 16
a 436 899 0 5 18
a 436 708 0 2 21
a 436 330 0 4 42
a 436 1197 0 8 18
a 436 387 0 4 26
a 436 389 0 9 44
a 436 967 0 6 5
a 436 1121 0 10 30
a 436 322 0 5 34
a 436 371 0 9 18
a 436 1165 0 9 16
a 436 976 0 4 37
a 436 153 0 8 4
a 436 241 0 4 7
a 436 79 0 4 41
a 436 634 0 4 47
a 436 1074 0 1 8
a 436 259 0 1 43
a 436 720 0 1 47
a 445 1024 0 3458 50
a 445 984 0 7 28
a 445 629 0 2 49
a 445 734 0 2 42
a 445 777 0 3 5
a 445 274 0 2 26
a 445 589 0 8 43
a 445 108 0 6 6
a 525 770 0 3458 38
a 525 110 0 7 14
a 525 969 0 1 37
a 525 520 0 10 27
a 525 129 0 5 20
a 525 746 0 5 2
a 525 258 0 1 30
a 525 113 0 7 3
a 525 94 0 10 14
a 525 795 0 3 32
a 525 1196 0 10 34
a 525 390 0 5 32
a 525 1177 0 5 22
a 525 1021 0 3 42
a 525 860 0 8 19
a 525 241 0 10 26
a 525 604 0 4 19
a 525 1059 0 4 4
a 525 833 0 3 7
a 525 827 0 4 48
a 525 523 0 5 29
a 525 595 0 8 5
a 526 38 0 3458 50
a 526 1013 0 7 33
a 526 96 0 2 2
a 526 672 0 10 19
a 526 150 0 6 13
a 526 591 0 8 42
a 548 775 0 3458 50
a 548 1145 0 3 26
a 548 385 0 4 20
a 548 466 0 10 17
a 548 650 0 9 50
a 548 1153 0 9 21
a 548 144 0 3 8
a 548 1129 0 9 8
a 548 713 0 1 46
a 548 1033 0 2 13
a 548 1192 0 2 43
a 548 198 0 7 44
a 548 253 0 2 41
a 548 401 0 1 34
a 548 495 0 4 42
a 548 1096 0 2 38
a 548 178 0 7 50
a 548 20 0 6 1
a 548 1004 0 2 18
a 558 622 0 3458 2
a 558 817 0 10 35
a 558 1093 0 4 41
a 558 491 0 6 21
a 558 1182 0 10 10
a 558 166 0 9 14
a 558 1004 0 9 10
a 558 707 0 5 40
a 558 1148 0 7 29
a 558 443 0 5 50
a 558 541 0 9 45
a 558 850 0 4 3
a 558 672 0 2 24
a 558 1193 0 2 36
a 558 1055 0 1 11
a 558 610 0 5 3
a 558 74 0 8 18
a 558 460 0 6 29
a 558 941 0 8 39
a 558 465 0 5 15
a 559 66 0 3458 50
a 559 712 0 10 12
a 559 97 0 1 11
a 559 1048 0 9 5
a 559 973 0 9 28
a 559 606 0 4 26
a 559 152 0 1 4
a 559 933 0 4 15
a 559 1100 0 10 45
a 559 447 0 5 28
a 559 738 0 2 24
a 559 563 0 10 28
a 559 32 0 10 43
a 559 542 0 10 21
a 559 1127 0 1 12
a 559 1114 0 5 36
a 559 115 0 1 40
a 559 1152 0 6 22
a 559 300 0 2 23
a 559 184 0 8 36
a 559 28 0 9 7
a 559 364 0 2 12
a 559 41 0 6 17
a 559 371 0 10 44
a 559 636 0 5 43
a 559 843 0 4 45
a 559 877 0 8 43
a 559 423 0 3 35
a 559 343 0 7 24
a 570 575 0 3458 50
a 570 803 0 1 37
a 570 821 0 5 2
a 570 382 0 4 40
a 570 886 0 9 39
a 570 523 0 10 2
a 570 475 0 5 6
a 570 1144 0 2 40
a 570 297 0 7 11
a 570 102 0 5 42
a 570 284 0 8 46
a 575 896 0 3458 50
a 575 146 0 2 15
a 575 1191 0 6 32
a 575 343 0 7 41
a 575 444 0 9 27
a 577 207 0 3458 38
a 577 404 0 3 25
a 577 492 0 9 36
a 577 584 0 8 2
a 584 301 0 3458 50
a 584 281 0 2 19
a 584 60 0 1 9
a 584 1088 0 9 27
a 584 94 0 7 5
a 584 755 0 3 33
a 584 289 0 2 9
a 584 278 0 1 23
a 584 639 0 2 46
a 613 584 0 3458 4
a 613 596 0 6 3
a 613 520 0 5 3
a 613 241 0 3 43
a 613 469 0 10 3
a 613 674 0 4 28
a 613 43 0 7 47
a 613 320 0 6 4
a 613 1031 0 9 21
a 613 39 0 10 35
a 613 110 0 8 49
a 613 428 0 5 31
a 613 993 0 6 19
a 613 1169 0 5 50
a 613 518 0 8 36
a 613 661 0 7 22
a 613 1184 0 1 29
a 613 308 0 6 14
a 613 318 0 10 20
a 613 959 0 1 40
a 613 1004 0 9 29
a 613 231 0 1 11
a 613 702 0 5 2
a 613 190 0 4 33
a 613 578 0 1 36
a 613 835 0 6 13
a 613 795 0 5 44
a 613 694 0 5 9
a 613 430 0 3 6
a 613 664 0 5 26
a 613 899 0 3 30
a 613 303 0 7 15
a 614 749 0 3458 50
a 614 727 0 1 42
a 614 25 0 6 8
a 614 1039 0 7 34
a 614 426 0 4 1
a 614 150 0 3 20
a 614 812 0 10 47
a 614 910 0 1 45
a 614 1061 0 9 19
a 614 973 0 6 38
a 614 912 0 6 11
a 614 1141 0 3 6
a 614 179 0 3 7
a 622 613 0 3458 26
a 622 973 0 8 18
a 622 633 0 5 36
a 622 198 0 5 19
a 622 1187 0 10 6
a 622 369 0 4 26
a 622 537 0 5 15
a 622 102 0 8 37
a 622 1111 0 10 47
a 622 942 0 2 50
a 622 164 0 4 22
a 622 990 0 4 12
a 622 242 0 5 33
a 622 997 0 9 13
a 622 114 0 2 13
a 622 832 0 9 3
a 622 188 0 9 46
a 622 717 0 8 26
a 622 573 0 10 29
a 622 1151 0 2 41
a 642 1077 0 3458 50
a 642 690 0 2 32
a 642 106 0 5 6
a 642 810 0 5 31
a 642 16 0 5 31
a 642 123 0 10 6
a 642 1134 0 7 6
a 642 1007 0 10 47
a 642 839 0 10 24
a 642 400 0 9 31
a 642 694 0 5 6
a 642 176 0 5 26
a 642 916 0 6 35
a 642 615 0 6 41
a 642 91 0 1 9
a 642 693 0 1 39
a 642 72 0 6 40
a 642 919 0 7 43
a 642 430 0 9 42
a 642 754 0 1 35
a 642 747 0 9 39
a 642 74 0 6 44
a 645 558 0 3458 19
a 645 472 0 10 31
a 645 680 0 9 43
a 645 1137 0 5 5
a 645 766 0 5 6
a 645 255 0 5 7
a 645 794 0 5 2
a 645 341 0 10 1
a 645 652 0 5 44
a 645 319 0 1 35
a 651 197 0 3458 50
a 651 311 0 6 40
a 651 824 0 5 12
a 651 581 0 3 50
a 651 112 0 1 39
a 651 315 0 9 39
a 669 79 0 3458 40
a 669 470 0 6 19
a 669 221 0 6 26
a 669 278 0 8 2
a 669 811 0 7 38
a 669 188 0 4 26
a 669 575 0 9 21
a 669 565 0 9 23
a 669 421 0 5 25
a 669 1193 0 3 9
a 669 688 0 2 27
a 669 1085 0 5 1
a 669 587 0 5 47
a 669 118 0 6 16
a 669 663 0 9 27
a 669 491 0 1 13
a 669 125 0 8 5
a 669 680 0 1 11
a 669 411 0 8 22
a 669 786 0 1 29
a 669 736 0 3 47
a 682 1026 0 3458 50
a 682 1097 0 6 24
a 682 1163 0 7 20
a 682 963 0 2 30
a 682 1063 0 4 44
a 682 452 0 7 35
a 682 805 0 4 10
a 682 155 0 8 20
a 682 988 0 4 27
a 682 23 0 7 17
a 682 140 0 10 21
a 682 1007 0 7 35
a 682 635 0 7 50
a 682 313 0 2 1
a 682 919 0 4 3
a 682 271 0 5 41
a 682 889 0 9 42
a 682 1034 0 6 36
a 733 1082 0 3458 50
a 733 213 0 7 46
a 733 932 0 10 6
a 733 33 0 10 9
a 733 1176 0 9 9
a 733 186 0 6 9
a 733 693 0 4 48
a 733 295 0 3 35
a 733 1054 0 10 37
a 733 1157 0 6 18
a 733 982 0 6 15
a 733 1039 0 10 15
a 733 1117 0 7 25
a 733 1198 0 5 24
a 733 687 0 8 2
a 733 722 0 7 17
a 749 65 0 3458 50
a 749 402 0 9 13
a 749 121 0 7 39
a 749 833 0 9 26
a 749 1192 0 8 20
a 749 811 0 4 33
a 749 881 0 7 24
a 749 52 0 6 10
a 749 976 0 9 23
a 749 934 0 9 7
a 749 951 0 5 37
a 749 542 0 2 23
a 749 1005 0 2 1
a 749 900 0 7 19
a 749 688 0 8 15
a 749 32 0 8 15
a 749 1121 0 10 1
a 749 1034 0 10 17
a 749 378 0 3 32
a 749 235 0 5 32
a 749 128 0 6 14
a 749 1188 0 3 19
a 749 490 0 2 34
a 749 196 0 5 26
a 749 1048 0 8 48
a 749 198 0 5 9
a 749 384 0 6 43
a 749 655 0 9 36
a 762 148 0 3458 50
a 762 172 0 9 40
a 762 134 0 8 10
a 762 454 0 6 43
a 762 99 0 8 48
a 762 1040 0 9 6
a 762 363 0 8 40
a 762 647 0 3 10
a 762 387 0 10 8
a 762 83 0 9 12
a 762 423 0 4 2
a 762 270 0 10 5
a 762 40 0 1 7
a 769 106 0 3458 22
a 769 607 0 1 40
a 769 1194 0 5 12
a 770 962 0 3458 27
a 770 81 0 10 49
a 770 786 0 5 20
a 770 343 0 5 35
a 770 303 0 7 43
a 770 144 0 9 36
a 770 711 0 9 24
a 770 420 0 2 21
a 770 599 0 2 21
a 770 387 0 8 45
a 770 543 0 3 22
a 770 871 0 1 13
a 770 167 0 2 40
a 770 949 0 10 41
a 770 759 0 7 39
a 770 1073 0 1 30
a 770 971 0 1 8
a 770 1039 0 4 23
a 770 247 0 9 7
a 770 621 0 6 21
a 770 917 0 8 11
a 770 768 0 3 15
a 770 608 0 1 35
a 770 76 0 5 20
a 770 1139 0 5 33
a 770 141 0 8 23
a 770 1150 0 5 38
a 770 605 0 10 32
a 770 457 0 6 2
a 775 793 0 3458 5
a 775 957 0 2 4
a 775 1107 0 10 41
a 775 207 0 3 20
a 775 419 0 10 1
a 775 1170 0 8 18
a 775 630 0 1 26
a 775 413 0 3 7
a 775 861 0 3 2
a 775 73 0 4 32
a 775 868 0 3 24
a 775 321 0 8 9
a 775 509 0 5 25
a 775 238 0 7 6
a 775 151 0 9 27
a 775 136 0 8 43
a 775 153 0 8 23
a 775 323 0 7 17
a 775 48 0 4 41
a 775 540 0 2 2
a 775 722 0 7 44
a 775 954 0 9 29
a 775 888 0 9 11
a 775 706 0 1 24
a 775 1061 0 8 20
a 793 1200 0 3458 40
a 793 442 0 1 48
a 793 448 0 2 5
a 793 792 0 9 8
a 793 452 0 8 8
a 793 126 0 1 45
a 793 961 0 2 24
a 793 892 0 3 12
a 793 319 0 1 25
a 815 1188 0 3458 50
a 815 42 0 3458 23
a 815 107 0 10 5
a 815 806 0 7 21
a 815 438 0 4 50
a 815 459 0 7 14
a 815 119 0 9 19
a 815 261 0 7 12
a 815 485 0 4 17
a 815 1102 0 3 5
a 815 987 0 2 19
a 815 802 0 5 16
a 846 1135 0 3458 50
a 846 708 0 9 10
a 846 568 0 7 6
a 846 430 0 4 42
a 889 846 0 3458 50
a 889 24 0 8 40
a 889 690 0 4 33
a 896 364 0 3458 50
a 896 440 0 7 47
a 896 725 0 8 31
a 896 686 0 7 47
a 896 67 0 4 16
a 922 526 0 3458 50
a 922 566 0 4 35
a 922 1193 0 3 23
a 922 861 0 4 33
a 922 345 0 9 18
a 922 991 0 9 35
a 922 928 0 1 18
a 922 830 0 2 24
a 922 199 0 9 44
a 922 942 0 4 7
a 922 175 0 8 15
a 922 619 0 8 4
a 922 1188 0 4 42
a 922 586 0 7 10
a 922 341 0 5 15
a 922 268 0 7 24
a 922 879 0 2 26
a 922 234 0 5 47
a 922 497 0 10 21
a 922 553 0 4 3
a 922 113 0 8 50
a 922 53 0 10 1
a 922 450 0 4 37
a 922 474 0 9 45
a 922 887 0 5 44
a 922 274 0 8 6
a 922 1176 0 7 31
a 922 214 0 4 2
a 922 1006 0 6 3
a 922 691 0 10 17
a 922 866 0 4 27
a 922 1132 0 5 40
a 946 559 0 3458 44
a 946 259 0 4 45
a 946 493 0 9 10
a 946 581 0 10 20
a 946 1130 0 6 6
a 946 114 0 3 20
a 946 773 0 1 15
a 946 281 0 6 47
a 946 522 0 6 33
a 946 192 0 8 13
a 946 141 0 3 24
a 946 1095 0 3 13
a 962 279 0 3458 28
a 962 368 0 4 46
a 962 1170 0 2 36
a 962 431 0 6 44
a 962 142 0 6 36
a 962 656 0 5 29
a 962 379 0 1 30
a 962 918 0 5 2
a 992 404 0 3458 37
a 992 938 0 3 24
a 992 604 0 8 10
a 992 672 0 1 15
a 992 23 0 2 4
a 992 362 0 3 29
a 992 154 0 2 17
a 992 88 0 4 5
a 992 198 0 2 36
a 992 1098 0 9 40
a 992 508 0 4 36
a 992 52 0 1 25
a 992 388 0 3 4
a 992 781 0 2 10
a 992 896 0 1 9
a 1024 89 0 3458 50
a 1024 683 0 8 26
a 1024 137 0 8 7
a 1024 1063 0 4 20
a 1024 659 0 6 48
a 1024 399 0 8 14
a 1024 120 0 10 7
a 1024 691 0 9 13
a 1024 976 0 2 35
a 1024 911 0 4 17
a 1024 582 0 7 4
a 1024 533 0 10 33
a 1024 1127 0 3 28
a 1024 622 0 9 37
a 1024 323 0 3 17
a 1024 834 0 10 46
a 1024 444 0 5 10
a 1024 854 0 9 34
a 1024 1023 0 1 23
a 1024 776 0 9 28
a 1024 273 0 7 37
a 1024 1103 0 9 50
a 1024 980 0 3 34
a 1024 153 0 10 31
a 1024 566 0 2 42
a 1024 434 0 4 30
a 1024 531 0 9 40
a 1024 392 0 4 1
a 1024 1010 0 7 26
a 1024 1163 0 8 49
a 1024 1029 0 9 28
a 1024 184 0 1 33
a 1026 651 0 3458 14
a 1026 551 0 3 32
a 1026 431 0 4 50
a 1026 1142 0 10 41
a 1026 987 0 5 31
a 1026 249 0 3 48
a 1077 405 0 3458 50
a 1077 1047 0 1 23
a 1077 184 0 5 26
a 1077 29 0 6 46
a 1077 494 0 6 43
a 1077 140 0 3 11
a 1077 127 0 10 3
a 1077 290 0 5 4
a 1077 637 0 9 27
a 1077 453 0 5 29
a 1077 982 0 8 44
a 1077 576 0 7 44
a 1077 871 0 9 21
a 1077 1120 0 5 41
a 1077 638 0 3 34
a 1077 1103 0 8 22
a 1077 1145 0 2 12
a 1077 188 0 1 41
a 1077 667 0 7 47
a 1082 370 0 3458 33
a 1082 506 0 8 43
a 1082 1071 0 8 31
a 1082 1080 0 8 31
a 1082 16 0 3 47
a 1082 1053 0 4 14
a 1082 422 0 2 40
a 1082 505 0 9 33
a 1083 946 0 3458 50
a 1083 944 0 1 22
a 1083 860 0 6 36
a 1083 247 0 2 12
a 1083 1062 0 10 22
a 1083 200 0 8 4
a 1083 453 0 7 12
a 1083 488 0 4 40
a 1083 100 0 1 3
a 1083 689 0 3 39
a 1083 312 0 2 45
a 1083 53 0 8 37
a 1083 382 0 7 12
a 1083 647 0 9 23
a 1083 1170 0 6 50
a 1083 628 0 8 22
a 1083 481 0 4 18
a 1083 979 0 6 44
a 1083 585 0 10 3
a 1114 645 0 3458 26
a 1114 205 0 10 18
a 1114 779 0 1 35
a 1114 633 0 6 42
a 1114 275 0 10 7
a 1114 199 0 6 40
a 1114 848 0 8 4
a 1114 1100 0 10 3
a 1114 1168 0 2 41
a 1114 148 0 10 22
a 1114 311 0 10 41
a 1114 559 0 9 5
a 1114 1002 0 8 3
a 1114 698 0 3 6
a 1114 178 0 7 26
a 1114 209 0 5 39
a 1114 247 0 10 12
a 1114 174 0 8 30
a 1114 294 0 7 9
a 1114 761 0 9 29
a 1114 786 0 3 15
a 1114 55 0 5 27
a 1114 757 0 6 14
a 1114 598 0 8 8
a 1114 270 0 4 15
a 1114 625 0 6 41
a 1114 929 0 5 32
a 1135 107 0 3458 50
a 1135 246 0 4 17
a 1135 942 0 4 19
a 1135 1058 0 5 37
a 1135 609 0 5 8
a 1135 835 0 7 41
a 1135 25 0 9 26
a 1135 716 0 8 5
a 1135 277 0 4 46
a 1135 589 0 5 19
a 1135 637 0 4 33
a 1136 179 0 3458 46
a 1136 1066 0 5 45
a 1136 475 0 7 39
a 1136 1006 0 2 31
a 1136 759 0 4 8
a 1136 871 0 10 2
a 1136 97 0 1 14
a 1136 228 0 1 19
a 1136 522 0 9 30
a 1136 1192 0 6 10
a 1136 981 0 7 17
a 1136 293 0 3 10
a 1136 688 0 10 20
a 1136 1118 0 10 10
a 1136 937 0 10 48
a 1136 1051 0 1 29
a 1136 402 0 8 42
a 1136 742 0 3 29
a 1136 598 0 1 25
a 1136 226 0 6 8
a 1136 890 0 9 22
a 1136 71 0 10 22
a 1136 84 0 2 38
a 1136 909 0 1 3
a 1136 121 0 1 15
a 1136 677 0 7 23
a 1136 230 0 5 4
a 1136 943 0 5 6
a 1136 1048 0 4 20
a 1136 1160 0 4 45
a 1136 268 0 7 39
a 1136 488 0 5 5
a 1177 349 0 3458 3
a 1177 285 0 2 36
a 6 1029 0 6874 50
a 6 53 0 4 20
a 6 877 0 6 27
a 6 1187 0 8 4
a 6 140 0 10 31
a 6 133 0 1 2
a 6 1006 0 4 33
a 6 895 0 4 6
a 6 399 0 10 8
a 6 996 0 8 8
a 6 1180 0 9 38
a 6 1018 0 5 23
a 6 61 0 6 1
a 22 103 0 6874 50
a 22 684 0 9 34
a 22 37 0 4 19
a 22 453 0 2 19
a 22 721 0 8 11
a 22 806 0 4 15
a 22 548 0 7 38
a 22 414 0 4 34
a 22 892 0 6 8
a 22 611 0 4 33
a 22 1138 0 7 14
a 22 659 0 2 21
a 22 586 0 4 13
a 22 1098 0 3 24
a 22 925 0 10 2
a 22 201 0 10 8
a 22 381 0 1 10
a 22 900 0 7 46
a 22 670 0 6 4
a 22 237 0 10 31
a 22 724 0 5 44
a 22 282 0 7 14
a 22 222 0 1 46
a 22 1009 0 7 38
a 22 205 0 3 38
a 22 1080 0 5 49
a 22 937 0 7 35
a 22 778 0 9 45
a 45 789 0 6874 50
a 45 606 0 10 8
a 45 682 0 9 34
a 45 882 0 7 3
a 45 1072 0 9 15
a 45 1200 0 8 44
a 45 54 0 3 27
a 45 365 0 5 8
a 45 534 0 4 42
a 45 771 0 3 15
a 63 800 0 6874 26
a 63 675 0 9 10
a 63 184 0 10 27
a 63 926 0 8 17
a 63 811 0 7 21
a 63 1095 0 3 27
a 63 1087 0 1 16
a 63 483 0 3 4
a 100 343 0 6874 50
a 100 1033 0 7 18
a 100 753 0 3 5
a 100 886 0 6 5
a 100 478 0 7 19
a 100 788 0 2 50
a 100 1034 0 9 50
a 100 362 0 7 22
a 100 133 0 1 2
a 100 1019 0 10 18
a 100 1092 0 9 7
a 100 342 0 10 33
a 100 685 0 7 22
a 100 1100 0 7 48
a 100 564 0 3 43
a 100 42 0 10 46
a 100 514 0 5 28
a 103 949 0 6874 50
a 103 285 0 1 43
a 103 37 0 2 29
a 103 127 0 5 47
a 103 231 0 7 38
a 103 1121 0 2 27
a 103 467 0 4 17
a 103 1095 0 10 39
a 103 407 0 5 31
a 103 162 0 8 33
a 103 185 0 1 21
a 103 267 0 2 2
a 103 357 0 3 12
a 103 526 0 2 46
a 103 243 0 9 10
a 103 105 0 6 50
a 103 1187 0 7 48
a 103 802 0 6 17
a 103 45 0 7 2
a 112 826 0 6874 29
a 112 981 0 2 48
a 112 781 0 7 31
a 112 938 0 10 30
a 112 205 0 1 50
a 112 907 0 2 19
a 112 559 0 7 49
a 112 152 0 5 41
a 112 956 0 3 39
a 112 823 0 9 2
a 112 98 0 3 22
a 123 971 0 6874 3
a 123 224 0 10 48
a 123 875 0 7 3
a 123 226 0 9 25
a 123 999 0 9 15
a 123 570 0 3 15
a 123 987 0 6 37
a 123 889 0 4 21
a 123 947 0 2 2
a 123 343 0 9 13
a 123 435 0 1 44
a 123 573 0 4 5
a 123 47 0 1 39
a 123 55 0 2 18
a 123 25 0 6 31
a 123 870 0 1 1
a 123 495 0 3 47
a 123 859 0 9 33
a 123 74 0 8 42
a 123 756 0 7 38
a 123 1149 0 6 50
a 123 1068 0 6 36
a 155 888 0 6874 16
a 155 700 0 3 3
a 155 258 0 4 22
a 155 88 0 5 27
a 155 928 0 5 43
a 155 1101 0 9 16
a 155 1074 0 3 16
a 155 1116 0 7 5
a 155 498 0 2 14
a 155 39 0 1 50
a 155 20 0 9 11
a 155 1153 0 10 44
a 155 938 0 7 39
a 155 235 0 2 16
a 162 100 0 6874 13
a 162 708 0 1 29
a 162 655 0 9 33
a 162 645 0 10 15
a 162 200 0 3 49
a 162 59 0 4 37
a 162 930 0 10 42
a 162 741 0 7 42
a 162 601 0 2 31
a 162 37 0 1 27
a 162 285 0 3 22
a 162 1005 0 1 10
a 162 213 0 9 32
a 162 129 0 8 41
a 162 587 0 1 16
a 162 969 0 5 43
a 162 980 0 7 16
a 162 210 0 3 47
a 162 1010 0 10 17
a 162 1143 0 4 38
a 162 833 0 10 45
a 162 367 0 4 32
a 162 317 0 7 3
a 162 302 0 10 13
a 162 390 0 2 47
a 162 1015 0 9 45
a 162 604 0 6 17
a 162 1026 0 2 2
a 162 786 0 7 13
a 162 154 0 10 37
a 162 762 0 10 33
a 162 523 0 6 22
a 173 615 0 6874 38
a 173 1018 0 6 39
a 173 903 0 8 48
a 173 102 0 3 33
a 173 562 0 7 33
a 173 587 0 8 29
a 173 873 0 6 5
a 173 1161 0 5 16
a 173 1005 0 10 1
a 173 1080 0 9 15
a 173 22 0 4 26
a 173 1084 0 1 14
a 173 713 0 7 50
a 189 766 0 6874 50
a 189 1095 0 7 20
a 189 884 0 3 41
a 189 1196 0 5 19
a 189 264 0 5 39
a 189 1152 0 5 35
a 189 862 0 2 46
a 189 372 0 3 41
a 189 84 0 8 25
a 189 1136 0 2 36
a 189 601 0 9 41
a 189 655 0 9 22
a 189 161 0 9 20
a 189 808 0 10 17
a 189 871 0 6 32
a 189 572 0 8 12
a 189 444 0 1 17
a 189 1193 0 8 35
a 189 612 0 8 7
a 189 110 0 10 15
a 190 45 0 6874 50
a 190 640 0 9 13
a 190 1031 0 1 38
a 190 918 0 1 13
a 190 509 0 5 7
a 190 538 0 3 17
a 190 193 0 1 24
a 190 734 0 8 34
a 190 171 0 1 45
a 190 420 0 2 22
a 190 1065 0 8 20
a 190 185 0 8 46
a 190 243 0 3 49
a 190 810 0 9 5
a 190 251 0 9 18
a 190 812 0 3 31
a 190 174 0 2 9
a 190 550 0 6 7
a 190 411 0 4 47
a 190 737 0 7 20
a 190 1034 0 2 11
a 190 804 0 1 41
a 190 706 0 4 41
a 190 544 0 10 29
a 190 782 0 6 50
a 190 1161 0 6 50
a 190 386 0 8 13
a 247 337 0 6874 33
a 247 209 0 2 36
a 247 450 0 3 33
a 247 953 0 6 31
a 247 531 0 5 46
a 247 54 0 1 22
a 247 721 0 3 20
a 247 152 0 10 37
a 247 475 0 5 31
a 247 217 0 4 31
a 247 77 0 9 46
a 247 566 0 7 30
a 247 1153 0 3 1
a 247 177 0 8 24
a 247 977 0 8 49
a 247 567 0 4 15
a 247 1172 0 7 28
a 247 549 0 10 20
a 247 671 0 5 8
a 247 727 0 1 6
a 247 932 0 5 10
a 247 757 0 3 7
a 247 1044 0 8 7
a 247 592 0 1 23
a 247 218 0 10 28
a 247 677 0 1 35
a 247 774 0 8 10
a 247 620 0 5 6
a 247 777 0 8 50
a 257 123 0 6874 40
a 257 683 0 2 50
a 257 185 0 9 32
a 257 129 0 4 15
a 257 1075 0 5 22
a 257 1087 0 5 43
a 257 898 0 1 36
a 257 280 0 1 1
a 257 621 0 1 36
a 257 938 0 9 44
a 257 329 0 6 41
a 257 1185 0 10 37
a 257 837 0 8 42
a 257 1200 0 3 36
a 257 1048 0 10 20
a 257 51 0 7 1
a 257 1041 0 7 39
a 257 521 0 3 49
a 257 648 0 8 39
a 257 1141 0 2 3
a 257 370 0 3 32
a 257 914 0 8 6
a 257 605 0 2 2
a 257 421 0 2 21
a 257 242 0 2 20
a 272 675 0 6874 8
a 272 924 0 5 11
a 272 276 0 5 23
a 272 522 0 10 34
a 272 159 0 5 12
a 272 510 0 5 34
a 272 1101 0 3 32
a 272 402 0 1 48
a 272 1184 0 6 35
a 272 140 0 4 49
a 272 967 0 3 36
a 272 1057 0 9 44
a 272 466 0 1 47
a 272 608 0 4 22
a 272 65 0 10 5
a 272 944 0 2 15
a 272 215 0 7 23
a 272 356 0 5 23
a 272 188 0 9 44
a 272 430 0 3 47
a 272 84 0 4 33
a 272 1155 0 4 15
a 272 474 0 7 10
a 272 482 0 3 25
a 272 514 0 4 22
a 272 238 0 1 44
a 272 588 0 10 1
a 272 1130 0 5 33
a 272 400 0 6 44
a 272 626 0 8 33
a 272 484 0 3 22
a 337 788 0 6874 23
a 337 401 0 6 39
a 337 27 0 3 42
a 337 806 0 10 50
a 337 557 0 8 43
a 337 891 0 1 2
a 337 886 0 9 43
a 337 80 0 7 49
a 337 609 0 2 24
a 337 633 0 9 49
a 337 537 0 6 21
a 337 63 0 5 13
a 337 1123 0 4 27
a 337 25 0 10 41
a 337 1100 0 1 20
a 337 336 0 7 25
a 337 246 0 9 30
a 337 578 0 6 6
a 337 562 0 4 6
a 337 67 0 4 16
a 337 1076 0 8 16
a 337 206 0 3 23
a 337 684 0 2 50
a 337 109 0 7 40
a 337 226 0 8 35
a 337 524 0 9 29
a 337 632 0 9 50
a 337 128 0 9 32
a 337 1178 0 9 11
a 337 230 0 8 29
a 337 428 0 2 32
a 337 472 0 7 18
a 343 697 0 6874 46
a 343 575 0 5 50
a 343 233 0 7 29
a 343 185 0 5 40
a 343 966 0 2 5
a 343 1085 0 1 27
a 351 586 0 6874 4
a 351 250 0 2 43
a 351 609 0 9 2
a 351 830 0 10 24
a 351 959 0 10 9
a 351 597 0 2 16
a 351 657 0 10 38
a 351 887 0 10 20
a 365 1140 0 6874 15
a 365 212 0 3 9
a 365 75 0 9 2
a 365 233 0 10 17
a 365 993 0 6 26
a 365 635 0 7 19
a 365 1056 0 8 15
a 365 1110 0 2 25
a 365 368 0 3 23
a 365 1109 0 10 45
a 365 303 0 2 21
a 365 265 0 8 40
a 365 746 0 1 14
a 365 1075 0 10 9
a 365 149 0 9 38
a 365 416 0 9 45
a 365 1141 0 9 23
a 365 773 0 6 13
a 365 226 0 1 44
a 365 1072 0 8 35
a 365 909 0 8 6
a 365 804 0 1 13
a 365 529 0 5 47
a 365 205 0 7 47
a 365 1089 0 1 14
a 365 329 0 8 46
a 392 1074 0 6874 50
a 392 808 0 9 36
a 392 854 0 7 13
a 392 1125 0 5 17
a 392 511 0 10 4
a 392 839 0 9 41
a 392 707 0 3 24
a 392 484 0 5 46
a 392 267 0 8 48
a 392 104 0 2 39
a 392 892 0 10 17
a 392 361 0 10 2
a 392 829 0 9 42
a 392 1110 0 4 35
a 392 1149 0 4 27
a 392 287 0 4 19
a 392 475 0 4 13
a 392 154 0 4 13
a 392 505 0 2 7
a 392 605 0 6 39
a 392 79 0 2 34
a 392 125 0 8 22
a 392 426 0 8 33
a 413 1182 0 6874 50
a 413 207 0 3 13
a 413 779 0 9 32
a 413 789 0 6 35
a 413 432 0 4 38
a 413 1119 0 8 32
a 413 952 0 1 27
a 413 1084 0 8 16
a 413 785 0 2 13
a 413 64 0 6 10
a 413 162 0 3 4
a 413 792 0 4 14
a 413 725 0 3 22
a 413 91 0 4 38
a 413 909 0 1 34
a 413 455 0 1 15
a 413 882 0 3 10
a 413 697 0 9 23
a 413 906 0 8 4
a 413 440 0 5 11
a 413 983 0 4 24
a 413 399 0 3 36
a 413 791 0 9 17
a 413 94 0 9 13
a 458 1192 0 6874 2
a 458 623 0 2 33
a 458 736 0 2 5
a 458 672 0 1 9
a 458 884 0 10 19
a 458 656 0 6 14
a 458 618 0 4 22
a 458 515 0 5 39
a 458 486 0 7 4
a 458 83 0 4 12
a 474 458 0 6874 31
a 474 1162 0 4 38
a 474 213 0 6 47
a 474 880 0 10 17
a 474 655 0 3 28
a 474 1141 0 8 19
a 474 949 0 10 26
a 474 874 0 6 28
a 474 39 0 5 17
a 474 34 0 8 34
a 474 1199 0 9 11
a 474 172 0 10 9
a 474 513 0 6 30
a 474 337 0 10 10
a 474 618 0 10 17
a 474 1119 0 9 6
a 474 66 0 8 46
a 490 351 0 6874 50
a 490 811 0 1 38
a 490 1145 0 8 20
a 490 352 0 6 20
a 490 265 0 6 22
a 490 162 0 3 49
a 490 1131 0 2 38
a 490 566 0 9 25
a 490 16 0 9 46
a 490 193 0 3 10
a 490 109 0 1 10
a 490 679 0 10 49
a 501 474 0 6874 50
a 501 808 0 10 32
a 501 704 0 4 1
a 533 761 0 6874 50
a 533 707 0 4 43
a 533 306 0 9 27
a 533 1150 0 1 1
a 533 296 0 3 17
a 533 560 0 3 40
a 533 1000 0 6 7
a 533 178 0 6 25
a 533 339 0 6 26
a 533 449 0 4 23
a 533 226 0 8 16
a 533 562 0 1 2
a 533 534 0 1 45
a 533 399 0 1 10
a 533 1036 0 7 50
a 533 1186 0 2 11
a 533 954 0 4 7
a 545 257 0 6874 50
a 545 1168 0 1 29
a 545 481 0 2 19
a 545 794 0 5 5
a 545 150 0 2 37
a 545 959 0 7 33
a 566 1181 0 6874 1
a 566 94 0 7 22
a 566 790 0 5 11
a 566 611 0 6 10
a 566 984 0 5 17
a 566 259 0 7 3
a 566 58 0 5 17
a 566 1172 0 9 36
a 566 559 0 8 23
a 566 164 0 4 31
a 566 353 0 5 2
a 566 796 0 3 29
a 566 1186 0 7 35
a 566 366 0 9 17
a 566 60 0 4 40
a 566 350 0 6 48
a 566 747 0 10 30
a 566 694 0 8 1
a 566 606 0 10 20
a 585 791 0 6874 45
a 585 199 0 1 35
a 585 508 0 4 47
a 585 590 0 2 8
a 585 815 0 7 19
a 585 570 0 7 42
a 585 600 0 10 40
a 585 674 0 4 17
a 585 909 0 1 30
a 585 252 0 6 35
a 585 615 0 9 14
a 585 120 0 3 42
a 586 162 0 6874 50
a 586 368 0 2 33
a 586 833 0 6 11
a 586 1041 0 4 36
a 586 849 0 8 12
a 586 848 0 10 2
a 586 961 0 5 36
a 586 273 0 1 13
a 586 1189 0 2 4
a 586 365 0 3 50
a 586 80 0 6 47
a 586 394 0 7 7
a 586 221 0 5 35
a 586 914 0 4 1
a 586 796 0 5 13
a 586 103 0 4 50
a 586 876 0 1 24
a 586 422 0 9 3
a 586 1006 0 3 13
a 586 999 0 4 39
a 586 1176 0 2 15
a 586 300 0 2 22
a 586 1025 0 6 38
a 586 546 0 6 31
a 586 79 0 4 2
a 586 179 0 3 18
a 586 729 0 2 22
a 586 150 0 2 49
a 586 640 0 7 2
a 586 800 0 7 45
a 586 519 0 5 21
a 588 926 0 6874 50
a 588 495 0 1 4
a 588 775 0 2 13
a 588 937 0 7 28
a 588 112 0 2 16
a 588 500 0 6 19
a 588 800 0 6 43
a 588 748 0 6 31
a 588 269 0 7 27
a 588 236 0 6 23
a 615 1079 0 6874 50
a 615 1180 0 3 39
a 615 845 0 10 37
a 615 433 0 6 3
a 615 390 0 8 27
a 615 1184 0 6 41
a 615 543 0 5 21
a 615 350 0 6 41
a 615 680 0 9 46
a 615 209 0 8 31
a 615 1093 0 4 21
a 615 721 0 1 28
a 615 772 0 4 10
a 615 1056 0 1 7
a 615 123 0 9 33
a 615 458 0 9 44
a 615 133 0 2 1
a 615 368 0 10 36
a 615 1097 0 8 6
a 615 569 0 9 46
a 615 589 0 4 10
a 615 821 0 4 5
a 615 627 0 4 17
a 615 336 0 4 42
a 615 1065 0 1 22
a 615 725 0 1 17
a 615 928 0 3 1
a 615 607 0 4 7
a 615 435 0 10 36
a 615 1185 0 8 50
a 654 588 0 6874 7
a 654 353 0 7 43
a 654 1117 0 3 10
a 654 745 0 8 38
a 654 957 0 2 15
a 654 498 0 8 6
a 654 1082 0 8 24
a 654 471 0 6 50
a 654 698 0 3 16
a 654 927 0 7 29
a 654 140 0 2 31
a 654 1004 0 9 32
a 654 304 0 6 25
a 654 438 0 2 18
a 654 585 0 2 26
a 654 629 0 1 26
a 654 170 0 10 38
a 654 156 0 6 31
a 654 314 0 2 36
a 654 930 0 2 27
a 654 1039 0 4 30
a 654 285 0 10 28
a 654 1199 0 1 14
a 654 422 0 10 12
a 654 952 0 8 45
a 654 647 0 9 21
a 675 189 0 6874 11
a 675 256 0 3 32
a 675 390 0 10 35
a 675 281 0 2 12
a 675 790 0 7 33
a 675 425 0 1 45
a 675 207 0 10 47
a 675 794 0 7 43
a 675 1190 0 2 47
a 675 158 0 9 6
a 675 1101 0 10 44
a 675 1193 0 8 20
a 675 700 0 2 36
a 675 791 0 1 42
a 675 88 0 7 36
a 675 596 0 9 24
a 688 413 0 6874 50
a 688 469 0 6 40
a 688 752 0 6 39
a 688 989 0 4 2
a 688 1193 0 2 14
a 688 498 0 8 2
a 688 734 0 9 32
a 688 374 0 9 44
a 688 143 0 10 10
a 697 1094 0 6874 31
a 697 539 0 9 25
a 697 471 0 10 27
a 697 244 0 4 2
a 697 1014 0 8 7
a 697 722 0 10 7
a 697 768 0 5 49
a 697 399 0 4 1
a 697 927 0 9 3
a 697 61 0 2 8
a 697 917 0 10 49
a 697 832 0 3 1
a 697 1095 0 3 48
a 697 815 0 6 34
a 697 311 0 5 33
a 697 242 0 6 33
a 697 448 0 6 30
a 697 887 0 10 8
a 697 849 0 2 20
a 703 958 0 6874 50
a 703 917 0 3 21
a 703 445 0 4 19
a 703 448 0 8 49
a 703 663 0 9 22
a 703 998 0 1 2
a 703 590 0 10 1
a 703 376 0 3 35
a 703 136 0 6 9
a 703 400 0 2 29
a 703 427 0 7 3
a 703 409 0 5 19
a 703 952 0 3 7
a 703 554 0 8 12
a 703 593 0 3 17
a 703 1150 0 3 16
a 703 691 0 5 25
a 703 575 0 5 29
a 703 249 0 10 49
a 703 949 0 6 26
a 703 970 0 5 11
a 708 1025 0 6874 18
a 708 636 0 7 2
a 708 720 0 8 47
a 708 372 0 3 29
a 708 150 0 6 14
a 708 157 0 8 38
a 708 95 0 5 50
a 708 222 0 4 46
a 708 527 0 6 28
a 708 416 0 4 42
a 708 727 0 6 36
a 708 136 0 5 23
a 708 218 0 9 3
a 708 594 0 9 42
a 708 239 0 9 15
a 708 577 0 4 20
a 708 116 0 3 44
a 708 978 0 6 25
a 708 317 0 6 7
a 708 221 0 5 40
a 708 620 0 7 46
a 708 785 0 9 33
a 708 306 0 7 43
a 718 654 0 6874 50
a 718 759 0 7 24
a 718 1094 0 7 10
a 718 241 0 3 49
a 718 1032 0 4 25
a 718 1124 0 6 6
a 718 143 0 10 24
a 718 156 0 5 24
a 718 131 0 10 36
a 718 386 0 6 50
a 718 280 0 3 11
a 718 333 0 9 42
a 718 934 0 2 26
a 718 1016 0 4 17
a 718 494 0 1 38
a 718 187 0 8 23
a 718 1157 0 2 42
a 718 1022 0 1 3
a 718 796 0 2 11
a 718 467 0 4 30
a 718 586 0 4 37
a 718 824 0 1 40
a 761 1137 0 6874 50
a 761 433 0 8 23
a 761 263 0 7 43
a 765 173 0 6874 50
a 765 298 0 4 35
a 765 649 0 7 10
a 765 283 0 3 29
a 765 61 0 2 25
a 765 991 0 3 43
a 765 33 0 3 45
a 765 420 0 2 10
a 765 955 0 5 34
a 765 693 0 10 15
a 765 1160 0 1 48
a 765 1063 0 9 25
a 765 1131 0 3 1
a 765 455 0 3 8
a 765 353 0 9 26
a 765 263 0 4 49
a 765 59 0 4 40
a 766 688 0 6874 50
a 766 298 0 5 8
a 766 127 0 8 40
a 766 857 0 5 30
a 766 160 0 10 34
a 766 901 0 8 37
a 766 351 0 8 24
a 766 155 0 2 7
a 766 651 0 8 3
a 766 18 0 4 46
a 766 835 0 9 28
a 766 834 0 2 18
a 766 958 0 10 25
a 766 695 0 6 33
a 766 738 0 3 5
a 766 49 0 4 40
a 766 51 0 5 7
a 788 820 0 6874 41
a 788 524 0 5 34
a 788 532 0 7 25
a 788 279 0 2 16
a 788 48 0 1 6
a 788 634 0 4 9
a 789 392 0 6874 24
a 789 1065 0 8 2
a 789 655 0 2 47
a 789 1123 0 2 22
a 789 832 0 4 9
a 789 961 0 2 29
a 789 114 0 10 34
a 789 156 0 1 27
a 789 408 0 10 14
a 789 313 0 5 8
a 789 1074 0 3 44
a 789 492 0 3 14
a 789 488 0 7 41
a 789 1033 0 1 50
a 789 366 0 5 30
a 789 83 0 8 47
a 789 1156 0 8 7
a 789 331 0 10 22
a 789 604 0 9 10
a 789 922 0 1 4
a 789 172 0 4 17
a 789 869 0 9 17
a 789 224 0 3 25
a 789 376 0 3 8
a 789 430 0 7 23
a 791 1042 0 6874 45
a 791 955 0 3 13
a 791 570 0 4 9
a 791 551 0 1 17
a 791 129 0 4 22
a 791 34 0 4 27
a 791 464 0 10 45
a 791 399 0 4 45
a 791 937 0 5 10
a 791 852 0 3 2
a 795 1049 0 6874 28
a 795 1136 0 9 49
a 795 1093 0 6 46
a 795 618 0 4 24
a 795 1169 0 8 37
a 795 1104 0 4 48
a 800 985 0 6874 15
a 800 414 0 3 16
a 800 637 0 7 46
a 800 1163 0 4 47
a 800 931 0 3 33
a 800 686 0 9 4
a 800 136 0 6 47
a 800 268 0 4 50
a 820 365 0 6874 22
a 820 1026 0 9 47
a 820 470 0 9 27
a 820 384 0 5 40
a 820 338 0 8 33
a 820 1016 0 6 33
a 820 914 0 10 50
a 820 446 0 2 42
a 820 683 0 6 38
a 820 764 0 8 10
a 820 161 0 10 34
a 820 868 0 1 6
a 820 898 0 6 46
a 820 599 0 4 33
a 822 840 0 6874 50
a 822 948 0 4 41
a 822 1043 0 5 7
a 822 817 0 9 34
a 822 297 0 7 28
a 822 1102 0 8 29
a 822 695 0 9 13
a 822 466 0 3 3
a 822 75 0 7 32
a 822 140 0 3 28
a 822 164 0 6 50
a 822 63 0 6 15
a 822 1129 0 3 21
a 822 207 0 8 25
a 822 529 0 4 27
a 822 894 0 8 46
a 822 1133 0 8 23
a 822 349 0 2 22
a 822 262 0 4 16
a 822 501 0 4 1
a 822 419 0 2 43
a 822 1145 0 4 45
a 826 916 0 6874 30
a 826 312 0 5 25
a 826 1165 0 6 26
a 826 736 0 10 13
a 826 661 0 7 29
a 826 183 0 9 9
a 826 695 0 3 44
a 840 1108 0 6874 50
a 840 364 0 5 41
a 840 712 0 9 20
a 840 850 0 1 34
a 840 640 0 1 7
a 840 469 0 9 6
a 840 894 0 10 9
a 840 1181 0 7 28
a 840 718 0 5 13
a 840 792 0 2 44
a 840 223 0 8 39
a 840 164 0 7 42
a 840 898 0 6 34
a 840 272 0 2 18
a 840 683 0 5 28
a 840 224 0 7 12
a 854 566 0 6874 50
a 854 44 0 6 8
a 854 167 0 5 19
a 854 1149 0 3 36
a 854 1090 0 9 39
a 854 271 0 10 32
a 854 523 0 1 9
a 854 476 0 6 24
a 854 366 0 3 5
a 854 1184 0 4 45
a 854 674 0 4 42
a 854 1137 0 4 48
a 854 511 0 5 49
a 854 639 0 8 36
a 854 97 0 7 18
a 854 1089 0 4 47
a 854 416 0 6 19
a 854 355 0 9 47
a 854 686 0 6 45
a 854 584 0 7 47
a 854 1185 0 10 5
a 854 770 0 8 39
a 854 740 0 9 7
a 880 939 0 6874 48
a 880 173 0 1 15
a 880 690 0 8 20
a 880 618 0 1 19
a 880 1149 0 7 22
a 880 747 0 5 42
a 880 559 0 4 6
a 880 398 0 6 50
a 880 924 0 6 45
a 880 459 0 7 6
a 880 770 0 10 4
a 880 442 0 7 47
a 880 196 0 6 35
a 888 112 0 6874 2
a 888 1171 0 8 49
a 888 780 0 7 5
a 888 125 0 2 4
a 888 621 0 7 49
a 888 292 0 2 11
a 888 867 0 3 40
a 888 889 0 9 45
a 888 1144 0 9 24
a 888 340 0 2 16
a 888 1118 0 1 35
a 888 800 0 2 42
a 888 363 0 4 7
a 888 985 0 3 31
a 894 272 0 6874 50
a 894 808 0 6 30
a 894 939 0 7 32
a 894 315 0 1 36
a 894 724 0 7 32
a 894 114 0 6 20
a 894 620 0 4 12
a 894 1163 0 9 3
a 894 1050 0 2 35
a 894 727 0 3 3
a 894 794 0 4 49
a 894 223 0 7 41
a 894 1070 0 6 31
a 894 45 0 1 11
a 894 56 0 4 22
a 894 819 0 7 4
a 894 1182 0 4 36
a 894 685 0 10 41
a 894 833 0 1 45
a 894 319 0 2 49
a 894 530 0 5 19
a 894 347 0 7 7
a 894 698 0 10 43
a 894 1011 0 2 45
a 894 1014 0 4 12
a 894 271 0 3 22
a 900 1002 0 6874 40
a 900 478 0 3 17
a 900 339 0 3 4
a 900 742 0 1 11
a 900 1037 0 8 3
a 900 123 0 4 7
a 900 104 0 1 14
a 900 918 0 9 14
a 900 356 0 2 42
a 900 94 0 4 2
a 900 800 0 1 12
a 900 476 0 3 36
a 900 293 0 3 14
a 916 900 0 6874 50
a 916 258 0 5 27
a 916 599 0 1 44
a 916 23 0 10 3
a 916 366 0 3 20
a 916 1136 0 3 31
a 916 564 0 10 43
a 916 1158 0 2 50
a 916 230 0 3 40
a 916 679 0 9 30
a 916 71 0 7 48
a 916 256 0 10 35
a 916 836 0 8 25
a 916 932 0 3 36
a 916 209 0 3 37
a 916 191 0 4 42
a 916 806 0 1 24
a 916 419 0 6 30
a 926 490 0 6874 50
a 926 562 0 1 14
a 926 974 0 2 16
a 926 964 0 2 36
a 926 477 0 6 6
a 926 408 0 10 30
a 926 362 0 1 27
a 926 1036 0 5 49
a 926 914 0 8 39
a 926 1053 0 6 8
a 926 812 0 2 43
a 926 890 0 3 50
a 926 401 0 6 9
a 926 1030 0 7 37
a 926 744 0 6 18
a 926 179 0 4 35
a 926 1060 0 1 30
a 926 69 0 3 15
a 926 393 0 4 44
a 926 904 0 10 17
a 926 906 0 10 34
a 926 633 0 1 19
a 926 856 0 8 40
a 926 896 0 7 12
a 926 855 0 2 27
a 926 417 0 6 20
a 926 1070 0 8 2
a 926 809 0 1 16
a 926 126 0 1 48
a 926 1123 0 5 42
a 926 482 0 2 4
a 939 854 0 6874 50
a 939 203 0 4 6
a 944 703 0 6874 30
a 944 940 0 6 39
a 944 460 0 9 26
a 944 771 0 8 42
a 944 1098 0 6 44
a 944 816 0 5 44
a 944 29 0 5 34
a 944 340 0 8 18
a 944 943 0 7 16
a 944 177 0 3 26
a 944 54 0 7 24
a 949 190 0 6874 50
a 949 542 0 6 30
a 949 67 0 5 33
a 949 360 0 8 40
a 949 159 0 1 49
a 949 404 0 4 5
a 949 193 0 9 21
a 949 801 0 3 36
a 949 557 0 5 37
a 949 1135 0 4 22
a 949 157 0 1 13
a 949 937 0 9 3
a 949 439 0 4 20
a 949 845 0 2 11
a 949 525 0 4 50
a 949 454 0 9 49
a 949 1176 0 8 34
a 949 339 0 10 7
a 949 497 0 6 1
a 949 501 0 8 3
a 949 400 0 3 12
a 949 929 0 9 16
a 958 63 0 6874 50
a 958 132 0 4 7
a 958 834 0 8 12
a 958 637 0 3 30
a 958 801 0 10 12
a 971 1190 0 6874 11
a 971 822 0 6874 50
a 971 1175 0 1 36
a 971 826 0 3 7
a 971 512 0 3 34
a 971 256 0 3 32
a 971 727 0 2 3
a 971 587 0 8 16
a 971 854 0 8 7
a 971 983 0 7 44
a 971 947 0 8 39
a 971 294 0 4 14
a 971 664 0 8 6
a 971 219 0 1 31
a 971 936 0 9 38
a 971 566 0 2 47
a 971 918 0 9 14
a 971 988 0 9 15
a 971 695 0 4 7
a 971 168 0 5 34
a 971 591 0 1 20
a 971 1152 0 8 30
a 971 159 0 7 46
a 971 522 0 1 17
a 971 920 0 3 45
a 971 493 0 1 17
a 971 873 0 3 34
a 971 1051 0 6 12
a 971 366 0 6 44
a 971 491 0 8 6
a 971 747 0 6 18
a 971 732 0 1 26
a 971 176 0 7 14
a 973 533 0 6874 50
a 973 326 0 3 7
a 973 262 0 4 34
a 973 1137 0 10 46
a 973 45 0 4 5
a 973 435 0 8 3
a 973 870 0 2 27
a 973 965 0 3 45
a 973 860 0 8 31
a 973 1179 0 8 5
a 973 64 0 4 30
a 973 330 0 2 1
a 973 992 0 9 6
a 973 720 0 7 32
a 973 633 0 2 32
a 985 973 0 6874 50
a 985 1182 0 4 46
a 985 252 0 3 13
a 985 1154 0 6 26
a 985 695 0 1 18
a 985 1056 0 8 19
a 985 799 0 9 24
a 985 796 0 6 10
a 985 1058 0 9 42
a 985 1192 0 10 28
a 985 423 0 3 28
a 985 230 0 1 38
a 985 615 0 5 44
a 985 225 0 5 19
a 985 688 0 6 45
a 985 220 0 8 18
a 985 572 0 9 18
a 985 612 0 2 12
a 985 194 0 1 31
a 985 1179 0 2 22
a 985 976 0 8 42
a 985 208 0 10 22
a 985 324 0 5 13
a 985 513 0 10 31
a 985 746 0 4 32
a 985 792 0 3 49
a 985 875 0 9 42
a 985 617 0 7 29
a 985 79 0 9 26
a 985 70 0 10 40
a 985 495 0 2 41
a 990 765 0 6874 5
a 990 542 0 9 19
a 990 513 0 9 4
a 990 1042 0 4 11
a 990 531 0 5 30
a 990 30 0 1 22
a 990 1143 0 1 31
a 990 1027 0 1 48
a 990 869 0 9 26
a 990 802 0 8 50
a 990 78 0 9 21
a 990 36 0 1 40
a 990 1179 0 1 40
a 990 155 0 2 9
a 990 614 0 10 38
a 990 310 0 4 38
a 990 393 0 5 9
a 990 72 0 6 11
a 990 145 0 3 28
a 990 908 0 7 15
a 990 698 0 10 10
a 990 676 0 7 35
a 990 367 0 2 39
a 990 162 0 5 8
a 990 994 0 2 14
a 990 904 0 4 1
a 1002 1117 0 6874 50
a 1002 1068 0 9 17
a 1002 506 0 1 48
a 1002 686 0 1 14
a 1002 130 0 1 34
a 1002 1087 0 6 34
a 1002 757 0 4 24
a 1002 315 0 3 18
a 1002 801 0 1 35
a 1002 775 0 2 44
a 1002 716 0 10 50
a 1025 795 0 6874 50
a 1025 1098 0 9 27
a 1025 43 0 4 44
a 1025 1174 0 1 31
a 1025 300 0 9 33
a 1025 620 0 5 5
a 1025 756 0 7 16
a 1029 880 0 6874 50
a 1029 70 0 7 36
a 1029 112 0 2 20
a 1029 281 0 4 3
a 1042 22 0 6874 13
a 1042 1104 0 4 16
a 1042 923 0 8 25
a 1042 940 0 7 34
a 1042 529 0 9 34
a 1042 1124 0 4 43
a 1042 668 0 7 48
a 1042 461 0 4 45
a 1042 232 0 1 23
a 1042 368 0 9 32
a 1049 944 0 6874 10
a 1049 937 0 4 7
a 1049 629 0 1 29
a 1049 328 0 9 8
a 1049 252 0 8 41
a 1049 183 0 9 21
a 1049 643 0 2 13
a 1049 961 0 4 30
a 1049 741 0 6 13
a 1049 64 0 10 24
a 1049 641 0 10 1
a 1049 356 0 6 2
a 1074 718 0 6874 15
a 1074 440 0 3 28
a 1074 818 0 8 32
a 1074 140 0 1 38
a 1074 270 0 5 13
a 1074 17 0 5 30
a 1079 155 0 6874 26
a 1079 941 0 9 23
a 1079 296 0 10 1
a 1079 411 0 7 2
a 1079 138 0 1 33
a 1079 504 0 1 21
a 1079 571 0 6 50
a 1079 1157 0 3 21
a 1079 101 0 7 36
a 1079 1008 0 7 31
a 1079 937 0 3 50
a 1079 930 0 5 8
a 1079 1124 0 2 35
a 1079 180 0 5 44
a 1094 708 0 6874 11
a 1094 533 0 5 7
a 1094 20 0 3 4
a 1094 622 0 2 42
a 1094 846 0 4 45
a 1108 585 0 6874 50
a 1108 172 0 8 6
a 1108 221 0 9 31
a 1108 148 0 4 27
a 1108 119 0 7 17
a 1108 365 0 9 12
a 1108 1195 0 8 11
a 1108 1172 0 9 49
a 1108 927 0 4 39
a 1108 762 0 9 22
a 1108 287 0 1 49
a 1108 281 0 9 26
a 1108 949 0 1 29
a 1108 291 0 8 7
a 1108 1072 0 3 1
a 1108 1064 0 9 28
a 1108 134 0 8 1
a 1108 901 0 6 7
a 1108 727 0 3 3
a 1108 1005 0 5 14
a 1108 1057 0 7 45
a 1108 240 0 9 18
a 1108 446 0 5 32
a 1108 845 0 5 50
a 1108 1174 0 3 27
a 1108 68 0 9 24
a 1115 545 0 6874 50
a 1115 486 0 10 3
a 1115 618 0 4 24
a 1115 188 0 3 48
a 1115 37 0 8 10
a 1115 709 0 8 37
a 1117 1115 0 6874 6
a 1117 261 0 3 41
a 1117 680 0 2 43
a 1117 166 0 3 29
a 1117 446 0 7 31
a 1117 696 0 1 19
a 1117 500 0 6 15
a 1117 863 0 7 42
a 1137 894 0 6874 22
a 1137 395 0 4 24
a 1137 1023 0 3 48
a 1137 499 0 9 21
a 1137 364 0 3 17
a 1137 992 0 8 36
a 1137 382 0 1 3
a 1137 237 0 5 44
a 1137 920 0 9 33
a 1137 944 0 6 29
a 1137 694 0 6 48
a 1137 483 0 10 46
a 1137 953 0 7 17
a 1137 1139 0 5 16
a 1137 907 0 7 6
a 1137 741 0 9 50
a 1137 346 0 2 36
a 1137 739 0 6 35
a 1137 335 0 10 32
a 1137 642 0 8 37
a 1137 1046 0 1 3
a 1137 1098 0 4 5
a 1137 745 0 2 38
a 1137 750 0 5 36
a 1137 279 0 8 17
a 1137 781 0 5 24
a 1140 501 0 6874 41
a 1140 909 0 8 22
a 1140 957 0 1 9
a 1140 823 0 6 22
a 1140 524 0 8 23
a 1140 869 0 2 48
a 1140 571 0 8 11
a 1140 759 0 7 36
a 1140 750 0 5 20
a 1140 636 0 7 44
a 1140 146 0 9 2
a 1140 987 0 8 39
a 1140 287 0 3 33
a 1140 845 0 6 46
a 1140 1016 0 2 5
a 1140 1156 0 1 8
a 1140 910 0 3 6
a 1140 44 0 2 10
a 1140 677 0 8 17
a 1140 790 0 1 39
a 1140 593 0 2 50
a 1140 1032 0 5 46
a 1140 858 0 1 5
a 1140 452 0 7 11
a 1140 1135 0 10 16
a 1140 220 0 6 19
a 1140 163 0 3 23
a 1140 766 0 9 5
a 1140 186 0 4 14
a 1181 990 0 6874 38
a 1181 1034 0 4 45
a 1181 777 0 6 12
a 1181 800 0 9 31
a 1181 1081 0 4 20
a 1181 994 0 1 5
a 1182 1184 0 6874 50
a 1182 1014 0 6 23
a 1182 653 0 9 38
a 1182 115 0 3 24
a 1182 641 0 4 47
a 1182 85 0 4 18
a 1182 25 0 6 5
a 1182 1117 0 2 34
a 1182 1196 0 2 33
a 1182 1062 0 7 43
a 1182 1185 0 6 11
a 1182 183 0 1 34
a 1182 484 0 6 14
a 1182 446 0 3 8
a 1182 626 0 8 47
a 1182 882 0 6 50
a 1182 411 0 8 43
a 1182 780 0 6 12
a 1182 435 0 6 18
a 1182 1081 0 4 14
a 1184 247 0 6874 23
a 1184 708 0 5 8
a 1184 1134 0 6 28
a 1184 447 0 1 2
a 1184 73 0 1 29
a 1184 1039 0 8 2
a 1184 716 0 5 48
a 1184 1131 0 8 42
a 1184 1051 0 8 2
a 1184 733 0 1 21
a 1184 721 0 7 39
a 1184 586 0 6 12
a 1184 1183 0 8 44
a 1184 179 0 3 30
a 1184 1031 0 1 42
a 1184 301 0 5 48
a 1184 251 0 3 39
a 1184 1011 0 3 21
a 1184 455 0 10 33
a 1184 561 0 10 17
a 1184 305 0 7 22
a 1184 616 0 9 10
a 1184 414 0 3 8
a 1184 29 0 5 23
a 1184 681 0 6 38
a 1184 898 0 3 2
a 7 192 0 27 37
a 7 1044 0 8 1
a 28 831 0 27 36
a 28 569 0 1 34
a 28 1148 0 8 40
a 28 827 0 10 26
a 28 264 0 2 27
a 28 237 0 3 29
a 28 958 0 3 24
a 28 627 0 8 32
a 28 157 0 10 5
a 28 26 0 4 42
a 28 219 0 4 7
a 28 1192 0 2 26
a 28 451 0 7 11
a 28 936 0 4 45
a 28 620 0 9 34
a 28 116 0 1 2
a 28 254 0 1 47
a 28 825 0 1 50
a 28 312 0 2 17
a 30 877 0 27 50
a 30 568 0 2 32
a 30 114 0 7 2
a 30 835 0 7 35
a 30 864 0 5 19
a 30 432 0 10 16
a 30 1107 0 3 45
a 30 1036 0 1 1
a 30 173 0 10 11
a 30 565 0 5 44
a 30 44 0 6 38
a 30 1087 0 5 41
a 30 555 0 4 49
a 30 641 0 4 35
a 30 646 0 4 6
a 30 1094 0 4 4
a 30 1126 0 2 23
a 30 1176 0 1 25
a 30 550 0 8 28
a 36 956 0 27 47
a 36 326 0 2 23
a 36 574 0 9 30
a 36 362 0 5 22
a 36 601 0 2 50
a 36 721 0 8 15
a 36 113 0 2 8
a 36 748 0 3 48
a 36 428 0 9 10
a 36 952 0 4 25
a 36 1049 0 3 11
a 36 209 0 8 22
a 36 723 0 4 33
a 36 701 0 9 12
a 36 1085 0 5 38
a 36 538 0 9 19
a 36 1079 0 7 6
a 36 279 0 7 42
a 36 888 0 3 37
a 54 429 0 27 50
a 54 1154 0 1 6
a 54 1006 0 10 29
a 54 122 0 6 30
a 54 847 0 3 18
a 54 135 0 6 47
a 54 562 0 5 4
a 54 510 0 1 29
a 54 416 0 7 5
a 54 289 0 10 1
a 54 166 0 9 28
a 54 131 0 5 6
a 54 408 0 10 27
a 54 435 0 7 28
a 54 335 0 2 25
a 54 198 0 5 31
a 54 1002 0 8 2
a 54 196 0 10 22
a 54 977 0 7 41
a 54 719 0 9 9
a 93 308 0 27 18
a 93 488 0 10 46
a 93 320 0 5 19
a 93 960 0 7 30
a 109 1195 0 27 50
a 109 204 0 9 27
a 109 1004 0 6 17
a 109 93 0 6 15
a 109 1075 0 1 28
a 109 523 0 1 38
a 109 1081 0 6 5
a 109 550 0 4 15
a 109 583 0 10 20
a 109 1124 0 7 4
a 109 786 0 9 15
a 109 1165 0 6 18
a 109 218 0 7 45
a 126 454 0 27 50
a 126 755 0 7 42
a 126 309 0 1 25
a 126 697 0 4 24
a 126 649 0 6 16
a 126 824 0 1 8
a 126 165 0 3 1
a 126 412 0 4 27
a 126 1030 0 1 15
a 126 916 0 3 32
a 126 674 0 9 5
a 126 507 0 9 15
a 126 526 0 2 8
a 126 882 0 6 12
a 126 952 0 7 50
a 126 1017 0 2 44
a 126 701 0 4 26
a 126 517 0 10 7
a 126 986 0 4 28
a 134 909 0 27 50
a 134 846 0 4 33
a 134 20 0 7 22
a 134 241 0 2 22
a 134 1140 0 9 11
a 134 689 0 2 41
a 134 942 0 1 45
a 134 851 0 1 9
a 134 429 0 3 38
a 134 750 0 10 22
a 134 492 0 7 16
a 134 262 0 9 1
a 134 17 0 5 12
a 134 348 0 3 42
a 134 654 0 7 45
a 134 336 0 8 11
a 134 1182 0 2 37
a 134 542 0 10 33
a 134 426 0 9 27
a 134 86 0 9 25
a 134 443 0 8 6
a 134 885 0 5 27
a 134 1173 0 3 8
a 134 1053 0 10 13
a 134 979 0 5 5
a 134 352 0 3 18
a 134 47 0 3 21
a 134 869 0 4 25
a 147 814 0 27 38
a 147 1042 0 8 33
a 147 862 0 8 23
a 147 1045 0 3 30
a 147 38 0 7 49
a 147 584 0 5 19
a 147 754 0 1 19
a 147 1137 0 9 35
a 147 109 0 7 35
a 147 331 0 5 23
a 147 846 0 7 33
a 147 1066 0 1 30
a 147 683 0 10 39
a 147 91 0 9 43
a 147 377 0 3 26
a 147 430 0 2 33
a 147 242 0 7 35
a 147 824 0 8 16
a 147 661 0 5 44
a 147 1185 0 1 21
a 147 444 0 2 37
a 147 436 0 8 8
a 147 858 0 3 17
a 147 551 0 3 3
a 147 334 0 5 38
a 147 630 0 5 15
a 147 453 0 5 16
a 147 1048 0 8 20
a 147 788 0 8 2
a 166 206 0 27 50
a 166 791 0 10 42
a 166 21 0 8 38
a 166 80 0 7 10
a 166 646 0 4 35
a 166 388 0 7 28
a 166 177 0 2 9
a 175 719 0 27 50
a 175 456 0 6 33
a 175 918 0 10 35
a 175 93 0 2 35
a 175 753 0 6 7
a 175 283 0 3 11
a 175 167 0 1 20
a 175 476 0 7 32
a 175 124 0 10 24
a 188 134 0 27 37
a 188 412 0 8 6
a 188 127 0 5 21
a 188 751 0 9 48
a 188 1192 0 6 47
a 188 675 0 5 5
a 188 671 0 7 29
a 188 149 0 7 15
a 188 1012 0 2 35
a 188 326 0 10 23
a 188 905 0 5 15
a 188 617 0 5 40
a 188 537 0 5 17
a 188 892 0 4 12
a 188 998 0 6 30
a 188 91 0 8 33
a 188 936 0 2 40
a 188 306 0 6 44
a 188 230 0 1 31
a 188 117 0 5 7
a 188 941 0 5 33
a 188 376 0 10 29
a 188 156 0 1 42
a 192 330 0 27 30
a 192 396 0 1 26
a 192 1043 0 4 9
a 192 294 0 9 19
a 192 1164 0 8 46
a 192 1078 0 7 1
a 192 159 0 10 38
a 192 915 0 7 26
a 192 281 0 9 26
a 192 404 0 7 34
a 192 900 0 4 18
a 192 832 0 4 5
a 192 785 0 10 28
a 206 667 0 27 38
a 206 120 0 1 2
a 206 950 0 8 17
a 206 405 0 4 34
a 206 321 0 6 8
a 206 23 0 9 16
a 206 1183 0 4 2
a 206 1155 0 6 46
a 206 556 0 2 20
a 206 190 0 2 24
a 206 582 0 1 25
a 206 645 0 10 1
a 206 124 0 9 26
a 206 177 0 2 23
a 225 1055 0 27 50
a 225 572 0 1 50
a 225 1050 0 2 14
a 225 900 0 8 50
a 225 701 0 9 40
a 225 311 0 6 37
a 225 873 0 5 7
a 225 248 0 1 36
a 225 514 0 4 46
a 225 35 0 4 34
a 225 817 0 7 24
a 225 961 0 6 1
a 225 536 0 6 20
a 225 436 0 8 11
a 225 426 0 6 38
a 225 726 0 9 30
a 225 156 0 2 3
a 258 54 0 27 18
a 258 241 0 2 44
a 258 299 0 10 2
a 258 367 0 2 29
a 258 254 0 6 7
a 258 583 0 7 1
a 258 350 0 10 9
a 258 714 0 3 36
a 258 43 0 5 23
a 258 658 0 10 7
a 258 1130 0 9 31
a 258 22 0 10 35
a 258 1172 0 6 34
a 258 85 0 5 42
a 258 434 0 10 16
a 258 895 0 6 29
a 258 893 0 5 33
a 258 835 0 6 25
a 258 908 0 5 6
a 258 192 0 8 49
a 258 863 0 6 39
a 258 113 0 9 12
a 258 400 0 1 30
a 258 570 0 5 23
a 258 710 0 3 29
a 258 196 0 5 26
a 258 111 0 6 28
a 258 916 0 8 14
a 258 72 0 10 35
a 260 1101 0 27 31
a 260 619 0 8 36
a 260 141 0 8 26
a 260 455 0 9 32
a 260 1197 0 5 1
a 260 1006 0 10 13
a 260 850 0 8 27
a 308 506 0 27 47
a 308 556 0 2 43
a 308 572 0 4 28
a 308 1044 0 5 23
a 308 1164 0 5 22
a 308 1185 0 2 42
a 308 515 0 6 37
a 308 481 0 6 45
a 308 136 0 9 46
a 308 433 0 4 22
a 308 923 0 8 30
a 308 1180 0 6 38
a 308 496 0 6 49
a 308 993 0 9 17
a 308 700 0 6 9
a 308 1147 0 3 43
a 308 234 0 9 26
a 308 141 0 8 3
a 308 206 0 3 30
a 308 1186 0 10 39
a 308 210 0 4 19
a 308 873 0 2 33
a 308 710 0 9 11
a 308 1103 0 9 19
a 308 1094 0 1 7
a 308 747 0 2 28
a 308 859 0 6 43
a 308 909 0 7 48
a 308 658 0 9 37
a 308 677 0 3 28
a 317 806 0 27 50
a 317 1174 0 4 43
a 317 439 0 9 19
a 317 944 0 5 39
a 317 588 0 7 49
a 317 549 0 9 35
a 317 723 0 1 32
a 317 710 0 9 9
a 317 270 0 1 42
a 317 771 0 8 10
a 322 966 0 27 50
a 322 1078 0 6 20
a 322 19 0 1 14
a 322 498 0 5 32
a 322 405 0 6 8
a 322 412 0 1 46
a 322 1054 0 2 9
a 322 1198 0 10 49
a 322 186 0 8 47
a 322 331 0 3 26
a 322 664 0 3 44
a 322 799 0 10 37
a 322 106 0 5 47
a 322 666 0 3 49
a 322 854 0 1 18
a 322 1012 0 5 34
a 322 115 0 5 25
a 323 225 0 27 50
a 323 191 0 3 36
a 323 155 0 3 31
a 323 505 0 7 25
a 323 833 0 6 6
a 323 100 0 9 11
a 323 962 0 5 8
a 323 413 0 5 22
a 323 588 0 1 36
a 323 1024 0 1 8
a 323 1085 0 3 49
a 323 819 0 3 11
a 323 702 0 3 25
a 323 535 0 1 4
a 323 713 0 9 33
a 323 771 0 7 10
a 323 957 0 4 26
a 323 1081 0 7 16
a 323 1164 0 9 8
a 323 1180 0 5 41
a 323 717 0 2 13
a 323 622 0 3 24
a 323 318 0 8 36
a 323 111 0 4 30
a 323 521 0 8 10
a 323 1076 0 9 4
a 323 770 0 9 13
a 323 177 0 5 8
a 323 855 0 5 20
a 323 486 0 5 31
a 330 979 0 27 50
a 330 610 0 9 33
a 330 961 0 3 20
a 330 769 0 2 50
a 330 795 0 10 9
a 330 382 0 6 37
a 330 552 0 3 2
a 330 271 0 9 32
a 330 539 0 1 40
a 330 723 0 10 1
a 330 361 0 6 11
a 330 645 0 8 41
a 330 41 0 2 37
a 330 775 0 5 23
a 330 29 0 7 23
a 330 883 0 10 2
a 330 773 0 8 30
a 330 840 0 3 47
a 330 213 0 7 5
a 330 233 0 10 19
a 358 683 0 27 50
a 358 661 0 7 45
a 358 608 0 5 34
a 358 1137 0 5 49
a 358 767 0 10 43
a 358 616 0 5 40
a 358 431 0 1 41
a 358 924 0 9 28
a 358 359 0 8 18
a 358 285 0 4 10
a 358 61 0 10 40
a 363 617 0 27 8
a 363 909 0 9 23
a 363 696 0 5 21
a 363 58 0 7 5
a 363 1123 0 10 4
a 363 1069 0 3 6
a 363 134 0 1 49
a 363 1127 0 2 39
a 363 574 0 6 14
a 363 856 0 10 16
a 363 682 0 4 33
a 363 304 0 10 27
a 363 651 0 9 33
a 363 1049 0 9 21
a 363 318 0 10 22
a 363 455 0 10 45
a 363 451 0 2 44
a 363 548 0 7 40
a 363 31 0 7 47
a 363 78 0 6 23
a 363 946 0 8 12
a 363 842 0 8 18
a 363 1192 0 7 42
a 363 944 0 1 25
a 363 1188 0 7 10
a 389 580 0 27 10
a 389 784 0 8 25
a 389 856 0 9 27
a 389 754 0 5 18
a 389 791 0 2 36
a 389 359 0 9 1
a 389 383 0 2 5
a 389 526 0 5 17
a 389 649 0 4 23
a 389 128 0 4 3
a 389 546 0 6 15
a 389 296 0 8 35
a 389 476 0 1 30
a 389 1089 0 1 16
a 389 555 0 4 35
a 389 293 0 3 32
a 389 956 0 7 21
a 389 974 0 8 9
a 389 218 0 7 28
a 398 317 0 27 50
a 398 1137 0 9 21
a 398 60 0 1 9
a 398 880 0 4 13
a 398 1138 0 3 16
a 398 301 0 1 30
a 398 617 0 9 32
a 398 74 0 5 44
a 398 821 0 6 49
a 398 1124 0 4 41
a 429 260 0 27 50
a 429 151 0 7 38
a 429 1091 0 7 47
a 429 685 0 7 4
a 429 1112 0 10 5
a 429 926 0 8 50
a 429 1100 0 4 34
a 429 562 0 8 42
a 429 1070 0 6 48
a 429 623 0 5 13
a 429 543 0 8 20
a 429 501 0 10 22
a 429 323 0 3 25
a 429 299 0 3 8
a 429 1110 0 4 27
a 429 139 0 1 15
a 429 1012 0 10 31
a 429 848 0 8 4
a 429 644 0 3 46
a 429 1129 0 4 18
a 429 565 0 2 1
a 429 733 0 4 49
a 429 1055 0 1 5
a 429 934 0 3 34
a 429 975 0 6 47
a 429 978 0 8 9
a 444 1172 0 27 50
a 444 671 0 3 47
a 444 1135 0 9 24
a 444 684 0 4 18
a 444 197 0 6 31
a 444 908 0 8 49
a 444 365 0 9 36
a 444 623 0 6 31
a 444 46 0 4 37
a 444 232 0 2 11
a 444 91 0 6 23
a 444 592 0 6 4
a 444 149 0 8 36
a 444 852 0 1 27
a 444 1091 0 8 12
a 444 433 0 8 40
a 444 447 0 6 18
a 444 523 0 9 23
a 444 856 0 3 10
a 444 1178 0 8 40
a 444 269 0 1 7
a 444 1105 0 2 8
a 444 993 0 2 39
a 444 301 0 1 12
a 444 411 0 9 38
a 444 1029 0 4 11
a 444 200 0 1 37
a 444 911 0 1 50
a 444 201 0 1 9
a 454 1154 0 27 50
a 454 822 0 10 13
a 454 471 0 6 47
a 454 432 0 6 35
a 454 411 0 4 30
a 454 529 0 3 50
a 454 836 0 3 1
a 454 798 0 8 37
a 454 260 0 10 6
a 454 743 0 5 25
a 454 539 0 3 11
a 454 758 0 6 26
a 454 896 0 8 15
a 454 970 0 5 50
a 454 206 0 4 50
a 454 923 0 7 17
a 454 1007 0 1 29
a 454 715 0 5 22
a 454 1197 0 4 20
a 454 626 0 9 9
a 454 581 0 8 26
a 454 752 0 5 33
a 454 1105 0 3 49
a 454 343 0 1 41
a 454 385 0 5 15
a 454 278 0 6 28
a 469 30 0 27 50
a 469 109 0 3 46
a 469 190 0 4 48
a 469 22 0 1 18
a 482 444 0 27 50
a 482 750 0 5 16
a 482 417 0 4 28
a 482 918 0 1 1
a 482 488 0 10 10
a 482 1145 0 8 14
a 506 398 0 27 2
a 506 156 0 2 20
a 506 917 0 9 23
a 506 835 0 1 40
a 513 1017 0 27 50
a 513 342 0 2 31
a 513 410 0 1 37
a 513 1163 0 3 32
a 513 202 0 6 43
a 513 583 0 1 40
a 513 179 0 4 21
a 513 48 0 6 43
a 513 903 0 5 38
a 513 1185 0 3 12
a 513 58 0 9 18
a 513 448 0 9 8
a 513 349 0 4 41
a 513 891 0 5 31
a 513 623 0 8 28
a 513 494 0 3 12
a 513 672 0 2 11
a 513 1181 0 6 40
a 513 414 0 5 49
a 513 760 0 5 14
a 513 554 0 2 39
a 513 394 0 3 28
a 513 1030 0 10 24
a 513 1160 0 9 40
a 513 1028 0 9 2
a 513 590 0 7 7
a 513 369 0 1 3
a 513 224 0 10 26
a 513 33 0 7 25
a 513 732 0 7 3
a 527 528 0 27 50
a 527 1099 0 6 31
a 527 545 0 2 43
a 527 568 0 1 7
a 527 787 0 5 27
a 527 531 0 6 48
a 527 542 0 2 41
a 527 1029 0 5 26
a 527 282 0 4 15
a 527 335 0 9 36
a 527 351 0 9 30
a 527 985 0 8 9
a 527 166 0 4 42
a 527 110 0 9 35
a 528 1176 0 27 27
a 528 1180 0 10 14
a 528 1010 0 5 43
a 528 746 0 8 11
a 528 181 0 8 18
a 528 740 0 5 46
a 528 505 0 10 46
a 528 883 0 1 26
a 528 616 0 8 41
a 528 763 0 2 17
a 528 1177 0 6 33
a 528 368 0 10 40
a 528 1124 0 10 48
a 528 381 0 1 27
a 528 986 0 2 48
a 528 496 0 5 4
a 528 851 0 7 42
a 554 967 0 27 50
a 554 316 0 9 31
a 554 367 0 7 32
a 554 422 0 4 5
a 554 106 0 1 38
a 554 526 0 10 40
a 554 484 0 4 34
a 554 913 0 10 38
a 554 276 0 6 47
a 554 1063 0 5 22
a 554 612 0 8 35
a 554 239 0 2 12
a 554 339 0 2 22
a 554 494 0 3 25
a 554 1075 0 1 47
a 554 141 0 3 26
a 554 768 0 9 11
a 554 557 0 8 19
a 554 1102 0 2 10
a 580 1197 0 27 50
a 580 960 0 27 1
a 580 909 0 6 50
a 580 742 0 9 43
a 580 340 0 7 10
a 580 299 0 4 11
a 580 367 0 10 8
a 580 218 0 3 46
a 580 1064 0 1 22
a 580 219 0 10 43
a 580 38 0 6 9
a 580 253 0 1 36
a 580 964 0 2 28
a 580 678 0 1 28
a 580 871 0 4 35
a 580 292 0 2 31
a 580 395 0 3 35
a 580 1199 0 4 6
a 580 1114 0 8 41
a 580 947 0 3 3
a 580 421 0 4 17
a 580 1061 0 4 35
a 580 569 0 1 29
a 580 132 0 4 27
a 580 1042 0 8 21
a 580 1030 0 9 32
a 580 585 0 3 24
a 580 475 0 7 38
a 580 609 0 7 23
a 580 221 0 6 2
a 580 460 0 5 35
a 582 363 0 27 1
a 582 457 0 2 4
a 582 49 0 8 1
a 582 1174 0 9 29
a 582 921 0 4 22
a 582 444 0 4 23
a 582 957 0 9 16
a 582 703 0 5 15
a 582 154 0 6 9
a 582 342 0 8 37
a 582 1035 0 9 7
a 582 992 0 1 8
a 582 797 0 2 26
a 595 931 0 27 50
a 595 337 0 3 45
a 595 591 0 3 3
a 595 1153 0 3 4
a 595 790 0 1 23
a 616 650 0 27 46
a 616 1075 0 7 38
a 616 959 0 6 19
a 616 128 0 8 45
a 616 442 0 3 39
a 616 129 0 3 30
a 617 1166 0 27 50
a 617 235 0 5 22
a 617 588 0 9 24
a 617 830 0 8 19
a 617 1156 0 10 29
a 617 312 0 10 35
a 617 138 0 9 43
a 617 411 0 6 40
a 617 1034 0 2 32
a 617 114 0 1 23
a 617 1026 0 9 50
a 617 851 0 8 7
a 617 616 0 8 39
a 617 510 0 5 46
a 633 833 0 27 41
a 633 1072 0 1 2
a 633 72 0 1 34
a 633 852 0 4 36
a 633 798 0 4 49
a 633 1073 0 9 31
a 633 29 0 2 38
a 633 236 0 7 41
a 633 1027 0 3 15
a 633 1173 0 3 25
a 633 223 0 3 24
a 633 838 0 5 17
a 633 366 0 9 29
a 633 464 0 3 16
a 633 1068 0 6 34
a 633 869 0 2 19
a 633 859 0 4 21
a 633 406 0 7 29
a 633 873 0 8 5
a 633 731 0 7 36
a 633 1129 0 10 40
a 633 811 0 6 20
a 633 451 0 4 45
a 633 853 0 8 46
a 633 431 0 8 11
a 633 1082 0 2 44
a 633 245 0 4 14
a 650 36 0 27 50
a 650 529 0 8 9
a 650 172 0 5 23
a 650 873 0 10 22
a 650 860 0 7 18
a 650 22 0 5 35
a 650 682 0 7 42
a 650 474 0 8 6
a 650 1018 0 4 6
a 650 565 0 8 31
a 650 486 0 3 43
a 650 851 0 8 5
a 650 269 0 7 12
a 650 710 0 10 38
a 650 296 0 1 27
a 650 1066 0 3 20
a 650 390 0 5 21
a 650 1067 0 2 4
a 650 491 0 8 27
a 650 71 0 9 35
a 650 217 0 1 40
a 650 177 0 10 4
a 650 61 0 10 45
a 650 522 0 4 4
a 650 436 0 6 29
a 667 358 0 27 50
a 667 459 0 10 25
a 667 83 0 2 35
a 667 712 0 6 11
a 667 199 0 1 16
a 667 969 0 4 45
a 667 660 0 8 19
a 667 233 0 2 24
a 667 625 0 10 42
a 667 303 0 1 39
a 667 709 0 9 36
a 667 457 0 10 50
a 667 817 0 9 42
a 667 535 0 3 12
a 667 1199 0 4 22
a 667 596 0 2 1
a 667 845 0 7 10
a 667 298 0 5 2
a 667 570 0 9 4
a 667 262 0 1 7
a 667 426 0 3 47
a 667 1107 0 1 17
a 671 957 0 27 50
a 671 148 0 8 48
a 671 885 0 1 40
a 671 174 0 3 42
a 671 427 0 4 14
a 671 558 0 4 50
a 671 872 0 2 10
a 671 216 0 3 10
a 671 1050 0 5 49
a 671 1013 0 7 15
a 671 848 0 10 27
a 671 1199 0 1 36
a 671 381 0 5 43
a 671 770 0 4 48
a 671 1147 0 8 40
a 671 985 0 8 16
a 683 28 0 27 43
a 683 597 0 9 7
a 683 719 0 2 35
a 683 1119 0 3 25
a 683 933 0 10 48
a 683 496 0 2 37
a 683 504 0 7 35
a 683 1007 0 9 23
a 683 85 0 7 23
a 683 1022 0 3 6
a 683 1192 0 8 30
a 683 465 0 4 25
a 683 646 0 7 16
a 683 649 0 7 6
a 683 1030 0 3 13
a 683 323 0 1 39
a 683 112 0 1 44
a 683 76 0 10 49
a 683 549 0 3 34
a 683 540 0 9 13
a 683 402 0 8 45
a 683 230 0 3 44
a 683 607 0 7 17
a 719 482 0 27 8
a 719 926 0 10 38
a 719 100 0 8 18
a 719 72 0 7 35
a 719 60 0 8 12
a 719 467 0 7 31
a 719 430 0 5 22
a 719 742 0 2 32
a 719 931 0 3 6
a 719 674 0 4 2
a 719 540 0 10 17
a 783 166 0 27 50
a 783 296 0 8 36
a 783 539 0 5 21
a 783 715 0 8 22
a 783 168 0 5 46
a 783 287 0 7 27
a 783 696 0 10 42
a 783 687 0 1 46
a 783 504 0 5 41
a 783 192 0 5 31
a 783 238 0 10 19
a 783 109 0 6 9
a 783 270 0 9 44
a 783 93 0 9 14
a 783 253 0 3 27
a 783 1017 0 4 5
a 783 77 0 3 17
a 783 758 0 9 47
a 783 828 0 9 43
a 798 126 0 27 50
a 798 370 0 2 10
a 798 437 0 9 33
a 798 599 0 10 29
a 798 610 0 10 11
a 798 525 0 9 28
a 798 560 0 2 29
a 798 472 0 4 11
a 798 1194 0 4 29
a 798 29 0 1 50
a 798 1028 0 8 11
a 798 152 0 5 34
a 798 590 0 2 39
a 798 176 0 9 11
a 806 1041 0 27 50
a 806 1182 0 6 38
a 806 1034 0 10 41
a 806 195 0 1 26
a 806 710 0 2 18
a 806 487 0 4 39
a 806 812 0 8 16
a 806 842 0 8 19
a 806 575 0 2 41
a 806 1146 0 4 39
a 806 1160 0 1 7
a 814 109 0 27 50
a 814 74 0 9 24
a 814 608 0 6 45
a 814 712 0 4 46
a 814 1177 0 9 32
a 814 207 0 7 44
a 814 820 0 2 44
a 814 886 0 4 41
a 831 469 0 27 50
a 831 631 0 10 30
a 831 609 0 3 23
a 831 708 0 1 1
a 831 1141 0 6 4
a 831 540 0 8 38
a 831 556 0 7 2
a 831 42 0 8 11
a 831 1193 0 6 8
a 831 233 0 9 1
a 831 518 0 4 35
a 831 702 0 4 9
a 831 718 0 1 31
a 831 849 0 7 46
a 831 814 0 8 13
a 831 525 0 8 34
a 831 372 0 7 31
a 831 184 0 7 4
a 831 647 0 9 10
a 831 411 0 1 6
a 831 456 0 1 18
a 831 306 0 1 9
a 831 344 0 7 43
a 831 288 0 6 8
a 831 154 0 5 4
a 831 781 0 1 34
a 831 982 0 5 36
a 831 1192 0 5 50
a 833 1132 0 27 50
a 833 577 0 8 31
a 833 93 0 4 23
a 833 724 0 2 10
a 833 299 0 2 32
a 833 1000 0 8 34
a 833 1051 0 7 42
a 833 705 0 1 30
a 833 755 0 4 22
a 833 528 0 3 5
a 877 188 0 27 50
a 877 712 0 6 1
a 877 711 0 8 33
a 877 412 0 5 48
a 877 36 0 10 47
a 877 433 0 2 39
a 877 881 0 8 35
a 877 157 0 9 42
a 877 868 0 1 20
a 877 707 0 4 10
a 877 1107 0 8 26
a 877 376 0 4 21
a 877 803 0 10 46
a 877 762 0 7 43
a 877 373 0 8 30
a 877 597 0 8 21
a 877 35 0 7 41
a 877 1171 0 6 12
a 877 791 0 9 48
a 877 445 0 4 9
a 909 554 0 27 50
a 909 907 0 2 32
a 909 239 0 6 8
a 909 228 0 10 43
a 909 663 0 9 35
a 909 1143 0 2 40
a 909 106 0 5 39
a 909 72 0 8 1
a 909 164 0 3 38
a 909 184 0 9 17
a 909 377 0 8 5
a 909 445 0 2 29
a 909 795 0 3 25
a 909 415 0 8 48
a 909 235 0 2 16
a 909 571 0 4 49
a 909 162 0 10 13
a 909 900 0 10 20
a 909 119 0 2 19
a 909 715 0 1 30
a 909 1103 0 2 44
a 909 1164 0 7 49
a 909 691 0 1 27
a 909 725 0 9 11
a 930 798 0 27 50
a 930 482 0 7 48
a 930 598 0 10 2
a 930 472 0 10 11
a 930 294 0 6 29
a 930 851 0 10 34
a 930 575 0 1 24
a 930 260 0 7 14
a 930 303 0 5 15
a 930 1103 0 4 50
a 930 838 0 7 46
a 930 79 0 9 46
a 930 66 0 9 30
a 930 1168 0 2 24
a 930 224 0 10 1
a 931 1107 0 27 50
a 931 268 0 1 12
a 931 1154 0 7 21
a 931 878 0 9 5
a 931 1018 0 4 12
a 931 462 0 8 49
a 931 409 0 6 29
a 931 350 0 9 22
a 931 902 0 9 27
a 931 186 0 10 43
a 931 568 0 3 50
a 931 980 0 6 22
a 931 810 0 2 23
a 931 732 0 9 3
a 931 584 0 4 40
a 931 235 0 3 14
a 931 16 0 5 25
a 931 630 0 2 50
a 931 1126 0 8 25
a 931 444 0 1 7
a 931 690 0 4 46
a 931 1014 0 10 19
a 931 563 0 9 1
a 931 1193 0 9 39
a 931 673 0 6 30
a 931 251 0 9 8
a 951 1098 0 27 38
a 951 763 0 1 9
a 951 494 0 9 20
a 951 1019 0 8 18
a 951 568 0 8 22
a 951 198 0 2 49
a 951 225 0 2 27
a 951 399 0 1 39
a 951 367 0 2 45
a 956 951 0 27 50
a 956 880 0 10 21
a 956 561 0 7 28
a 956 859 0 3 31
a 956 171 0 10 42
a 956 458 0 3 17
a 956 40 0 3 9
a 956 1034 0 8 26
a 956 233 0 5 2
a 956 414 0 1 4
a 956 698 0 5 6
a 956 220 0 10 2
a 956 48 0 6 25
a 956 576 0 3 44
a 956 1071 0 4 18
a 957 322 0 27 50
a 957 598 0 6 45
a 957 803 0 4 13
a 957 448 0 5 7
a 957 487 0 1 32
a 957 897 0 9 12
a 957 1108 0 6 31
a 957 93 0 2 16
a 960 258 0 27 41
a 960 906 0 8 3
a 960 893 0 3 43
a 960 127 0 9 13
a 960 1196 0 10 8
a 960 320 0 7 4
a 960 379 0 3 32
a 960 945 0 8 36
a 960 924 0 4 44
a 960 71 0 7 31
a 960 764 0 4 8
a 960 171 0 9 21
a 960 46 0 5 9
a 960 112 0 5 47
a 960 1189 0 5 23
a 960 641 0 7 28
a 960 353 0 2 8
a 960 1183 0 5 17
a 961 527 0 27 4
a 961 420 0 3 45
a 961 946 0 6 36
a 961 146 0 8 37
a 961 214 0 9 40
a 961 617 0 9 14
a 961 1130 0 6 24
a 961 236 0 4 21
a 961 670 0 10 41
a 961 151 0 10 11
a 961 957 0 10 12
a 961 1055 0 6 13
a 961 434 0 4 9
a 961 589 0 3 18
a 961 1012 0 7 17
a 961 896 0 4 35
a 961 809 0 2 24
a 961 800 0 4 39
a 961 725 0 2 38
a 961 398 0 2 23
a 961 622 0 8 13
a 961 23 0 3 18
a 961 667 0 7 14
a 961 862 0 9 31
a 961 697 0 9 1
a 961 907 0 10 33
a 961 1018 0 1 22
a 961 313 0 7 18
a 961 796 0 9 30
a 961 738 0 7 27
a 961 238 0 1 31
a 966 1054 0 27 50
a 966 283 0 8 37
a 966 504 0 3 3
a 966 28 0 5 14
a 966 1093 0 1 16
a 966 902 0 2 24
a 966 989 0 2 32
a 966 543 0 1 39
a 966 502 0 9 43
a 966 856 0 7 26
a 966 79 0 2 16
a 966 474 0 5 12
a 966 423 0 5 36
a 966 184 0 4 26
a 966 418 0 8 12
a 966 164 0 5 46
a 966 820 0 10 42
a 966 890 0 6 8
a 966 275 0 6 13
a 966 1153 0 9 37
a 966 804 0 7 12
a 966 901 0 4 45
a 967 930 0 27 50
a 967 148 0 5 38
a 967 276 0 7 7
a 967 761 0 1 41
a 967 1188 0 9 8
a 967 315 0 9 18
a 967 442 0 1 18
a 967 219 0 10 9
a 967 1053 0 3 31
a 967 410 0 2 21
a 967 58 0 10 44
a 967 757 0 6 50
a 967 601 0 8 44
a 967 1056 0 8 16
a 967 179 0 2 46
a 967 286 0 10 7
a 967 385 0 5 10
a 967 890 0 6 41
a 967 456 0 4 17
a 967 797 0 3 36
a 967 206 0 5 21
a 967 1096 0 2 25
a 967 121 0 10 31
a 967 860 0 3 20
a 967 965 0 10 15
a 967 196 0 8 28
a 967 603 0 6 20
a 967 310 0 10 25
a 967 787 0 6 42
a 967 1104 0 10 32
a 967 199 0 3 27
a 979 633 0 27 20
a 979 434 0 8 29
a 979 209 0 3 17
a 979 1160 0 3 38
a 979 317 0 10 9
a 979 374 0 1 24
a 979 648 0 9 5
a 979 754 0 3 20
a 979 179 0 3 23
a 979 239 0 8 27
a 979 835 0 5 34
a 979 759 0 9 22
a 979 866 0 5 21
a 979 1158 0 8 12
a 979 877 0 5 41
a 982 671 0 27 50
a 982 128 0 4 22
a 982 970 0 7 24
a 982 992 0 10 44
a 982 548 0 5 16
a 982 647 0 10 22
a 982 136 0 9 37
a 982 818 0 4 18
a 982 765 0 7 29
a 982 1047 0 5 42
a 982 1166 0 10 9
a 982 1062 0 4 22
a 982 584 0 4 35
a 982 469 0 8 2
a 982 1109 0 8 46
a 1017 1147 0 27 50
a 1017 836 0 3 36
a 1017 948 0 10 18
a 1017 733 0 8 48
a 1017 1175 0 10 12
a 1017 855 0 9 14
a 1017 357 0 6 33
a 1017 491 0 3 3
a 1017 767 0 4 24
a 1041 783 0 27 29
a 1041 424 0 1 12
a 1041 214 0 2 6
a 1041 761 0 1 6
a 1041 621 0 5 28
a 1041 654 0 3 15
a 1041 99 0 10 21
a 1041 941 0 2 29
a 1041 721 0 2 8
a 1041 1028 0 9 21
a 1041 378 0 7 37
a 1041 320 0 8 29
a 1041 87 0 3 21
a 1041 631 0 8 39
a 1041 121 0 3 9
a 1041 100 0 6 31
a 1041 751 0 4 39
a 1041 439 0 2 5
a 1041 826 0 6 24
a 1041 961 0 1 33
a 1054 595 0 27 50
a 1054 310 0 9 46
a 1054 688 0 6 24
a 1054 623 0 6 29
a 1054 699 0 3 44
a 1054 465 0 10 20
a 1054 257 0 1 48
a 1054 934 0 6 34
a 1054 565 0 8 36
a 1054 782 0 2 15
a 1054 870 0 1 46
a 1054 499 0 7 27
a 1054 668 0 10 11
a 1054 1016 0 8 47
a 1054 847 0 9 39
a 1054 741 0 1 31
a 1054 729 0 6 14
a 1054 1018 0 7 49
a 1054 856 0 3 23
a 1055 961 0 27 50
a 1055 814 0 9 24
a 1055 242 0 6 47
a 1055 1019 0 1 11
a 1055 407 0 6 17
a 1055 339 0 3 27
a 1055 608 0 8 14
a 1055 552 0 7 17
a 1055 558 0 5 28
a 1055 241 0 5 17
a 1055 989 0 4 49
a 1067 389 0 27 50
a 1067 17 0 1 19
a 1067 507 0 9 41
a 1086 93 0 27 50
a 1086 1045 0 4 43
a 1086 635 0 5 13
a 1086 733 0 10 44
a 1086 142 0 3 42
a 1086 185 0 6 33
a 1086 935 0 6 5
a 1086 782 0 2 46
a 1086 643 0 10 17
a 1086 121 0 5 3
a 1086 626 0 1 28
a 1086 773 0 1 39
a 1086 1132 0 2 1
a 1086 539 0 7 1
a 1086 227 0 6 35
a 1086 1199 0 6 30
a 1086 433 0 8 31
a 1086 775 0 9 37
a 1086 1018 0 6 31
a 1086 1153 0 7 31
a 1086 64 0 6 24
a 1086 532 0 6 43
a 1098 323 0 27 50
a 1098 963 0 7 22
a 1098 1031 0 2 35
a 1098 913 0 8 5
a 1098 516 0 2 28
a 1098 1002 0 1 45
a 1098 828 0 8 28
a 1098 140 0 9 28
a 1101 616 0 27 50
a 1101 166 0 6 11
a 1101 570 0 4 5
a 1101 862 0 2 24
a 1101 791 0 4 25
a 1101 763 0 4 26
a 1101 69 0 4 19
a 1101 1125 0 10 36
a 1101 889 0 5 31
a 1101 1078 0 7 46
a 1101 695 0 7 50
a 1101 873 0 8 27
a 1101 398 0 10 27
a 1107 1086 0 27 35
a 1107 818 0 1 13
a 1107 840 0 8 42
a 1107 377 0 2 19
a 1107 92 0 7 12
a 1107 234 0 8 39
a 1107 317 0 10 46
a 1107 1103 0 1 50
a 1107 665 0 2 46
a 1107 286 0 9 34
a 1107 1108 0 9 38
a 1107 618 0 6 34
a 1107 992 0 2 34
a 1107 166 0 3 21
a 1107 547 0 2 9
a 1107 964 0 4 4
a 1107 754 0 2 25
a 1107 211 0 4 17
a 1107 367 0 4 19
a 1107 1136 0 5 25
a 1107 892 0 6 2
a 1107 303 0 8 17
a 1107 326 0 7 24
a 1107 958 0 9 23
a 1107 738 0 6 2
a 1107 325 0 3 8
a 1107 43 0 3 21
a 1107 485 0 10 12
a 1107 860 0 1 40
a 1107 1184 0 2 31
a 1107 242 0 7 27
a 1107 543 0 2 45
a 1132 982 0 27 50
a 1132 922 0 6 31
a 1132 640 0 4 29
a 1132 1019 0 1 22
a 1132 468 0 1 43
a 1132 682 0 10 30
a 1132 852 0 10 30
a 1132 269 0 6 1
a 1132 547 0 10 49
a 1132 1107 0 8 13
a 1132 613 0 10 34
a 1132 781 0 3 12
a 1132 1102 0 8 1
a 1132 786 0 4 50
a 1132 18 0 1 22
a 1132 330 0 6 22
a 1147 1158 0 27 12
a 1147 670 0 4 32
a 1147 714 0 1 44
a 1154 513 0 27 32
a 1154 385 0 10 34
a 1154 785 0 4 1
a 1154 117 0 4 43
a 1154 1044 0 8 48
a 1154 666 0 9 48
a 1154 68 0 3 10
a 1154 245 0 5 10
a 1154 605 0 6 4
a 1154 618 0 4 14
a 1154 1159 0 10 34
a 1154 1058 0 4 29
a 1154 393 0 10 26
a 1154 923 0 1 50
a 1154 625 0 4 4
a 1154 1008 0 7 41
a 1154 391 0 2 3
a 1154 738 0 6 39
a 1154 516 0 2 8
a 1154 953 0 6 23
a 1154 448 0 5 34
a 1154 772 0 6 49
a 1154 697 0 5 30
a 1158 582 0 27 19
a 1158 433 0 6 42
a 1158 350 0 3 35
a 1158 319 0 1 15
a 1158 1190 0 8 19
a 1158 650 0 5 39
a 1158 877 0 5 4
a 1158 414 0 5 15
a 1158 389 0 6 37
a 1158 225 0 10 32
a 1158 55 0 8 8
a 1158 679 0 5 9
a 1158 813 0 6 26
a 1158 253 0 6 9
a 1158 1117 0 1 44
a 1158 381 0 4 25
a 1158 763 0 2 38
a 1158 1189 0 1 8
a 1158 97 0 5 17
a 1158 635 0 8 7
a 1158 904 0 2 31
a 1158 667 0 1 18
a 1158 757 0 1 24
a 1158 715 0 6 19
a 1158 663 0 10 26
a 1158 1110 0 9 50
a 1158 140 0 10 10
a 1158 59 0 8 41
a 1166 1067 0 27 44
a 1166 212 0 4 40
a 1166 1068 0 5 49
a 1166 423 0 7 7
a 1166 20 0 8 5
a 1166 115 0 9 38
a 1166 976 0 8 10
a 1166 471 0 9 2
a 1166 53 0 5 12
a 1166 504 0 2 41
a 1166 1183 0 7 12
a 1166 904 0 9 50
a 1166 584 0 5 44
a 1166 267 0 10 7
a 1166 197 0 10 5
a 1166 295 0 8 21
a 1172 147 0 27 47
a 1172 699 0 4 34
a 1172 668 0 2 49
a 1172 255 0 2 42
a 1172 1052 0 8 49
a 1172 619 0 10 32
a 1172 900 0 8 4
a 1172 158 0 2 31
a 1172 840 0 9 14
a 1172 966 0 10 30
a 1176 175 0 27 50
a 1176 853 0 9 13
a 1176 917 0 3 17
a 1176 891 0 3 23
a 1176 492 0 9 38
a 1176 985 0 2 35
a 1176 347 0 3 32
a 1176 451 0 4 12
a 1176 94 0 3 40
a 1176 117 0 6 18
a 1176 924 0 10 27
a 1176 863 0 2 39
a 1176 748 0 1 27
a 1176 596 0 8 14
a 1176 783 0 3 17
a 1176 1092 0 4 11
a 1176 847 0 9 7
a 1176 425 0 9 30
a 1176 1101 0 10 2
a 1176 60 0 1 21
a 1176 212 0 2 29
a 1176 868 0 10 1
a 1176 144 0 4 47
a 1176 477 0 3 6
a 1176 84 0 7 44
a 1176 635 0 7 47
a 1176 186 0 3 49
a 1176 360 0 8 24
a 8 320 0 3858 50
a 8 987 0 5 1
a 8 299 0 1 28
a 8 480 0 9 45
a 8 34 0 3 4
a 8 1181 0 6 4
a 8 340 0 1 32
a 8 184 0 5 45
a 8 1112 0 6 12
a 8 852 0 5 22
a 8 1024 0 5 42
a 8 93 0 5 45
a 8 423 0 2 23
a 8 130 0 5 3
a 8 1180 0 7 27
a 8 674 0 7 13
a 8 453 0 7 12
a 8 48 0 6 49
a 8 478 0 5 7
a 21 251 0 3858 5
a 21 1082 0 1 38
a 21 525 0 10 30
a 21 326 0 7 21
a 21 475 0 1 41
a 21 228 0 3 9
a 21 791 0 3 7
a 21 104 0 8 34
a 21 669 0 2 31
a 21 1178 0 6 8
a 21 681 0 2 24
a 21 572 0 8 12
a 21 78 0 2 19
a 21 399 0 6 12
a 21 501 0 7 6
a 21 915 0 9 46
a 21 673 0 3 43
a 21 291 0 7 9
a 21 1194 0 2 42
a 21 877 0 10 17
a 21 309 0 8 17
a 21 484 0 4 33
a 21 120 0 2 43
a 21 321 0 6 4
a 21 848 0 6 4
a 21 962 0 9 6
a 21 969 0 6 34
a 21 34 0 6 22
a 21 318 0 9 27
a 21 565 0 2 9
a 21 1023 0 10 27
a 21 650 0 10 5
a 31 810 0 3858 33
a 31 1073 0 2 39
a 31 164 0 6 16
a 31 62 0 7 4
a 31 662 0 6 28
a 31 901 0 2 24
a 31 23 0 3 23
a 31 204 0 4 7
a 31 200 0 9 26
a 31 636 0 1 34
a 31 392 0 5 4
a 31 407 0 9 48
a 31 118 0 10 41
a 31 519 0 8 1
a 31 623 0 9 46
a 31 112 0 1 25
a 31 151 0 9 11
a 31 444 0 3 10
a 31 631 0 4 34
a 31 462 0 8 38
a 31 1171 0 5 50
a 31 279 0 2 32
a 31 1018 0 5 30
a 31 1103 0 2 5
a 31 871 0 5 21
a 31 211 0 5 41
a 31 557 0 6 31
a 31 848 0 9 21
a 31 823 0 1 2
a 40 473 0 3858 17
a 40 175 0 3 44
a 40 1117 0 1 14
a 40 1161 0 6 26
a 40 523 0 6 34
a 40 906 0 5 26
a 40 455 0 4 35
a 40 1124 0 2 11
a 40 976 0 3 45
a 40 73 0 8 38
a 40 180 0 10 12
a 40 736 0 3 4
a 40 1166 0 5 3
a 40 349 0 9 2
a 40 89 0 7 44
a 40 38 0 7 33
a 40 974 0 10 7
a 40 463 0 1 31
a 40 660 0 7 49
a 40 912 0 8 17
a 40 42 0 7 30
a 40 262 0 1 38
a 80 918 0 3858 1
a 80 500 0 6 16
a 80 966 0 10 33
a 80 1016 0 1 38
a 80 833 0 5 4
a 80 229 0 2 20
a 80 1189 0 1 8
a 80 132 0 7 38
a 80 1085 0 6 2
a 80 764 0 2 5
a 80 554 0 3 13
a 80 870 0 9 10
a 80 515 0 2 32
a 80 499 0 5 41
a 80 410 0 2 36
a 80 215 0 4 16
a 80 1086 0 2 39
a 80 958 0 6 29
a 80 1103 0 10 21
a 80 267 0 3 27
a 80 371 0 6 14
a 80 544 0 7 41
a 80 577 0 2 1
a 80 128 0 3 42
a 80 130 0 3 32
a 80 355 0 2 30
a 80 1094 0 2 19
a 80 654 0 5 47
a 81 180 0 3858 50
a 81 952 0 6 15
a 81 225 0 3 20
a 81 922 0 1 22
a 81 1145 0 5 18
a 81 742 0 4 11
a 81 662 0 10 29
a 81 478 0 4 8
a 81 243 0 8 42
a 81 137 0 3 41
a 81 1095 0 4 44
a 81 836 0 6 38
a 81 848 0 4 19
a 81 565 0 8 49
a 81 165 0 8 41
a 81 1031 0 3 46
a 120 709 0 3858 3
a 120 672 0 1 14
a 120 844 0 9 42
a 120 1103 0 10 43
a 120 233 0 9 10
a 120 69 0 10 37
a 120 776 0 1 36
a 120 37 0 2 31
a 120 708 0 3 13
a 120 282 0 6 38
a 120 1026 0 6 49
a 120 1150 0 3 31
a 120 689 0 2 7
a 120 1118 0 10 16
a 136 286 0 3858 50
a 136 695 0 6 41
a 136 465 0 1 4
a 136 946 0 6 2
a 136 434 0 9 2
a 136 938 0 9 13
a 136 475 0 7 41
a 136 821 0 7 16
a 136 411 0 4 34
a 136 341 0 3 2
a 136 1051 0 9 29
a 136 711 0 10 2
a 136 340 0 10 29
a 136 510 0 8 45
a 136 1025 0 6 43
a 136 284 0 6 27
a 136 962 0 2 48
a 136 318 0 1 22
a 136 1105 0 9 26
a 136 1052 0 10 22
a 136 339 0 7 3
a 136 678 0 10 21
a 136 846 0 6 12
a 136 987 0 5 2
a 146 539 0 3858 19
a 146 553 0 9 44
a 146 23 0 3 18
a 146 923 0 2 1
a 146 915 0 1 8
a 146 485 0 10 30
a 146 911 0 9 5
a 146 597 0 1 36
a 146 397 0 10 29
a 146 668 0 3 29
a 146 400 0 4 26
a 146 842 0 5 49
a 146 409 0 7 30
a 146 862 0 9 7
a 146 812 0 9 27
a 146 1070 0 4 3
a 146 871 0 7 1
a 146 558 0 5 20
a 146 482 0 6 45
a 146 1099 0 6 24
a 146 1007 0 6 39
a 146 836 0 4 7
a 146 106 0 6 19
a 146 347 0 9 39
a 167 763 0 3858 43
a 167 369 0 6 19
a 168 375 0 3858 9
a 168 759 0 1 41
a 168 323 0 3 2
a 168 1034 0 10 24
a 168 1068 0 3 12
a 168 192 0 4 36
a 168 458 0 7 20
a 168 724 0 10 45
a 168 757 0 1 36
a 180 146 0 3858 50
a 180 855 0 6 18
a 180 1069 0 6 30
a 180 396 0 9 28
a 180 1160 0 3 6
a 180 32 0 9 36
a 180 514 0 2 8
a 180 61 0 8 42
a 180 890 0 2 9
a 180 171 0 4 45
a 180 255 0 8 29
a 180 953 0 7 42
a 180 722 0 9 22
a 180 120 0 8 13
a 180 1191 0 8 31
a 180 1179 0 3 46
a 180 234 0 4 40
a 180 689 0 3 10
a 180 992 0 5 24
a 180 1049 0 6 50
a 180 339 0 5 7
a 204 805 0 3858 50
a 204 232 0 1 30
a 204 730 0 4 35
a 204 221 0 1 28
a 204 454 0 7 46
a 204 706 0 1 27
a 204 302 0 7 11
a 204 545 0 6 40
a 204 951 0 10 5
a 204 248 0 8 36
a 204 983 0 9 7
a 204 438 0 1 7
a 204 262 0 9 32
a 204 543 0 1 2
a 204 154 0 8 50
a 204 1107 0 3 36
a 204 407 0 5 22
a 204 134 0 9 3
a 204 219 0 8 31
a 204 887 0 1 22
a 208 834 0 3858 12
a 208 348 0 9 41
a 208 622 0 2 19
a 208 454 0 1 29
a 211 352 0 3858 50
a 211 557 0 4 46
a 211 982 0 4 30
a 211 216 0 3 13
a 211 871 0 4 2
a 211 121 0 4 10
a 211 846 0 4 16
a 211 35 0 4 41
a 211 1165 0 5 13
a 211 310 0 7 35
a 211 1136 0 6 38
a 211 275 0 10 12
a 211 536 0 5 21
a 211 130 0 5 33
a 211 206 0 5 50
a 211 970 0 10 20
a 211 308 0 1 32
a 211 1109 0 4 45
a 211 149 0 5 12
a 211 479 0 2 40
a 211 535 0 4 6
a 211 53 0 1 15
a 211 630 0 4 27
a 211 760 0 10 45
a 211 179 0 7 17
a 250 581 0 3858 33
a 250 1186 0 3858 1
a 250 893 0 7 17
a 250 133 0 5 24
a 250 947 0 3 33
a 250 505 0 3 3
a 250 693 0 6 43
a 250 876 0 4 50
a 250 643 0 4 41
a 250 777 0 10 26
a 250 1043 0 1 17
a 250 17 0 3 42
a 250 861 0 1 37
a 250 185 0 6 29
a 250 488 0 3 25
a 250 663 0 7 23
a 251 940 0 3858 50
a 251 686 0 10 13
a 251 443 0 7 44
a 251 1179 0 3 12
a 251 478 0 7 27
a 251 279 0 2 38
a 251 1046 0 10 31
a 251 1111 0 1 8
a 251 546 0 5 25
a 251 1091 0 7 2
a 251 644 0 6 23
a 251 873 0 6 16
a 251 895 0 10 25
a 251 336 0 8 21
a 251 114 0 8 23
a 251 1162 0 10 12
a 251 40 0 3 10
a 251 455 0 9 31
a 251 297 0 9 25
a 251 1001 0 10 18
a 251 175 0 10 23
a 251 521 0 3 22
a 252 1149 0 3858 12
a 252 832 0 7 29
a 252 789 0 6 48
a 252 527 0 3 13
a 252 609 0 6 47
a 252 185 0 5 14
a 252 186 0 4 32
a 252 180 0 8 40
a 252 1141 0 3 9
a 252 612 0 3 6
a 252 507 0 3 37
a 252 734 0 4 38
a 252 333 0 2 6
a 252 631 0 5 15
a 252 28 0 6 20
a 254 1116 0 3858 50
a 254 199 0 6 15
a 254 624 0 2 1
a 270 502 0 3858 24
a 270 1162 0 1 39
a 270 671 0 1 50
a 270 148 0 10 22
a 270 601 0 3 12
a 270 688 0 5 40
a 270 393 0 1 43
a 270 1019 0 6 42
a 270 1179 0 1 4
a 270 1026 0 10 38
a 270 280 0 10 20
a 286 1020 0 3858 40
a 286 993 0 7 44
a 286 337 0 8 14
a 286 736 0 1 21
a 286 777 0 3 39
a 286 252 0 9 34
a 286 1166 0 9 33
a 286 907 0 2 22
a 286 1145 0 10 20
a 290 120 0 3858 13
a 290 314 0 6 44
a 290 632 0 9 39
a 290 725 0 7 40
a 290 312 0 1 7
a 290 490 0 2 24
a 290 134 0 6 17
a 290 324 0 9 14
a 290 618 0 8 33
a 297 827 0 3858 42
a 297 1182 0 2 43
a 297 498 0 6 10
a 297 108 0 5 49
a 297 524 0 3 41
a 297 512 0 5 35
a 297 387 0 2 45
a 297 516 0 10 50
a 297 168 0 4 26
a 297 1123 0 8 34
a 297 943 0 9 12
a 320 523 0 3858 50
a 320 556 0 10 42
a 320 782 0 1 7
a 320 1165 0 3 13
a 320 434 0 8 9
a 320 552 0 2 11
a 320 907 0 7 8
a 320 726 0 10 8
a 320 1048 0 4 5
a 320 1182 0 2 9
a 320 488 0 8 24
a 320 640 0 4 4
a 320 1098 0 7 17
a 320 393 0 6 45
a 345 254 0 3858 17
a 345 54 0 6 16
a 345 99 0 5 1
a 345 73 0 8 26
a 345 89 0 9 43
a 345 931 0 5 43
a 352 252 0 3858 13
a 352 1092 0 6 36
a 352 794 0 10 11
a 352 1046 0 6 21
a 352 817 0 4 16
a 352 347 0 3 21
a 352 323 0 7 7
a 352 315 0 8 28
a 352 1030 0 2 9
a 352 582 0 7 19
a 352 652 0 6 7
a 352 657 0 5 16
a 352 292 0 9 43
a 352 572 0 4 26
a 352 1039 0 7 15
a 352 1091 0 8 49
a 352 258 0 1 4
a 352 341 0 3 48
a 352 731 0 10 13
a 352 235 0 9 49
a 352 374 0 8 49
a 352 739 0 9 31
a 352 497 0 5 16
a 352 932 0 6 46
a 367 1118 0 3858 50
a 367 594 0 7 7
a 367 552 0 4 8
a 367 775 0 6 8
a 367 298 0 2 40
a 367 476 0 2 35
a 367 1113 0 9 27
a 367 449 0 5 49
a 367 840 0 3 47
a 367 1112 0 3 14
a 367 877 0 9 48
a 367 1038 0 4 15
a 367 124 0 9 31
a 367 406 0 1 12
a 367 542 0 1 48
a 367 278 0 6 34
a 367 160 0 6 43
a 367 770 0 8 41
a 367 980 0 7 21
a 367 308 0 5 35
a 367 240 0 4 19
a 367 874 0 2 20
a 367 1124 0 3 20
a 367 750 0 5 6
a 367 1147 0 8 43
a 367 569 0 4 16
a 367 679 0 8 10
a 367 1023 0 6 10
a 367 682 0 1 41
a 367 903 0 3 38
a 375 1160 0 3858 41
a 375 976 0 7 41
a 375 139 0 6 32
a 375 51 0 4 17
a 375 387 0 1 10
a 375 541 0 2 8
a 375 307 0 1 21
a 375 853 0 1 6
a 375 832 0 10 49
a 375 815 0 7 25
a 375 1000 0 3 37
a 375 159 0 8 6
a 375 301 0 2 46
a 375 232 0 2 1
a 375 398 0 6 19
a 375 956 0 6 23
a 375 492 0 8 36
a 375 135 0 4 2
a 375 174 0 9 22
a 375 880 0 7 41
a 375 905 0 6 35
a 375 1057 0 10 27
a 375 940 0 5 21
a 375 716 0 10 37
a 375 140 0 7 42
a 375 1072 0 7 32
a 375 825 0 7 11
a 375 84 0 2 50
a 375 577 0 1 27
a 420 531 0 3858 22
a 420 54 0 10 29
a 420 142 0 6 36
a 420 326 0 2 10
a 420 750 0 7 49
a 420 358 0 9 40
a 420 545 0 9 1
a 420 187 0 7 49
a 420 1016 0 1 30
a 420 655 0 5 43
a 420 982 0 10 34
a 420 75 0 4 18
a 420 165 0 6 50
a 420 961 0 10 27
a 420 208 0 7 23
a 420 392 0 9 14
a 420 648 0 4 19
a 420 943 0 5 12
a 420 827 0 8 22
a 420 1028 0 8 11
a 420 319 0 6 50
a 420 843 0 1 50
a 420 621 0 7 7
a 420 489 0 9 35
a 420 399 0 6 40
a 420 626 0 7 38
a 420 867 0 3 25
a 420 161 0 3 50
a 422 40 0 3858 22
a 422 266 0 10 15
a 422 62 0 3 27
a 422 232 0 9 50
a 422 535 0 5 30
a 422 995 0 9 26
a 422 933 0 5 6
a 422 128 0 1 5
a 422 383 0 5 15
a 422 962 0 10 9
a 422 174 0 3 37
a 422 1158 0 9 10
a 422 1165 0 5 16
a 422 552 0 6 26
a 422 717 0 9 1
a 422 17 0 1 38
a 422 840 0 6 45
a 422 538 0 5 14
a 438 771 0 3858 50
a 438 524 0 2 31
a 438 632 0 3 37
a 438 565 0 10 3
a 438 1150 0 7 5
a 438 705 0 9 43
a 438 687 0 2 45
a 438 269 0 5 24
a 438 57 0 1 21
a 438 437 0 7 49
a 438 633 0 9 25
a 438 713 0 3 40
a 442 211 0 3858 19
a 442 738 0 3 37
a 442 961 0 1 12
a 442 282 0 2 13
a 442 766 0 6 4
a 442 233 0 6 47
a 442 433 0 8 15
a 442 580 0 3 7
a 442 235 0 6 1
a 442 173 0 6 46
a 442 424 0 5 45
a 442 183 0 6 34
a 442 320 0 6 13
a 442 230 0 7 4
a 442 1072 0 3 21
a 442 1010 0 9 8
a 442 478 0 4 17
a 442 614 0 7 42
a 442 1191 0 2 20
a 473 537 0 3858 9
a 473 397 0 4 40
a 473 487 0 2 2
a 473 811 0 5 19
a 473 1173 0 8 31
a 473 82 0 6 23
a 473 498 0 5 42
a 473 1189 0 8 21
a 473 729 0 1 2
a 473 1182 0 9 26
a 473 149 0 3 13
a 473 17 0 7 3
a 473 303 0 7 27
a 473 651 0 9 14
a 473 929 0 4 25
a 473 413 0 7 32
a 473 632 0 3 35
a 473 402 0 5 3
a 473 242 0 9 2
a 473 250 0 6 14
a 476 699 0 3858 50
a 476 150 0 3 3
a 476 478 0 10 46
a 476 686 0 7 49
a 476 245 0 6 34
a 476 300 0 10 25
a 476 1183 0 6 30
a 476 117 0 4 30
a 476 124 0 4 25
a 476 1054 0 5 41
a 476 458 0 3 45
a 476 916 0 5 36
a 476 152 0 4 42
a 476 138 0 5 28
a 476 25 0 9 10
a 476 137 0 2 40
a 476 147 0 6 27
a 476 143 0 9 46
a 487 136 0 3858 50
a 487 274 0 9 49
a 487 201 0 3 10
a 487 791 0 4 12
a 487 804 0 8 15
a 487 915 0 2 39
a 487 320 0 8 48
a 487 484 0 5 31
a 487 756 0 3 39
a 487 330 0 4 30
a 487 89 0 4 47
a 491 740 0 3858 50
a 491 1137 0 4 12
a 491 328 0 5 10
a 491 186 0 9 10
a 491 231 0 10 44
a 491 106 0 8 42
a 491 669 0 2 18
a 491 443 0 10 45
a 491 294 0 4 17
a 491 702 0 3 32
a 491 971 0 4 41
a 491 240 0 3 6
a 491 843 0 10 23
a 491 960 0 3 10
a 491 285 0 5 22
a 491 247 0 6 34
a 502 955 0 3858 8
a 502 1035 0 8 11
a 502 717 0 5 12
a 502 297 0 3 25
a 502 675 0 9 34
a 502 46 0 10 3
a 502 234 0 3 47
a 502 425 0 7 10
a 502 447 0 1 20
a 502 617 0 5 37
a 502 762 0 3 22
a 502 138 0 1 35
a 502 588 0 7 6
a 502 422 0 4 4
a 502 459 0 4 36
a 502 250 0 8 47
a 502 92 0 7 48
a 502 619 0 4 22
a 502 1132 0 3 17
a 502 481 0 6 30
a 502 67 0 10 28
a 502 689 0 1 21
a 502 403 0 7 49
a 502 855 0 9 48
a 502 503 0 5 44
a 502 558 0 5 8
a 502 935 0 5 45
a 502 237 0 7 32
a 502 826 0 6 41
a 502 218 0 1 42
a 507 345 0 3858 50
a 507 253 0 8 41
a 507 904 0 2 37
a 507 820 0 10 37
a 509 420 0 3858 5
a 509 197 0 1 20
a 509 1125 0 2 8
a 509 230 0 9 45
a 509 666 0 9 48
a 509 645 0 4 24
a 509 501 0 7 17
a 509 97 0 6 6
a 509 18 0 5 33
a 509 142 0 2 26
a 509 339 0 1 31
a 509 920 0 3 25
a 509 1142 0 3 32
a 509 663 0 2 30
a 509 941 0 3 45
a 509 209 0 5 10
a 509 458 0 4 8
a 509 876 0 1 12
a 509 725 0 10 40
a 509 1101 0 7 8
a 509 694 0 9 38
a 509 277 0 2 21
a 512 167 0 3858 50
a 512 61 0 6 17
a 512 338 0 6 24
a 512 873 0 9 25
a 512 989 0 1 43
a 512 481 0 5 1
a 512 160 0 3 11
a 512 907 0 5 28
a 512 204 0 3 26
a 512 1008 0 1 16
a 512 538 0 9 48
a 523 31 0 3858 32
a 523 723 0 9 47
a 523 231 0 10 19
a 523 21 0 5 41
a 523 1126 0 4 4
a 523 354 0 1 49
a 523 535 0 9 50
a 523 1064 0 4 45
a 523 539 0 4 15
a 523 107 0 9 26
a 523 1136 0 1 38
a 523 592 0 8 32
a 523 856 0 2 10
a 523 157 0 2 46
a 523 844 0 3 4
a 523 537 0 4 4
a 523 298 0 8 44
a 523 650 0 2 34
a 523 530 0 9 38
a 523 1115 0 2 7
a 523 758 0 2 5
a 523 970 0 10 38
a 523 173 0 1 19
a 523 152 0 5 15
a 523 135 0 8 28
a 523 1007 0 6 8
a 523 299 0 5 15
a 523 1194 0 6 37
a 523 744 0 5 13
a 523 1191 0 3 50
a 523 180 0 3 48
a 523 46 0 6 47
a 531 297 0 3858 19
a 531 652 0 3 28
a 531 786 0 2 46
a 531 648 0 7 47
a 531 813 0 7 33
a 531 145 0 6 45
a 531 1099 0 6 40
a 531 716 0 8 29
a 531 803 0 1 49
a 531 757 0 3 40
a 531 616 0 1 42
a 531 777 0 2 15
a 531 797 0 6 20
a 531 1155 0 9 33
a 537 842 0 3858 50
a 537 585 0 2 50
a 537 512 0 2 46
a 537 618 0 1 45
a 537 812 0 7 40
a 537 459 0 4 23
a 538 978 0 3858 50
a 538 1141 0 7 36
a 538 842 0 9 30
a 538 946 0 9 16
a 538 257 0 8 30
a 538 588 0 7 23
a 538 1001 0 2 41
a 538 88 0 9 23
a 538 987 0 9 9
a 538 24 0 9 31
a 538 986 0 10 46
a 538 972 0 1 39
a 538 732 0 3 21
a 538 1045 0 6 40
a 538 238 0 2 11
a 538 212 0 4 39
a 538 1076 0 6 42
a 538 85 0 3 26
a 538 335 0 9 34
a 538 896 0 5 32
a 538 744 0 8 33
a 538 929 0 2 31
a 538 696 0 9 27
a 538 1164 0 10 12
a 538 955 0 10 2
a 539 839 0 3858 50
a 539 580 0 8 34
a 539 422 0 7 4
a 539 1029 0 7 11
a 539 1181 0 4 4
a 539 108 0 6 36
a 539 824 0 10 18
a 539 746 0 2 28
a 539 725 0 1 26
a 539 344 0 2 20
a 539 245 0 10 21
a 539 314 0 4 37
a 539 335 0 2 25
a 539 459 0 4 49
a 539 1178 0 3 29
a 539 287 0 2 35
a 539 369 0 3 13
a 539 873 0 1 40
a 539 1031 0 3 32
a 539 416 0 7 26
a 539 272 0 9 30
a 539 267 0 1 45
a 539 252 0 10 39
a 539 847 0 4 50
a 539 891 0 6 38
a 539 836 0 3 33
a 539 1002 0 4 2
a 539 623 0 1 5
a 539 739 0 9 8
a 539 95 0 1 8
a 539 196 0 4 44
a 539 155 0 9 14
a 547 80 0 3858 50
a 547 1175 0 8 30
a 581 168 0 3858 11
a 581 292 0 5 21
a 581 1167 0 2 18
a 583 438 0 3858 50
a 583 304 0 7 25
a 583 700 0 9 31
a 583 62 0 2 27
a 583 1016 0 8 24
a 583 797 0 4 27
a 587 1174 0 3858 14
a 587 223 0 4 46
a 591 290 0 3858 31
a 591 423 0 9 15
a 591 363 0 2 37
a 591 609 0 8 46
a 591 1079 0 9 27
a 608 208 0 3858 50
a 608 717 0 9 42
a 608 906 0 4 14
a 608 421 0 5 13
a 608 967 0 5 48
a 608 220 0 8 49
a 608 998 0 5 44
a 608 646 0 10 2
a 608 131 0 5 24
a 608 253 0 6 9
a 608 93 0 5 15
a 608 807 0 2 18
a 608 897 0 5 18
a 608 151 0 3 46
a 608 1162 0 6 48
a 608 1053 0 1 41
a 608 1097 0 6 7
a 608 1167 0 5 24
a 608 1001 0 4 5
a 608 650 0 1 45
a 608 1142 0 7 36
a 608 606 0 1 43
a 608 971 0 7 3
a 608 934 0 4 29
a 608 145 0 3 10
a 608 300 0 2 46
a 608 940 0 4 49
a 608 282 0 2 1
a 608 843 0 2 20
a 608 1193 0 9 44
a 635 547 0 3858 26
a 635 856 0 3 38
a 635 1023 0 8 43
a 641 250 0 3858 50
a 641 65 0 5 21
a 641 1111 0 3 44
a 641 817 0 6 16
a 641 890 0 6 24
a 641 337 0 5 4
a 641 1043 0 7 40
a 662 509 0 3858 50
a 662 512 0 2 17
a 662 810 0 8 49
a 662 198 0 9 19
a 662 144 0 7 8
a 662 36 0 1 6
a 695 487 0 3858 50
a 695 955 0 4 5
a 695 549 0 9 27
a 695 708 0 1 45
a 695 934 0 7 30
a 695 731 0 4 11
a 695 251 0 3 14
a 695 513 0 3 41
a 695 829 0 3 5
a 695 348 0 8 4
a 695 407 0 1 22
a 695 782 0 2 32
a 695 890 0 2 23
a 695 84 0 1 33
a 695 946 0 6 40
a 695 820 0 1 6
a 699 270 0 3858 50
a 699 46 0 9 41
a 699 73 0 6 25
a 699 249 0 2 29
a 699 526 0 1 18
a 699 730 0 7 50
a 699 775 0 8 14
a 699 635 0 2 39
a 699 109 0 10 41
a 699 459 0 10 32
a 699 1189 0 5 33
a 699 780 0 5 39
a 699 29 0 6 44
a 699 611 0 8 38
a 699 641 0 6 13
a 699 224 0 1 27
a 699 464 0 8 4
a 699 256 0 3 12
a 699 274 0 2 40
a 699 449 0 3 5
a 699 1125 0 5 31
a 699 1009 0 10 19
a 699 431 0 4 3
a 699 1164 0 3 38
a 699 815 0 7 27
a 699 1138 0 1 13
a 699 768 0 10 3
a 699 1115 0 6 9
a 699 124 0 9 39
a 709 1023 0 3858 50
a 709 82 0 10 48
a 709 670 0 4 19
a 709 779 0 9 48
a 709 851 0 8 32
a 709 881 0 6 3
a 709 965 0 10 46
a 709 111 0 6 34
a 709 1020 0 3 46
a 709 736 0 7 26
a 709 890 0 5 35
a 709 1088 0 6 30
a 735 921 0 3858 29
a 735 64 0 6 43
a 735 576 0 2 6
a 735 1164 0 9 27
a 735 1029 0 7 4
a 735 482 0 2 12
a 735 349 0 10 36
a 735 387 0 4 22
a 735 50 0 1 43
a 735 47 0 1 16
a 735 69 0 4 24
a 735 574 0 8 11
a 735 620 0 1 10
a 735 415 0 10 29
a 735 75 0 7 13
a 735 277 0 10 34
a 735 303 0 3 10
a 735 741 0 9 15
a 735 514 0 3 4
a 735 662 0 7 44
a 735 376 0 7 19
a 735 872 0 2 33
a 735 175 0 10 29
a 735 610 0 3 9
a 735 197 0 8 28
a 735 287 0 7 45
a 735 241 0 6 2
a 735 963 0 4 19
a 735 363 0 7 40
a 735 998 0 5 16
a 740 204 0 3858 4
a 740 932 0 2 48
a 740 691 0 9 25
a 740 422 0 10 40
a 740 396 0 7 33
a 740 630 0 2 32
a 740 114 0 2 38
a 740 383 0 6 19
a 740 416 0 9 40
a 740 451 0 1 9
a 740 107 0 2 32
a 740 931 0 10 11
a 740 1165 0 8 38
a 740 948 0 6 19
a 740 373 0 10 44
a 740 1105 0 5 37
a 740 410 0 10 5
a 740 866 0 5 32
a 740 1041 0 3 17
a 740 831 0 5 47
a 763 442 0 3858 18
a 763 606 0 8 38
a 763 26 0 4 47
a 763 201 0 1 49
a 763 299 0 10 26
a 771 1013 0 3858 50
a 771 1014 0 10 17
a 771 764 0 7 28
a 771 130 0 8 27
a 771 202 0 4 36
a 771 1154 0 7 34
a 771 122 0 4 10
a 771 880 0 7 6
a 771 241 0 7 18
a 771 274 0 8 16
a 771 465 0 4 34
a 771 1096 0 8 34
a 771 681 0 1 34
a 771 321 0 9 7
a 771 1187 0 10 42
a 771 606 0 5 39
a 771 258 0 4 32
a 771 404 0 5 1
a 771 843 0 8 3
a 771 393 0 2 28
a 771 303 0 6 13
a 771 550 0 6 43
a 771 608 0 1 32
a 771 604 0 1 48
a 771 513 0 10 34
a 771 444 0 2 28
a 771 195 0 1 39
a 771 572 0 8 45
a 771 941 0 9 46
a 771 656 0 9 34
a 805 583 0 3858 50
a 805 681 0 2 11
a 805 620 0 10 3
a 805 495 0 7 42
a 805 497 0 5 7
a 805 1179 0 2 31
a 805 1146 0 9 12
a 805 56 0 2 50
a 810 1173 0 3858 50
a 810 115 0 8 9
a 810 825 0 2 39
a 810 888 0 8 44
a 810 468 0 9 15
a 810 129 0 5 3
a 827 538 0 3858 45
a 827 1137 0 9 2
a 827 331 0 2 21
a 827 749 0 10 10
a 827 300 0 5 16
a 827 97 0 6 22
a 827 753 0 8 7
a 827 1130 0 9 6
a 827 756 0 2 36
a 827 35 0 7 40
a 827 1078 0 7 24
a 827 594 0 9 27
a 827 1164 0 8 41
a 827 792 0 7 34
a 827 799 0 6 30
a 827 141 0 4 29
a 827 1006 0 5 37
a 827 215 0 6 42
a 827 795 0 9 16
a 827 658 0 8 40
a 827 534 0 4 27
a 834 367 0 3858 3
a 834 863 0 9 26
a 834 309 0 7 3
a 834 1001 0 7 20
a 834 552 0 4 43
a 834 128 0 5 24
a 834 1108 0 6 36
a 834 134 0 10 42
a 834 155 0 7 5
a 834 991 0 7 42
a 834 871 0 3 46
a 834 272 0 1 13
a 834 612 0 6 47
a 834 1093 0 7 17
a 834 230 0 10 17
a 834 1086 0 8 9
a 839 476 0 3858 50
a 839 434 0 6 20
a 839 60 0 3 10
a 839 595 0 6 8
a 839 719 0 4 8
a 839 488 0 5 39
a 839 350 0 10 25
a 839 538 0 2 41
a 839 661 0 10 10
a 839 472 0 7 22
a 839 1114 0 5 2
a 839 912 0 8 7
a 839 818 0 5 21
a 839 772 0 2 39
a 839 43 0 9 21
a 839 632 0 10 39
a 839 1088 0 4 14
a 839 1169 0 4 28
a 839 421 0 6 39
a 839 645 0 9 29
a 839 1132 0 7 9
a 839 453 0 4 41
a 839 467 0 10 25
a 839 84 0 4 33
a 839 329 0 9 42
a 839 128 0 9 8
a 842 735 0 3858 50
a 842 606 0 10 3
a 842 448 0 1 40
a 842 131 0 9 19
a 842 207 0 7 11
a 842 191 0 5 27
a 842 614 0 6 49
a 842 488 0 2 35
a 842 1025 0 6 43
a 842 1186 0 7 32
a 842 513 0 3 7
a 842 1141 0 1 20
a 842 390 0 10 30
a 842 506 0 8 25
a 842 711 0 3 41
a 842 266 0 1 20
a 842 175 0 10 7
a 842 280 0 3 32
a 842 162 0 2 46
a 842 941 0 10 45
a 842 274 0 10 34
a 842 1116 0 10 38
a 842 17 0 8 27
a 843 1089 0 3858 50
a 843 195 0 3 46
a 843 320 0 5 49
a 843 256 0 1 46
a 843 791 0 9 16
a 843 1081 0 7 6
a 843 631 0 6 44
a 843 415 0 6 1
a 843 113 0 3 17
a 843 765 0 5 40
a 843 863 0 6 42
a 843 869 0 2 47
a 843 1188 0 2 43
a 843 962 0 3 1
a 843 591 0 8 18
a 843 138 0 1 27
a 843 753 0 4 12
a 843 1075 0 7 16
a 843 884 0 5 30
a 843 361 0 7 19
a 843 114 0 2 16
a 843 275 0 7 47
a 843 593 0 6 32
a 843 336 0 1 29
a 843 246 0 1 12
a 843 925 0 3 17
a 843 357 0 5 30
a 918 491 0 3858 37
a 918 978 0 6 21
a 918 200 0 5 20
a 918 493 0 7 16
a 918 382 0 10 37
a 918 1026 0 1 21
a 918 482 0 4 16
a 918 30 0 8 30
a 918 400 0 5 28
a 918 290 0 2 23
a 918 803 0 6 10
a 918 424 0 8 21
a 918 1182 0 2 33
a 918 710 0 6 33
a 918 416 0 5 36
a 918 570 0 2 10
a 918 826 0 5 33
a 918 760 0 3 46
a 918 831 0 6 47
a 918 535 0 8 33
a 918 311 0 7 14
a 918 834 0 1 6
a 918 469 0 1 12
a 918 1183 0 7 34
a 918 922 0 8 42
a 918 74 0 8 6
a 918 62 0 10 2
a 918 297 0 10 28
a 918 561 0 1 16
a 918 807 0 1 9
a 918 205 0 7 41
a 921 81 0 3858 50
a 921 1028 0 1 15
a 921 274 0 6 42
a 921 627 0 7 16
a 921 480 0 3 5
a 921 534 0 1 22
a 921 780 0 4 29
a 921 140 0 3 12
a 921 267 0 9 40
a 921 658 0 10 41
a 921 948 0 3 40
a 921 532 0 7 43
a 921 981 0 3 27
a 921 57 0 9 50
a 921 1158 0 10 37
a 921 465 0 7 15
a 921 327 0 10 42
a 921 589 0 6 1
a 921 612 0 10 33
a 921 618 0 4 24
a 921 58 0 3 15
a 921 172 0 8 27
a 921 619 0 8 29
a 921 495 0 7 10
a 921 1050 0 8 2
a 921 506 0 4 12
a 921 556 0 8 33
a 940 843 0 3858 50
a 940 53 0 9 43
a 940 685 0 10 14
a 940 1146 0 10 14
a 940 897 0 4 7
a 940 915 0 5 14
a 940 177 0 5 29
a 940 209 0 7 18
a 940 534 0 5 43
a 940 234 0 6 40
a 940 946 0 10 28
a 940 854 0 2 34
a 940 431 0 3 12
a 940 118 0 9 27
a 940 352 0 1 30
a 940 34 0 2 33
a 940 1042 0 6 42
a 955 1027 0 3858 38
a 955 671 0 2 50
a 955 355 0 5 7
a 955 657 0 1 13
a 955 485 0 1 11
a 955 887 0 5 12
a 955 672 0 3 47
a 955 995 0 6 22
a 955 679 0 9 5
a 955 611 0 6 20
a 955 250 0 10 9
a 955 1016 0 1 2
a 955 636 0 9 30
a 955 252 0 7 19
a 955 726 0 1 8
a 955 99 0 9 16
a 955 202 0 8 43
a 955 398 0 10 10
a 978 507 0 3858 50
a 978 145 0 7 31
a 978 904 0 7 5
a 978 39 0 9 10
a 978 717 0 1 14
a 978 603 0 4 11
a 978 695 0 8 7
a 978 1156 0 1 49
a 978 768 0 3 31
a 978 857 0 2 4
a 978 911 0 5 28
a 978 1060 0 4 30
a 978 42 0 7 44
a 978 546 0 4 6
a 978 602 0 5 13
a 978 422 0 10 32
a 978 778 0 9 11
a 1013 641 0 3858 50
a 1013 143 0 3 11
a 1013 358 0 5 32
a 1013 515 0 9 30
a 1013 830 0 7 41
a 1013 1144 0 3 14
a 1013 147 0 2 25
a 1013 718 0 2 29
a 1013 523 0 7 4
a 1013 207 0 5 38
a 1013 454 0 8 19
a 1013 539 0 5 21
a 1013 708 0 1 21
a 1013 545 0 9 33
a 1013 164 0 1 12
a 1013 208 0 1 10
a 1013 78 0 8 35
a 1013 332 0 8 11
a 1013 47 0 5 45
a 1013 1162 0 3 39
a 1013 899 0 6 35
a 1013 287 0 9 29
a 1013 734 0 4 14
a 1013 756 0 10 30
a 1013 270 0 6 15
a 1013 455 0 4 11
a 1013 89 0 4 42
a 1013 1037 0 10 49
a 1013 495 0 5 28
a 1013 1118 0 7 46
a 1013 664 0 3 3
a 1020 512 0 3858 50
a 1020 1019 0 4 33
a 1020 254 0 4 26
a 1020 266 0 10 40
a 1020 391 0 2 25
a 1020 261 0 8 28
a 1020 991 0 3 3
a 1020 549 0 5 37
a 1020 502 0 8 14
a 1020 1086 0 4 7
a 1020 716 0 4 17
a 1020 1028 0 9 27
a 1020 851 0 7 1
a 1020 444 0 9 2
a 1020 631 0 8 5
a 1020 651 0 8 50
a 1020 47 0 9 9
a 1020 504 0 7 48
a 1020 263 0 4 10
a 1020 474 0 1 12
a 1020 1046 0 2 48
a 1020 213 0 6 18
a 1020 688 0 5 17
a 1020 443 0 5 24
a 1020 168 0 9 6
a 1020 1087 0 10 41
a 1020 101 0 5 15
a 1020 683 0 3 10
a 1020 1168 0 6 5
a 1020 300 0 10 50
a 1023 1146 0 3858 50
a 1023 1125 0 9 29
a 1023 812 0 9 21
a 1023 332 0 2 34
a 1023 1025 0 9 12
a 1023 1022 0 2 28
a 1023 726 0 9 24
a 1023 1059 0 8 25
a 1023 625 0 5 29
a 1023 871 0 3 12
a 1023 1057 0 7 9
a 1023 223 0 9 39
a 1023 852 0 5 29
a 1023 214 0 2 16
a 1023 872 0 2 4
a 1023 1002 0 8 29
a 1023 413 0 4 35
a 1023 832 0 4 22
a 1023 1010 0 5 16
a 1023 469 0 8 34
a 1023 580 0 7 5
a 1023 1144 0 1 31
a 1023 1157 0 7 30
a 1023 456 0 8 32
a 1027 1128 0 3858 50
a 1027 498 0 1 46
a 1027 180 0 9 5
a 1027 388 0 7 2
a 1027 178 0 4 19
a 1027 309 0 1 20
a 1027 888 0 8 44
a 1027 712 0 9 2
a 1027 546 0 7 48
a 1027 89 0 8 5
a 1027 645 0 8 12
a 1027 311 0 10 10
a 1027 752 0 1 38
a 1027 1005 0 7 39
a 1027 1147 0 10 7
a 1027 935 0 9 21
a 1027 944 0 10 49
a 1027 1014 0 5 25
a 1027 897 0 3 40
a 1089 608 0 3858 49
a 1089 861 0 9 37
a 1089 57 0 6 41
a 1089 1092 0 10 49
a 1116 1198 0 3858 35
a 1116 851 0 2 22
a 1116 375 0 10 31
a 1116 169 0 3 2
a 1116 935 0 4 38
a 1116 130 0 7 8
a 1116 338 0 5 32
a 1116 989 0 9 4
a 1116 1113 0 8 32
a 1116 1046 0 6 29
a 1116 1194 0 5 9
a 1116 223 0 9 38
a 1116 595 0 6 29
a 1116 1148 0 2 49
a 1118 591 0 3858 50
a 1118 941 0 5 31
a 1118 487 0 2 48
a 1118 158 0 10 36
a 1118 18 0 6 16
a 1118 145 0 9 11
a 1118 336 0 8 21
a 1128 587 0 3858 50
a 1128 655 0 9 15
a 1128 1156 0 5 18
a 1128 586 0 3 6
a 1128 192 0 9 16
a 1128 591 0 10 36
a 1128 575 0 4 10
a 1128 250 0 10 8
a 1128 80 0 3 10
a 1128 640 0 7 25
a 1128 844 0 1 3
a 1128 704 0 7 36
a 1128 1063 0 8 25
a 1128 770 0 7 29
a 1128 952 0 9 4
a 1128 91 0 4 17
a 1128 572 0 7 37
a 1146 695 0 3858 40
a 1146 168 0 9 33
a 1149 635 0 3858 50
a 1149 385 0 4 23
a 1149 623 0 1 24
a 1149 199 0 3 29
a 1149 305 0 7 42
a 1149 1020 0 10 22
a 1149 358 0 7 18
a 1149 1035 0 2 14
a 1149 451 0 2 3
a 1149 754 0 8 12
a 1149 342 0 4 38
a 1149 773 0 5 44
a 1149 153 0 10 42
a 1149 429 0 5 29
a 1149 648 0 8 49
a 1160 422 0 3858 7
a 1160 699 0 10 47
a 1160 1000 0 1 47
a 1160 1164 0 4 15
a 1160 625 0 8 41
a 1160 1076 0 8 32
a 1160 188 0 9 44
a 1160 481 0 9 19
a 1160 744 0 6 26
a 1160 230 0 2 3
a 1160 455 0 9 3
a 1160 756 0 7 38
a 1160 345 0 1 8
a 1160 639 0 1 18
a 1173 21 0 3858 50
a 1173 695 0 5 3
a 1173 171 0 6 30
a 1173 176 0 5 11
a 1173 699 0 2 46
a 1173 77 0 6 3
a 1173 376 0 8 1
a 1173 191 0 8 3
a 1173 1140 0 8 27
a 1173 844 0 3 37
a 1173 1008 0 10 42
a 1173 1152 0 9 9
a 1173 1123 0 7 42
a 1173 698 0 10 42
a 1173 950 0 7 41
a 1173 904 0 9 6
a 1173 204 0 5 31
a 1174 662 0 3858 36
a 1174 985 0 7 21
a 1174 359 0 4 9
a 1174 863 0 4 9
a 1174 997 0 8 21
a 1174 1200 0 1 50
a 1174 882 0 6 50
a 1174 433 0 8 14
a 1174 656 0 7 3
a 1174 463 0 8 16
a 1174 72 0 6 21
a 1174 799 0 3 28
a 1174 27 0 1 39
a 1174 223 0 8 20
a 1174 113 0 5 19
a 1174 1017 0 2 42
a 1174 338 0 2 41
a 1174 340 0 9 45
a 1174 592 0 1 1
a 1174 543 0 6 30
a 1174 24 0 3 40
a 1174 482 0 2 22
a 1174 107 0 8 45
a 1174 438 0 3 1
a 1174 1103 0 5 48
a 1174 458 0 9 22
a 1174 209 0 3 35
a 1174 324 0 10 28
a 1174 1088 0 8 6
a 9 20 0 5112 50
a 9 140 0 2 49
a 9 151 0 6 20
a 9 908 0 10 2
a 9 597 0 1 15
a 9 831 0 8 4
a 9 363 0 9 24
a 9 37 0 3 15
a 9 596 0 8 44
a 9 629 0 9 16
a 9 635 0 3 24
a 9 1029 0 5 5
a 9 728 0 2 47
a 9 968 0 2 19
a 9 457 0 9 25
a 9 615 0 10 17
a 9 815 0 2 39
a 9 825 0 4 40
a 9 563 0 7 50
a 9 181 0 6 25
a 9 509 0 7 15
a 20 1034 0 5112 18
a 20 423 0 3 17
a 20 1173 0 1 38
a 20 892 0 7 20
a 20 429 0 10 47
a 20 256 0 3 33
a 20 50 0 3 26
a 20 111 0 8 12
a 20 756 0 5 17
a 20 121 0 2 28
a 20 318 0 8 16
a 20 858 0 10 26
a 20 1077 0 10 29
a 20 183 0 10 21
a 26 803 0 5112 11
a 26 701 0 3 36
a 26 146 0 2 10
a 26 527 0 7 21
a 26 578 0 6 34
a 26 300 0 5 6
a 26 1049 0 3 33
a 51 101 0 5112 50
a 51 1029 0 1 7
a 51 1165 0 1 14
a 51 114 0 8 47
a 51 1033 0 9 47
a 51 675 0 4 31
a 51 523 0 5 24
a 51 853 0 9 43
a 51 942 0 7 49
a 51 692 0 10 4
a 51 802 0 9 22
a 51 533 0 8 49
a 51 98 0 6 7
a 51 812 0 4 44
a 51 875 0 6 47
a 51 20 0 3 37
a 51 123 0 4 43
a 51 138 0 2 23
a 51 202 0 5 7
a 51 280 0 8 37
a 51 397 0 8 15
a 51 400 0 8 25
a 51 1100 0 4 49
a 88 524 0 5112 50
a 88 832 0 6 30
a 88 1124 0 2 48
a 88 679 0 1 17
a 88 225 0 6 2
a 88 219 0 6 16
a 88 836 0 1 35
a 88 953 0 10 16
a 88 670 0 6 49
a 88 1164 0 2 12
a 88 633 0 6 17
a 88 820 0 8 26
a 88 645 0 1 39
a 88 62 0 10 24
a 88 682 0 8 13
a 88 388 0 8 44
a 88 598 0 6 30
a 88 729 0 5 14
a 88 773 0 9 46
a 88 1096 0 9 28
a 88 986 0 10 7
a 88 956 0 9 46
a 88 499 0 1 43
a 88 938 0 8 23
a 101 451 0 5112 33
a 101 133 0 1 50
a 101 868 0 8 50
a 101 926 0 7 48
a 101 558 0 7 32
a 101 573 0 4 28
a 101 500 0 7 28
a 101 520 0 10 32
a 101 299 0 1 14
a 101 421 0 10 30
a 101 204 0 9 4
a 101 863 0 3 10
a 101 38 0 7 36
a 101 708 0 9 32
a 101 433 0 10 40
a 101 486 0 7 34
a 101 1046 0 4 28
a 101 1045 0 5 50
a 101 654 0 10 25
a 101 541 0 2 50
a 101 144 0 8 47
a 101 326 0 9 19
a 101 234 0 5 3
a 101 75 0 10 50
a 101 1176 0 9 20
a 101 976 0 1 16
a 116 901 0 5112 50
a 116 220 0 10 4
a 116 1119 0 2 16
a 116 615 0 6 14
a 116 949 0 5 3
a 116 1121 0 9 37
a 116 1046 0 9 15
a 116 810 0 10 37
a 116 136 0 4 12
a 116 435 0 9 21
a 116 476 0 1 46
a 116 50 0 4 49
a 116 601 0 9 9
a 116 306 0 1 47
a 157 970 0 5112 50
a 157 1136 0 6 5
a 157 319 0 1 45
a 157 64 0 5 11
a 157 311 0 2 30
a 157 1075 0 8 35
a 157 601 0 1 45
a 157 374 0 4 27
a 157 548 0 8 20
a 157 409 0 9 13
a 157 153 0 8 31
a 157 397 0 1 34
a 157 920 0 8 6
a 157 1019 0 9 10
a 185 311 0 5112 50
a 185 316 0 6 34
a 185 590 0 2 45
a 185 639 0 7 4
a 185 444 0 3 17
a 185 495 0 7 26
a 185 607 0 9 45
a 185 266 0 10 44
a 185 477 0 9 45
a 185 464 0 1 14
a 185 1186 0 4 1
a 185 1047 0 8 48
a 185 977 0 3 21
a 185 1143 0 6 7
a 185 525 0 6 44
a 185 384 0 8 13
a 185 255 0 7 35
a 185 588 0 6 3
a 185 738 0 3 12
a 185 300 0 4 11
a 185 419 0 8 4
a 185 836 0 4 5
a 185 864 0 5 41
a 185 229 0 2 13
a 185 1077 0 7 35
a 185 882 0 3 9
a 185 660 0 7 31
a 185 379 0 5 6
a 220 963 0 5112 8
a 220 48 0 4 29
a 220 643 0 2 32
a 220 486 0 1 4
a 220 941 0 10 30
a 220 1032 0 2 10
a 220 783 0 8 10
a 220 720 0 6 37
a 220 593 0 4 34
a 220 1116 0 5 49
a 220 144 0 5 38
a 220 976 0 1 1
a 220 298 0 1 32
a 220 1119 0 6 2
a 236 489 0 5112 50
a 236 1062 0 2 43
a 236 186 0 10 29
a 236 316 0 1 5
a 236 933 0 7 15
a 236 1091 0 1 4
a 236 1025 0 7 3
a 236 1074 0 1 45
a 236 145 0 9 17
a 236 337 0 4 31
a 236 639 0 5 48
a 236 609 0 1 24
a 236 210 0 1 44
a 236 289 0 6 34
a 236 937 0 2 9
a 236 781 0 7 12
a 281 299 0 5112 1
a 281 300 0 10 34
a 281 402 0 7 24
a 281 873 0 5 14
a 281 730 0 7 24
a 281 1190 0 1 22
a 281 763 0 8 18
a 281 797 0 9 8
a 285 281 0 5112 50
a 285 755 0 1 3
a 285 454 0 1 29
a 285 841 0 10 25
a 285 35 0 8 2
a 285 523 0 6 38
a 285 667 0 6 22
a 285 857 0 9 16
a 285 145 0 6 39
a 285 275 0 6 22
a 285 510 0 3 9
a 299 1119 0 5112 39
a 299 471 0 1 44
a 299 481 0 4 19
a 299 581 0 2 11
a 299 505 0 10 39
a 299 196 0 2 17
a 299 1105 0 10 29
a 299 422 0 2 45
a 299 425 0 3 13
a 299 896 0 2 36
a 299 863 0 4 46
a 299 752 0 4 42
a 299 43 0 5 8
a 299 287 0 9 21
a 311 845 0 5112 46
a 311 141 0 9 11
a 311 906 0 2 34
a 311 220 0 7 30
a 311 1091 0 1 13
a 311 275 0 8 50
a 311 138 0 7 31
a 311 814 0 10 4
a 311 467 0 10 21
a 311 17 0 10 9
a 311 896 0 8 50
a 311 352 0 3 36
a 311 756 0 6 30
a 311 534 0 5 25
a 311 36 0 5 14
a 321 220 0 5112 16
a 321 710 0 2 34
a 321 1186 0 7 32
a 321 1109 0 5 15
a 321 411 0 8 22
a 321 390 0 5 16
a 321 943 0 5 47
a 333 915 0 5112 19
a 333 1076 0 3 21
a 333 323 0 3 12
a 333 604 0 3 2
a 333 103 0 7 23
a 333 994 0 5 8
a 333 680 0 7 21
a 333 157 0 10 35
a 333 328 0 7 50
a 333 771 0 1 7
a 333 863 0 6 11
a 333 164 0 8 34
a 333 237 0 3 46
a 333 580 0 7 21
a 333 475 0 10 3
a 333 1058 0 5 37
a 333 141 0 5 17
a 344 493 0 5112 50
a 344 106 0 4 1
a 344 46 0 5 11
a 344 780 0 9 26
a 344 445 0 5 32
a 344 233 0 8 12
a 344 112 0 3 44
a 344 1185 0 10 17
a 344 873 0 1 15
a 344 810 0 6 40
a 344 869 0 4 26
a 344 634 0 4 41
a 344 819 0 10 32
a 348 1045 0 5112 49
a 348 878 0 9 30
a 348 560 0 6 6
a 348 1193 0 8 22
a 348 199 0 9 29
a 348 873 0 2 16
a 348 790 0 8 42
a 348 461 0 1 43
a 348 1092 0 2 12
a 350 649 0 5112 50
a 350 938 0 6 35
a 350 53 0 3 8
a 350 286 0 6 37
a 369 373 0 5112 22
a 369 587 0 8 39
a 369 906 0 3 50
a 369 734 0 6 13
a 369 934 0 9 35
a 369 1187 0 1 1
a 369 571 0 9 28
a 369 610 0 1 13
a 369 786 0 5 21
a 369 1090 0 5 3
a 369 354 0 5 46
a 369 426 0 6 15
a 373 157 0 5112 50
a 373 496 0 8 40
a 373 918 0 3 49
a 373 1137 0 4 34
a 373 787 0 6 1
a 373 294 0 3 6
a 373 785 0 3 3
a 373 306 0 10 16
a 373 1186 0 6 47
a 373 1162 0 9 46
a 373 1039 0 7 38
a 373 673 0 6 9
a 373 318 0 3 44
a 373 899 0 8 44
a 373 1015 0 7 16
a 373 324 0 8 36
a 373 89 0 9 48
a 373 757 0 5 49
a 373 1136 0 4 45
a 373 170 0 9 15
a 373 804 0 4 24
a 373 464 0 7 6
a 411 991 0 5112 50
a 411 550 0 6 44
a 411 736 0 5 35
a 411 898 0 8 46
a 411 683 0 8 24
a 411 1069 0 10 44
a 411 851 0 2 45
a 411 352 0 10 10
a 411 450 0 1 15
a 411 956 0 9 41
a 411 1100 0 1 8
a 411 870 0 10 43
a 411 1113 0 10 3
a 411 547 0 1 39
a 416 943 0 5112 33
a 416 535 0 10 33
a 416 937 0 3 2
a 416 435 0 7 45
a 416 120 0 5 41
a 416 691 0 3 33
a 416 700 0 4 29
a 416 261 0 3 46
a 416 193 0 9 9
a 427 1124 0 5112 50
a 427 579 0 6 33
a 427 729 0 6 3
a 427 816 0 6 37
a 427 1149 0 10 45
a 427 1125 0 6 23
a 427 349 0 8 47
a 427 1059 0 8 39
a 427 726 0 3 37
a 432 1130 0 5112 29
a 432 860 0 1 25
a 432 1072 0 6 29
a 432 632 0 6 21
a 432 1153 0 4 49
a 451 816 0 5112 50
a 451 1164 0 7 28
a 451 861 0 3 36
a 451 308 0 2 23
a 451 151 0 7 14
a 451 1149 0 6 47
a 451 736 0 10 10
a 451 851 0 2 31
a 451 439 0 7 43
a 451 307 0 3 15
a 451 346 0 7 17
a 451 794 0 1 22
a 451 237 0 7 3
a 451 1157 0 6 32
a 451 81 0 9 16
a 451 324 0 8 12
a 451 998 0 5 15
a 451 865 0 7 37
a 451 436 0 7 31
a 451 717 0 5 19
a 451 1161 0 6 20
a 467 1053 0 5112 32
a 467 995 0 6 29
a 467 82 0 4 14
a 489 51 0 5112 50
a 489 168 0 7 29
a 489 332 0 1 8
a 489 565 0 7 49
a 489 808 0 3 35
a 489 217 0 9 7
a 489 72 0 4 27
a 489 113 0 6 3
a 489 1196 0 8 41
a 489 307 0 6 38
a 489 305 0 2 42
a 489 493 0 7 8
a 493 369 0 5112 50
a 493 335 0 1 30
a 493 133 0 3 22
a 493 881 0 4 47
a 493 129 0 10 35
a 493 1194 0 10 26
a 493 968 0 10 4
a 493 280 0 9 31
a 493 630 0 4 2
a 493 858 0 2 45
a 493 1079 0 5 44
a 493 99 0 8 27
a 493 1119 0 9 15
a 493 412 0 2 9
a 500 285 0 5112 50
a 500 1197 0 2 16
a 500 354 0 7 23
a 500 593 0 7 2
a 500 166 0 1 8
a 500 287 0 3 41
a 500 618 0 5 7
a 500 105 0 6 23
a 500 206 0 1 42
a 500 503 0 7 33
a 500 870 0 5 10
a 500 649 0 7 37
a 500 573 0 1 44
a 500 245 0 9 37
a 500 458 0 5 45
a 500 280 0 8 4
a 500 1129 0 5 7
a 500 582 0 3 29
a 500 437 0 7 40
a 500 1033 0 8 10
a 500 960 0 8 50
a 500 787 0 4 50
a 500 1125 0 7 31
a 500 78 0 10 38
a 500 752 0 7 44
a 500 599 0 7 11
a 500 869 0 4 39
a 503 988 0 5112 44
a 503 71 0 9 40
a 503 1176 0 5 2
a 503 479 0 4 41
a 503 650 0 1 9
a 503 896 0 5 39
a 503 331 0 4 39
a 503 94 0 6 45
a 503 902 0 8 47
a 503 60 0 4 22
a 503 931 0 8 39
a 503 307 0 6 46
a 524 467 0 5112 12
a 524 154 0 5 40
a 524 1073 0 1 26
a 524 808 0 6 27
a 524 817 0 2 35
a 524 964 0 1 48
a 524 989 0 9 19
a 524 687 0 4 50
a 524 742 0 8 40
a 524 203 0 6 5
a 524 979 0 3 26
a 524 855 0 3 6
a 524 69 0 4 21
a 524 37 0 6 35
a 524 897 0 8 10
a 524 183 0 10 28
a 524 1033 0 7 33
a 524 1037 0 6 18
a 524 1187 0 3 48
a 524 977 0 6 21
a 524 435 0 6 32
a 524 412 0 5 45
a 524 480 0 1 48
a 524 28 0 8 49
a 524 836 0 7 21
a 524 658 0 5 30
a 524 141 0 10 34
a 524 653 0 6 26
a 524 950 0 9 34
a 524 194 0 9 18
a 524 721 0 6 42
a 649 1187 0 5112 31
a 649 419 0 4 23
a 649 855 0 10 17
a 649 760 0 2 2
a 714 236 0 5112 50
a 714 657 0 4 36
a 714 23 0 2 34
a 714 746 0 8 24
a 714 142 0 10 21
a 714 737 0 1 11
a 714 35 0 3 22
a 714 422 0 10 35
a 714 890 0 1 4
a 714 1173 0 6 5
a 714 471 0 10 47
a 714 181 0 4 14
a 714 1181 0 9 20
a 714 629 0 2 29
a 714 918 0 10 13
a 714 618 0 5 12
a 714 378 0 3 44
a 714 218 0 4 39
a 714 609 0 6 14
a 714 789 0 10 50
a 714 147 0 4 39
a 714 824 0 4 13
a 714 1071 0 7 11
a 714 397 0 2 24
a 714 356 0 5 44
a 714 1158 0 2 35
a 714 523 0 9 36
a 714 610 0 6 5
a 716 432 0 5112 50
a 716 965 0 2 46
a 716 403 0 8 14
a 716 35 0 4 42
a 716 665 0 10 46
a 716 585 0 9 43
a 716 890 0 6 38
a 716 751 0 2 8
a 716 411 0 1 9
a 716 961 0 6 47
a 716 516 0 10 30
a 716 759 0 4 47
a 716 900 0 1 36
a 716 614 0 6 48
a 716 1075 0 2 47
a 716 1090 0 9 18
a 716 111 0 7 3
a 716 60 0 7 13
a 716 294 0 3 18
a 716 395 0 8 33
a 716 379 0 10 48
a 716 106 0 8 32
a 716 367 0 7 31
a 716 1166 0 10 35
a 716 53 0 9 30
a 716 1103 0 6 23
a 716 34 0 7 9
a 758 714 0 5112 50
a 758 1137 0 9 25
a 758 964 0 10 47
a 758 372 0 10 12
a 758 1107 0 10 22
a 758 57 0 9 2
a 758 487 0 3 17
a 758 200 0 1 13
a 758 331 0 3 44
a 758 840 0 1 48
a 758 242 0 3 16
a 758 540 0 6 12
a 758 528 0 7 25
a 758 608 0 1 31
a 758 706 0 7 30
a 758 937 0 3 48
a 758 685 0 6 44
a 758 704 0 4 10
a 792 1091 0 5112 27
a 792 629 0 3 16
a 792 1157 0 6 26
a 792 228 0 9 34
a 792 273 0 9 5
a 792 114 0 4 32
a 792 1159 0 5 21
a 792 903 0 8 7
a 792 532 0 6 47
a 792 347 0 10 42
a 803 812 0 5112 50
a 803 495 0 2 30
a 808 884 0 5112 50
a 808 826 0 1 31
a 808 177 0 3 17
a 808 667 0 10 25
a 808 691 0 4 31
a 808 472 0 7 25
a 808 389 0 8 47
a 808 1043 0 6 44
a 808 953 0 7 9
a 808 1019 0 4 8
a 808 817 0 1 40
a 808 1174 0 8 12
a 808 347 0 2 14
a 808 1187 0 10 24
a 808 945 0 4 21
a 808 605 0 8 34
a 808 1038 0 2 30
a 808 892 0 1 7
a 808 423 0 1 48
a 808 766 0 8 29
a 808 1069 0 3 11
a 812 344 0 5112 50
a 812 392 0 9 19
a 812 191 0 7 34
a 812 1055 0 8 27
a 812 706 0 3 40
a 812 881 0 5 7
a 812 205 0 8 15
a 812 607 0 3 32
a 812 886 0 6 28
a 812 288 0 3 14
a 812 354 0 8 29
a 812 380 0 9 14
a 812 1016 0 7 36
a 812 1099 0 3 49
a 812 442 0 3 16
a 812 622 0 7 45
a 812 1036 0 7 5
a 812 650 0 1 32
a 812 1115 0 4 25
a 812 781 0 7 25
a 812 846 0 1 49
a 812 684 0 6 36
a 812 432 0 1 39
a 812 35 0 5 9
a 812 90 0 3 15
a 812 602 0 1 35
a 812 643 0 10 47
a 812 463 0 7 38
a 812 561 0 1 47
a 816 716 0 5112 46
a 816 1006 0 2 41
a 816 95 0 2 49
a 816 1047 0 5 3
a 816 567 0 10 46
a 816 78 0 2 35
a 816 296 0 7 34
a 816 63 0 4 31
a 816 46 0 8 38
a 816 185 0 1 2
a 816 609 0 9 40
a 816 336 0 8 25
a 816 595 0 6 36
a 816 1062 0 7 45
a 816 1115 0 6 43
a 816 848 0 5 24
a 816 361 0 10 50
a 816 431 0 6 2
a 816 89 0 10 38
a 816 660 0 4 7
a 816 178 0 8 30
a 816 116 0 1 12
a 816 443 0 3 7
a 845 26 0 5112 50
a 845 1145 0 10 26
a 845 146 0 2 22
a 845 932 0 10 13
a 845 754 0 2 16
a 845 604 0 2 40
a 845 120 0 1 16
a 845 1060 0 7 12
a 845 1149 0 4 44
a 845 271 0 10 44
a 845 892 0 4 27
a 845 685 0 10 15
a 873 758 0 5112 11
a 873 845 0 10 11
a 873 197 0 2 15
a 873 1063 0 4 37
a 873 679 0 9 12
a 873 484 0 8 47
a 873 571 0 4 6
a 873 833 0 5 49
a 873 761 0 8 27
a 884 792 0 5112 14
a 884 1028 0 6 15
a 884 964 0 9 3
a 884 264 0 4 43
a 884 460 0 5 21
a 884 509 0 1 22
a 884 845 0 7 41
a 884 257 0 6 16
a 884 974 0 10 49
a 884 680 0 10 13
a 884 224 0 7 29
a 884 466 0 7 48
a 884 453 0 1 43
a 884 719 0 1 43
a 884 886 0 5 24
a 884 1100 0 4 4
a 884 616 0 9 18
a 884 813 0 3 11
a 884 668 0 8 42
a 884 633 0 10 19
a 884 1076 0 5 24
a 884 866 0 8 17
a 884 589 0 10 16
a 884 724 0 9 22
a 884 737 0 2 1
a 901 333 0 5112 10
a 901 821 0 4 36
a 901 1040 0 6 23
a 901 289 0 6 36
a 901 1168 0 1 6
a 901 673 0 9 41
a 901 85 0 4 13
a 901 536 0 7 3
a 901 547 0 5 10
a 901 113 0 1 28
a 901 522 0 3 33
a 901 619 0 9 27
a 901 93 0 9 25
a 901 565 0 6 6
a 901 305 0 1 14
a 901 1094 0 1 47
a 901 848 0 5 20
a 901 840 0 10 27
a 901 311 0 2 24
a 901 464 0 5 11
a 901 801 0 1 8
a 901 1115 0 4 14
a 901 662 0 10 28
a 901 1119 0 4 29
a 901 50 0 10 7
a 915 1007 0 5112 50
a 915 764 0 3 26
a 915 948 0 4 16
a 915 248 0 9 39
a 915 56 0 8 23
a 915 229 0 8 31
a 915 574 0 8 12
a 915 777 0 6 19
a 915 1194 0 1 3
a 915 998 0 7 37
a 915 35 0 6 45
a 915 859 0 2 30
a 915 930 0 6 12
a 915 1152 0 1 44
a 915 993 0 2 2
a 915 455 0 7 41
a 915 1091 0 6 6
a 915 988 0 4 18
a 915 1014 0 1 9
a 915 385 0 9 20
a 915 644 0 7 24
a 943 321 0 5112 50
a 943 862 0 7 43
a 943 1055 0 4 42
a 943 497 0 6 23
a 943 172 0 8 34
a 963 116 0 5112 50
a 963 873 0 1 7
a 963 107 0 8 34
a 963 1060 0 7 35
a 963 69 0 9 44
a 963 560 0 5 38
a 963 48 0 4 33
a 963 329 0 6 33
a 963 303 0 4 36
a 963 982 0 7 5
a 963 610 0 4 31
a 963 265 0 9 17
a 963 350 0 6 5
a 963 75 0 7 14
a 963 1152 0 8 3
a 963 776 0 4 34
a 963 63 0 5 48
a 963 1002 0 5 19
a 963 573 0 4 17
a 963 1044 0 4 4
a 963 876 0 5 21
a 970 348 0 5112 27
a 970 714 0 7 46
a 970 767 0 9 14
a 970 73 0 10 7
a 970 790 0 9 47
a 970 72 0 10 29
a 970 1030 0 7 21
a 970 1039 0 7 33
a 970 893 0 6 46
a 970 838 0 3 5
a 970 502 0 9 22
a 970 95 0 4 22
a 970 203 0 3 19
a 970 313 0 6 14
a 970 895 0 2 37
a 970 218 0 4 29
a 970 124 0 8 30
a 970 871 0 5 6
a 988 1195 0 5112 12
a 988 500 0 5112 26
a 988 438 0 4 9
a 988 93 0 8 28
a 988 714 0 6 48
a 988 598 0 5 22
a 988 815 0 6 14
a 988 772 0 1 8
a 988 818 0 6 33
a 988 959 0 8 50
a 988 177 0 6 1
a 988 881 0 5 29
a 988 759 0 6 18
a 988 720 0 3 37
a 988 387 0 8 21
a 988 519 0 4 11
a 988 148 0 10 43
a 988 879 0 2 37
a 988 561 0 10 13
a 988 423 0 1 45
a 988 707 0 8 11
a 988 903 0 6 43
a 988 183 0 5 30
a 988 301 0 3 21
a 988 115 0 8 21
a 988 1002 0 10 33
a 988 681 0 9 41
a 988 753 0 8 29
a 988 88 0 3 12
a 988 787 0 9 41
a 988 118 0 10 30
a 988 279 0 9 15
a 991 503 0 5112 50
a 991 294 0 10 42
a 991 408 0 1 36
a 991 99 0 9 23
a 991 604 0 6 30
a 991 1171 0 9 5
a 1007 427 0 5112 27
a 1007 969 0 5 12
a 1007 548 0 9 13
a 1007 719 0 3 49
a 1007 571 0 10 42
a 1007 725 0 7 30
a 1007 514 0 1 35
a 1007 759 0 9 27
a 1007 917 0 7 5
a 1007 74 0 1 49
a 1007 508 0 5 41
a 1007 692 0 7 38
a 1007 1183 0 1 13
a 1007 132 0 3 14
a 1007 672 0 2 41
a 1007 273 0 1 10
a 1007 493 0 7 40
a 1007 318 0 8 3
a 1007 791 0 5 36
a 1007 532 0 4 37
a 1007 159 0 8 32
a 1007 444 0 6 46
a 1007 742 0 10 48
a 1007 1122 0 6 43
a 1007 519 0 2 32
a 1007 229 0 3 23
a 1007 474 0 5 38
a 1034 1168 0 5112 50
a 1034 314 0 8 35
a 1034 39 0 8 17
a 1034 133 0 6 9
a 1034 296 0 1 26
a 1034 217 0 2 10
a 1034 1047 0 1 8
a 1034 182 0 2 7
a 1034 1170 0 10 9
a 1034 820 0 10 27
a 1034 1124 0 5 27
a 1034 1011 0 10 43
a 1034 495 0 6 26
a 1034 193 0 9 25
a 1034 368 0 4 16
a 1045 808 0 5112 38
a 1045 302 0 2 42
a 1053 1106 0 5112 50
a 1053 978 0 2 23
a 1053 603 0 4 42
a 1053 433 0 3 16
a 1053 655 0 7 48
a 1053 718 0 1 29
a 1091 873 0 5112 26
a 1091 287 0 7 26
a 1091 1060 0 5 27
a 1091 861 0 4 23
a 1091 866 0 5 21
a 1091 82 0 4 42
a 1091 249 0 3 41
a 1091 479 0 10 43
a 1091 303 0 7 22
a 1091 1067 0 5 47
a 1091 819 0 4 43
a 1091 496 0 5 1
a 1091 1013 0 4 36
a 1091 585 0 9 39
a 1091 596 0 9 48
a 1091 581 0 10 29
a 1091 682 0 1 21
a 1091 901 0 2 8
a 1091 691 0 4 6
a 1091 309 0 4 40
a 1091 353 0 5 30
a 1106 350 0 5112 50
a 1106 616 0 7 11
a 1106 141 0 6 7
a 1106 1040 0 6 38
a 1106 278 0 8 20
a 1106 662 0 10 35
a 1106 271 0 9 28
a 1106 485 0 7 30
a 1106 676 0 5 42
a 1106 59 0 9 18
a 1106 30 0 2 18
a 1106 999 0 2 9
a 1106 765 0 4 21
a 1106 61 0 4 44
a 1106 155 0 8 34
a 1106 307 0 9 33
a 1106 207 0 6 11
a 1106 1198 0 9 8
a 1106 1129 0 2 16
a 1106 574 0 8 10
a 1106 845 0 8 4
a 1106 834 0 7 26
a 1106 1147 0 10 7
a 1106 515 0 5 12
a 1106 199 0 4 6
a 1106 843 0 10 47
a 1119 88 0 5112 50
a 1119 198 0 9 27
a 1119 829 0 8 46
a 1119 194 0 10 35
a 1124 411 0 5112 42
a 1124 97 0 8 18
a 1124 617 0 7 2
a 1124 636 0 4 32
a 1124 469 0 6 20
a 1124 1198 0 6 16
a 1124 448 0 9 22
a 1124 31 0 10 7
a 1124 224 0 6 48
a 1130 416 0 5112 42
a 1130 602 0 9 14
a 1130 506 0 1 35
a 1130 323 0 9 48
a 1130 408 0 10 35
a 1130 44 0 4 33
a 1130 994 0 1 37
a 1130 611 0 3 17
a 1130 48 0 10 16
a 1130 480 0 1 39
a 1130 291 0 7 23
a 1130 1008 0 3 17
a 1168 185 0 5112 50
a 1168 1152 0 9 6
a 1168 366 0 4 13
a 1168 175 0 4 32
a 10 1006 0 10636 50
a 10 311 0 6 18
a 10 159 0 1 30
a 10 667 0 4 14
a 10 961 0 6 14
a 10 657 0 4 2
a 10 376 0 1 23
a 10 48 0 5 16
a 10 411 0 10 34
a 10 965 0 3 40
a 10 799 0 6 12
a 10 261 0 10 45
a 10 368 0 4 39
a 10 889 0 1 15
a 10 716 0 7 12
a 10 369 0 5 33
a 10 928 0 2 7
a 10 193 0 3 13
a 10 741 0 6 48
a 35 983 0 10636 46
a 35 393 0 1 33
a 35 1004 0 4 27
a 35 574 0 2 37
a 35 987 0 6 29
a 35 152 0 2 20
a 35 49 0 7 25
a 35 685 0 9 46
a 35 724 0 6 40
a 35 1036 0 4 28
a 35 156 0 8 49
a 50 256 0 10636 12
a 50 1189 0 8 25
a 50 1068 0 6 43
a 50 1018 0 10 25
a 50 413 0 9 46
a 50 846 0 7 28
a 50 330 0 8 34
a 50 813 0 5 47
a 50 1007 0 8 6
a 50 32 0 3 34
a 50 290 0 5 15
a 50 33 0 5 44
a 50 1041 0 3 47
a 50 445 0 9 9
a 50 803 0 5 24
a 50 826 0 5 32
a 50 895 0 4 46
a 50 647 0 3 33
a 50 763 0 4 15
a 50 655 0 9 12
a 50 1114 0 8 31
a 50 337 0 6 7
a 50 571 0 9 43
a 50 519 0 6 19
a 50 870 0 6 23
a 50 373 0 6 11
a 50 189 0 7 29
a 50 1179 0 10 37
a 50 144 0 9 27
a 50 149 0 3 17
a 50 262 0 9 4
a 55 151 0 10636 50
a 55 743 0 7 44
a 55 266 0 2 31
a 55 741 0 2 34
a 55 404 0 5 8
a 55 1168 0 5 32
a 55 385 0 5 29
a 55 608 0 3 13
a 55 219 0 3 32
a 55 715 0 4 18
a 55 785 0 8 41
a 55 308 0 4 24
a 55 827 0 4 50
a 55 890 0 1 12
a 55 316 0 9 14
a 55 659 0 8 33
a 55 1113 0 3 50
a 55 152 0 1 15
a 55 660 0 6 6
a 55 437 0 4 41
a 55 351 0 7 19
a 55 420 0 5 2
a 55 725 0 3 41
a 55 205 0 6 6
a 67 128 0 10636 50
a 67 622 0 9 21
a 67 877 0 3 2
a 67 184 0 4 38
a 67 980 0 7 40
a 67 207 0 7 6
a 67 908 0 10 50
a 67 1011 0 1 48
a 67 462 0 4 21
a 67 1185 0 4 26
a 67 475 0 7 21
a 67 395 0 5 46
a 67 62 0 9 33
a 67 971 0 4 32
a 67 1078 0 1 19
a 67 253 0 8 31
a 67 187 0 6 23
a 67 734 0 7 7
a 67 206 0 2 38
a 67 1124 0 1 3
a 67 637 0 8 50
a 67 366 0 1 9
a 67 686 0 10 1
a 67 233 0 8 11
a 67 333 0 5 17
a 67 540 0 10 47
a 67 920 0 5 47
a 67 652 0 10 45
a 67 990 0 7 1
a 86 176 0 10636 9
a 86 721 0 10 14
a 86 849 0 5 41
a 86 532 0 8 36
a 86 554 0 7 23
a 86 64 0 10 2
a 86 116 0 6 22
a 86 302 0 6 12
a 86 783 0 7 40
a 86 703 0 9 25
a 86 1114 0 9 44
a 86 325 0 5 25
a 86 580 0 5 25
a 86 829 0 2 21
a 86 1030 0 3 27
a 86 650 0 10 25
a 86 746 0 10 46
a 86 27 0 10 29
a 86 375 0 10 23
a 86 160 0 4 46
a 86 989 0 8 37
a 86 280 0 7 7
a 86 883 0 7 25
a 86 184 0 8 42
a 86 1192 0 6 1
a 86 265 0 4 1
a 86 507 0 10 6
a 86 1004 0 7 42
a 113 194 0 10636 50
a 113 338 0 4 15
a 113 870 0 3 10
a 113 1123 0 8 10
a 113 484 0 10 9
a 113 156 0 10 43
a 113 81 0 6 25
a 113 670 0 9 28
a 113 192 0 5 23
a 113 683 0 3 33
a 113 1126 0 3 45
a 113 1169 0 10 10
a 113 654 0 3 44
a 113 519 0 2 27
a 128 387 0 10636 50
a 128 1153 0 5 4
a 128 444 0 9 13
a 128 630 0 9 12
a 128 382 0 2 4
a 128 902 0 3 15
a 128 107 0 10 11
a 128 853 0 1 24
a 133 460 0 10636 50
a 133 343 0 3 41
a 133 1005 0 10 45
a 133 262 0 2 8
a 133 144 0 1 3
a 133 238 0 8 14
a 133 568 0 6 38
a 133 223 0 10 48
a 133 574 0 3 1
a 133 609 0 7 8
a 133 417 0 10 32
a 133 911 0 2 27
a 133 204 0 5 47
a 133 1027 0 8 35
a 133 1116 0 4 36
a 133 91 0 10 26
a 133 906 0 6 16
a 133 878 0 2 30
a 133 58 0 7 39
a 133 201 0 3 16
a 133 701 0 8 11
a 133 848 0 10 29
a 133 654 0 7 2
a 133 782 0 7 13
a 133 129 0 6 20
a 133 331 0 3 28
a 133 761 0 10 10
a 139 757 0 10636 50
a 139 790 0 3 50
a 139 664 0 1 45
a 139 323 0 6 20
a 139 606 0 8 10
a 139 821 0 10 18
a 142 1075 0 10636 48
a 142 512 0 5 33
a 142 797 0 7 6
a 142 378 0 9 48
a 151 684 0 10636 50
a 151 471 0 4 9
a 151 1072 0 6 1
a 151 553 0 4 9
a 151 768 0 8 39
a 151 187 0 7 22
a 151 865 0 8 39
a 151 934 0 8 42
a 151 1030 0 8 14
a 151 888 0 8 41
a 151 625 0 7 3
a 151 238 0 4 16
a 151 586 0 4 16
a 151 24 0 9 36
a 151 831 0 5 50
a 151 1157 0 8 27
a 151 706 0 8 41
a 151 156 0 2 45
a 151 376 0 10 32
a 151 823 0 5 9
a 151 218 0 1 50
a 151 523 0 1 13
a 151 795 0 9 43
a 176 868 0 10636 50
a 176 548 0 4 41
a 176 543 0 8 2
a 176 459 0 5 25
a 176 326 0 8 37
a 176 845 0 1 48
a 176 878 0 5 3
a 176 1131 0 9 48
a 176 1002 0 3 37
a 184 1159 0 10636 50
a 184 1015 0 6 11
a 184 905 0 1 39
a 184 833 0 4 13
a 184 69 0 8 13
a 184 1116 0 7 28
a 184 944 0 10 12
a 184 475 0 4 49
a 184 1183 0 7 11
a 184 320 0 9 22
a 184 502 0 5 43
a 184 854 0 8 29
a 184 96 0 8 41
a 184 166 0 7 16
a 184 373 0 6 47
a 184 520 0 4 30
a 184 908 0 5 45
a 184 847 0 4 25
a 184 131 0 10 8
a 184 1046 0 9 5
a 184 649 0 8 38
a 184 985 0 9 13
a 184 640 0 2 48
a 184 371 0 5 11
a 184 917 0 1 31
a 184 108 0 10 6
a 184 583 0 9 41
a 184 434 0 2 26
a 184 1147 0 6 8
a 184 20 0 10 38
a 184 1181 0 9 1
a 194 50 0 10636 50
a 194 710 0 10 42
a 194 648 0 4 18
a 194 865 0 1 17
a 194 820 0 5 8
a 209 133 0 10636 35
a 209 778 0 9 44
a 209 1028 0 6 26
a 209 679 0 1 19
a 209 743 0 7 2
a 209 861 0 9 21
a 209 805 0 3 44
a 209 349 0 10 26
a 209 609 0 2 17
a 209 436 0 8 48
a 209 428 0 3 12
a 209 770 0 7 30
a 209 407 0 6 42
a 209 174 0 1 30
a 209 1113 0 5 15
a 209 775 0 6 9
a 209 750 0 1 21
a 209 223 0 7 47
a 209 597 0 3 39
a 209 766 0 3 33
a 209 737 0 1 47
a 210 1018 0 10636 50
a 210 637 0 2 34
a 210 1140 0 10 3
a 210 209 0 10 18
a 226 1179 0 10636 20
a 226 276 0 3 18
a 226 860 0 8 10
a 226 602 0 7 9
a 226 372 0 5 18
a 226 399 0 1 8
a 226 766 0 1 48
a 226 400 0 6 33
a 226 85 0 1 39
a 226 283 0 6 34
a 226 445 0 9 21
a 233 630 0 10636 21
a 233 763 0 2 45
a 233 147 0 5 32
a 233 996 0 9 6
a 233 478 0 9 33
a 233 685 0 2 28
a 233 1000 0 3 24
a 233 270 0 5 35
a 233 211 0 10 35
a 233 1060 0 9 33
a 233 869 0 3 29
a 233 385 0 1 15
a 233 734 0 4 13
a 233 34 0 10 36
a 233 852 0 6 48
a 233 175 0 7 29
a 238 55 0 10636 45
a 238 283 0 2 12
a 238 699 0 8 19
a 248 917 0 10636 39
a 248 840 0 6 26
a 248 1158 0 2 28
a 248 645 0 7 18
a 248 380 0 1 17
a 248 599 0 4 21
a 248 130 0 10 7
a 248 71 0 5 48
a 248 195 0 4 16
a 248 1155 0 4 42
a 248 1092 0 3 5
a 248 674 0 1 24
a 248 590 0 5 6
a 248 466 0 7 13
a 248 154 0 2 37
a 248 1104 0 7 20
a 248 117 0 3 23
a 248 1146 0 2 14
a 248 785 0 4 47
a 248 549 0 5 22
a 248 42 0 6 44
a 248 449 0 9 16
a 248 325 0 2 21
a 248 153 0 7 42
a 248 1090 0 9 16
a 248 367 0 7 5
a 248 1194 0 1 1
a 248 1013 0 1 19
a 256 712 0 10636 50
a 256 615 0 4 40
a 256 789 0 7 18
a 256 749 0 4 15
a 268 941 0 10636 50
a 268 630 0 6 2
a 268 444 0 3 3
a 268 551 0 1 14
a 268 428 0 2 50
a 268 161 0 6 11
a 268 442 0 9 13
a 268 32 0 4 33
a 268 527 0 8 5
a 268 18 0 1 39
a 268 48 0 9 30
a 268 148 0 10 37
a 269 860 0 10636 50
a 269 1156 0 1 38
a 269 165 0 5 26
a 269 554 0 3 17
a 269 433 0 9 5
a 269 804 0 8 42
a 276 517 0 10636 23
a 276 155 0 8 21
a 276 1036 0 5 33
a 276 125 0 4 6
a 276 762 0 9 37
a 276 1117 0 1 46
a 276 1009 0 5 29
a 276 1049 0 4 2
a 276 187 0 4 5
a 276 976 0 4 5
a 276 594 0 3 18
a 276 556 0 3 34
a 276 175 0 1 30
a 276 829 0 10 7
a 276 167 0 8 48
a 276 335 0 7 49
a 276 318 0 5 50
a 276 722 0 1 29
a 276 279 0 6 10
a 276 639 0 10 32
a 276 272 0 3 7
a 276 25 0 6 15
a 276 405 0 2 2
a 276 225 0 2 3
a 276 986 0 3 19
a 276 567 0 8 38
a 276 123 0 1 40
a 276 593 0 7 9
a 276 70 0 8 25
a 276 462 0 6 28
a 276 294 0 6 27
a 276 116 0 8 20
a 278 847 0 10636 30
a 278 324 0 1 12
a 278 208 0 4 15
a 278 1080 0 6 50
a 278 91 0 7 50
a 278 738 0 5 2
a 278 279 0 5 47
a 278 809 0 1 49
a 278 517 0 10 3
a 278 749 0 3 28
a 278 989 0 4 9
a 278 339 0 1 7
a 278 1036 0 4 10
a 278 882 0 4 15
a 278 1096 0 1 36
a 278 834 0 9 39
a 278 78 0 5 2
a 278 818 0 3 5
a 278 204 0 10 30
a 278 541 0 9 29
a 278 682 0 1 26
a 287 276 0 10636 50
a 287 852 0 3 14
a 287 1113 0 4 13
a 287 140 0 6 16
a 287 784 0 2 15
a 287 328 0 9 35
a 287 212 0 4 47
a 287 800 0 5 44
a 287 291 0 2 50
a 287 21 0 2 11
a 287 938 0 3 20
a 287 326 0 9 26
a 287 65 0 2 46
a 287 363 0 6 28
a 287 650 0 2 3
a 287 184 0 9 31
a 289 817 0 10636 50
a 289 109 0 8 45
a 289 773 0 8 30
a 289 945 0 9 2
a 289 1061 0 8 28
a 289 925 0 5 42
a 289 280 0 4 47
a 289 1056 0 8 15
a 289 789 0 7 43
a 289 317 0 8 18
a 289 458 0 5 33
a 289 427 0 1 36
a 289 697 0 5 35
a 289 1074 0 10 38
a 289 875 0 3 13
a 289 810 0 3 26
a 289 88 0 8 22
a 383 856 0 10636 22
a 383 963 0 7 34
a 383 826 0 5 10
a 387 1193 0 10636 45
a 387 809 0 10636 50
a 387 269 0 8 47
a 387 473 0 8 14
a 387 1022 0 8 49
a 387 1152 0 6 37
a 406 628 0 10636 50
a 406 581 0 6 27
a 406 459 0 3 13
a 406 653 0 3 42
a 406 1108 0 1 49
a 406 1056 0 2 45
a 406 1082 0 2 15
a 406 940 0 6 39
a 406 183 0 7 2
a 406 1012 0 8 21
a 406 322 0 2 9
a 406 502 0 8 30
a 406 1078 0 8 22
a 406 458 0 8 39
a 406 765 0 2 40
a 406 367 0 10 10
a 406 512 0 10 6
a 406 1103 0 6 17
a 406 592 0 2 7
a 406 456 0 8 8
a 406 227 0 8 28
a 406 33 0 7 6
a 406 585 0 10 42
a 406 793 0 4 3
a 406 588 0 2 14
a 421 184 0 10636 6
a 421 527 0 4 34
a 421 752 0 3 24
a 421 1194 0 4 50
a 421 499 0 1 36
a 421 100 0 8 9
a 421 942 0 3 7
a 426 987 0 10636 50
a 426 281 0 5 30
a 426 696 0 10 11
a 426 896 0 9 20
a 426 590 0 4 23
a 426 250 0 7 5
a 426 558 0 3 1
a 426 62 0 4 31
a 426 498 0 1 3
a 426 613 0 7 6
a 426 230 0 3 42
a 426 1189 0 5 28
a 426 1188 0 9 46
a 426 733 0 4 44
a 426 704 0 1 23
a 426 839 0 1 32
a 426 1169 0 7 16
a 426 922 0 4 26
a 426 464 0 6 1
a 426 1175 0 6 6
a 426 568 0 9 5
a 431 1010 0 10636 20
a 431 712 0 1 31
a 431 1028 0 6 45
a 431 447 0 4 13
a 431 1191 0 2 10
a 431 217 0 9 19
a 431 332 0 7 19
a 431 881 0 9 26
a 431 678 0 9 34
a 431 762 0 9 22
a 431 999 0 6 19
a 431 268 0 10 13
a 431 88 0 10 38
a 431 55 0 5 33
a 431 1047 0 10 49
a 431 132 0 4 21
a 431 660 0 8 32
a 431 1133 0 4 21
a 431 988 0 6 24
a 431 817 0 5 7
a 431 1124 0 9 10
a 431 541 0 8 50
a 431 875 0 10 48
a 431 701 0 1 23
a 431 706 0 2 13
a 460 226 0 10636 50
a 460 860 0 10 18
a 460 152 0 3 46
a 460 362 0 9 5
a 460 544 0 1 31
a 460 670 0 4 29
a 460 749 0 5 48
a 472 406 0 10636 12
a 472 300 0 1 5
a 472 1083 0 8 19
a 472 261 0 2 30
a 472 1191 0 2 12
a 472 656 0 1 32
a 472 1127 0 9 5
a 472 230 0 9 46
a 472 1170 0 1 25
a 472 992 0 10 27
a 472 306 0 6 6
a 472 730 0 2 47
a 472 885 0 1 31
a 472 328 0 6 47
a 485 268 0 10636 33
a 485 68 0 10 37
a 485 266 0 4 23
a 485 998 0 5 24
a 485 856 0 5 41
a 485 579 0 5 44
a 485 554 0 4 9
a 485 939 0 8 41
a 485 710 0 6 4
a 485 890 0 1 32
a 485 1064 0 10 39
a 485 694 0 9 26
a 485 771 0 1 12
a 485 716 0 10 48
a 485 795 0 10 1
a 485 947 0 6 31
a 485 644 0 6 43
a 485 639 0 9 43
a 485 99 0 5 7
a 485 437 0 10 13
a 485 583 0 6 38
a 485 577 0 9 19
a 485 591 0 3 19
a 485 588 0 1 48
a 485 672 0 9 44
a 498 269 0 10636 34
a 498 395 0 7 21
a 498 468 0 8 11
a 498 693 0 5 7
a 498 806 0 6 15
a 498 445 0 2 42
a 498 1191 0 9 1
a 498 130 0 9 7
a 517 621 0 10636 24
a 517 686 0 9 6
a 517 1174 0 6 23
a 517 440 0 9 23
a 517 202 0 5 3
a 517 917 0 9 20
a 517 1103 0 4 3
a 517 840 0 3 35
a 517 421 0 3 25
a 517 1185 0 1 4
a 517 492 0 10 40
a 517 61 0 10 29
a 517 244 0 4 40
a 517 45 0 5 10
a 517 717 0 8 45
a 517 489 0 9 44
a 517 228 0 3 36
a 517 724 0 4 49
a 517 297 0 4 43
a 517 531 0 3 16
a 517 710 0 2 17
a 517 1133 0 7 25
a 517 237 0 4 34
a 560 882 0 10636 50
a 560 1056 0 1 47
a 560 473 0 2 49
a 578 139 0 10636 49
a 578 252 0 2 27
a 578 326 0 3 35
a 578 1168 0 7 9
a 578 260 0 3 40
a 578 984 0 2 7
a 578 301 0 7 17
a 578 673 0 7 25
a 578 820 0 8 31
a 578 1047 0 1 50
a 578 797 0 4 3
a 578 92 0 3 50
a 578 888 0 3 44
a 578 236 0 6 36
a 578 109 0 8 50
a 578 954 0 5 10
a 578 382 0 9 6
a 578 664 0 9 14
a 578 155 0 1 46
a 578 594 0 7 35
a 578 351 0 6 31
a 578 625 0 4 15
a 578 1126 0 6 7
a 578 1035 0 10 47
a 578 720 0 6 9
a 578 839 0 2 46
a 578 540 0 4 22
a 578 966 0 10 3
a 578 988 0 7 27
a 578 361 0 6 46
a 578 716 0 6 27
a 612 485 0 10636 46
a 612 126 0 4 23
a 612 116 0 6 5
a 612 270 0 4 38
a 612 395 0 4 40
a 612 640 0 8 43
a 612 46 0 9 16
a 612 338 0 1 25
a 612 706 0 10 19
a 612 758 0 10 20
a 612 964 0 10 23
a 612 525 0 6 39
a 612 408 0 5 45
a 612 614 0 9 4
a 612 1130 0 2 47
a 612 885 0 4 20
a 612 1184 0 7 3
a 612 362 0 1 48
a 612 452 0 8 46
a 612 756 0 10 46
a 612 563 0 4 14
a 612 378 0 3 13
a 612 331 0 5 18
a 612 209 0 4 27
a 612 476 0 10 11
a 621 210 0 10636 22
a 621 1169 0 5 24
a 621 664 0 5 11
a 621 470 0 4 12
a 621 595 0 7 29
a 628 871 0 10636 50
a 628 713 0 5 25
a 628 104 0 3 50
a 628 960 0 6 25
a 628 1126 0 6 30
a 628 1038 0 9 10
a 628 123 0 2 48
a 628 562 0 9 24
a 628 435 0 4 2
a 628 811 0 1 36
a 628 1053 0 8 35
a 628 86 0 3 14
a 628 183 0 3 37
a 628 575 0 9 14
a 628 219 0 5 28
a 628 799 0 5 3
a 628 39 0 10 7
a 628 281 0 5 22
a 628 985 0 7 31
a 628 56 0 8 40
a 628 1135 0 10 9
a 628 172 0 3 33
a 628 1034 0 5 35
a 628 103 0 4 19
a 630 862 0 10636 48
a 630 432 0 7 22
a 630 840 0 7 41
a 630 553 0 9 25
a 630 324 0 10 22
a 630 930 0 5 33
a 630 572 0 3 5
a 630 318 0 7 42
a 630 410 0 5 33
a 630 1146 0 7 15
a 630 723 0 2 19
a 630 209 0 5 36
a 630 431 0 4 8
a 630 1017 0 10 21
a 630 1125 0 4 32
a 630 691 0 9 44
a 630 386 0 4 10
a 630 50 0 2 12
a 630 684 0 8 34
a 630 417 0 10 38
a 630 18 0 4 18
a 630 619 0 2 15
a 659 278 0 10636 50
a 659 698 0 2 35
a 659 395 0 3 11
a 659 925 0 10 14
a 659 497 0 5 8
a 659 93 0 7 49
a 674 142 0 10636 50
a 674 169 0 9 41
a 674 995 0 1 39
a 674 199 0 7 31
a 674 562 0 1 26
a 674 585 0 4 33
a 674 969 0 3 25
a 674 970 0 1 13
a 674 438 0 9 35
a 674 1031 0 7 44
a 674 51 0 1 11
a 674 590 0 1 32
a 674 179 0 2 47
a 684 560 0 10636 50
a 684 970 0 2 33
a 684 477 0 3 38
a 684 1109 0 6 34
a 684 832 0 9 6
a 684 941 0 7 8
a 684 1100 0 3 50
a 684 136 0 4 11
a 684 153 0 3 2
a 684 697 0 9 24
a 684 1130 0 7 17
a 684 903 0 2 12
a 684 929 0 7 18
a 684 1107 0 1 24
a 684 1053 0 9 46
a 684 464 0 6 29
a 684 451 0 6 11
a 684 421 0 8 15
a 687 1188 0 10636 50
a 687 640 0 2 9
a 687 300 0 1 30
a 687 945 0 3 14
a 687 345 0 1 26
a 687 1146 0 3 34
a 687 162 0 7 19
a 687 1108 0 2 49
a 687 182 0 9 39
a 687 89 0 10 37
a 687 771 0 8 6
a 687 519 0 5 16
a 687 319 0 3 36
a 687 995 0 4 10
a 687 1092 0 1 4
a 687 860 0 10 47
a 687 736 0 4 4
a 687 291 0 9 47
a 687 193 0 8 28
a 687 1144 0 1 41
a 687 559 0 9 20
a 687 1062 0 9 27
a 687 1182 0 8 33
a 687 524 0 1 16
a 687 1134 0 7 42
a 687 966 0 2 20
a 687 506 0 7 16
a 687 971 0 6 2
a 687 670 0 7 8
a 710 233 0 10636 24
a 710 1039 0 2 8
a 710 1121 0 3 37
a 710 657 0 5 1
a 710 61 0 4 6
a 710 682 0 1 28
a 710 276 0 8 26
a 710 389 0 8 9
a 710 1005 0 7 47
a 710 443 0 6 8
a 710 1192 0 1 17
a 710 807 0 6 10
a 710 24 0 8 2
a 710 918 0 8 49
a 710 772 0 9 31
a 710 989 0 9 26
a 710 191 0 4 22
a 710 206 0 2 21
a 710 234 0 7 38
a 710 110 0 7 21
a 710 602 0 9 33
a 710 279 0 7 45
a 710 1029 0 9 27
a 710 776 0 1 39
a 710 17 0 3 32
a 710 755 0 5 22
a 710 1092 0 8 29
a 710 897 0 1 9
a 710 1053 0 7 46
a 710 890 0 2 17
a 710 513 0 8 47
a 712 498 0 10636 35
a 712 723 0 6 3
a 712 359 0 8 46
a 712 184 0 9 20
a 712 1180 0 7 25
a 712 776 0 1 30
a 712 932 0 4 13
a 712 1020 0 2 26
a 712 814 0 9 1
a 712 803 0 3 5
a 712 667 0 5 7
a 712 484 0 8 33
a 712 445 0 6 4
a 712 569 0 3 50
a 712 1193 0 8 41
a 712 226 0 1 45
a 712 566 0 10 47
a 712 610 0 5 37
a 712 736 0 5 41
a 712 90 0 10 29
a 712 802 0 6 41
a 712 342 0 7 6
a 712 65 0 1 44
a 712 27 0 8 44
a 712 338 0 4 2
a 712 831 0 6 39
a 712 953 0 1 50
a 712 654 0 2 49
a 712 299 0 5 25
a 712 875 0 4 29
a 712 394 0 8 49
a 712 979 0 4 31
a 757 1127 0 10636 50
a 757 366 0 9 23
a 757 593 0 9 4
a 757 339 0 5 39
a 757 666 0 4 26
a 757 547 0 3 49
a 807 421 0 10636 39
a 807 427 0 6 41
a 807 544 0 4 13
a 807 1061 0 8 29
a 807 328 0 5 4
a 807 529 0 6 43
a 807 737 0 7 11
a 807 578 0 2 8
a 807 596 0 3 42
a 807 1127 0 9 8
a 807 85 0 5 11
a 807 964 0 10 4
a 807 668 0 7 21
a 807 1053 0 8 22
a 807 1033 0 6 27
a 807 285 0 4 13
a 807 694 0 5 11
a 807 1014 0 2 26
a 807 650 0 4 4
a 807 82 0 2 7
a 807 1114 0 3 17
a 807 561 0 7 2
a 807 214 0 7 1
a 807 523 0 10 1
a 807 642 0 1 31
a 807 514 0 2 7
a 807 1173 0 4 36
a 807 397 0 8 36
a 807 1036 0 3 37
a 807 1073 0 1 42
a 809 674 0 10636 50
a 809 423 0 10 7
a 809 201 0 6 38
a 809 425 0 7 49
a 809 335 0 4 16
a 809 146 0 4 8
a 809 993 0 2 32
a 809 616 0 6 25
a 809 436 0 3 27
a 817 431 0 10636 40
a 817 841 0 3 18
a 817 574 0 7 10
a 817 721 0 10 30
a 817 1148 0 6 23
a 817 434 0 9 24
a 817 128 0 9 10
a 817 937 0 4 20
a 817 537 0 1 11
a 817 578 0 4 35
a 817 589 0 6 26
a 817 144 0 10 17
a 817 664 0 2 17
a 817 411 0 10 43
a 817 792 0 8 40
a 817 808 0 2 46
a 817 1030 0 8 7
a 817 705 0 1 14
a 817 1117 0 7 36
a 817 816 0 4 9
a 817 949 0 5 26
a 817 1038 0 6 39
a 817 231 0 3 42
a 817 57 0 2 39
a 817 666 0 2 3
a 817 221 0 3 50
a 817 1192 0 10 42
a 817 625 0 6 48
a 817 928 0 3 5
a 817 54 0 5 26
a 817 516 0 5 42
a 847 248 0 10636 50
a 847 620 0 8 20
a 847 549 0 7 35
a 847 376 0 6 14
a 847 230 0 6 22
a 847 881 0 5 31
a 847 100 0 8 35
a 847 694 0 9 6
a 847 1062 0 6 37
a 847 222 0 10 43
a 847 52 0 2 18
a 847 284 0 3 34
a 847 1168 0 1 26
a 847 796 0 5 16
a 847 1192 0 5 23
a 856 972 0 10636 47
a 856 1198 0 5 30
a 856 821 0 8 32
a 856 758 0 2 25
a 856 489 0 2 35
a 856 441 0 7 29
a 856 1174 0 10 32
a 856 238 0 5 20
a 856 506 0 8 18
a 856 112 0 10 41
a 856 610 0 3 8
a 856 1086 0 6 12
a 856 824 0 9 25
a 856 264 0 7 34
a 856 990 0 6 22
a 856 929 0 7 37
a 856 763 0 4 47
a 856 652 0 1 49
a 856 611 0 3 15
a 856 1068 0 4 10
a 856 724 0 2 19
a 856 79 0 10 11
a 856 1077 0 1 36
a 856 375 0 2 28
a 856 220 0 2 31
a 856 1137 0 2 13
a 856 757 0 4 43
a 860 1028 0 10636 50
a 860 1023 0 5 2
a 860 786 0 7 43
a 860 1064 0 2 4
a 860 923 0 5 29
a 860 438 0 8 4
a 860 823 0 4 38
a 860 1026 0 8 6
a 860 49 0 10 2
a 860 516 0 6 22
a 860 809 0 7 12
a 860 1157 0 5 38
a 860 554 0 10 49
a 860 275 0 6 21
a 860 663 0 1 16
a 860 327 0 7 49
a 860 987 0 4 12
a 860 367 0 2 10
a 860 1140 0 3 22
a 860 738 0 8 41
a 860 751 0 7 31
a 860 73 0 9 2
a 860 919 0 10 25
a 860 779 0 3 16
a 860 695 0 9 40
a 860 1109 0 9 15
a 862 209 0 10636 50
a 862 1135 0 9 27
a 862 269 0 4 25
a 862 807 0 6 16
a 862 461 0 3 5
a 862 434 0 7 46
a 862 940 0 2 49
a 862 220 0 4 43
a 862 914 0 2 33
a 862 24 0 8 22
a 862 1136 0 5 16
a 862 114 0 5 5
a 862 668 0 5 13
a 868 238 0 10636 48
a 868 661 0 2 18
a 868 61 0 4 22
a 868 256 0 7 25
a 868 749 0 4 5
a 868 243 0 8 9
a 868 437 0 7 3
a 868 203 0 2 17
a 868 1003 0 4 18
a 868 872 0 4 25
a 868 681 0 3 42
a 868 466 0 5 50
a 868 718 0 10 1
a 868 492 0 7 37
a 868 597 0 9 40
a 868 763 0 2 12
a 868 378 0 10 2
a 868 943 0 7 21
a 868 290 0 1 49
a 868 753 0 4 45
a 868 291 0 4 2
a 868 809 0 9 6
a 868 337 0 6 50
a 871 35 0 10636 3
a 871 795 0 1 3
a 871 513 0 10 26
a 871 896 0 10 48
a 871 759 0 2 9
a 871 941 0 4 15
a 871 765 0 10 41
a 871 929 0 1 21
a 871 743 0 7 15
a 871 908 0 10 20
a 882 612 0 10636 27
a 882 565 0 9 22
a 882 1075 0 4 40
a 882 478 0 8 11
a 882 1179 0 7 45
a 882 1067 0 7 20
a 882 946 0 1 42
a 882 525 0 7 48
a 882 1159 0 2 3
a 882 397 0 5 35
a 882 838 0 7 18
a 882 137 0 2 20
a 882 613 0 1 11
a 882 297 0 6 3
a 882 893 0 1 29
a 882 1086 0 2 14
a 882 259 0 3 11
a 882 512 0 6 19
a 882 607 0 6 41
a 882 854 0 6 32
a 882 917 0 6 32
a 882 268 0 9 21
a 882 886 0 2 20
a 882 640 0 8 19
a 882 563 0 8 44
a 914 113 0 10636 50
a 914 1104 0 4 36
a 917 687 0 10636 50
a 917 240 0 3 23
a 917 137 0 8 17
a 917 1127 0 4 2
a 917 442 0 8 1
a 917 406 0 8 40
a 917 35 0 2 24
a 917 404 0 6 24
a 917 70 0 2 43
a 917 594 0 3 36
a 917 138 0 3 42
a 917 268 0 8 18
a 917 522 0 9 1
a 917 744 0 4 4
a 917 832 0 3 1
a 917 760 0 8 39
a 917 121 0 1 41
a 917 773 0 6 9
a 917 1105 0 1 2
a 917 534 0 4 6
a 917 686 0 10 29
a 917 766 0 4 12
a 917 81 0 1 28
a 917 1199 0 2 3
a 917 1114 0 8 10
a 917 1009 0 10 27
a 917 676 0 8 24
a 917 67 0 5 10
a 941 383 0 10636 50
a 941 972 0 4 24
a 941 113 0 2 40
a 941 466 0 8 18
a 941 937 0 4 20
a 941 703 0 3 9
a 941 478 0 10 21
a 941 406 0 10 13
a 941 1007 0 6 38
a 941 495 0 9 14
a 941 969 0 3 18
a 941 1056 0 8 11
a 941 601 0 4 1
a 941 160 0 9 5
a 941 526 0 7 20
a 941 409 0 1 38
a 941 305 0 6 50
a 941 1119 0 6 48
a 941 974 0 6 46
a 941 284 0 3 22
a 941 1006 0 4 24
a 941 824 0 2 17
a 941 391 0 6 29
a 941 952 0 10 21
a 972 807 0 10636 37
a 972 1040 0 3 13
a 972 538 0 4 33
a 972 1191 0 1 7
a 972 1165 0 1 27
a 972 554 0 2 34
a 972 738 0 6 50
a 972 255 0 5 42
a 972 1087 0 3 3
a 972 1126 0 2 2
a 972 892 0 6 42
a 972 877 0 9 22
a 972 1107 0 2 29
a 972 260 0 10 9
a 972 107 0 2 6
a 972 1111 0 4 22
a 972 361 0 8 28
a 972 544 0 7 34
a 975 1095 0 10636 50
a 975 1132 0 5 26
a 975 372 0 6 22
a 975 1157 0 10 24
a 975 632 0 10 49
a 975 599 0 6 1
a 975 738 0 9 43
a 975 151 0 6 4
a 975 297 0 2 42
a 975 137 0 1 24
a 975 519 0 3 48
a 975 1165 0 6 9
a 975 451 0 8 30
a 975 662 0 7 47
a 975 255 0 8 16
a 975 677 0 6 38
a 975 123 0 3 19
a 975 499 0 2 38
a 975 99 0 8 20
a 975 317 0 7 48
a 975 479 0 3 9
a 975 121 0 5 24
a 975 1185 0 9 45
a 975 631 0 8 13
a 975 441 0 7 4
a 975 49 0 7 22
a 975 885 0 6 9
a 975 224 0 9 31
a 975 449 0 7 16
a 975 965 0 2 1
a 975 1091 0 6 32
a 975 874 0 5 37
a 983 287 0 10636 50
a 983 304 0 10 35
a 983 314 0 10 20
a 983 990 0 2 15
a 983 140 0 7 11
a 983 1138 0 5 36
a 983 926 0 9 49
a 983 341 0 4 15
a 983 1116 0 4 49
a 983 542 0 3 46
a 983 1185 0 10 35
a 983 175 0 7 49
a 983 969 0 1 42
a 983 763 0 7 15
a 983 1042 0 1 13
a 983 897 0 3 25
a 983 218 0 2 20
a 983 473 0 7 4
a 983 372 0 4 20
a 983 466 0 7 16
a 983 839 0 9 9
a 983 310 0 8 39
a 983 755 0 5 9
a 983 200 0 1 32
a 987 86 0 10636 3
a 987 650 0 5 45
a 987 35 0 6 27
a 987 886 0 7 3
a 1006 426 0 10636 50
a 1006 545 0 10 33
a 1006 710 0 4 19
a 1006 1085 0 2 6
a 1006 798 0 1 31
a 1006 346 0 8 35
a 1006 661 0 7 39
a 1006 18 0 9 5
a 1006 714 0 4 5
a 1006 1065 0 9 50
a 1006 995 0 8 36
a 1006 1000 0 10 45
a 1006 514 0 9 18
a 1006 1021 0 3 26
a 1006 303 0 2 4
a 1006 1184 0 7 14
a 1006 893 0 3 43
a 1006 139 0 4 5
a 1006 1197 0 3 46
a 1010 578 0 10636 33
a 1010 735 0 1 43
a 1010 608 0 2 45
a 1010 642 0 5 6
a 1010 492 0 4 50
a 1010 686 0 7 20
a 1018 659 0 10636 41
a 1018 21 0 9 5
a 1018 523 0 7 34
a 1018 168 0 4 11
a 1018 1131 0 7 44
a 1018 450 0 3 22
a 1018 253 0 3 50
a 1018 87 0 7 28
a 1018 949 0 10 11
a 1018 803 0 1 26
a 1018 362 0 6 6
a 1018 387 0 4 14
a 1018 1005 0 9 16
a 1018 162 0 2 10
a 1018 187 0 1 3
a 1028 67 0 10636 49
a 1028 777 0 6 31
a 1028 501 0 9 13
a 1028 45 0 1 41
a 1028 146 0 4 21
a 1075 975 0 10636 36
a 1075 381 0 1 43
a 1075 1024 0 3 37
a 1075 150 0 10 45
a 1075 317 0 1 10
a 1075 1190 0 3 35
a 1075 1184 0 5 25
a 1075 536 0 5 30
a 1075 177 0 3 22
a 1075 115 0 5 33
a 1075 959 0 3 11
a 1075 1136 0 1 11
a 1075 1198 0 5 13
a 1075 419 0 4 21
a 1075 45 0 10 48
a 1075 891 0 9 4
a 1075 290 0 3 15
a 1075 935 0 8 30
a 1075 881 0 6 16
a 1095 472 0 10636 50
a 1095 1046 0 4 32
a 1095 312 0 5 37
a 1095 772 0 8 1
a 1095 512 0 9 39
a 1095 294 0 4 21
a 1095 422 0 2 11
a 1095 277 0 8 48
a 1095 449 0 4 11
a 1095 1195 0 6 28
a 1095 305 0 10 49
a 1095 63 0 1 38
a 1095 392 0 8 22
a 1095 136 0 5 7
a 1095 797 0 10 39
a 1095 1147 0 6 21
a 1095 1003 0 3 35
a 1095 62 0 6 13
a 1095 886 0 5 24
a 1095 1068 0 4 26
a 1095 979 0 5 33
a 1095 903 0 3 49
a 1095 914 0 3 1
a 1127 710 0 10636 50
a 1127 87 0 4 21
a 1127 127 0 1 4
a 1127 1036 0 7 40
a 1127 1195 0 7 11
a 1127 18 0 1 35
a 1127 977 0 8 31
a 1127 1033 0 6 27
a 1127 864 0 7 5
a 1127 711 0 5 17
a 1127 1120 0 10 43
a 1127 705 0 5 22
a 1127 1117 0 7 20
a 1127 943 0 8 32
a 1127 1088 0 6 13
a 1127 325 0 2 27
a 1127 992 0 9 41
a 1127 971 0 5 29
a 1127 1162 0 4 30
a 1127 57 0 8 24
a 1127 1076 0 1 29
a 1159 289 0 10636 46
a 1159 434 0 1 43
a 1159 922 0 5 6
a 1159 259 0 10 34
a 1159 773 0 5 32
a 1159 429 0 4 4
a 1159 630 0 5 19
a 1159 703 0 4 7
a 1159 774 0 5 26
a 1159 315 0 5 40
a 1159 731 0 10 1
a 1159 414 0 4 6
a 1159 330 0 5 33
a 1159 861 0 4 2
a 1159 756 0 4 22
a 1159 853 0 5 39
a 1159 579 0 3 24
a 1159 544 0 6 29
a 1159 923 0 6 15
a 1159 860 0 5 17
a 1159 509 0 3 3
a 1159 525 0 7 23
a 1159 398 0 10 7
a 1159 120 0 2 16
a 1179 914 0 10636 16
a 1179 462 0 6 39
a 1179 1055 0 3 15
a 1179 236 0 2 21
a 1179 63 0 7 11
a 1179 37 0 7 28
a 1179 1061 0 3 46
a 1179 343 0 8 13
a 1179 281 0 9 37
a 1179 325 0 5 31
a 1179 976 0 6 31
a 1179 84 0 7 35
a 1179 764 0 3 33
a 1179 40 0 9 43
a 1179 188 0 4 42
a 1179 514 0 8 1
a 1179 140 0 6 22
a 11 1145 0 4420 50
a 11 930 0 4 40
a 11 438 0 3 9
a 11 786 0 8 43
a 11 136 0 7 33
a 11 722 0 3 20
a 11 144 0 7 17
a 11 470 0 8 2
a 11 1083 0 10 7
a 11 910 0 9 42
a 11 988 0 5 12
a 11 680 0 6 17
a 11 112 0 1 10
a 11 622 0 2 24
a 11 1138 0 1 26
a 11 863 0 5 47
a 11 64 0 4 14
a 11 728 0 1 41
a 11 37 0 4 18
a 11 1036 0 4 11
a 11 1125 0 8 6
a 11 986 0 9 44
a 11 881 0 1 19
a 11 704 0 1 27
a 11 74 0 6 29
a 47 883 0 4420 43
a 47 167 0 2 2
a 47 135 0 2 17
a 47 709 0 8 48
a 47 439 0 5 40
a 47 652 0 8 3
a 47 968 0 3 25
a 47 466 0 6 40
a 47 659 0 8 36
a 47 106 0 8 1
a 47 735 0 4 46
a 47 205 0 2 4
a 47 220 0 3 20
a 47 725 0 8 21
a 47 561 0 5 39
a 47 212 0 5 13
a 47 360 0 4 21
a 47 757 0 7 21
a 47 577 0 3 27
a 47 224 0 5 8
a 47 274 0 10 29
a 47 618 0 10 37
a 47 855 0 10 37
a 47 318 0 9 2
a 98 665 0 4420 50
a 98 576 0 6 42
a 98 1183 0 3 17
a 98 1199 0 10 25
a 98 175 0 5 9
a 98 166 0 10 36
a 98 443 0 2 3
a 98 642 0 5 27
a 98 884 0 10 20
a 98 462 0 7 27
a 98 598 0 2 2
a 98 307 0 4 13
a 98 711 0 10 49
a 98 1016 0 2 11
a 99 781 0 4420 50
a 99 87 0 10 49
a 99 526 0 9 47
a 99 363 0 2 3
a 99 946 0 2 5
a 99 276 0 10 40
a 99 1045 0 1 29
a 99 636 0 10 11
a 99 782 0 7 17
a 99 93 0 6 16
a 127 1037 0 4420 50
a 127 842 0 3 14
a 127 126 0 10 6
a 127 55 0 3 50
a 127 492 0 2 50
a 127 708 0 2 22
a 127 1126 0 2 32
a 140 624 0 4420 50
a 140 431 0 9 39
a 140 993 0 5 10
a 140 583 0 3 7
a 140 190 0 1 33
a 143 249 0 4420 50
a 143 895 0 3 35
a 143 1173 0 4 10
a 143 844 0 1 32
a 143 991 0 4 9
a 143 695 0 6 17
a 143 65 0 7 19
a 143 338 0 3 32
a 143 62 0 2 3
a 143 746 0 2 39
a 143 299 0 10 30
a 143 320 0 10 13
a 159 305 0 4420 37
a 159 1156 0 2 48
a 159 136 0 8 10
a 159 655 0 5 25
a 159 375 0 2 20
a 159 113 0 5 23
a 159 1140 0 5 15
a 159 272 0 4 22
a 198 701 0 4420 38
a 198 430 0 1 35
a 198 908 0 4 26
a 198 338 0 6 37
a 198 1168 0 5 45
a 199 520 0 4420 8
a 199 718 0 8 13
a 199 550 0 3 27
a 199 469 0 8 33
a 199 84 0 8 46
a 199 746 0 6 35
a 199 959 0 1 9
a 199 1159 0 9 31
a 199 1035 0 2 29
a 199 1127 0 6 5
a 199 980 0 9 36
a 199 204 0 7 46
a 199 1130 0 10 38
a 199 392 0 4 34
a 199 361 0 7 6
a 199 31 0 8 17
a 199 730 0 9 50
a 199 642 0 3 23
a 199 55 0 5 13
a 199 817 0 8 15
a 228 644 0 4420 17
a 228 1143 0 9 45
a 228 954 0 4 31
a 228 1051 0 6 22
a 228 753 0 3 25
a 228 336 0 2 30
a 228 34 0 5 6
a 228 474 0 7 4
a 228 821 0 4 3
a 228 447 0 10 5
a 228 773 0 9 34
a 228 362 0 7 22
a 228 878 0 7 30
a 228 148 0 2 47
a 228 437 0 2 40
a 232 618 0 4420 41
a 232 388 0 10 29
a 241 403 0 4420 36
a 241 1027 0 5 20
a 241 92 0 6 27
a 241 832 0 3 29
a 241 735 0 7 20
a 241 706 0 2 6
a 241 574 0 2 11
a 241 334 0 6 38
a 241 914 0 5 40
a 241 370 0 1 16
a 241 797 0 4 26
a 241 953 0 8 24
a 249 563 0 4420 50
a 249 19 0 7 17
a 249 407 0 9 49
a 249 53 0 9 11
a 249 287 0 5 27
a 249 295 0 7 1
a 249 306 0 10 9
a 249 452 0 3 17
a 249 705 0 1 25
a 249 1169 0 2 22
a 249 542 0 6 35
a 249 1095 0 3 3
a 249 1180 0 10 32
a 249 982 0 1 15
a 249 783 0 2 47
a 249 241 0 4 20
a 249 869 0 3 21
a 249 535 0 5 6
a 249 1098 0 9 46
a 249 349 0 6 38
a 249 1122 0 1 23
a 249 526 0 4 47
a 249 522 0 10 39
a 249 1082 0 8 38
a 249 529 0 2 44
a 249 339 0 6 9
a 266 691 0 4420 22
a 266 809 0 10 14
a 266 835 0 1 24
a 266 207 0 6 33
a 266 401 0 3 15
a 266 667 0 3 17
a 266 206 0 5 4
a 266 124 0 1 32
a 266 281 0 4 44
a 266 461 0 8 12
a 266 894 0 7 20
a 266 1163 0 4 29
a 266 670 0 5 23
a 266 422 0 7 31
a 266 359 0 1 49
a 266 1023 0 5 34
a 266 237 0 9 30
a 266 932 0 9 20
a 292 690 0 4420 9
a 292 1127 0 3 43
a 292 777 0 3 20
a 292 500 0 9 44
a 292 985 0 5 16
a 292 316 0 10 39
a 292 152 0 6 6
a 292 557 0 10 20
a 292 1057 0 1 39
a 292 1044 0 9 33
a 292 400 0 6 14
a 292 928 0 2 39
a 292 1058 0 10 20
a 292 1124 0 4 31
a 292 1149 0 7 11
a 292 853 0 6 36
a 292 468 0 3 23
a 292 820 0 4 2
a 292 1120 0 1 6
a 292 274 0 3 42
a 292 1160 0 8 42
a 292 269 0 6 6
a 292 1090 0 10 24
a 295 912 0 4420 50
a 295 290 0 6 48
a 295 151 0 2 38
a 295 323 0 10 4
a 295 134 0 10 46
a 295 198 0 10 17
a 295 792 0 7 48
a 295 1058 0 8 21
a 295 894 0 10 40
a 295 599 0 8 18
a 295 1101 0 4 17
a 295 1168 0 4 5
a 295 272 0 8 36
a 295 480 0 7 22
a 295 310 0 2 36
a 305 836 0 4420 49
a 305 619 0 6 8
a 305 697 0 4 20
a 305 308 0 10 14
a 305 517 0 1 13
a 305 743 0 3 7
a 305 79 0 1 50
a 305 772 0 8 31
a 305 1095 0 6 48
a 305 571 0 3 37
a 305 593 0 5 8
a 305 357 0 3 34
a 305 678 0 6 19
a 331 661 0 4420 50
a 331 679 0 5 36
a 331 1191 0 7 45
a 331 847 0 5 37
a 331 748 0 8 31
a 331 843 0 3 41
a 331 725 0 5 13
a 331 36 0 2 14
a 331 336 0 6 28
a 331 1083 0 4 23
a 331 284 0 3 14
a 331 1157 0 2 23
a 331 641 0 2 48
a 334 47 0 4420 50
a 334 1163 0 6 16
a 334 395 0 3 27
a 334 460 0 1 12
a 361 140 0 4420 29
a 361 148 0 3 19
a 361 712 0 1 17
a 361 782 0 6 27
a 361 227 0 3 27
a 361 1016 0 10 3
a 361 487 0 5 34
a 361 542 0 3 21
a 361 518 0 6 15
a 361 478 0 9 31
a 361 729 0 2 27
a 361 755 0 4 13
a 368 1170 0 4420 29
a 368 705 0 6 27
a 368 52 0 10 7
a 390 653 0 4420 50
a 390 660 0 10 50
a 390 24 0 10 27
a 390 1153 0 4 41
a 390 93 0 10 2
a 390 887 0 3 28
a 390 676 0 5 10
a 390 315 0 1 15
a 390 755 0 5 10
a 390 963 0 7 49
a 390 725 0 10 31
a 390 177 0 6 18
a 390 295 0 3 42
a 390 1158 0 5 47
a 390 1116 0 6 50
a 390 892 0 2 34
a 390 1080 0 10 45
a 390 711 0 6 4
a 390 463 0 3 36
a 390 49 0 4 4
a 390 141 0 7 48
a 390 356 0 2 13
a 390 250 0 1 45
a 390 122 0 7 44
a 390 423 0 3 41
a 399 858 0 4420 50
a 399 729 0 10 28
a 399 681 0 8 3
a 403 266 0 4420 50
a 403 680 0 5 26
a 403 492 0 6 20
a 403 150 0 3 39
a 403 1127 0 2 48
a 403 951 0 4 41
a 403 888 0 9 20
a 403 494 0 2 44
a 403 302 0 3 17
a 403 69 0 9 5
a 403 109 0 8 36
a 403 76 0 3 48
a 403 394 0 1 12
a 403 1152 0 10 20
a 403 502 0 5 24
a 403 1035 0 2 14
a 403 1046 0 10 20
a 403 418 0 3 21
a 403 1088 0 6 17
a 403 53 0 7 45
a 415 232 0 4420 50
a 415 833 0 6 32
a 415 1191 0 5 11
a 415 932 0 5 47
a 415 948 0 2 49
a 415 285 0 9 50
a 415 135 0 9 3
a 415 503 0 10 26
a 415 46 0 4 18
a 415 930 0 10 13
a 415 965 0 7 17
a 415 550 0 9 30
a 415 443 0 1 34
a 415 952 0 8 13
a 415 514 0 5 45
a 415 747 0 1 13
a 415 857 0 3 17
a 415 252 0 3 35
a 415 529 0 3 5
a 415 422 0 9 24
a 415 332 0 9 37
a 415 457 0 2 35
a 415 383 0 1 46
a 415 162 0 9 30
a 415 634 0 2 6
a 415 103 0 2 27
a 415 974 0 4 22
a 419 797 0 4420 2
a 419 200 0 2 24
a 419 161 0 7 40
a 419 952 0 6 3
a 419 392 0 5 14
a 419 1047 0 9 10
a 419 1180 0 9 35
a 419 384 0 4 25
a 419 966 0 6 19
a 419 1183 0 4 41
a 419 935 0 9 48
a 419 194 0 2 28
a 419 832 0 7 31
a 419 31 0 7 38
a 419 390 0 1 8
a 419 292 0 10 20
a 419 885 0 9 11
a 419 596 0 3 9
a 419 1035 0 2 37
a 419 1087 0 10 37
a 419 112 0 5 8
a 419 1200 0 2 10
a 419 570 0 3 23
a 419 1020 0 10 38
a 419 741 0 2 37
a 419 792 0 10 15
a 419 172 0 5 32
a 419 588 0 1 40
a 419 1118 0 8 20
a 419 305 0 3 17
a 419 699 0 8 37
a 419 519 0 10 10
a 455 361 0 4420 50
a 455 488 0 9 14
a 455 774 0 5 42
a 455 110 0 8 5
a 455 602 0 5 50
a 455 56 0 4 46
a 455 1133 0 8 14
a 455 225 0 5 48
a 455 686 0 7 37
a 455 144 0 8 4
a 455 823 0 9 38
a 455 560 0 5 4
a 455 142 0 5 14
a 455 887 0 5 25
a 455 461 0 5 27
a 455 498 0 9 32
a 455 280 0 8 48
a 455 1010 0 1 41
a 455 796 0 4 37
a 455 814 0 4 41
a 455 969 0 9 4
a 455 327 0 3 12
a 455 982 0 2 13
a 455 653 0 9 7
a 455 243 0 5 4
a 455 438 0 2 6
a 455 295 0 5 14
a 455 650 0 8 6
a 455 558 0 3 11
a 520 879 0 4420 50
a 520 861 0 7 13
a 520 228 0 3 17
a 520 353 0 9 29
a 520 925 0 6 41
a 520 165 0 10 13
a 520 117 0 2 1
a 520 979 0 1 27
a 520 118 0 10 26
a 520 301 0 7 23
a 520 904 0 5 47
a 520 1139 0 4 23
a 520 1175 0 4 27
a 520 271 0 2 23
a 520 238 0 7 49
a 520 1070 0 7 30
a 530 390 0 4420 10
a 530 806 0 4 6
a 530 706 0 5 48
a 563 702 0 4420 27
a 563 540 0 5 40
a 569 419 0 4420 39
a 569 890 0 7 2
a 569 1127 0 8 39
a 569 791 0 9 41
a 597 1183 0 4420 50
a 597 1179 0 6 50
a 597 961 0 7 21
a 597 556 0 10 21
a 597 679 0 7 8
a 597 825 0 10 30
a 597 351 0 9 12
a 597 783 0 9 29
a 597 273 0 10 3
a 601 964 0 4420 50
a 601 650 0 6 12
a 601 1036 0 8 8
a 601 651 0 5 47
a 601 494 0 9 31
a 601 1007 0 10 6
a 601 1115 0 6 35
a 601 990 0 5 30
a 601 168 0 1 39
a 601 642 0 5 27
a 601 381 0 6 36
a 601 644 0 10 41
a 601 257 0 9 45
a 601 474 0 4 2
a 601 885 0 1 23
a 601 1088 0 2 44
a 601 537 0 7 9
a 601 918 0 5 20
a 601 224 0 9 49
a 601 1130 0 9 23
a 601 581 0 1 50
a 601 1011 0 5 12
a 601 1144 0 7 50
a 601 897 0 7 38
a 601 370 0 1 50
a 601 137 0 8 6
a 601 312 0 9 45
a 601 793 0 5 28
a 601 1105 0 4 16
a 607 334 0 4420 4
a 607 122 0 6 13
a 607 196 0 3 20
a 607 602 0 8 45
a 607 561 0 2 35
a 607 620 0 5 5
a 607 498 0 5 38
a 607 714 0 1 10
a 607 289 0 8 47
a 607 227 0 1 1
a 607 1086 0 2 39
a 607 749 0 10 10
a 607 1142 0 8 23
a 607 516 0 1 49
a 607 807 0 7 50
a 607 658 0 2 7
a 607 959 0 10 47
a 607 820 0 3 4
a 607 428 0 10 26
a 607 1077 0 1 3
a 607 740 0 7 34
a 607 356 0 8 37
a 607 1175 0 10 34
a 607 972 0 3 23
a 609 295 0 4420 37
a 609 592 0 4 24
a 609 1060 0 4 27
a 609 501 0 9 4
a 609 142 0 2 14
a 609 725 0 8 10
a 609 468 0 8 30
a 609 1156 0 9 34
a 609 825 0 3 8
a 609 365 0 10 45
a 609 757 0 6 35
a 609 337 0 7 7
a 609 584 0 6 5
a 610 772 0 4420 50
a 610 1066 0 8 2
a 610 194 0 3 43
a 610 488 0 2 6
a 610 377 0 10 33
a 610 572 0 5 23
a 610 1128 0 8 26
a 610 836 0 6 38
a 610 370 0 8 35
a 610 354 0 3 31
a 610 978 0 3 40
a 618 638 0 4420 50
a 618 36 0 9 26
a 618 333 0 1 33
a 618 585 0 1 28
a 618 929 0 9 7
a 618 596 0 3 7
a 618 1111 0 3 3
a 618 1086 0 7 6
a 618 329 0 4 29
a 618 65 0 1 4
a 618 225 0 4 48
a 618 686 0 4 39
a 618 1026 0 7 20
a 619 399 0 4420 50
a 619 550 0 8 7
a 624 331 0 4420 14
a 624 332 0 1 1
a 624 568 0 1 23
a 624 720 0 7 44
a 624 407 0 7 33
a 624 1124 0 2 7
a 624 1045 0 8 19
a 624 468 0 1 30
a 624 863 0 7 10
a 624 610 0 4 41
a 624 133 0 10 6
a 624 793 0 3 44
a 624 223 0 6 25
a 624 1065 0 8 13
a 624 572 0 7 40
a 624 896 0 5 4
a 624 683 0 9 14
a 624 733 0 3 23
a 626 898 0 4420 8
a 626 300 0 10 46
a 626 1069 0 1 46
a 626 169 0 6 29
a 626 61 0 8 17
a 626 1019 0 3 9
a 636 98 0 4420 20
a 636 778 0 8 19
a 636 169 0 4 24
a 636 999 0 4 1
a 636 342 0 7 50
a 636 1006 0 10 10
a 636 545 0 4 48
a 636 569 0 8 33
a 636 730 0 6 1
a 636 153 0 1 6
a 636 914 0 10 17
a 636 635 0 6 26
a 636 74 0 2 3
a 636 594 0 9 43
a 638 959 0 4420 50
a 638 530 0 8 22
a 638 509 0 3 22
a 638 494 0 8 39
a 638 153 0 9 40
a 638 1098 0 4 23
a 638 854 0 7 13
a 638 612 0 10 20
a 638 408 0 6 21
a 638 224 0 2 33
a 638 498 0 5 38
a 638 968 0 2 25
a 638 302 0 5 8
a 638 584 0 3 3
a 638 739 0 10 18
a 638 234 0 1 37
a 638 245 0 6 43
a 638 1196 0 5 33
a 638 576 0 10 41
a 638 422 0 10 27
a 638 898 0 4 17
a 638 700 0 6 14
a 638 649 0 3 12
a 644 721 0 4420 50
a 644 918 0 5 44
a 644 676 0 4 31
a 644 74 0 4 32
a 644 844 0 10 22
a 644 710 0 5 45
a 653 241 0 4420 50
a 653 623 0 9 38
a 653 989 0 7 34
a 653 321 0 5 43
a 657 785 0 4420 50
a 657 338 0 9 3
a 657 847 0 9 10
a 657 239 0 4 41
a 657 1102 0 4 1
a 657 1055 0 10 1
a 657 76 0 7 47
a 657 396 0 9 28
a 657 360 0 5 32
a 657 205 0 10 25
a 657 619 0 10 10
a 657 252 0 5 28
a 657 487 0 9 29
a 657 1117 0 10 36
a 657 870 0 9 11
a 657 241 0 8 42
a 657 150 0 10 14
a 657 345 0 8 7
a 657 852 0 3 30
a 657 489 0 6 7
a 657 807 0 3 38
a 657 674 0 9 33
a 657 54 0 6 26
a 657 451 0 8 46
a 661 607 0 4420 31
a 661 137 0 1 4
a 661 565 0 2 23
a 661 821 0 9 13
a 661 184 0 10 50
a 661 360 0 3 50
a 661 271 0 5 23
a 661 806 0 5 21
a 661 992 0 9 23
a 661 433 0 2 20
a 665 292 0 4420 35
a 665 218 0 9 19
a 665 36 0 4 4
a 665 522 0 6 26
a 665 339 0 9 15
a 665 1067 0 6 50
a 665 945 0 4 29
a 665 567 0 6 37
a 665 1150 0 8 3
a 665 434 0 5 31
a 665 1121 0 7 20
a 665 626 0 7 44
a 665 282 0 4 11
a 665 58 0 3 36
a 665 781 0 8 31
a 665 646 0 6 50
a 665 841 0 9 32
a 665 1174 0 4 5
a 665 344 0 1 2
a 665 174 0 6 7
a 665 1157 0 8 7
a 665 1050 0 1 40
a 665 909 0 3 50
a 665 283 0 6 26
a 665 194 0 4 2
a 665 410 0 5 32
a 665 78 0 2 7
a 665 807 0 6 14
a 690 368 0 4420 50
a 690 1096 0 9 27
a 690 109 0 3 17
a 690 803 0 2 25
a 690 44 0 3 47
a 690 95 0 7 39
a 690 413 0 10 27
a 690 450 0 5 47
a 690 207 0 2 50
a 690 991 0 9 1
a 690 440 0 2 18
a 690 937 0 3 8
a 690 676 0 10 44
a 690 277 0 1 18
a 690 1081 0 10 43
a 690 1182 0 9 44
a 690 794 0 6 5
a 690 535 0 10 22
a 690 1136 0 8 30
a 690 1074 0 4 28
a 690 704 0 5 31
a 690 356 0 7 25
a 690 291 0 5 8
a 690 586 0 5 19
a 690 431 0 9 22
a 690 905 0 7 28
a 690 359 0 5 9
a 690 526 0 6 36
a 690 255 0 1 37
a 690 284 0 6 19
a 690 1080 0 3 22
a 691 823 0 4420 50
a 691 524 0 5 33
a 691 277 0 8 38
a 691 1091 0 9 6
a 691 1117 0 9 13
a 691 743 0 8 1
a 691 1092 0 2 37
a 691 484 0 5 13
a 691 211 0 6 39
a 696 597 0 4420 27
a 696 947 0 2 19
a 696 164 0 4 47
a 696 988 0 7 2
a 696 975 0 3 2
a 696 844 0 1 45
a 696 987 0 10 13
a 696 1063 0 6 13
a 696 64 0 9 39
a 696 915 0 2 16
a 696 1034 0 1 26
a 701 1141 0 4420 50
a 701 1129 0 4 11
a 701 376 0 1 30
a 701 172 0 5 20
a 701 216 0 4 14
a 701 291 0 7 2
a 701 700 0 2 1
a 701 677 0 1 12
a 701 455 0 5 25
a 701 616 0 6 22
a 701 719 0 5 31
a 701 790 0 10 31
a 702 198 0 4420 50
a 702 994 0 10 6
a 702 30 0 2 43
a 702 422 0 5 35
a 702 389 0 4 44
a 702 509 0 8 50
a 702 420 0 1 8
a 702 161 0 4 20
a 702 533 0 7 11
a 702 199 0 9 47
a 702 498 0 9 23
a 702 186 0 10 38
a 702 1037 0 9 17
a 702 424 0 2 46
a 702 1007 0 6 29
a 702 521 0 7 48
a 702 589 0 5 17
a 702 115 0 2 47
a 702 1102 0 7 30
a 702 1151 0 1 48
a 702 207 0 5 17
a 702 837 0 9 50
a 702 266 0 7 47
a 702 859 0 1 45
a 702 737 0 10 19
a 702 1075 0 1 40
a 705 731 0 4420 50
a 705 1184 0 8 23
a 705 732 0 5 24
a 705 110 0 4 38
a 705 71 0 8 39
a 705 170 0 3 8
a 705 98 0 4 34
a 705 1127 0 9 5
a 705 672 0 3 38
a 705 116 0 5 48
a 705 571 0 9 15
a 705 486 0 10 41
a 705 860 0 10 31
a 705 997 0 5 18
a 705 285 0 9 48
a 705 685 0 8 26
a 705 1156 0 2 41
a 705 386 0 7 12
a 705 174 0 6 15
a 705 888 0 9 7
a 705 1124 0 7 36
a 705 259 0 4 15
a 705 1058 0 1 21
a 705 49 0 2 20
a 721 143 0 4420 35
a 721 28 0 9 46
a 721 435 0 5 44
a 721 830 0 4 24
a 721 153 0 3 5
a 721 23 0 10 7
a 721 515 0 2 32
a 721 975 0 5 49
a 721 130 0 4 13
a 721 1050 0 4 6
a 721 545 0 1 37
a 721 493 0 2 43
a 721 206 0 3 25
a 721 410 0 10 36
a 721 123 0 5 45
a 721 296 0 7 25
a 721 644 0 3 43
a 721 532 0 5 45
a 721 602 0 1 9
a 721 503 0 6 38
a 721 260 0 7 23
a 721 469 0 5 50
a 731 626 0 4420 34
a 731 755 0 5 36
a 731 691 0 5 31
a 760 455 0 4420 13
a 760 640 0 4 11
a 760 88 0 7 44
a 760 1189 0 1 25
a 760 314 0 10 24
a 760 66 0 10 21
a 760 1104 0 9 16
a 760 976 0 1 14
a 760 956 0 7 4
a 760 546 0 3 12
a 760 634 0 4 42
a 760 569 0 5 50
a 760 449 0 8 24
a 760 898 0 10 42
a 760 316 0 8 23
a 760 573 0 1 50
a 760 916 0 3 33
a 760 845 0 1 9
a 760 389 0 6 34
a 760 939 0 5 15
a 760 1165 0 5 15
a 760 595 0 7 7
a 760 95 0 4 28
a 760 644 0 5 48
a 760 108 0 7 16
a 760 69 0 6 33
a 772 969 0 4420 37
a 772 664 0 1 38
a 772 615 0 7 37
a 772 708 0 1 50
a 772 722 0 8 49
a 772 549 0 8 24
a 772 1032 0 2 31
a 772 490 0 1 26
a 772 683 0 7 12
a 772 900 0 2 25
a 772 494 0 8 17
a 772 330 0 1 38
a 772 966 0 9 45
a 772 270 0 4 21
a 772 642 0 5 25
a 772 324 0 10 27
a 772 141 0 2 50
a 772 1180 0 6 15
a 772 561 0 1 50
a 772 395 0 6 25
a 772 1158 0 6 6
a 772 829 0 1 27
a 772 663 0 2 16
a 772 147 0 5 29
a 781 415 0 4420 18
a 781 565 0 1 48
a 781 881 0 8 45
a 781 714 0 3 12
a 781 949 0 5 29
a 781 380 0 2 35
a 781 1128 0 1 13
a 781 668 0 9 17
a 781 995 0 4 19
a 781 625 0 5 28
a 781 1119 0 5 4
a 781 809 0 7 11
a 781 218 0 6 39
a 781 1113 0 7 50
a 781 601 0 10 7
a 781 901 0 1 32
a 781 702 0 8 21
a 781 1103 0 8 27
a 785 199 0 4420 41
a 785 560 0 8 31
a 785 720 0 4 21
a 785 683 0 1 47
a 785 396 0 8 39
a 785 399 0 4 40
a 785 157 0 10 45
a 785 114 0 7 1
a 785 375 0 10 35
a 785 265 0 5 22
a 785 674 0 5 10
a 785 361 0 3 12
a 785 1113 0 5 20
a 785 158 0 5 21
a 794 228 0 4420 50
a 794 198 0 8 17
a 794 727 0 9 12
a 794 1076 0 7 24
a 794 1069 0 1 27
a 794 272 0 3 40
a 794 795 0 3 41
a 794 987 0 3 41
a 794 820 0 9 44
a 794 814 0 1 29
a 794 985 0 8 48
a 794 934 0 9 35
a 794 646 0 1 1
a 794 373 0 9 27
a 794 93 0 9 46
a 794 1012 0 6 39
a 794 837 0 8 41
a 794 631 0 7 26
a 794 584 0 7 48
a 797 636 0 4420 50
a 797 644 0 7 42
a 797 415 0 5 47
a 797 324 0 3 41
a 797 946 0 1 2
a 797 694 0 8 35
a 797 951 0 7 42
a 797 1053 0 9 10
a 797 56 0 3 21
a 797 552 0 3 32
a 797 58 0 6 27
a 797 293 0 5 31
a 797 191 0 2 29
a 797 1132 0 6 30
a 797 537 0 2 36
a 797 484 0 5 9
a 797 1067 0 4 40
a 797 1072 0 5 12
a 797 397 0 1 34
a 818 99 0 4420 50
a 818 474 0 8 39
a 818 767 0 3 4
a 818 377 0 10 40
a 818 145 0 1 43
a 818 1103 0 5 1
a 818 122 0 1 23
a 818 414 0 4 14
a 818 1041 0 4 20
a 818 443 0 4 40
a 818 564 0 9 7
a 818 604 0 9 38
a 818 651 0 4 29
a 818 889 0 8 41
a 818 965 0 9 5
a 818 861 0 4 14
a 818 1077 0 10 8
a 818 191 0 9 1
a 818 424 0 5 7
a 818 881 0 8 11
a 818 619 0 4 4
a 818 664 0 1 41
a 818 36 0 3 36
a 818 1079 0 9 7
a 818 764 0 10 19
a 823 1073 0 4420 28
a 823 681 0 9 14
a 823 90 0 9 17
a 823 266 0 2 2
a 823 110 0 5 27
a 823 155 0 4 12
a 823 1014 0 7 8
a 823 349 0 7 16
a 823 537 0 3 23
a 823 80 0 5 4
a 823 1084 0 1 43
a 836 818 0 4420 46
a 836 507 0 7 4
a 836 34 0 3 5
a 836 58 0 1 38
a 836 501 0 3 13
a 836 731 0 9 47
a 858 977 0 4420 50
a 858 115 0 1 11
a 858 67 0 4 36
a 858 623 0 9 40
a 858 994 0 10 34
a 858 862 0 9 39
a 858 915 0 7 27
a 858 525 0 5 14
a 858 675 0 4 35
a 858 819 0 1 30
a 858 145 0 3 35
a 858 916 0 4 2
a 858 276 0 9 41
a 858 1042 0 5 24
a 879 159 0 4420 50
a 879 198 0 4 41
a 879 844 0 7 4
a 879 381 0 9 32
a 879 507 0 9 42
a 879 830 0 1 1
a 879 1175 0 7 10
a 879 1173 0 3 43
a 879 530 0 5 38
a 879 536 0 1 46
a 879 417 0 5 19
a 879 780 0 4 5
a 879 115 0 10 41
a 879 401 0 9 11
a 879 125 0 7 37
a 879 502 0 3 6
a 879 752 0 6 22
a 881 1040 0 4420 50
a 881 1167 0 2 45
a 881 765 0 4 47
a 881 1037 0 7 38
a 881 457 0 1 5
a 881 149 0 9 19
a 881 898 0 7 29
a 881 210 0 3 18
a 881 104 0 7 6
a 883 569 0 4420 50
a 883 48 0 4 50
a 883 363 0 8 37
a 883 141 0 10 42
a 883 706 0 8 18
a 883 178 0 3 9
a 883 888 0 6 4
a 883 703 0 2 14
a 883 210 0 10 28
a 883 173 0 5 11
a 883 1195 0 8 35
a 883 429 0 4 32
a 883 1137 0 9 13
a 883 715 0 2 32
a 883 721 0 5 16
a 883 1189 0 2 31
a 883 522 0 6 22
a 883 728 0 2 22
a 883 912 0 5 25
a 883 32 0 9 36
a 883 917 0 2 27
a 883 1109 0 4 8
a 883 869 0 9 43
a 883 840 0 7 25
a 883 1029 0 4 45
a 898 657 0 4420 40
a 898 152 0 8 50
a 898 575 0 9 24
a 898 161 0 4 7
a 898 187 0 8 45
a 898 470 0 1 30
a 898 1194 0 6 21
a 898 851 0 6 38
a 912 794 0 4420 50
a 912 1187 0 4420 50
a 912 111 0 8 49
a 912 303 0 2 6
a 912 969 0 10 14
a 912 964 0 7 19
a 912 847 0 3 12
a 912 966 0 2 17
a 912 386 0 8 39
a 912 667 0 9 17
a 912 388 0 5 22
a 912 749 0 3 3
a 912 995 0 5 26
a 933 601 0 4420 50
a 933 357 0 6 7
a 933 25 0 1 30
a 933 439 0 3 39
a 933 308 0 10 11
a 933 257 0 5 7
a 933 951 0 1 3
a 933 740 0 1 12
a 933 739 0 4 46
a 933 617 0 6 11
a 933 370 0 5 36
a 933 280 0 10 28
a 933 41 0 2 20
a 933 780 0 7 29
a 933 291 0 1 30
a 933 166 0 9 1
a 933 962 0 4 28
a 959 881 0 4420 50
a 959 919 0 3 32
a 959 97 0 10 4
a 959 918 0 7 24
a 959 829 0 10 39
a 959 328 0 2 45
a 959 200 0 3 1
a 959 1043 0 10 37
a 959 679 0 2 50
a 959 422 0 10 2
a 959 722 0 3 44
a 959 549 0 10 3
a 959 825 0 6 28
a 959 1041 0 4 50
a 959 759 0 5 50
a 959 1054 0 4 26
a 959 258 0 6 4
a 959 201 0 3 27
a 959 348 0 5 5
a 959 55 0 4 31
a 959 478 0 2 13
a 959 89 0 6 23
a 959 435 0 9 22
a 959 513 0 4 33
a 959 849 0 10 42
a 959 197 0 2 10
a 959 308 0 7 27
a 959 915 0 1 28
a 959 566 0 7 27
a 959 712 0 6 41
a 964 530 0 4420 50
a 964 479 0 3 47
a 969 1192 0 4420 43
a 969 655 0 9 8
a 969 719 0 8 36
a 969 923 0 7 50
a 969 650 0 1 33
a 969 609 0 2 48
a 969 702 0 2 20
a 977 933 0 4420 50
a 977 1104 0 2 16
a 977 542 0 6 31
a 977 107 0 5 39
a 977 40 0 8 33
a 977 559 0 1 7
a 977 583 0 6 21
a 977 54 0 9 40
a 977 623 0 5 10
a 977 1172 0 1 36
a 977 192 0 7 31
a 977 309 0 9 39
a 977 896 0 2 17
a 977 606 0 8 29
a 977 616 0 4 1
a 977 1074 0 9 20
a 977 467 0 10 23
a 977 233 0 1 12
a 977 726 0 7 17
a 1037 610 0 4420 50
a 1037 627 0 8 15
a 1037 33 0 3 27
a 1037 934 0 7 28
a 1037 877 0 10 46
a 1037 144 0 7 13
a 1037 532 0 9 14
a 1037 448 0 7 22
a 1037 978 0 2 25
a 1037 179 0 7 26
a 1037 960 0 4 29
a 1037 39 0 8 23
a 1037 378 0 7 3
a 1037 187 0 9 43
a 1037 675 0 8 44
a 1037 985 0 10 1
a 1037 58 0 6 26
a 1037 946 0 3 47
a 1037 761 0 5 33
a 1037 916 0 2 5
a 1037 384 0 6 28
a 1040 127 0 4420 50
a 1040 622 0 10 44
a 1040 291 0 10 34
a 1040 504 0 6 3
a 1040 92 0 4 3
a 1040 165 0 3 34
a 1040 536 0 3 34
a 1040 1121 0 8 24
a 1040 397 0 8 15
a 1040 651 0 7 49
a 1040 885 0 9 18
a 1040 1122 0 1 44
a 1040 990 0 2 9
a 1040 399 0 9 29
a 1040 203 0 7 4
a 1040 962 0 6 40
a 1040 1118 0 3 19
a 1040 626 0 2 44
a 1040 510 0 10 27
a 1040 733 0 4 24
a 1040 260 0 3 20
a 1040 1005 0 10 3
a 1040 1044 0 2 32
a 1040 543 0 1 39
a 1040 521 0 3 4
a 1073 696 0 4420 15
a 1073 1100 0 5 29
a 1073 567 0 1 40
a 1073 194 0 10 9
a 1073 625 0 7 21
a 1073 831 0 5 2
a 1073 1186 0 3 7
a 1073 450 0 7 44
a 1073 19 0 1 8
a 1073 727 0 8 35
a 1073 323 0 10 35
a 1073 945 0 5 24
a 1073 157 0 7 22
a 1073 203 0 4 41
a 1073 1155 0 3 21
a 1073 389 0 4 13
a 1073 1192 0 3 25
a 1073 1156 0 8 8
a 1073 174 0 1 28
a 1073 558 0 7 48
a 1073 1009 0 9 17
a 1073 1162 0 7 20
a 1073 611 0 3 6
a 1073 719 0 5 33
a 1073 1092 0 6 28
a 1073 966 0 2 29
a 1073 526 0 8 22
a 1073 938 0 8 16
a 1073 158 0 2 47
a 1141 705 0 4420 50
a 1141 143 0 8 34
a 1141 935 0 2 36
a 1141 663 0 5 7
a 1141 545 0 5 19
a 1141 257 0 6 16
a 1141 1134 0 5 43
a 1141 222 0 6 6
a 1141 84 0 9 45
a 1141 93 0 7 37
a 1141 320 0 9 12
a 1141 544 0 1 6
a 1141 57 0 1 10
a 1141 964 0 3 23
a 1141 1057 0 2 6
a 1141 310 0 4 21
a 1141 1100 0 6 5
a 1141 1049 0 10 21
a 1141 503 0 10 16
a 1141 784 0 2 6
a 1141 728 0 4 32
a 1141 581 0 10 26
a 1141 824 0 2 44
a 1141 751 0 3 18
a 1141 54 0 8 45
a 1141 332 0 10 33
a 1141 788 0 1 8
a 1145 619 0 4420 50
a 1145 55 0 10 24
a 1145 374 0 7 6
a 1145 821 0 3 11
a 1145 196 0 4 17
a 1145 20 0 2 43
a 1145 305 0 5 7
a 1145 648 0 3 39
a 1145 540 0 9 15
a 1145 639 0 9 26
a 1145 1098 0 10 47
a 1145 256 0 7 40
a 1145 799 0 1 17
a 1145 913 0 4 19
a 1145 575 0 7 32
a 1145 447 0 10 13
a 1145 270 0 4 36
a 1145 1090 0 6 45
a 1145 201 0 4 12
a 1145 269 0 7 38
a 1145 177 0 10 39
a 1145 234 0 9 36
a 1145 58 0 3 19
a 1145 627 0 10 44
a 1145 118 0 9 21
a 1145 1025 0 10 33
a 1170 609 0 4420 14
a 1170 244 0 9 8
a 1170 767 0 1 2
a 1170 855 0 3 19
a 1170 160 0 6 4
a 1170 991 0 4 2
a 1170 175 0 6 28
a 1170 544 0 10 13
a 1170 325 0 9 27
a 1170 85 0 10 36
a 1170 692 0 5 24
a 1170 1198 0 10 11
a 1170 563 0 10 42
a 1170 1043 0 2 35
a 1170 847 0 5 45
a 1170 98 0 6 34
a 1170 1091 0 6 2
a 1170 371 0 10 1
a 1170 831 0 9 13
a 1170 70 0 8 4
a 1170 988 0 8 1
a 1170 850 0 5 39
a 1170 1082 0 6 19
a 1170 241 0 6 15
a 1170 488 0 2 32
a 1170 23 0 5 6
a 1170 339 0 6 16
a 1170 700 0 3 46
a 1170 367 0 6 49
a 1170 1019 0 6 37
a 1170 185 0 9 41
a 1170 133 0 8 26
a 1183 760 0 4420 50
a 1183 249 0 8 46
a 1183 1163 0 1 8
a 1183 340 0 8 37
a 1183 392 0 9 31
a 1183 377 0 8 46
a 1183 1023 0 10 10
a 1183 1165 0 6 43
a 1183 1159 0 1 9
a 1183 949 0 10 45
a 1183 633 0 1 30
a 1183 170 0 2 39
a 1183 545 0 9 49
a 12 953 0 3320 50
a 12 980 0 9 11
a 12 1044 0 3 3
a 12 956 0 4 44
a 12 265 0 7 15
a 12 166 0 9 18
a 12 818 0 4 11
a 12 544 0 2 43
a 12 1112 0 2 28
a 12 515 0 4 35
a 12 721 0 9 38
a 12 228 0 3 3
a 12 607 0 9 22
a 12 453 0 6 41
a 12 1013 0 9 7
a 12 39 0 7 9
a 12 294 0 9 7
a 12 472 0 2 39
a 12 631 0 10 20
a 12 854 0 9 12
a 12 610 0 6 19
a 12 703 0 9 2
a 12 1056 0 1 35
a 12 740 0 8 2
a 12 825 0 8 2
a 12 425 0 3 19
a 12 54 0 5 12
a 12 44 0 10 31
a 12 656 0 9 37
a 12 52 0 3 49
a 12 67 0 9 4
a 18 329 0 3320 50
a 18 34 0 5 28
a 18 1109 0 8 7
a 18 1031 0 4 11
a 18 922 0 5 5
a 18 1181 0 3 50
a 18 793 0 4 50
a 18 586 0 5 37
a 18 1141 0 10 1
a 18 942 0 3 12
a 18 612 0 10 11
a 18 1110 0 7 34
a 18 449 0 4 7
a 18 249 0 10 49
a 18 596 0 9 22
a 18 333 0 5 14
a 18 529 0 2 40
a 18 363 0 6 14
a 18 392 0 2 33
a 18 403 0 7 22
a 18 314 0 4 25
a 18 133 0 2 1
a 18 189 0 6 8
a 18 203 0 2 19
a 18 153 0 2 34
a 23 893 0 3320 50
a 23 993 0 7 11
a 23 376 0 7 21
a 23 1189 0 7 2
a 23 946 0 7 6
a 23 262 0 4 22
a 23 427 0 5 9
a 23 174 0 1 18
a 23 322 0 5 20
a 23 987 0 3 43
a 23 1193 0 9 21
a 23 717 0 10 37
a 23 724 0 5 15
a 23 578 0 10 7
a 23 167 0 2 46
a 23 587 0 8 28
a 23 1158 0 5 28
a 23 733 0 8 23
a 23 51 0 8 32
a 23 200 0 1 4
a 70 952 0 3320 50
a 70 294 0 9 13
a 70 838 0 7 44
a 70 756 0 2 14
a 70 617 0 3 32
a 70 1111 0 3 12
a 70 445 0 6 43
a 70 684 0 9 13
a 70 924 0 5 11
a 70 890 0 3 20
a 70 1119 0 6 25
a 70 365 0 8 14
a 70 980 0 8 32
a 70 451 0 7 16
a 70 827 0 1 4
a 71 374 0 3320 50
a 71 384 0 2 37
a 71 803 0 3 11
a 71 679 0 7 50
a 71 837 0 7 50
a 71 973 0 5 3
a 71 897 0 9 20
a 71 288 0 3 44
a 71 423 0 8 34
a 71 740 0 8 38
a 71 945 0 1 35
a 71 989 0 7 2
a 71 532 0 10 7
a 71 978 0 4 46
a 73 288 0 3320 50
a 73 952 0 3 28
a 73 94 0 6 33
a 73 519 0 3 30
a 73 210 0 1 37
a 73 1153 0 1 5
a 73 823 0 6 22
a 73 401 0 2 50
a 73 1091 0 4 39
a 73 200 0 8 6
a 73 312 0 4 11
a 73 174 0 6 15
a 73 525 0 2 18
a 73 143 0 3 13
a 73 833 0 7 15
a 91 802 0 3320 13
a 91 196 0 2 5
a 91 41 0 6 28
a 91 908 0 5 13
a 91 1097 0 3 10
a 104 377 0 3320 43
a 104 26 0 7 40
a 104 1105 0 7 42
a 104 468 0 2 20
a 104 48 0 1 28
a 124 1043 0 3320 16
a 124 36 0 3 7
a 124 544 0 7 31
a 124 378 0 2 50
a 124 802 0 1 12
a 124 366 0 3 33
a 124 418 0 5 31
a 124 42 0 3 28
a 124 617 0 10 35
a 124 409 0 5 23
a 124 91 0 5 30
a 124 872 0 4 25
a 124 337 0 7 28
a 124 266 0 7 46
a 124 843 0 9 41
a 124 990 0 1 31
a 124 853 0 7 39
a 124 140 0 3 34
a 124 690 0 3 29
a 124 1092 0 5 24
a 124 1168 0 7 12
a 124 391 0 8 2
a 124 121 0 5 24
a 124 100 0 2 31
a 124 392 0 9 19
a 124 1178 0 10 36
a 124 227 0 5 7
a 124 61 0 5 12
a 124 735 0 10 29
a 124 427 0 1 42
a 149 1109 0 3320 28
a 149 293 0 8 40
a 149 892 0 7 33
a 149 296 0 10 35
a 149 100 0 3 16
a 149 750 0 3 22
a 149 348 0 9 45
a 149 1133 0 8 12
a 149 636 0 1 38
a 149 814 0 9 10
a 149 733 0 9 40
a 149 1173 0 4 8
a 149 759 0 9 13
a 149 395 0 2 9
a 152 1111 0 3320 50
a 152 424 0 8 30
a 152 1195 0 6 18
a 152 1181 0 2 4
a 152 611 0 9 17
a 152 676 0 8 49
a 152 702 0 8 45
a 152 691 0 8 37
a 152 139 0 3 39
a 152 651 0 2 15
a 152 102 0 9 50
a 152 665 0 9 20
a 152 440 0 5 18
a 152 377 0 3 23
a 193 452 0 3320 32
a 193 124 0 5 17
a 193 362 0 6 7
a 193 1148 0 4 19
a 193 1097 0 8 5
a 193 891 0 2 29
a 193 706 0 6 20
a 193 101 0 6 38
a 196 861 0 3320 50
a 196 1107 0 7 15
a 196 636 0 8 31
a 196 1098 0 1 4
a 196 833 0 1 20
a 196 186 0 6 25
a 196 486 0 3 26
a 196 536 0 3 47
a 196 244 0 1 16
a 196 941 0 10 47
a 196 106 0 6 9
a 196 1089 0 3 17
a 196 501 0 2 10
a 215 152 0 3320 18
a 215 979 0 3 8
a 215 748 0 4 4
a 215 688 0 4 17
a 215 561 0 7 4
a 215 247 0 10 19
a 215 961 0 9 8
a 215 970 0 8 15
a 215 656 0 9 31
a 215 481 0 9 47
a 215 566 0 3 23
a 215 780 0 4 3
a 215 115 0 6 15
a 215 1194 0 9 17
a 215 919 0 10 19
a 215 1185 0 4 2
a 215 689 0 4 48
a 215 756 0 1 10
a 215 1028 0 4 2
a 215 738 0 8 5
a 215 727 0 2 47
a 215 256 0 7 36
a 215 24 0 5 40
a 215 617 0 6 44
a 215 1003 0 2 6
a 215 54 0 1 12
a 215 953 0 1 33
a 215 902 0 4 4
a 215 94 0 4 1
a 215 334 0 10 49
a 215 1110 0 2 6
a 237 495 0 3320 21
a 237 843 0 9 27
a 237 1005 0 3 11
a 237 457 0 2 21
a 237 764 0 6 41
a 237 507 0 9 24
a 237 548 0 6 39
a 237 440 0 3 8
a 237 731 0 3 39
a 237 779 0 6 40
a 237 364 0 8 41
a 237 1088 0 10 13
a 237 336 0 9 3
a 237 429 0 1 19
a 237 143 0 7 11
a 237 559 0 5 6
a 237 960 0 10 44
a 237 128 0 10 38
a 237 1143 0 8 18
a 237 63 0 3 47
a 237 793 0 6 36
a 237 137 0 1 9
a 237 162 0 10 11
a 237 996 0 8 6
a 237 453 0 10 39
a 237 96 0 8 12
a 237 444 0 5 27
a 242 1155 0 3320 31
a 242 1026 0 2 15
a 267 193 0 3320 50
a 267 1190 0 8 43
a 267 706 0 1 43
a 267 928 0 6 19
a 267 650 0 6 12
a 267 238 0 7 39
a 267 836 0 3 16
a 267 397 0 3 22
a 267 371 0 2 11
a 267 749 0 6 9
a 267 1195 0 2 27
a 267 188 0 6 28
a 267 420 0 2 5
a 267 988 0 1 38
a 267 458 0 6 42
a 267 799 0 9 15
a 267 317 0 3 2
a 267 292 0 10 47
a 267 144 0 4 7
a 267 828 0 6 1
a 267 631 0 2 1
a 267 507 0 10 39
a 267 668 0 1 25
a 267 139 0 2 14
a 267 1053 0 7 8
a 267 1155 0 6 23
a 267 901 0 4 3
a 271 1131 0 3320 50
a 271 1040 0 2 4
a 271 352 0 9 15
a 271 420 0 6 44
a 271 81 0 7 42
a 271 86 0 7 6
a 271 1170 0 10 44
a 271 393 0 1 39
a 271 649 0 2 49
a 271 28 0 9 44
a 271 226 0 6 15
a 271 618 0 10 3
a 271 18 0 6 44
a 271 208 0 10 14
a 271 1058 0 8 1
a 271 721 0 4 15
a 271 882 0 10 39
a 271 375 0 5 27
a 271 459 0 10 34
a 271 785 0 8 11
a 271 276 0 8 20
a 271 541 0 4 4
a 271 505 0 10 28
a 271 80 0 5 49
a 271 277 0 4 11
a 271 213 0 7 11
a 271 305 0 3 43
a 271 473 0 2 33
a 271 170 0 1 38
a 271 1084 0 9 20
a 288 774 0 3320 50
a 288 360 0 10 26
a 288 93 0 9 13
a 288 100 0 8 42
a 288 1178 0 9 29
a 288 239 0 8 16
a 288 282 0 2 38
a 288 485 0 10 47
a 288 722 0 3 2
a 288 681 0 1 44
a 288 1096 0 1 11
a 288 441 0 2 14
a 288 176 0 8 36
a 288 493 0 10 18
a 288 406 0 1 28
a 288 983 0 10 43
a 288 646 0 7 46
a 288 770 0 1 38
a 288 509 0 9 39
a 288 995 0 8 39
a 288 959 0 7 11
a 288 515 0 9 38
a 288 599 0 3 10
a 288 575 0 8 22
a 288 204 0 3 4
a 288 559 0 7 9
a 288 967 0 3 40
a 288 709 0 7 10
a 288 735 0 10 36
a 293 1148 0 3320 50
a 293 871 0 6 14
a 293 651 0 4 22
a 293 212 0 4 39
a 293 959 0 1 8
a 293 861 0 10 49
a 293 730 0 2 48
a 293 830 0 2 4
a 293 836 0 10 45
a 293 875 0 3 13
a 293 884 0 2 37
a 293 678 0 1 6
a 293 491 0 5 18
a 293 586 0 3 9
a 293 54 0 10 49
a 293 892 0 7 43
a 293 644 0 8 47
a 293 102 0 10 21
a 293 325 0 4 15
a 293 271 0 7 29
a 293 124 0 1 50
a 293 122 0 4 46
a 293 473 0 5 13
a 293 995 0 7 17
a 293 268 0 5 36
a 296 737 0 3320 50
a 296 145 0 4 21
a 298 670 0 3320 50
a 298 688 0 6 23
a 298 19 0 4 43
a 298 958 0 10 25
a 298 702 0 2 18
a 298 1062 0 10 11
a 298 160 0 4 37
a 298 590 0 10 25
a 298 393 0 2 9
a 298 606 0 8 38
a 298 118 0 3 41
a 298 476 0 8 37
a 298 60 0 1 4
a 298 363 0 9 37
a 298 418 0 2 12
a 298 547 0 3 45
a 298 1007 0 8 3
a 298 511 0 3 29
a 298 1196 0 7 32
a 298 296 0 3 31
a 298 140 0 2 37
a 298 179 0 1 40
a 298 649 0 4 35
a 298 1153 0 9 39
a 310 242 0 3320 34
a 310 944 0 3 39
a 310 515 0 5 42
a 310 484 0 2 50
a 310 316 0 5 13
a 310 592 0 8 50
a 310 1054 0 6 10
a 310 176 0 9 21
a 310 419 0 5 1
a 310 279 0 5 43
a 310 1130 0 10 47
a 310 838 0 8 41
a 310 1108 0 2 28
a 310 603 0 3 7
a 310 794 0 8 10
a 310 1149 0 3 32
a 310 771 0 9 46
a 310 521 0 9 14
a 310 819 0 7 3
a 329 70 0 3320 50
a 329 141 0 3 27
a 329 182 0 8 32
a 329 19 0 10 27
a 329 1161 0 1 19
a 329 991 0 6 37
a 329 1059 0 6 11
a 329 968 0 1 20
a 329 1139 0 3 4
a 329 469 0 3 34
a 329 917 0 8 40
a 339 1021 0 3320 4
a 339 985 0 7 28
a 339 525 0 4 28
a 339 944 0 9 19
a 339 496 0 7 37
a 339 813 0 4 50
a 339 150 0 8 28
a 339 1157 0 10 37
a 339 599 0 10 45
a 339 1152 0 8 38
a 339 1136 0 1 21
a 339 270 0 5 27
a 339 189 0 3 44
a 339 613 0 2 42
a 339 809 0 8 48
a 339 16 0 5 43
a 339 372 0 3 46
a 339 996 0 7 49
a 339 93 0 5 4
a 339 708 0 5 38
a 339 359 0 8 36
a 339 116 0 9 22
a 339 350 0 8 46
a 339 324 0 7 8
a 339 1100 0 10 9
a 339 715 0 7 35
a 340 149 0 3320 50
a 340 1019 0 1 17
a 340 699 0 8 42
a 340 1129 0 6 3
a 346 829 0 3320 50
a 346 406 0 8 11
a 346 821 0 7 25
a 346 930 0 1 40
a 346 866 0 1 29
a 346 728 0 3 32
a 346 1200 0 3 50
a 346 543 0 7 33
a 346 375 0 10 36
a 346 482 0 7 30
a 346 628 0 10 32
a 346 854 0 6 24
a 346 150 0 10 49
a 374 1058 0 3320 50
a 374 192 0 8 14
a 374 416 0 6 5
a 374 692 0 9 26
a 374 997 0 7 2
a 374 980 0 3 29
a 374 918 0 2 1
a 374 1152 0 3 25
a 374 883 0 8 10
a 374 1096 0 3 20
a 374 744 0 6 8
a 374 770 0 3 46
a 374 1155 0 5 9
a 374 280 0 7 47
a 374 937 0 8 7
a 374 325 0 4 9
a 374 715 0 6 39
a 374 950 0 3 25
a 374 1153 0 6 9
a 374 504 0 7 12
a 374 422 0 8 29
a 374 1056 0 3 21
a 374 1000 0 10 49
a 374 922 0 9 21
a 374 1198 0 4 48
a 374 313 0 5 38
a 377 296 0 3320 3
a 377 1042 0 10 30
a 377 543 0 10 10
a 377 1168 0 10 35
a 377 93 0 6 49
a 377 534 0 7 3
a 377 304 0 9 40
a 377 911 0 6 9
a 377 934 0 3 37
a 377 859 0 7 28
a 377 248 0 3 21
a 382 124 0 3320 50
a 382 64 0 8 8
a 382 207 0 2 8
a 382 1026 0 8 37
a 382 31 0 6 22
a 382 1176 0 7 29
a 382 206 0 7 45
a 382 316 0 9 25
a 382 147 0 7 44
a 382 935 0 5 43
a 382 111 0 10 36
a 382 957 0 8 11
a 382 780 0 5 49
a 382 505 0 9 50
a 424 267 0 3320 50
a 424 775 0 1 42
a 424 417 0 4 15
a 424 845 0 7 31
a 424 846 0 9 16
a 424 1107 0 2 43
a 424 375 0 6 10
a 424 842 0 8 35
a 424 629 0 3 31
a 424 476 0 6 40
a 424 224 0 3 50
a 424 113 0 3 1
a 424 66 0 8 31
a 424 756 0 5 6
a 424 205 0 10 25
a 424 452 0 8 22
a 424 978 0 6 18
a 424 1156 0 5 37
a 424 676 0 7 6
a 424 564 0 9 43
a 424 518 0 10 26
a 424 762 0 7 40
a 424 560 0 3 44
a 424 90 0 9 40
a 424 219 0 6 23
a 443 18 0 3320 40
a 443 408 0 4 17
a 443 1061 0 3 39
a 443 214 0 9 24
a 443 184 0 6 26
a 443 113 0 6 10
a 443 217 0 8 29
a 443 486 0 3 31
a 443 905 0 2 9
a 443 939 0 8 10
a 443 45 0 4 1
a 443 1134 0 10 36
a 443 535 0 4 11
a 443 1123 0 9 34
a 443 1086 0 6 8
a 452 1060 0 3320 4
a 452 81 0 2 47
a 452 165 0 2 50
a 452 31 0 8 8
a 452 174 0 6 50
a 452 905 0 6 49
a 452 1058 0 3 27
a 452 259 0 7 46
a 452 562 0 6 12
a 452 155 0 6 36
a 452 997 0 5 2
a 452 261 0 5 50
a 452 1048 0 8 5
a 452 934 0 10 19
a 452 887 0 7 29
a 452 177 0 4 13
a 452 820 0 10 34
a 452 430 0 2 15
a 452 709 0 2 36
a 452 138 0 3 44
a 452 624 0 10 14
a 452 1106 0 7 46
a 452 776 0 9 23
a 452 247 0 10 23
a 463 755 0 3320 33
a 463 214 0 5 41
a 463 1182 0 7 18
a 463 348 0 2 12
a 463 612 0 7 12
a 463 648 0 5 28
a 463 877 0 1 31
a 463 1151 0 8 48
a 463 939 0 7 45
a 463 1059 0 8 22
a 463 759 0 4 30
a 463 255 0 9 40
a 463 53 0 7 7
a 465 339 0 3320 50
a 465 1007 0 9 19
a 465 184 0 10 7
a 465 98 0 9 18
a 465 274 0 9 5
a 465 575 0 5 17
a 465 70 0 9 43
a 465 742 0 3 24
a 465 1191 0 10 34
a 465 120 0 2 22
a 465 1103 0 5 13
a 465 1039 0 1 10
a 465 1017 0 1 32
a 465 174 0 9 18
a 465 780 0 2 28
a 465 389 0 5 30
a 465 978 0 8 44
a 465 749 0 7 15
a 465 673 0 5 31
a 465 228 0 3 22
a 465 68 0 1 3
a 465 574 0 6 8
a 471 923 0 3320 50
a 471 111 0 3 17
a 471 110 0 7 44
a 471 607 0 6 8
a 475 298 0 3320 4
a 475 575 0 3 36
a 475 1156 0 1 11
a 475 1053 0 7 25
a 475 483 0 1 44
a 475 737 0 9 35
a 475 913 0 2 33
a 475 791 0 9 44
a 475 652 0 8 4
a 475 620 0 6 37
a 475 209 0 10 27
a 475 119 0 7 39
a 492 1134 0 3320 50
a 492 107 0 4 15
a 492 699 0 7 23
a 492 284 0 5 23
a 492 497 0 3 2
a 492 450 0 8 30
a 495 492 0 3320 25
a 495 693 0 5 40
a 495 529 0 8 14
a 495 682 0 6 21
a 495 564 0 1 40
a 495 222 0 9 32
a 495 485 0 1 4
a 495 1013 0 2 27
a 495 97 0 3 42
a 495 99 0 8 48
a 495 1154 0 5 42
a 495 266 0 6 25
a 495 916 0 10 13
a 495 971 0 4 50
a 495 1019 0 9 48
a 495 536 0 9 27
a 495 302 0 5 18
a 495 102 0 6 41
a 495 245 0 7 45
a 495 553 0 9 7
a 495 1040 0 7 46
a 495 375 0 4 6
a 521 1005 0 3320 50
a 521 1194 0 3320 44
a 521 322 0 4 26
a 521 626 0 6 26
a 521 21 0 9 49
a 521 192 0 4 8
a 521 709 0 5 15
a 521 831 0 6 36
a 521 22 0 7 38
a 521 1192 0 9 19
a 521 270 0 10 36
a 521 610 0 9 28
a 521 280 0 5 48
a 521 892 0 9 28
a 521 569 0 4 10
a 521 808 0 1 31
a 521 183 0 9 21
a 593 271 0 3320 50
a 593 1009 0 2 4
a 593 599 0 9 19
a 593 1167 0 3 20
a 593 111 0 6 50
a 593 1140 0 10 16
a 593 467 0 2 5
a 593 389 0 5 48
a 593 383 0 2 49
a 593 1128 0 9 42
a 593 59 0 2 49
a 593 319 0 9 48
a 593 191 0 3 23
a 593 1023 0 9 50
a 593 697 0 3 20
a 593 655 0 3 26
a 593 345 0 10 28
a 593 100 0 10 45
a 593 726 0 7 35
a 593 254 0 10 9
a 593 930 0 7 30
a 593 764 0 8 39
a 593 899 0 8 47
a 593 497 0 3 31
a 593 432 0 7 42
a 593 654 0 6 23
a 593 723 0 7 38
a 593 1107 0 4 1
a 593 698 0 10 44
a 593 197 0 8 34
a 593 74 0 9 3
a 593 339 0 3 26
a 646 954 0 3320 50
a 646 734 0 4 35
a 646 99 0 5 41
a 646 48 0 5 11
a 646 855 0 3 38
a 646 1178 0 9 36
a 646 50 0 6 25
a 646 930 0 10 27
a 646 98 0 6 19
a 646 161 0 6 19
a 646 520 0 8 44
a 646 250 0 1 11
a 646 573 0 8 13
a 646 226 0 8 19
a 646 1054 0 6 17
a 646 807 0 2 36
a 646 252 0 4 12
a 647 1071 0 3320 42
a 647 362 0 10 22
a 647 658 0 1 48
a 647 785 0 6 49
a 647 62 0 1 5
a 647 458 0 4 13
a 647 137 0 9 7
a 647 818 0 2 8
a 647 280 0 4 27
a 648 908 0 3320 50
a 648 878 0 2 49
a 648 387 0 7 18
a 648 574 0 1 20
a 648 278 0 6 5
a 648 83 0 1 6
a 648 987 0 5 32
a 648 324 0 1 34
a 648 233 0 5 23
a 648 282 0 9 34
a 648 812 0 1 41
a 648 311 0 10 43
a 648 544 0 6 46
a 663 215 0 3320 50
a 663 1197 0 5 36
a 663 38 0 9 20
a 663 440 0 3 3
a 663 550 0 6 29
a 663 1027 0 10 31
a 663 1093 0 3 2
a 663 1113 0 8 18
a 663 623 0 8 21
a 663 659 0 4 17
a 663 567 0 3 9
a 663 466 0 8 18
a 663 945 0 1 19
a 663 1039 0 9 4
a 663 542 0 7 5
a 663 583 0 3 49
a 663 300 0 3 45
a 663 105 0 10 31
a 663 823 0 1 31
a 663 283 0 6 29
a 663 404 0 5 27
a 663 657 0 1 26
a 663 95 0 4 23
a 663 387 0 2 27
a 663 791 0 9 16
a 663 135 0 10 42
a 670 1030 0 3320 45
a 670 1178 0 3 48
a 727 593 0 3320 17
a 727 651 0 3 11
a 727 582 0 4 16
a 727 411 0 6 8
a 727 947 0 7 16
a 727 430 0 7 47
a 727 711 0 10 39
a 727 446 0 2 1
a 727 1095 0 2 17
a 727 400 0 2 11
a 727 708 0 9 48
a 727 701 0 8 16
a 727 40 0 6 18
a 727 839 0 8 1
a 727 1168 0 5 47
a 727 1196 0 5 42
a 727 1105 0 8 37
a 727 615 0 9 11
a 727 482 0 4 33
a 727 840 0 4 29
a 727 949 0 1 13
a 727 291 0 10 3
a 727 1180 0 4 5
a 727 924 0 5 46
a 727 607 0 1 31
a 727 633 0 7 23
a 727 490 0 5 31
a 727 643 0 4 19
a 727 292 0 10 28
a 727 283 0 9 44
a 737 1080 0 3320 50
a 737 152 0 3 34
a 737 1075 0 9 2
a 737 346 0 5 1
a 737 538 0 1 16
a 737 980 0 1 20
a 737 1009 0 10 33
a 737 1114 0 4 24
a 737 896 0 9 43
a 737 689 0 10 9
a 737 966 0 3 36
a 737 585 0 6 30
a 737 80 0 9 8
a 746 646 0 3320 50
a 746 519 0 6 5
a 746 1016 0 6 42
a 746 70 0 1 11
a 746 641 0 10 4
a 746 559 0 3 42
a 746 885 0 8 49
a 746 335 0 5 42
a 746 744 0 3 32
a 746 924 0 4 11
a 746 851 0 7 32
a 746 60 0 5 25
a 746 511 0 5 33
a 746 259 0 10 50
a 746 226 0 4 13
a 746 177 0 9 49
a 746 1108 0 4 1
a 746 137 0 10 4
a 746 157 0 4 3
a 746 660 0 2 35
a 746 197 0 5 13
a 746 151 0 8 47
a 746 855 0 1 11
a 746 1000 0 6 25
a 746 1024 0 4 1
a 746 706 0 6 3
a 746 583 0 7 44
a 755 73 0 3320 38
a 755 1147 0 2 14
a 755 736 0 4 14
a 755 658 0 8 32
a 755 854 0 5 46
a 755 1119 0 10 40
a 755 1137 0 8 17
a 755 570 0 8 28
a 755 880 0 1 1
a 755 819 0 9 7
a 755 202 0 3 23
a 755 869 0 3 42
a 755 664 0 2 26
a 755 1173 0 6 38
a 755 1050 0 1 33
a 755 419 0 2 25
a 755 484 0 1 34
a 755 1093 0 6 20
a 755 546 0 2 9
a 755 370 0 6 46
a 755 489 0 10 46
a 755 96 0 7 49
a 755 397 0 10 1
a 755 814 0 2 11
a 755 1033 0 1 3
a 755 616 0 8 47
a 755 843 0 5 29
a 755 293 0 6 35
a 755 272 0 8 16
a 755 1157 0 2 6
a 774 340 0 3320 49
a 774 487 0 3 26
a 774 652 0 5 16
a 774 1155 0 10 3
a 774 916 0 4 16
a 774 316 0 1 41
a 802 382 0 3320 50
a 802 807 0 7 46
a 802 87 0 4 13
a 802 1062 0 5 1
a 802 728 0 6 24
a 802 1184 0 1 14
a 802 842 0 10 30
a 802 214 0 7 14
a 802 982 0 2 29
a 802 277 0 6 19
a 802 968 0 1 14
a 802 969 0 6 50
a 802 42 0 1 20
a 802 981 0 9 9
a 802 502 0 2 17
a 802 649 0 9 49
a 802 189 0 5 8
a 802 590 0 3 14
a 802 191 0 6 4
a 802 614 0 8 2
a 802 562 0 10 16
a 802 494 0 2 13
a 802 145 0 9 16
a 802 516 0 9 50
a 802 863 0 4 10
a 802 708 0 2 5
a 802 71 0 1 39
a 802 961 0 2 5
a 802 1083 0 4 23
a 802 931 0 10 7
a 802 41 0 8 23
a 821 104 0 3320 50
a 821 982 0 1 4
a 821 1087 0 8 44
a 821 853 0 3 29
a 821 16 0 8 32
a 821 470 0 1 25
a 821 1175 0 10 4
a 821 364 0 8 46
a 821 1046 0 6 12
a 821 362 0 6 25
a 821 1177 0 2 15
a 821 326 0 6 24
a 821 873 0 3 42
a 821 575 0 10 50
a 821 1099 0 10 45
a 821 556 0 9 34
a 821 891 0 10 45
a 821 169 0 4 36
a 821 571 0 8 37
a 821 490 0 2 46
a 821 778 0 2 48
a 821 670 0 7 4
a 821 721 0 3 43
a 821 163 0 8 3
a 829 310 0 3320 7
a 829 846 0 4 18
a 861 475 0 3320 39
a 861 807 0 1 42
a 861 949 0 8 18
a 861 513 0 10 39
a 861 151 0 8 31
a 861 701 0 2 49
a 861 552 0 7 30
a 861 728 0 1 2
a 861 1114 0 3 39
a 861 247 0 5 9
a 861 1048 0 1 49
a 861 606 0 10 14
a 861 720 0 10 24
a 861 400 0 7 26
a 861 508 0 9 14
a 861 368 0 2 33
a 861 1189 0 5 9
a 861 988 0 5 28
a 861 1183 0 5 22
a 861 352 0 7 45
a 861 590 0 3 4
a 861 1154 0 2 11
a 861 1157 0 8 20
a 863 648 0 3320 35
a 863 427 0 9 38
a 863 202 0 3 43
a 863 1195 0 6 39
a 863 921 0 7 18
a 863 1089 0 6 5
a 863 466 0 9 12
a 863 730 0 1 4
a 863 75 0 6 26
a 863 509 0 9 16
a 863 510 0 1 6
a 863 584 0 1 37
a 863 366 0 2 24
a 863 413 0 2 26
a 863 66 0 2 7
a 863 1176 0 1 31
a 863 154 0 3 34
a 863 1068 0 4 31
a 863 54 0 5 27
a 863 871 0 4 27
a 863 544 0 6 29
a 863 1047 0 5 13
a 863 18 0 5 41
a 867 23 0 3320 3
a 867 1067 0 1 12
a 867 1162 0 3 25
a 867 1168 0 10 12
a 867 31 0 7 20
a 867 74 0 6 38
a 867 818 0 6 42
a 867 178 0 9 33
a 867 1131 0 1 19
a 867 273 0 2 23
a 867 600 0 3 34
a 867 511 0 6 47
a 870 863 0 3320 50
a 870 257 0 2 24
a 870 421 0 1 21
a 870 802 0 8 21
a 870 884 0 10 4
a 870 998 0 9 4
a 870 803 0 9 42
a 870 779 0 7 22
a 870 993 0 7 16
a 870 866 0 7 16
a 870 1000 0 5 43
a 870 1016 0 3 33
a 870 447 0 1 29
a 870 787 0 1 40
a 870 190 0 7 32
a 870 338 0 3 26
a 870 219 0 7 16
a 870 201 0 9 15
a 893 647 0 3320 27
a 893 927 0 7 7
a 893 374 0 9 25
a 893 778 0 9 2
a 893 49 0 9 34
a 893 941 0 10 16
a 893 813 0 9 22
a 893 984 0 2 39
a 893 31 0 1 27
a 893 615 0 8 23
a 893 121 0 8 45
a 893 962 0 9 31
a 893 989 0 10 33
a 893 304 0 3 41
a 893 351 0 4 24
a 893 737 0 3 2
a 893 234 0 3 17
a 893 1063 0 10 42
a 893 739 0 10 5
a 893 830 0 3 22
a 893 757 0 5 31
a 893 702 0 8 15
a 893 678 0 2 24
a 893 1073 0 2 38
a 893 980 0 8 4
a 893 348 0 5 11
a 893 815 0 10 23
a 893 776 0 10 4
a 893 637 0 9 13
a 893 204 0 2 15
a 905 1062 0 3320 50
a 905 486 0 5 1
a 905 858 0 10 43
a 905 864 0 3 43
a 905 550 0 1 50
a 905 1134 0 5 23
a 905 388 0 2 14
a 905 1054 0 5 11
a 905 640 0 6 13
a 905 1190 0 7 34
a 905 332 0 9 40
a 905 1005 0 7 8
a 905 200 0 4 20
a 905 144 0 4 24
a 905 745 0 7 18
a 905 628 0 7 33
a 905 883 0 3 2
a 905 935 0 3 19
a 905 178 0 9 4
a 905 899 0 10 12
a 905 742 0 8 14
a 905 1008 0 3 23
a 905 174 0 9 47
a 906 727 0 3320 50
a 906 673 0 1 41
a 906 705 0 8 25
a 906 1091 0 5 30
a 906 109 0 6 48
a 906 353 0 8 45
a 906 403 0 1 33
a 906 514 0 10 34
a 906 550 0 5 42
a 906 1196 0 4 47
a 906 182 0 8 25
a 906 341 0 3 27
a 906 681 0 6 12
a 906 249 0 6 28
a 906 493 0 6 43
a 906 159 0 9 13
a 906 100 0 3 41
a 906 389 0 9 30
a 906 200 0 3 7
a 906 441 0 10 40
a 906 625 0 9 29
a 908 905 0 3320 18
a 908 560 0 10 34
a 908 339 0 7 17
a 908 638 0 1 35
a 908 470 0 9 10
a 908 1149 0 2 9
a 908 549 0 6 2
a 908 357 0 9 44
a 908 606 0 10 7
a 908 1119 0 7 16
a 908 359 0 1 13
a 908 1017 0 4 24
a 923 71 0 3320 50
a 923 1186 0 2 22
a 923 312 0 4 11
a 923 910 0 4 45
a 923 1143 0 5 23
a 923 456 0 6 26
a 923 1162 0 10 45
a 923 1056 0 7 2
a 923 305 0 6 29
a 923 550 0 5 48
a 923 505 0 2 19
a 923 441 0 8 12
a 923 912 0 1 50
a 923 959 0 9 47
a 923 1076 0 3 11
a 923 834 0 6 23
a 923 514 0 4 20
a 923 290 0 6 35
a 923 634 0 2 18
a 923 552 0 8 38
a 923 964 0 2 33
a 923 726 0 2 27
a 923 255 0 6 47
a 923 551 0 1 46
a 923 958 0 1 9
a 923 130 0 7 46
a 923 477 0 10 20
a 923 620 0 3 40
a 952 870 0 3320 1
a 952 1128 0 5 29
a 952 199 0 1 13
a 952 1195 0 10 35
a 952 954 0 10 41
a 952 91 0 8 47
a 952 783 0 4 39
a 952 666 0 2 8
a 952 1032 0 9 11
a 952 1129 0 3 36
a 952 659 0 5 35
a 952 732 0 10 23
a 952 23 0 1 32
a 952 1182 0 8 25
a 952 1099 0 1 43
a 952 1069 0 1 21
a 952 541 0 5 29
a 952 1178 0 5 46
a 952 286 0 1 16
a 953 463 0 3320 30
a 953 180 0 10 49
a 953 304 0 1 43
a 953 768 0 5 1
a 953 882 0 3 47
a 953 699 0 2 27
a 954 1192 0 3320 50
a 954 356 0 1 2
a 954 93 0 7 41
a 954 1124 0 10 38
a 954 758 0 6 44
a 954 922 0 2 40
a 954 409 0 7 14
a 954 777 0 7 9
a 954 1177 0 3 26
a 954 176 0 5 20
a 954 959 0 1 12
a 954 60 0 6 6
a 954 462 0 5 19
a 954 1013 0 2 37
a 954 1039 0 4 47
a 954 706 0 2 7
a 954 852 0 9 34
a 954 582 0 1 41
a 954 983 0 5 46
a 954 437 0 10 11
a 954 1134 0 9 35
a 1005 663 0 3320 50
a 1005 245 0 6 15
a 1005 361 0 2 23
a 1005 934 0 10 23
a 1005 1007 0 9 31
a 1005 354 0 2 46
a 1005 453 0 1 26
a 1005 167 0 1 34
a 1005 34 0 5 27
a 1005 344 0 5 16
a 1005 664 0 6 19
a 1005 1006 0 3 28
a 1005 620 0 7 44
a 1005 267 0 10 28
a 1011 346 0 3320 6
a 1011 838 0 10 1
a 1011 1193 0 9 43
a 1011 609 0 6 32
a 1011 232 0 1 10
a 1011 778 0 3 14
a 1011 1150 0 7 48
a 1011 240 0 10 24
a 1011 1126 0 1 9
a 1011 758 0 2 16
a 1011 688 0 3 22
a 1011 947 0 2 6
a 1011 919 0 6 41
a 1011 1080 0 6 14
a 1011 442 0 5 15
a 1011 395 0 2 10
a 1011 677 0 1 41
a 1011 44 0 6 2
a 1011 719 0 1 29
a 1011 574 0 5 7
a 1011 1044 0 3 12
a 1011 379 0 6 31
a 1011 923 0 4 19
a 1011 460 0 10 29
a 1011 558 0 9 28
a 1019 465 0 3320 24
a 1019 972 0 8 27
a 1019 1177 0 5 48
a 1019 100 0 3 22
a 1019 1045 0 3 23
a 1019 847 0 4 31
a 1019 224 0 3 14
a 1019 104 0 1 44
a 1019 1023 0 10 43
a 1019 923 0 1 47
a 1019 854 0 4 19
a 1019 699 0 10 4
a 1019 1008 0 10 23
a 1019 760 0 10 1
a 1019 834 0 10 37
a 1019 1192 0 4 48
a 1019 586 0 5 47
a 1019 475 0 2 33
a 1019 660 0 9 11
a 1019 179 0 6 44
a 1019 459 0 1 20
a 1019 122 0 2 16
a 1021 1104 0 3320 20
a 1021 567 0 10 18
a 1021 549 0 6 37
a 1021 1151 0 7 24
a 1021 653 0 4 1
a 1021 227 0 7 31
a 1021 813 0 9 39
a 1021 974 0 1 16
a 1021 194 0 8 47
a 1021 760 0 4 44
a 1021 930 0 2 22
a 1021 733 0 7 31
a 1021 398 0 10 12
a 1021 121 0 8 13
a 1021 1172 0 2 20
a 1021 528 0 5 33
a 1021 403 0 4 42
a 1021 725 0 8 46
a 1021 887 0 9 19
a 1030 746 0 3320 16
a 1030 1185 0 4 27
a 1030 304 0 1 10
a 1030 647 0 9 49
a 1043 1011 0 3320 50
a 1043 1179 0 1 13
a 1043 419 0 7 28
a 1043 1074 0 7 48
a 1043 887 0 7 45
a 1043 56 0 3 27
a 1043 106 0 2 20
a 1043 780 0 1 50
a 1043 338 0 9 2
a 1043 970 0 5 46
a 1043 1122 0 6 3
a 1043 504 0 7 16
a 1043 225 0 3 34
a 1043 563 0 6 31
a 1043 299 0 3 46
a 1043 710 0 7 32
a 1043 224 0 4 24
a 1043 628 0 9 16
a 1043 935 0 2 22
a 1043 107 0 10 38
a 1043 831 0 9 37
a 1043 145 0 5 27
a 1043 840 0 9 35
a 1043 341 0 7 6
a 1043 390 0 4 11
a 1043 916 0 1 32
a 1043 333 0 7 11
a 1043 467 0 10 50
a 1043 459 0 7 9
a 1043 601 0 10 23
a 1043 623 0 4 34
a 1058 521 0 3320 50
a 1058 32 0 4 10
a 1058 757 0 9 46
a 1058 26 0 5 27
a 1058 531 0 9 45
a 1058 101 0 5 29
a 1058 724 0 9 45
a 1058 389 0 2 1
a 1058 695 0 7 34
a 1060 906 0 3320 44
a 1060 45 0 5 7
a 1060 944 0 1 40
a 1060 938 0 10 37
a 1060 228 0 1 48
a 1060 1158 0 2 24
a 1060 77 0 2 46
a 1060 108 0 7 43
a 1060 663 0 3 44
a 1060 128 0 8 13
a 1060 189 0 4 39
a 1060 638 0 1 36
a 1060 1116 0 10 8
a 1060 330 0 6 15
a 1060 791 0 1 16
a 1060 435 0 4 7
a 1060 935 0 2 36
a 1060 373 0 9 26
a 1062 867 0 3320 50
a 1062 1041 0 8 21
a 1062 999 0 7 5
a 1062 691 0 5 36
a 1062 882 0 6 28
a 1062 197 0 5 6
a 1062 967 0 5 42
a 1062 825 0 2 23
a 1062 574 0 4 43
a 1062 215 0 9 38
a 1062 89 0 5 24
a 1062 663 0 2 30
a 1062 1018 0 4 15
a 1062 1192 0 2 13
a 1062 204 0 9 43
a 1062 880 0 9 45
a 1062 97 0 6 18
a 1062 94 0 9 17
a 1062 125 0 10 41
a 1062 258 0 7 43
a 1062 1110 0 5 27
a 1062 743 0 8 24
a 1062 127 0 1 31
a 1062 872 0 2 33
a 1062 918 0 7 17
a 1062 641 0 8 4
a 1062 138 0 10 31
a 1062 415 0 6 37
a 1071 1019 0 3320 50
a 1071 1168 0 3 11
a 1071 30 0 10 18
a 1071 931 0 5 36
a 1071 1049 0 8 35
a 1071 278 0 10 11
a 1071 699 0 9 3
a 1071 1198 0 7 46
a 1071 484 0 6 38
a 1071 664 0 7 29
a 1071 575 0 8 12
a 1071 48 0 7 44
a 1071 961 0 10 50
a 1080 293 0 3320 35
a 1080 1002 0 6 27
a 1080 689 0 9 12
a 1080 472 0 8 22
a 1080 191 0 8 6
a 1080 284 0 2 48
a 1080 253 0 2 26
a 1080 712 0 1 17
a 1080 1069 0 7 20
a 1080 116 0 1 18
a 1080 31 0 1 13
a 1088 471 0 3320 6
a 1088 276 0 9 26
a 1088 1168 0 7 20
a 1088 884 0 7 40
a 1088 688 0 6 48
a 1088 409 0 8 24
a 1088 721 0 9 34
a 1088 340 0 5 11
a 1088 210 0 6 25
a 1088 452 0 7 46
a 1088 237 0 4 10
a 1088 264 0 9 15
a 1088 1123 0 7 41
a 1088 495 0 7 42
a 1088 35 0 1 47
a 1088 1011 0 1 18
a 1088 89 0 3 2
a 1088 330 0 4 22
a 1088 1006 0 5 3
a 1088 825 0 5 34
a 1088 772 0 8 12
a 1088 419 0 10 46
a 1104 237 0 3320 46
a 1104 298 0 1 11
a 1104 129 0 8 42
a 1104 398 0 6 1
a 1104 364 0 8 44
a 1104 167 0 10 20
a 1104 656 0 2 27
a 1104 480 0 10 10
a 1104 792 0 6 36
a 1104 1141 0 2 8
a 1104 1135 0 9 41
a 1104 29 0 2 39
a 1104 211 0 7 41
a 1104 94 0 3 16
a 1104 1009 0 6 48
a 1104 1025 0 9 13
a 1104 863 0 1 32
a 1104 380 0 4 22
a 1104 1108 0 8 14
a 1104 552 0 7 8
a 1104 1069 0 10 8
a 1104 827 0 1 23
a 1104 1179 0 3 48
a 1104 814 0 10 7
a 1104 652 0 2 3
a 1104 960 0 1 5
a 1109 1167 0 3320 50
a 1109 173 0 7 26
a 1109 895 0 2 44
a 1109 958 0 7 35
a 1109 90 0 9 38
a 1109 653 0 2 43
a 1109 408 0 6 11
a 1109 579 0 4 38
a 1109 1162 0 6 43
a 1109 858 0 2 27
a 1109 316 0 2 42
a 1109 234 0 2 26
a 1109 647 0 3 15
a 1109 1047 0 6 10
a 1109 279 0 7 1
a 1109 38 0 9 7
a 1109 220 0 1 28
a 1109 1174 0 1 47
a 1109 146 0 5 32
a 1109 1077 0 8 40
a 1109 26 0 6 7
a 1109 743 0 7 37
a 1109 253 0 2 14
a 1109 507 0 2 13
a 1109 634 0 10 32
a 1109 1081 0 8 16
a 1109 47 0 10 41
a 1109 934 0 5 17
a 1111 91 0 3320 11
a 1111 212 0 6 46
a 1111 621 0 3 23
a 1111 918 0 1 26
a 1111 120 0 9 7
a 1111 884 0 2 10
a 1111 876 0 3 2
a 1111 195 0 3 41
a 1111 56 0 9 33
a 1111 591 0 9 21
a 1111 1131 0 1 6
a 1111 123 0 8 8
a 1111 324 0 4 45
a 1111 18 0 10 11
a 1111 161 0 1 13
a 1111 147 0 10 12
a 1111 785 0 6 5
a 1111 113 0 10 10
a 1111 30 0 5 17
a 1111 1081 0 9 42
a 1111 460 0 5 20
a 1131 443 0 3320 36
a 1131 347 0 6 11
a 1131 919 0 4 33
a 1131 907 0 9 20
a 1131 364 0 8 44
a 1131 577 0 4 49
a 1134 821 0 3320 50
a 1134 1198 0 4 16
a 1134 310 0 10 21
a 1134 162 0 5 44
a 1134 194 0 3 14
a 1134 58 0 9 3
a 1134 860 0 6 31
a 1134 771 0 4 43
a 1134 699 0 4 46
a 1134 844 0 6 31
a 1134 313 0 4 4
a 1134 592 0 1 10
a 1134 1098 0 5 42
a 1134 800 0 7 13
a 1134 926 0 6 22
a 1134 615 0 9 2
a 1134 392 0 2 50
a 1134 263 0 3 42
a 1134 400 0 8 4
a 1134 726 0 3 17
a 1134 994 0 9 4
a 1134 827 0 4 14
a 1134 917 0 8 49
a 1134 362 0 9 7
a 1134 277 0 7 17
a 1134 947 0 8 39
a 1134 368 0 1 21
a 1134 84 0 6 41
a 1134 925 0 10 6
a 1134 1041 0 10 46
a 1134 379 0 10 1
a 1148 1088 0 3320 42
a 1148 876 0 6 7
a 1148 310 0 8 13
a 1148 1075 0 5 24
a 1148 864 0 2 15
a 1148 356 0 7 15
a 1148 440 0 1 28
a 1148 563 0 5 7
a 1148 635 0 4 41
a 1148 55 0 10 16
a 1148 942 0 1 4
a 1148 357 0 6 19
a 1148 276 0 4 50
a 1148 1006 0 5 48
a 1148 1012 0 5 46
a 1148 411 0 4 36
a 1148 120 0 3 5
a 1148 791 0 1 25
a 1148 272 0 10 41
a 1148 485 0 7 27
a 1148 750 0 6 17
a 1148 1119 0 9 14
a 1148 1174 0 7 28
a 1148 166 0 3 24
a 1148 795 0 8 33
a 1148 734 0 9 50
a 1148 842 0 1 43
a 1148 517 0 9 4
a 1155 196 0 3320 50
a 1155 728 0 4 8
a 1155 1031 0 6 11
a 1155 118 0 2 5
a 1155 618 0 9 8
a 1155 692 0 6 31
a 1155 288 0 7 34
a 1155 648 0 8 34
a 1155 1143 0 2 25
a 1155 1069 0 6 15
a 1155 723 0 8 25
a 1155 456 0 7 10
a 1155 780 0 9 46
a 1155 188 0 8 7
a 1155 392 0 3 18
a 1155 758 0 5 41
a 1155 65 0 5 7
a 1155 468 0 2 41
a 1155 747 0 6 28
a 1155 45 0 10 7
a 1155 564 0 3 24
a 1155 1116 0 2 45
a 1155 466 0 6 36
a 1155 647 0 3 32
a 1155 957 0 5 4
a 1155 1126 0 9 2
a 1155 316 0 3 1
a 1155 253 0 1 38
a 1155 117 0 9 5
a 1167 424 0 3320 50
a 1167 551 0 3 4
a 1167 1003 0 7 2
a 1167 822 0 4 13
a 1167 868 0 9 39
a 1167 82 0 8 15
a 1167 1199 0 9 38
a 1167 737 0 6 9
a 1167 244 0 9 10
a 1167 772 0 2 20
a 13 326 0 384 50
a 13 495 0 4 28
a 13 731 0 6 36
a 13 727 0 9 7
a 17 693 0 384 3
a 17 1194 0 2 44
a 17 726 0 6 7
a 17 264 0 5 44
a 17 611 0 6 46
a 17 658 0 10 26
a 17 550 0 10 8
a 17 539 0 4 29
a 17 998 0 2 21
a 17 848 0 1 37
a 17 482 0 5 46
a 17 782 0 5 39
a 17 812 0 5 40
a 17 364 0 9 48
a 17 474 0 10 5
a 17 720 0 7 35
a 17 1007 0 9 39
a 17 975 0 7 22
a 17 275 0 6 49
a 17 381 0 1 19
a 17 635 0 2 12
a 17 630 0 2 18
a 17 279 0 7 46
a 17 839 0 9 38
a 27 1087 0 384 50
a 27 1196 0 7 35
a 27 1056 0 7 11
a 27 872 0 5 14
a 27 611 0 3 46
a 27 726 0 10 18
a 27 1183 0 3 39
a 27 762 0 9 40
a 27 628 0 4 36
a 27 971 0 6 12
a 27 181 0 10 13
a 27 36 0 7 29
a 27 874 0 7 2
a 27 357 0 9 19
a 27 1032 0 2 13
a 27 410 0 2 1
a 27 602 0 4 31
a 27 482 0 7 2
a 27 233 0 9 15
a 27 698 0 10 46
a 27 141 0 9 2
a 27 382 0 9 37
a 27 68 0 7 22
a 27 1047 0 1 32
a 27 925 0 1 7
a 37 1171 0 384 46
a 37 694 0 6 28
a 37 994 0 10 48
a 41 371 0 384 50
a 41 826 0 1 35
a 41 943 0 5 50
a 41 605 0 10 46
a 41 18 0 2 46
a 41 52 0 3 14
a 41 38 0 7 35
a 41 754 0 5 2
a 41 710 0 3 12
a 41 896 0 9 31
a 41 1154 0 9 29
a 41 1166 0 10 4
a 41 190 0 1 16
a 41 30 0 10 24
a 41 322 0 6 5
a 41 705 0 9 21
a 41 36 0 9 19
a 58 447 0 384 5
a 58 400 0 9 26
a 58 728 0 1 24
a 58 926 0 10 50
a 58 636 0 6 7
a 58 238 0 4 22
a 58 1150 0 6 36
a 58 702 0 9 4
a 58 641 0 3 29
a 58 826 0 10 5
a 58 1097 0 6 45
a 58 1123 0 4 35
a 58 76 0 5 2
a 58 248 0 9 28
a 58 384 0 1 11
a 58 620 0 9 38
a 58 51 0 10 49
a 58 159 0 5 23
a 58 160 0 6 35
a 64 1035 0 384 22
a 64 510 0 8 17
a 64 1044 0 2 10
a 64 433 0 4 36
a 64 410 0 10 32
a 64 496 0 2 46
a 64 170 0 2 35
a 64 469 0 2 4
a 64 47 0 6 34
a 64 484 0 6 31
a 64 1079 0 8 6
a 64 467 0 4 25
a 64 897 0 8 40
a 64 855 0 1 23
a 64 762 0 4 3
a 64 683 0 9 6
a 64 317 0 2 34
a 64 585 0 4 6
a 64 828 0 9 42
a 64 520 0 10 36
a 64 755 0 7 29
a 64 417 0 1 12
a 64 674 0 1 25
a 64 155 0 10 36
a 64 859 0 10 38
a 64 909 0 3 7
a 64 967 0 9 4
a 64 756 0 3 34
a 64 73 0 10 13
a 64 35 0 6 16
a 92 239 0 384 50
a 92 546 0 9 19
a 92 783 0 2 43
a 92 639 0 1 27
a 92 479 0 6 12
a 92 767 0 7 38
a 92 821 0 5 32
a 92 583 0 5 19
a 92 1108 0 1 11
a 92 1070 0 10 50
a 92 706 0 5 26
a 92 105 0 10 42
a 92 31 0 6 11
a 92 1152 0 9 21
a 92 165 0 1 33
a 92 481 0 7 1
a 92 941 0 9 17
a 92 257 0 7 13
a 92 804 0 6 10
a 92 787 0 8 10
a 94 1180 0 384 50
a 94 692 0 5 28
a 94 392 0 8 48
a 94 414 0 3 5
a 94 796 0 5 48
a 94 1066 0 7 20
a 94 1038 0 2 1
a 94 368 0 7 20
a 94 232 0 4 40
a 94 129 0 7 46
a 94 75 0 8 5
a 94 421 0 7 30
a 94 728 0 4 27
a 94 667 0 7 13
a 94 639 0 8 6
a 94 475 0 1 48
a 94 154 0 7 9
a 94 686 0 4 37
a 94 585 0 10 37
a 94 347 0 5 17
a 94 537 0 9 10
a 94 817 0 10 45
a 94 16 0 3 14
a 94 673 0 8 21
a 94 971 0 1 37
a 94 65 0 3 14
a 94 158 0 1 2
a 115 17 0 384 50
a 115 634 0 6 43
a 115 200 0 6 12
a 115 812 0 5 13
a 163 282 0 384 50
a 163 233 0 3 35
a 163 236 0 9 31
a 163 833 0 2 13
a 163 170 0 7 2
a 163 1053 0 8 23
a 163 719 0 3 27
a 163 501 0 3 8
a 163 1147 0 4 31
a 163 197 0 5 44
a 163 1116 0 5 29
a 163 1114 0 8 48
a 163 927 0 2 3
a 163 1049 0 6 39
a 163 972 0 3 2
a 163 975 0 6 37
a 163 35 0 4 3
a 163 332 0 2 4
a 163 794 0 3 50
a 163 1163 0 9 35
a 163 169 0 1 26
a 163 449 0 10 23
a 163 879 0 4 26
a 163 1153 0 9 5
a 165 1063 0 384 50
a 165 1150 0 2 26
a 165 342 0 5 2
a 165 1073 0 10 34
a 165 1024 0 9 29
a 165 888 0 5 16
a 165 389 0 8 42
a 165 783 0 5 14
a 165 695 0 3 50
a 165 313 0 2 1
a 165 306 0 3 8
a 165 782 0 6 9
a 165 41 0 1 46
a 165 518 0 3 25
a 165 276 0 2 49
a 165 239 0 1 8
a 165 55 0 6 45
a 165 839 0 5 42
a 165 196 0 8 20
a 165 900 0 9 44
a 165 447 0 6 42
a 165 1046 0 1 46
a 165 1107 0 1 44
a 165 570 0 7 23
a 165 372 0 2 19
a 165 799 0 7 22
a 165 966 0 2 31
a 165 685 0 7 30
a 165 788 0 1 6
a 165 265 0 3 36
a 170 64 0 384 50
a 170 989 0 3 2
a 239 1190 0 384 48
a 239 84 0 3 14
a 239 660 0 5 8
a 239 153 0 4 13
a 239 1129 0 2 1
a 239 1198 0 3 22
a 239 206 0 8 12
a 239 17 0 2 6
a 239 665 0 6 47
a 239 674 0 7 34
a 274 999 0 384 1
a 274 924 0 9 4
a 274 356 0 1 43
a 274 822 0 6 14
a 274 847 0 9 29
a 274 896 0 3 29
a 274 705 0 6 11
a 274 212 0 9 22
a 274 820 0 3 40
a 274 698 0 10 44
a 274 758 0 5 27
a 274 132 0 8 50
a 282 488 0 384 19
a 282 261 0 9 21
a 306 666 0 384 12
a 306 794 0 1 43
a 306 891 0 2 27
a 306 31 0 2 9
a 306 974 0 2 44
a 306 727 0 8 36
a 306 1079 0 9 6
a 306 343 0 6 49
a 306 1150 0 4 40
a 306 464 0 3 3
a 306 502 0 3 21
a 312 1096 0 384 50
a 312 363 0 6 25
a 312 1136 0 8 42
a 312 330 0 7 11
a 312 1068 0 3 15
a 312 328 0 6 39
a 326 353 0 384 50
a 326 268 0 9 19
a 326 1180 0 3 16
a 326 320 0 9 15
a 326 1147 0 5 33
a 326 958 0 5 12
a 326 712 0 5 49
a 326 170 0 7 25
a 326 466 0 1 24
a 326 707 0 5 13
a 342 924 0 384 50
a 342 292 0 7 31
a 342 1162 0 3 6
a 342 886 0 8 44
a 342 773 0 7 6
a 342 1185 0 7 47
a 342 898 0 2 5
a 342 690 0 1 14
a 342 613 0 7 8
a 342 1059 0 6 39
a 342 140 0 6 17
a 342 566 0 3 35
a 342 499 0 9 28
a 342 951 0 8 26
a 342 346 0 10 38
a 342 413 0 2 26
a 342 404 0 1 48
a 342 637 0 9 17
a 342 990 0 9 28
a 342 126 0 3 24
a 342 1035 0 10 31
a 342 60 0 1 24
a 342 473 0 8 32
a 342 155 0 5 9
a 342 401 0 3 29
a 353 1200 0 384 50
a 353 590 0 384 31
a 353 976 0 3 22
a 353 24 0 8 5
a 353 930 0 3 49
a 353 71 0 10 2
a 353 355 0 3 14
a 353 484 0 8 6
a 353 364 0 1 21
a 353 958 0 4 49
a 353 1072 0 9 22
a 353 1078 0 7 43
a 353 445 0 7 29
a 353 343 0 3 8
a 353 901 0 8 49
a 353 158 0 10 23
a 353 524 0 3 40
a 353 188 0 5 1
a 353 437 0 8 3
a 353 979 0 7 44
a 353 1025 0 7 46
a 353 804 0 7 8
a 353 215 0 4 12
a 353 285 0 5 6
a 353 862 0 4 46
a 353 358 0 3 38
a 353 1192 0 7 29
a 353 496 0 8 13
a 353 388 0 2 33
a 353 940 0 10 34
a 353 614 0 1 16
a 353 97 0 6 22
a 354 849 0 384 16
a 354 95 0 6 21
a 354 1082 0 10 6
a 354 826 0 9 1
a 354 1029 0 6 18
a 354 322 0 10 33
a 354 1183 0 1 11
a 354 771 0 5 32
a 354 214 0 8 34
a 354 669 0 1 47
a 354 572 0 10 9
a 354 899 0 9 42
a 354 1193 0 5 34
a 354 316 0 7 24
a 354 419 0 6 15
a 355 685 0 384 50
a 355 158 0 8 36
a 355 549 0 9 42
a 355 694 0 5 7
a 355 825 0 2 48
a 355 581 0 3 16
a 355 711 0 4 9
a 355 59 0 10 39
a 355 221 0 2 18
a 355 451 0 3 27
a 355 1130 0 4 39
a 355 276 0 10 26
a 355 152 0 2 46
a 355 926 0 7 27
a 355 855 0 2 42
a 355 901 0 6 27
a 355 64 0 3 24
a 355 886 0 2 30
a 355 578 0 7 44
a 355 615 0 4 40
a 355 170 0 2 33
a 355 868 0 6 32
a 355 562 0 10 24
a 355 922 0 2 15
a 355 585 0 3 36
a 355 177 0 2 18
a 355 128 0 3 34
a 355 1147 0 4 8
a 355 523 0 9 24
a 371 58 0 384 50
a 371 794 0 8 45
a 371 336 0 7 19
a 371 383 0 6 14
a 371 614 0 8 3
a 371 113 0 6 13
a 371 1096 0 10 13
a 371 607 0 2 31
a 371 947 0 9 50
a 371 137 0 3 2
a 371 382 0 1 1
a 371 21 0 4 12
a 371 695 0 8 10
a 371 458 0 3 6
a 371 829 0 2 18
a 371 784 0 10 38
a 395 907 0 384 50
a 395 1167 0 3 1
a 395 1083 0 8 45
a 395 670 0 10 29
a 395 608 0 9 12
a 395 760 0 4 35
a 395 78 0 9 42
a 395 377 0 9 36
a 395 1195 0 10 2
a 395 302 0 8 29
a 395 541 0 8 8
a 395 244 0 4 6
a 395 827 0 1 46
a 395 1034 0 6 30
a 395 421 0 10 27
a 395 820 0 7 6
a 395 408 0 7 39
a 395 861 0 8 3
a 395 818 0 2 27
a 395 1199 0 9 44
a 395 218 0 8 44
a 395 121 0 5 40
a 395 340 0 8 32
a 395 65 0 9 35
a 395 960 0 9 34
a 395 563 0 9 23
a 396 1113 0 384 50
a 396 981 0 2 25
a 396 898 0 6 16
a 396 726 0 2 41
a 396 410 0 7 12
a 396 940 0 1 33
a 396 32 0 3 47
a 396 840 0 7 46
a 410 631 0 384 50
a 410 793 0 3 10
a 410 93 0 5 28
a 410 56 0 6 26
a 410 27 0 7 37
a 410 1030 0 2 35
a 410 472 0 9 41
a 410 656 0 5 45
a 410 1126 0 5 45
a 410 940 0 5 14
a 410 1129 0 8 18
a 410 796 0 7 12
a 410 952 0 3 19
a 410 271 0 6 1
a 410 476 0 3 24
a 410 1175 0 2 40
a 410 812 0 4 48
a 410 120 0 5 9
a 410 1197 0 3 4
a 410 962 0 7 21
a 410 402 0 9 11
a 410 836 0 5 30
a 410 522 0 7 19
a 410 964 0 9 31
a 410 838 0 6 31
a 410 383 0 6 7
a 410 806 0 5 7
a 410 348 0 5 10
a 410 1064 0 7 24
a 410 98 0 9 32
a 423 450 0 384 6
a 423 1196 0 10 37
a 423 913 0 1 24
a 423 840 0 6 42
a 447 945 0 384 11
a 447 1169 0 7 5
a 447 698 0 4 13
a 447 75 0 8 36
a 447 659 0 7 37
a 447 1111 0 6 40
a 447 23 0 2 12
a 447 882 0 7 36
a 447 432 0 1 41
a 447 544 0 8 26
a 450 165 0 384 50
a 450 833 0 10 24
a 450 1015 0 6 36
a 450 179 0 8 2
a 450 253 0 2 31
a 450 199 0 8 50
a 450 394 0 10 32
a 450 610 0 4 30
a 450 665 0 5 45
a 450 1096 0 8 37
a 450 44 0 4 14
a 450 59 0 8 40
a 450 547 0 7 33
a 450 688 0 3 2
a 450 208 0 5 40
a 450 892 0 9 47
a 450 146 0 4 12
a 450 681 0 3 16
a 450 142 0 5 22
a 450 80 0 2 6
a 450 842 0 1 47
a 450 920 0 9 37
a 450 414 0 2 31
a 450 642 0 7 39
a 483 911 0 384 50
a 483 804 0 7 48
a 483 323 0 4 9
a 483 933 0 5 6
a 488 750 0 384 50
a 488 809 0 6 34
a 488 392 0 3 45
a 488 343 0 1 4
a 488 1198 0 9 40
a 488 678 0 9 46
a 488 725 0 1 3
a 488 1109 0 4 6
a 488 295 0 8 45
a 488 462 0 1 13
a 488 1192 0 6 37
a 488 843 0 4 1
a 488 535 0 4 22
a 488 1011 0 6 16
a 488 413 0 9 39
a 488 902 0 10 42
a 488 75 0 5 9
a 488 1043 0 6 30
a 488 351 0 6 4
a 488 349 0 3 39
a 540 163 0 384 50
a 540 91 0 7 16
a 540 1157 0 8 15
a 540 671 0 7 31
a 540 371 0 8 11
a 540 377 0 7 15
a 540 543 0 10 34
a 540 1092 0 4 16
a 540 117 0 1 20
a 540 274 0 3 32
a 540 729 0 2 42
a 555 950 0 384 50
a 555 851 0 2 24
a 557 306 0 384 6
a 557 831 0 10 23
a 557 289 0 5 48
a 590 1056 0 384 22
a 590 74 0 9 3
a 590 357 0 9 24
a 590 220 0 4 41
a 590 232 0 6 23
a 590 668 0 6 34
a 590 749 0 7 39
a 590 331 0 8 37
a 590 727 0 6 16
a 590 606 0 8 22
a 590 891 0 2 27
a 590 335 0 2 49
a 590 43 0 1 35
a 590 513 0 10 22
a 590 93 0 7 28
a 590 229 0 2 18
a 590 1004 0 2 1
a 590 483 0 7 42
a 590 605 0 3 7
a 590 155 0 7 41
a 590 317 0 2 43
a 590 853 0 7 15
a 590 751 0 9 42
a 590 611 0 9 40
a 631 355 0 384 50
a 631 518 0 5 19
a 631 972 0 9 1
a 631 467 0 9 42
a 631 1188 0 10 4
a 631 419 0 10 8
a 631 405 0 7 31
a 631 297 0 8 13
a 631 43 0 10 20
a 631 246 0 2 24
a 631 978 0 10 23
a 631 925 0 8 8
a 631 1044 0 8 2
a 631 482 0 6 33
a 631 361 0 5 40
a 631 54 0 1 44
a 631 440 0 9 12
a 639 274 0 384 50
a 639 987 0 5 43
a 640 410 0 384 50
a 640 630 0 4 50
a 640 1143 0 7 26
a 640 735 0 7 42
a 640 641 0 6 35
a 640 514 0 8 6
a 640 713 0 9 10
a 666 540 0 384 19
a 666 794 0 10 1
a 666 1140 0 7 15
a 666 665 0 3 27
a 666 250 0 7 30
a 666 985 0 7 1
a 666 389 0 1 40
a 666 1113 0 1 23
a 666 181 0 7 29
a 666 968 0 8 44
a 666 502 0 4 2
a 678 41 0 384 3
a 678 406 0 1 44
a 678 1086 0 5 9
a 678 1046 0 6 30
a 678 900 0 7 49
a 678 880 0 8 27
a 678 584 0 9 26
a 678 1078 0 5 33
a 678 1137 0 1 42
a 678 26 0 4 43
a 678 1176 0 6 22
a 678 702 0 1 22
a 685 678 0 384 47
a 685 157 0 10 30
a 685 21 0 8 40
a 685 833 0 9 3
a 685 569 0 2 22
a 685 680 0 7 23
a 685 382 0 6 1
a 685 1192 0 7 49
a 685 811 0 3 44
a 685 780 0 4 31
a 685 1151 0 5 20
a 685 792 0 6 49
a 685 772 0 8 35
a 685 799 0 3 1
a 685 856 0 8 38
a 685 57 0 7 18
a 685 481 0 1 43
a 685 418 0 4 25
a 685 1070 0 6 31
a 685 296 0 4 16
a 685 500 0 5 27
a 685 774 0 6 30
a 685 844 0 2 13
a 685 781 0 3 23
a 685 320 0 4 42
a 685 89 0 8 34
a 685 890 0 7 34
a 685 512 0 4 4
a 685 889 0 4 42
a 692 354 0 384 2
a 692 176 0 1 13
a 692 300 0 3 48
a 693 869 0 384 37
a 693 243 0 4 38
a 693 917 0 9 31
a 693 319 0 10 35
a 693 1199 0 10 49
a 693 310 0 5 49
a 693 21 0 8 35
a 693 447 0 4 17
a 693 223 0 8 6
a 693 600 0 10 14
a 693 852 0 1 4
a 693 195 0 1 14
a 693 961 0 2 20
a 693 353 0 7 26
a 693 642 0 8 24
a 704 706 0 384 46
a 704 337 0 8 19
a 704 305 0 8 29
a 704 88 0 2 31
a 704 307 0 4 23
a 704 391 0 3 15
a 706 170 0 384 50
a 706 264 0 2 24
a 706 715 0 10 22
a 706 313 0 4 31
a 706 818 0 1 28
a 706 572 0 5 11
a 706 686 0 1 13
a 706 688 0 6 46
a 706 213 0 4 16
a 706 1053 0 9 41
a 706 618 0 3 47
a 706 562 0 3 24
a 706 253 0 8 48
a 706 1101 0 10 35
a 706 417 0 3 12
a 732 396 0 384 50
a 732 771 0 7 30
a 732 872 0 10 25
a 732 925 0 5 37
a 732 308 0 4 46
a 732 243 0 5 45
a 732 192 0 2 9
a 732 500 0 8 4
a 732 496 0 3 21
a 732 232 0 1 2
a 732 694 0 5 29
a 732 987 0 1 10
a 732 807 0 1 38
a 732 917 0 3 2
a 732 800 0 1 6
a 732 29 0 10 7
a 732 73 0 2 33
a 732 1006 0 3 46
a 732 201 0 10 5
a 732 1094 0 5 16
a 732 371 0 4 26
a 744 1120 0 384 9
a 744 301 0 4 21
a 744 96 0 8 20
a 744 262 0 9 17
a 744 190 0 9 29
a 744 893 0 9 30
a 744 538 0 1 3
a 744 373 0 4 25
a 744 745 0 8 6
a 744 687 0 10 5
a 744 303 0 1 39
a 744 534 0 4 21
a 744 477 0 9 35
a 744 990 0 5 7
a 744 77 0 8 49
a 744 849 0 1 45
a 744 835 0 5 9
a 744 509 0 1 36
a 744 424 0 6 44
a 744 85 0 6 30
a 744 958 0 3 4
a 744 240 0 8 48
a 744 110 0 1 30
a 750 744 0 384 50
a 750 999 0 9 13
a 750 368 0 7 36
a 750 1049 0 1 35
a 750 856 0 4 28
a 750 663 0 1 29
a 750 412 0 4 9
a 750 467 0 5 5
a 750 777 0 6 13
a 750 334 0 2 36
a 750 584 0 1 24
a 750 562 0 9 35
a 750 586 0 3 45
a 750 434 0 9 34
a 750 1116 0 8 2
a 750 53 0 8 30
a 750 236 0 7 16
a 750 632 0 7 2
a 750 986 0 9 34
a 750 529 0 3 29
a 750 1171 0 5 15
a 750 831 0 9 48
a 750 785 0 4 47
a 750 1156 0 2 46
a 750 76 0 3 20
a 759 764 0 384 21
a 759 665 0 4 40
a 759 1124 0 2 18
a 759 1198 0 1 40
a 759 592 0 6 47
a 759 575 0 7 45
a 759 496 0 1 48
a 759 281 0 4 30
a 759 1122 0 2 19
a 759 631 0 8 29
a 759 930 0 7 21
a 759 664 0 8 26
a 759 993 0 5 44
a 759 572 0 7 38
a 759 56 0 1 1
a 759 705 0 1 35
a 759 553 0 3 34
a 759 451 0 3 43
a 759 153 0 4 48
a 759 1087 0 9 48
a 759 699 0 10 12
a 759 974 0 6 6
a 759 167 0 3 7
a 759 851 0 8 45
a 759 704 0 4 46
a 764 27 0 384 50
a 764 793 0 5 17
a 764 1119 0 9 32
a 764 286 0 10 31
a 764 617 0 7 26
a 764 384 0 2 47
a 764 317 0 3 26
a 764 604 0 6 29
a 764 958 0 9 5
a 764 1026 0 7 48
a 764 708 0 6 33
a 764 318 0 5 34
a 764 100 0 1 14
a 828 94 0 384 41
a 828 49 0 4 44
a 828 1111 0 1 18
a 828 845 0 10 6
a 828 534 0 1 30
a 828 921 0 5 9
a 828 58 0 4 49
a 828 197 0 10 18
a 828 487 0 4 24
a 828 1081 0 10 42
a 828 106 0 2 9
a 828 901 0 1 2
a 828 564 0 5 47
a 828 855 0 7 36
a 828 778 0 6 28
a 828 250 0 5 20
a 828 98 0 1 5
a 828 1181 0 5 48
a 828 130 0 5 37
a 828 362 0 6 13
a 849 976 0 384 50
a 849 513 0 8 27
a 849 980 0 1 9
a 849 767 0 1 41
a 849 944 0 2 25
a 849 1073 0 10 45
a 869 895 0 384 42
a 869 755 0 8 22
a 869 879 0 1 34
a 869 681 0 7 8
a 869 1063 0 10 9
a 869 476 0 9 30
a 869 421 0 8 13
a 869 39 0 5 32
a 869 331 0 6 43
a 895 312 0 384 50
a 895 374 0 4 9
a 895 1173 0 2 6
a 895 439 0 10 17
a 895 585 0 4 28
a 895 350 0 10 7
a 895 78 0 6 3
a 895 304 0 9 11
a 907 692 0 384 19
a 907 159 0 5 45
a 907 1067 0 4 8
a 907 632 0 5 7
a 907 844 0 3 36
a 907 790 0 9 35
a 907 956 0 2 14
a 907 483 0 4 2
a 907 747 0 1 8
a 907 1097 0 1 40
a 907 958 0 1 31
a 907 1074 0 4 21
a 907 1010 0 2 37
a 907 329 0 4 8
a 907 344 0 6 15
a 907 726 0 10 11
a 907 422 0 6 25
a 907 1077 0 1 23
a 907 673 0 7 8
a 907 1106 0 8 32
a 907 1186 0 5 43
a 907 488 0 10 40
a 907 604 0 10 37
a 907 362 0 5 1
a 907 594 0 5 7
a 907 198 0 9 41
a 907 476 0 10 24
a 907 163 0 5 45
a 907 26 0 2 45
a 907 341 0 4 28
a 907 165 0 4 32
a 911 395 0 384 50
a 911 729 0 1 47
a 911 695 0 1 18
a 911 326 0 4 33
a 911 386 0 6 43
a 911 18 0 6 23
a 911 585 0 4 40
a 911 473 0 10 21
a 911 499 0 4 47
a 911 402 0 7 15
a 911 210 0 3 38
a 919 37 0 384 35
a 919 735 0 6 8
a 919 322 0 7 23
a 919 844 0 7 26
a 919 1081 0 10 40
a 919 692 0 10 13
a 919 388 0 4 49
a 919 682 0 2 23
a 919 272 0 10 19
a 919 250 0 4 7
a 919 1031 0 9 46
a 919 456 0 1 38
a 919 416 0 9 7
a 919 424 0 10 48
a 919 453 0 10 34
a 919 752 0 4 41
a 919 581 0 10 9
a 919 693 0 5 36
a 919 530 0 2 9
a 919 244 0 2 17
a 919 414 0 9 18
a 924 557 0 384 46
a 924 291 0 5 18
a 924 18 0 2 14
a 924 134 0 2 32
a 924 815 0 5 38
a 924 896 0 5 1
a 924 502 0 2 3
a 924 660 0 10 23
a 925 423 0 384 50
a 925 540 0 6 20
a 925 1017 0 4 2
a 925 161 0 4 23
a 925 345 0 7 33
a 925 635 0 10 44
a 925 963 0 1 22
a 925 275 0 1 48
a 925 401 0 6 19
a 925 650 0 2 8
a 925 759 0 9 12
a 925 1083 0 6 17
a 945 342 0 384 50
a 945 699 0 5 34
a 945 222 0 1 21
a 945 1096 0 4 5
a 945 22 0 9 27
a 945 229 0 6 24
a 945 91 0 7 8
a 945 88 0 2 12
a 945 503 0 5 15
a 945 1056 0 8 1
a 945 1188 0 4 23
a 945 301 0 3 31
a 945 274 0 5 32
a 945 409 0 3 15
a 945 715 0 7 22
a 945 117 0 7 10
a 945 668 0 8 35
a 945 450 0 4 49
a 945 121 0 4 34
a 945 829 0 9 41
a 945 45 0 3 24
a 945 212 0 3 45
a 945 633 0 9 46
a 945 749 0 7 7
a 945 136 0 1 5
a 950 92 0 384 50
a 950 1045 0 9 20
a 950 385 0 5 36
a 950 1191 0 6 11
a 950 907 0 6 38
a 950 876 0 7 2
a 950 1019 0 10 29
a 950 859 0 1 29
a 950 569 0 9 1
a 950 863 0 2 27
a 950 1198 0 6 45
a 950 750 0 1 8
a 950 752 0 4 41
a 950 545 0 5 34
a 950 747 0 5 42
a 950 717 0 9 38
a 950 1090 0 2 27
a 950 90 0 7 10
a 950 1171 0 8 7
a 950 95 0 7 20
a 950 221 0 2 39
a 950 684 0 9 6
a 950 736 0 8 12
a 950 613 0 4 2
a 950 610 0 10 11
a 950 410 0 4 17
a 950 1158 0 2 2
a 950 611 0 9 35
a 950 29 0 7 3
a 950 1056 0 8 25
a 950 472 0 4 42
a 976 1175 0 384 16
a 976 1137 0 8 38
a 976 629 0 1 2
a 976 26 0 6 27
a 976 68 0 9 14
a 976 915 0 4 17
a 976 710 0 10 38
a 976 829 0 7 31
a 976 421 0 10 22
a 976 336 0 5 31
a 976 532 0 7 46
a 976 205 0 5 49
a 976 1049 0 7 13
a 976 896 0 7 16
a 976 1104 0 2 29
a 976 1126 0 3 1
a 976 186 0 1 11
a 976 235 0 5 36
a 976 687 0 6 9
a 976 73 0 10 48
a 976 986 0 3 29
a 976 54 0 1 20
a 976 805 0 9 17
a 976 854 0 10 32
a 999 1164 0 384 50
a 999 318 0 10 13
a 999 568 0 8 17
a 999 423 0 7 48
a 999 986 0 6 35
a 999 26 0 3 37
a 999 708 0 10 19
a 1016 483 0 384 23
a 1016 558 0 4 1
a 1016 923 0 3 43
a 1016 367 0 1 43
a 1016 1113 0 9 39
a 1016 170 0 7 47
a 1016 41 0 4 45
a 1016 687 0 1 5
a 1016 1116 0 8 2
a 1016 1068 0 9 1
a 1016 1198 0 3 8
a 1016 890 0 1 26
a 1016 669 0 8 45
a 1016 801 0 2 14
a 1016 385 0 1 19
a 1016 441 0 4 20
a 1016 1125 0 2 46
a 1016 760 0 1 26
a 1016 792 0 1 7
a 1016 863 0 6 8
a 1016 1144 0 4 47
a 1016 1074 0 3 1
a 1016 969 0 3 6
a 1016 151 0 8 31
a 1016 425 0 5 25
a 1016 789 0 6 16
a 1016 454 0 3 3
a 1035 1150 0 384 50
a 1035 625 0 3 22
a 1035 299 0 3 43
a 1035 538 0 10 34
a 1035 644 0 2 9
a 1035 435 0 5 22
a 1035 1089 0 5 3
a 1035 284 0 5 26
a 1035 263 0 7 35
a 1035 247 0 5 31
a 1035 1178 0 2 50
a 1035 903 0 8 15
a 1035 265 0 10 34
a 1035 254 0 8 11
a 1035 398 0 3 11
a 1035 922 0 7 2
a 1035 512 0 9 49
a 1035 1183 0 4 4
a 1035 1073 0 6 28
a 1035 1122 0 7 28
a 1035 531 0 4 28
a 1035 433 0 10 30
a 1035 823 0 6 45
a 1035 209 0 9 3
a 1035 1160 0 6 5
a 1035 43 0 7 35
a 1056 640 0 384 50
a 1056 270 0 7 26
a 1056 769 0 5 45
a 1056 338 0 7 7
a 1056 564 0 5 6
a 1056 899 0 2 23
a 1056 621 0 1 13
a 1056 301 0 5 2
a 1056 1060 0 6 31
a 1056 503 0 1 35
a 1056 863 0 7 4
a 1056 1119 0 10 39
a 1056 690 0 6 29
a 1056 1075 0 4 36
a 1056 433 0 10 16
a 1056 225 0 5 2
a 1056 359 0 1 1
a 1056 266 0 1 10
a 1063 828 0 384 36
a 1063 384 0 3 47
a 1063 1113 0 8 31
a 1063 737 0 6 9
a 1063 273 0 8 43
a 1063 189 0 4 35
a 1063 997 0 2 34
a 1063 927 0 8 50
a 1063 497 0 3 32
a 1063 599 0 1 29
a 1063 381 0 2 48
a 1087 115 0 384 29
a 1087 535 0 6 14
a 1087 16 0 6 17
a 1087 524 0 3 45
a 1087 284 0 6 28
a 1087 501 0 7 30
a 1087 904 0 10 5
a 1087 1075 0 10 26
a 1087 438 0 7 42
a 1087 404 0 10 24
a 1087 1107 0 4 48
a 1087 291 0 2 23
a 1087 178 0 7 32
a 1087 248 0 7 14
a 1087 395 0 10 35
a 1087 513 0 4 24
a 1087 1157 0 7 32
a 1087 28 0 1 45
a 1087 866 0 9 29
a 1087 770 0 8 21
a 1087 672 0 6 16
a 1087 767 0 9 33
a 1096 704 0 384 50
a 1096 1174 0 8 5
a 1096 395 0 5 11
a 1096 956 0 4 45
a 1096 1183 0 10 16
a 1096 600 0 7 12
a 1096 885 0 9 4
a 1096 703 0 10 38
a 1096 122 0 2 25
a 1096 832 0 9 13
a 1096 809 0 6 19
a 1096 417 0 5 49
a 1096 327 0 1 30
a 1096 920 0 2 32
a 1096 439 0 10 27
a 1096 310 0 8 48
a 1096 237 0 10 22
a 1096 206 0 3 31
a 1096 85 0 7 35
a 1096 90 0 8 4
a 1113 1152 0 384 50
a 1113 772 0 4 36
a 1113 486 0 4 48
a 1113 289 0 4 36
a 1113 221 0 9 35
a 1113 715 0 6 17
a 1113 111 0 6 33
a 1113 319 0 4 30
a 1113 972 0 3 46
a 1113 310 0 6 13
a 1113 116 0 10 25
a 1113 82 0 6 43
a 1113 468 0 7 37
a 1113 967 0 2 15
a 1113 923 0 3 12
a 1113 573 0 1 42
a 1113 850 0 4 43
a 1113 235 0 10 25
a 1113 926 0 9 8
a 1113 312 0 8 49
a 1113 1032 0 6 26
a 1113 541 0 9 5
a 1113 640 0 5 18
a 1120 925 0 384 50
a 1120 250 0 5 46
a 1120 274 0 6 20
a 1120 417 0 4 9
a 1120 50 0 6 5
a 1120 393 0 7 22
a 1120 63 0 2 34
a 1120 844 0 2 50
a 1120 353 0 1 24
a 1120 758 0 6 5
a 1120 1089 0 10 15
a 1120 99 0 5 49
a 1120 117 0 7 31
a 1120 567 0 4 37
a 1120 1086 0 2 21
a 1120 316 0 3 18
a 1120 1129 0 2 35
a 1120 1169 0 10 20
a 1120 181 0 6 21
a 1120 787 0 8 15
a 1120 1023 0 7 29
a 1120 1196 0 9 27
a 1120 638 0 10 27
a 1120 93 0 2 14
a 1120 1014 0 9 31
a 1120 654 0 9 45
a 1150 732 0 384 28
a 1150 995 0 8 13
a 1150 687 0 6 50
a 1150 1105 0 8 36
a 1150 658 0 1 30
a 1150 889 0 1 46
a 1150 1175 0 1 35
a 1150 905 0 1 17
a 1150 1093 0 1 8
a 1150 286 0 4 36
a 1150 134 0 2 42
a 1150 189 0 3 31
a 1150 1136 0 10 28
a 1150 303 0 9 18
a 1150 62 0 10 32
a 1150 868 0 7 32
a 1150 172 0 10 4
a 1150 957 0 3 7
a 1150 512 0 1 2
a 1150 386 0 4 8
a 1152 1016 0 384 50
a 1152 1056 0 1 4
a 1152 575 0 5 6
a 1152 436 0 4 41
a 1164 555 0 384 50
a 1164 194 0 5 29
a 1164 759 0 9 13
a 1164 268 0 2 27
a 1164 196 0 7 8
a 1164 624 0 7 14
a 1164 977 0 9 27
a 1164 470 0 8 42
a 1164 1102 0 9 30
a 1164 827 0 5 4
a 1164 778 0 8 1
a 1164 34 0 10 40
a 1164 464 0 8 33
a 1164 171 0 10 34
a 1171 1185 0 384 50
a 1171 816 0 6 10
a 1171 813 0 4 41
a 1171 1184 0 2 31
a 1171 854 0 10 46
a 1171 61 0 5 44
a 1171 1116 0 2 7
a 1171 393 0 9 13
a 1171 1089 0 5 1
a 1171 906 0 6 3
a 1171 33 0 7 7
a 1171 721 0 9 33
a 1171 1151 0 6 23
a 1171 800 0 10 44
a 1171 656 0 2 36
a 1171 898 0 2 28
a 1171 163 0 1 24
a 1175 639 0 384 50
a 1175 901 0 9 22
a 1175 468 0 1 5
a 1175 1100 0 4 41
a 1175 1096 0 1 33
a 1180 919 0 384 50
a 1180 122 0 4 23
a 1180 117 0 1 31
a 1180 824 0 5 12
a 1180 297 0 2 10
a 1180 338 0 2 40
a 1180 621 0 9 42
a 1180 587 0 3 41
a 1180 764 0 8 21
a 1180 363 0 5 13
a 1180 793 0 10 43
a 1180 931 0 3 36
a 1180 20 0 10 34
a 1180 1160 0 8 13
a 1180 662 0 4 44
a 1180 921 0 9 34
a 1180 768 0 10 48
a 1180 763 0 5 40
a 1180 661 0 2 38
a 1180 261 0 7 20
a 1180 178 0 9 46
a 1180 882 0 10 41
a 1180 876 0 9 47
a 1185 759 0 384 50
a 1185 380 0 8 28
a 1185 407 0 6 11
a 1185 606 0 1 1
a 1185 260 0 7 26
a 14 878 0 568 1
a 14 811 0 2 23
a 14 1097 0 2 12
a 14 28 0 5 19
a 14 210 0 2 18
a 14 783 0 9 6
a 14 318 0 2 43
a 14 197 0 9 13
a 14 124 0 3 25
a 14 56 0 7 2
a 14 829 0 1 38
a 14 1107 0 1 10
a 14 422 0 9 29
a 14 735 0 5 35
a 14 500 0 7 49
a 14 1096 0 7 37
a 14 936 0 6 27
a 19 508 0 568 50
a 19 293 0 6 41
a 19 359 0 5 48
a 19 149 0 3 13
a 19 75 0 8 39
a 19 823 0 1 8
a 19 1104 0 5 12
a 19 296 0 5 11
a 19 158 0 6 41
a 19 169 0 7 11
a 19 847 0 5 13
a 19 107 0 7 31
a 19 34 0 3 16
a 19 982 0 10 21
a 19 1049 0 5 43
a 19 133 0 3 21
a 19 274 0 10 7
a 19 21 0 5 31
a 19 536 0 3 36
a 19 134 0 5 20
a 19 642 0 2 25
a 44 813 0 568 18
a 44 571 0 1 7
a 44 1111 0 6 21
a 44 590 0 9 38
a 44 361 0 2 22
a 44 1096 0 10 21
a 44 642 0 2 12
a 44 174 0 6 34
a 95 462 0 568 41
a 95 62 0 2 6
a 95 1108 0 9 27
a 95 418 0 3 20
a 95 490 0 1 46
a 95 917 0 3 22
a 95 313 0 4 48
a 95 906 0 2 40
a 95 978 0 8 16
a 95 1012 0 7 6
a 95 681 0 4 3
a 95 997 0 8 5
a 95 1043 0 1 34
a 95 196 0 9 26
a 95 353 0 3 25
a 95 31 0 8 30
a 95 959 0 6 21
a 95 747 0 2 25
a 95 300 0 4 20
a 95 1115 0 1 41
a 95 541 0 7 26
a 95 738 0 8 30
a 97 936 0 568 25
a 97 966 0 6 28
a 97 313 0 7 31
a 97 806 0 8 9
a 97 420 0 6 40
a 97 861 0 10 19
a 97 640 0 2 34
a 97 945 0 7 25
a 97 1054 0 5 3
a 97 25 0 9 49
a 97 1145 0 9 8
a 97 1052 0 10 36
a 97 141 0 10 2
a 97 862 0 6 10
a 97 717 0 10 44
a 97 1148 0 10 36
a 97 217 0 5 6
a 102 937 0 568 50
a 102 208 0 7 41
a 102 314 0 3 49
a 102 579 0 2 45
a 102 875 0 3 16
a 102 438 0 1 32
a 102 573 0 8 21
a 102 209 0 6 22
a 102 1064 0 8 42
a 102 449 0 2 39
a 102 99 0 8 27
a 102 546 0 7 34
a 102 728 0 6 1
a 102 855 0 9 26
a 102 1066 0 9 28
a 102 709 0 7 31
a 102 441 0 7 34
a 102 466 0 1 30
a 102 85 0 5 50
a 105 576 0 568 13
a 105 154 0 7 29
a 105 1050 0 9 42
a 105 610 0 6 20
a 105 874 0 8 37
a 105 381 0 9 38
a 105 57 0 4 11
a 105 118 0 1 21
a 105 996 0 1 11
a 105 1104 0 3 44
a 105 901 0 4 2
a 105 1070 0 5 49
a 105 1199 0 8 38
a 105 884 0 8 7
a 105 726 0 4 19
a 105 645 0 10 17
a 105 300 0 1 27
a 105 1046 0 4 21
a 125 998 0 568 50
a 125 1090 0 1 29
a 125 153 0 5 35
a 125 263 0 9 40
a 125 1057 0 5 30
a 125 905 0 10 33
a 125 864 0 1 35
a 125 164 0 3 31
a 125 678 0 9 13
a 125 578 0 3 5
a 125 711 0 3 49
a 125 944 0 7 25
a 125 113 0 3 2
a 125 204 0 3 17
a 125 492 0 8 10
a 125 372 0 1 2
a 125 778 0 9 27
a 125 910 0 3 49
a 129 1112 0 568 3
a 129 621 0 5 34
a 129 405 0 7 46
a 129 377 0 6 21
a 129 535 0 5 30
a 129 316 0 1 44
a 129 138 0 6 19
a 129 1103 0 5 24
a 129 1024 0 4 16
a 129 184 0 4 5
a 129 299 0 10 38
a 129 499 0 9 7
a 129 32 0 1 3
a 129 780 0 4 2
a 129 629 0 7 35
a 129 951 0 10 44
a 129 346 0 1 34
a 129 905 0 8 4
a 129 722 0 6 18
a 129 431 0 10 43
a 129 338 0 4 15
a 129 73 0 8 49
a 129 698 0 2 44
a 129 1122 0 7 49
a 129 921 0 5 23
a 129 78 0 7 38
a 129 752 0 7 27
a 153 1022 0 568 50
a 153 868 0 8 35
a 153 836 0 8 50
a 153 29 0 8 33
a 153 818 0 2 12
a 153 964 0 7 35
a 153 629 0 9 7
a 153 578 0 6 42
a 153 1184 0 1 50
a 153 713 0 5 45
a 153 780 0 2 28
a 153 235 0 10 29
a 153 817 0 7 13
a 153 662 0 6 33
a 153 792 0 1 14
a 153 847 0 4 36
a 156 95 0 568 36
a 156 1050 0 6 7
a 156 673 0 9 40
a 156 808 0 9 46
a 156 383 0 6 39
a 156 634 0 4 4
a 156 968 0 9 27
a 156 646 0 4 48
a 156 480 0 2 50
a 156 1112 0 3 32
a 156 53 0 5 20
a 156 947 0 4 10
a 156 512 0 10 26
a 156 724 0 1 31
a 156 1077 0 6 41
a 156 199 0 2 29
a 156 860 0 1 42
a 156 537 0 7 27
a 156 491 0 5 2
a 156 743 0 4 27
a 156 887 0 1 5
a 156 1143 0 7 9
a 156 79 0 2 16
a 156 1149 0 6 38
a 156 780 0 5 16
a 156 374 0 5 42
a 156 1163 0 5 1
a 156 354 0 9 24
a 156 296 0 9 34
a 156 554 0 8 22
a 177 664 0 568 50
a 177 970 0 9 48
a 177 1048 0 3 8
a 177 1180 0 6 18
a 181 796 0 568 45
a 181 411 0 1 21
a 181 412 0 10 2
a 181 30 0 4 9
a 181 678 0 9 11
a 181 214 0 4 19
a 181 133 0 5 5
a 181 1094 0 2 45
a 181 227 0 10 28
a 186 753 0 568 50
a 186 858 0 5 33
a 186 36 0 8 41
a 186 346 0 1 12
a 186 1113 0 8 4
a 186 677 0 6 21
a 186 579 0 5 19
a 186 945 0 4 36
a 186 1008 0 3 42
a 186 870 0 1 19
a 186 467 0 5 19
a 186 693 0 1 18
a 186 938 0 6 4
a 186 26 0 4 11
a 186 725 0 4 32
a 186 1051 0 9 48
a 186 747 0 6 6
a 186 141 0 4 4
a 186 304 0 8 49
a 186 809 0 2 38
a 186 315 0 3 35
a 186 342 0 4 9
a 186 446 0 6 33
a 186 1097 0 4 7
a 186 61 0 8 9
a 186 232 0 3 47
a 186 943 0 10 12
a 186 911 0 7 38
a 186 254 0 10 35
a 212 1121 0 568 50
a 212 1159 0 5 1
a 212 655 0 1 23
a 212 359 0 9 1
a 212 671 0 4 17
a 212 1107 0 3 32
a 212 900 0 8 11
a 212 766 0 9 1
a 212 810 0 9 23
a 212 442 0 7 40
a 212 818 0 5 50
a 212 414 0 2 44
a 212 867 0 10 7
a 216 779 0 568 50
a 216 892 0 10 19
a 216 1020 0 3 31
a 216 1173 0 5 18
a 216 729 0 6 1
a 216 997 0 2 10
a 216 367 0 9 35
a 216 911 0 3 14
a 216 289 0 5 7
a 216 921 0 1 1
a 216 1130 0 6 27
a 216 1078 0 2 39
a 216 655 0 5 45
a 216 795 0 10 39
a 216 349 0 5 6
a 216 583 0 9 31
a 216 435 0 1 6
a 216 1180 0 8 26
a 216 523 0 2 23
a 216 670 0 7 36
a 224 129 0 568 3
a 224 153 0 8 36
a 224 740 0 6 3
a 224 771 0 3 8
a 224 17 0 8 39
a 224 826 0 10 27
a 224 385 0 6 49
a 224 995 0 6 40
a 224 1197 0 8 23
a 224 355 0 7 11
a 224 617 0 10 21
a 224 774 0 4 15
a 224 242 0 10 30
a 224 315 0 6 44
a 224 90 0 5 48
a 230 965 0 568 50
a 230 445 0 2 18
a 230 1085 0 5 21
a 230 55 0 10 4
a 230 946 0 3 6
a 230 562 0 6 14
a 230 113 0 3 31
a 230 604 0 2 32
a 230 525 0 8 12
a 230 1059 0 9 11
a 230 940 0 3 4
a 230 631 0 7 14
a 230 930 0 8 29
a 230 614 0 6 3
a 240 380 0 568 50
a 240 534 0 10 44
a 240 556 0 2 6
a 240 513 0 4 34
a 240 1197 0 5 1
a 240 227 0 6 15
a 240 57 0 2 32
a 240 249 0 8 41
a 240 1001 0 4 35
a 240 1059 0 7 42
a 240 705 0 3 27
a 240 296 0 8 37
a 240 218 0 10 49
a 240 414 0 2 33
a 240 194 0 10 16
a 240 362 0 7 43
a 240 416 0 5 39
a 240 398 0 2 37
a 240 239 0 9 28
a 240 1019 0 8 31
a 240 966 0 7 16
a 240 1176 0 5 46
a 240 647 0 10 1
a 240 1062 0 2 18
a 240 907 0 8 13
a 240 1123 0 1 25
a 240 1160 0 2 24
a 240 744 0 9 48
a 240 302 0 6 19
a 240 506 0 3 9
a 265 891 0 568 50
a 265 208 0 2 38
a 265 361 0 2 10
a 265 1015 0 1 44
a 265 470 0 10 8
a 265 646 0 5 2
a 265 637 0 8 42
a 265 259 0 10 37
a 265 544 0 8 26
a 265 1187 0 5 20
a 265 805 0 3 48
a 265 227 0 5 15
a 265 218 0 6 10
a 265 647 0 9 13
a 265 300 0 2 21
a 265 302 0 10 35
a 265 1037 0 1 43
a 265 645 0 7 32
a 265 651 0 3 14
a 265 20 0 7 48
a 265 1048 0 9 49
a 265 828 0 10 25
a 265 1054 0 4 22
a 265 1139 0 10 29
a 327 1196 0 568 21
a 327 166 0 4 29
a 327 474 0 1 1
a 327 360 0 3 47
a 327 1079 0 2 22
a 327 736 0 7 36
a 327 1195 0 2 19
a 327 572 0 1 17
a 356 534 0 568 50
a 356 752 0 7 24
a 356 440 0 1 35
a 356 753 0 5 32
a 356 552 0 7 1
a 356 902 0 3 3
a 356 1024 0 10 46
a 356 565 0 2 5
a 356 1154 0 4 17
a 356 1103 0 6 24
a 356 960 0 5 8
a 356 195 0 4 39
a 356 559 0 3 18
a 356 905 0 10 46
a 356 41 0 2 46
a 356 665 0 2 36
a 356 623 0 5 40
a 356 1160 0 9 39
a 356 663 0 8 39
a 356 762 0 8 10
a 356 1159 0 8 13
a 356 1186 0 7 6
a 356 207 0 3 1
a 356 413 0 10 5
a 356 922 0 10 7
a 356 596 0 1 38
a 380 1003 0 568 46
a 380 937 0 2 6
a 380 526 0 10 15
a 380 165 0 2 4
a 380 493 0 4 25
a 380 115 0 2 36
a 380 537 0 9 17
a 380 1187 0 10 3
a 380 961 0 2 4
a 380 187 0 9 46
a 380 131 0 5 13
a 418 1036 0 568 4
a 418 1016 0 6 19
a 418 87 0 1 26
a 418 177 0 5 49
a 418 329 0 4 35
a 418 367 0 6 21
a 418 596 0 9 43
a 418 1142 0 6 3
a 418 1018 0 5 32
a 418 108 0 4 20
a 418 459 0 1 3
a 418 863 0 6 44
a 418 891 0 4 47
a 418 1128 0 6 25
a 418 1184 0 7 18
a 418 51 0 2 5
a 418 1085 0 10 49
a 418 353 0 3 5
a 418 273 0 8 18
a 418 289 0 5 16
a 418 717 0 2 45
a 418 374 0 4 3
a 418 634 0 5 47
a 418 823 0 6 19
a 418 1129 0 3 8
a 462 240 0 568 50
a 462 800 0 1 17
a 462 396 0 9 18
a 462 961 0 10 23
a 462 997 0 2 30
a 462 904 0 9 8
a 462 866 0 6 27
a 462 1094 0 2 2
a 462 942 0 4 20
a 462 845 0 3 7
a 462 1157 0 1 18
a 462 394 0 10 33
a 462 1023 0 8 37
a 462 382 0 4 39
a 462 884 0 8 28
a 462 1065 0 3 3
a 462 1007 0 8 36
a 462 145 0 10 37
a 462 613 0 5 3
a 462 1107 0 9 30
a 462 556 0 6 37
a 462 874 0 6 5
a 462 1012 0 8 35
a 462 165 0 4 46
a 462 372 0 6 40
a 480 707 0 568 47
a 480 404 0 10 37
a 480 846 0 8 37
a 480 701 0 1 20
a 508 156 0 568 28
a 508 720 0 1 26
a 508 36 0 7 19
a 508 934 0 4 11
a 508 1176 0 10 45
a 508 967 0 3 28
a 508 414 0 5 48
a 508 921 0 5 4
a 508 1156 0 7 26
a 508 1046 0 3 10
a 516 1133 0 568 50
a 516 823 0 9 27
a 516 778 0 3 34
a 516 988 0 4 14
a 516 455 0 9 9
a 516 738 0 5 37
a 516 709 0 8 6
a 516 596 0 9 42
a 516 1172 0 7 7
a 516 1144 0 7 15
a 516 326 0 6 37
a 516 621 0 6 42
a 516 1061 0 7 2
a 519 186 0 568 32
a 519 1165 0 5 16
a 519 1172 0 5 49
a 519 701 0 10 40
a 519 940 0 10 4
a 519 1069 0 1 50
a 519 42 0 10 29
a 534 327 0 568 48
a 534 424 0 4 10
a 534 119 0 5 46
a 534 710 0 9 45
a 534 298 0 5 37
a 534 763 0 6 26
a 534 981 0 7 16
a 534 1113 0 2 26
a 534 1153 0 7 31
a 546 855 0 568 50
a 546 1180 0 1 26
a 546 255 0 3 8
a 546 122 0 7 1
a 546 316 0 6 45
a 546 854 0 1 38
a 546 944 0 9 16
a 546 804 0 2 45
a 546 146 0 7 9
a 546 188 0 2 31
a 546 746 0 7 4
a 546 404 0 7 22
a 546 355 0 6 35
a 546 391 0 7 21
a 546 95 0 2 2
a 546 1160 0 1 25
a 546 888 0 5 3
a 546 1010 0 6 37
a 546 538 0 9 49
a 546 942 0 1 14
a 546 517 0 1 16
a 546 259 0 1 5
a 546 446 0 5 46
a 564 887 0 568 50
a 564 433 0 8 48
a 564 965 0 9 11
a 571 625 0 568 3
a 571 404 0 8 29
a 571 368 0 3 48
a 571 983 0 1 37
a 576 934 0 568 50
a 576 1134 0 2 41
a 576 723 0 4 10
a 576 489 0 9 20
a 592 212 0 568 8
a 592 1095 0 10 25
a 592 1014 0 3 32
a 592 345 0 8 27
a 592 134 0 7 47
a 592 790 0 9 2
a 592 268 0 9 16
a 592 964 0 6 41
a 592 632 0 10 2
a 592 740 0 9 17
a 592 411 0 6 25
a 592 1119 0 5 4
a 592 972 0 3 11
a 600 177 0 568 50
a 600 711 0 9 20
a 600 752 0 1 30
a 600 1191 0 5 43
a 600 330 0 2 5
a 600 927 0 6 38
a 600 630 0 8 36
a 600 1184 0 8 33
a 600 944 0 9 34
a 600 638 0 10 9
a 600 468 0 2 23
a 600 98 0 4 29
a 600 278 0 4 33
a 600 263 0 1 13
a 600 74 0 1 3
a 604 736 0 568 50
a 604 1197 0 568 50
a 604 626 0 7 10
a 604 140 0 6 41
a 604 552 0 2 42
a 604 191 0 3 28
a 604 783 0 6 45
a 604 613 0 7 46
a 604 765 0 10 5
a 604 1102 0 8 38
a 604 1070 0 6 15
a 604 300 0 7 15
a 604 1084 0 5 40
a 604 639 0 2 48
a 604 75 0 6 19
a 604 556 0 4 21
a 604 998 0 1 12
a 604 435 0 6 37
a 604 814 0 6 35
a 604 123 0 8 8
a 604 40 0 8 20
a 604 138 0 1 10
a 604 675 0 9 28
a 604 230 0 7 1
a 604 971 0 3 18
a 604 1112 0 9 12
a 604 535 0 5 30
a 604 804 0 8 3
a 604 557 0 5 17
a 604 1096 0 8 36
a 604 982 0 9 10
a 604 499 0 2 35
a 611 125 0 568 15
a 611 1038 0 10 12
a 611 584 0 4 28
a 611 71 0 10 13
a 611 1001 0 1 19
a 611 861 0 2 36
a 611 462 0 7 7
a 611 133 0 10 14
a 611 1164 0 3 17
a 611 879 0 2 14
a 611 955 0 8 6
a 611 932 0 8 23
a 611 297 0 5 9
a 611 887 0 3 21
a 611 523 0 2 48
a 611 531 0 8 8
a 611 412 0 6 11
a 611 817 0 10 23
a 611 388 0 9 13
a 611 592 0 7 7
a 611 246 0 8 22
a 611 714 0 6 2
a 611 455 0 3 48
a 611 490 0 7 22
a 611 1052 0 1 28
a 611 391 0 10 34
a 611 751 0 7 37
a 625 848 0 568 5
a 625 1082 0 9 25
a 625 397 0 2 20
a 625 948 0 10 49
a 625 349 0 3 21
a 625 628 0 10 30
a 625 65 0 4 5
a 625 1152 0 8 10
a 625 704 0 2 8
a 625 40 0 2 17
a 625 431 0 7 10
a 625 606 0 6 46
a 652 230 0 568 50
a 652 384 0 3 42
a 652 591 0 9 33
a 652 168 0 3 29
a 652 625 0 5 35
a 652 328 0 3 48
a 652 726 0 6 14
a 652 911 0 6 49
a 652 398 0 7 1
a 652 540 0 8 2
a 652 213 0 1 18
a 652 548 0 9 17
a 652 79 0 7 39
a 664 611 0 568 4
a 664 1122 0 6 9
a 664 169 0 8 18
a 664 150 0 1 28
a 664 337 0 8 41
a 664 269 0 7 20
a 664 364 0 6 46
a 664 391 0 10 45
a 664 256 0 9 24
a 664 199 0 7 12
a 664 745 0 5 30
a 664 643 0 6 7
a 664 695 0 6 48
a 664 498 0 4 34
a 664 443 0 4 4
a 664 477 0 2 9
a 664 234 0 6 5
a 664 666 0 6 13
a 664 1000 0 2 19
a 664 433 0 8 1
a 664 1053 0 8 15
a 676 652 0 568 50
a 676 132 0 10 37
a 676 668 0 5 25
a 676 858 0 8 14
a 676 227 0 9 46
a 676 232 0 1 44
a 676 671 0 5 19
a 676 1105 0 6 34
a 676 394 0 5 37
a 676 637 0 8 9
a 676 130 0 5 19
a 676 946 0 3 36
a 676 1049 0 1 11
a 676 1153 0 2 22
a 676 438 0 7 9
a 676 333 0 10 41
a 676 1064 0 3 44
a 707 1143 0 568 4
a 707 1036 0 2 22
a 707 1005 0 9 49
a 707 508 0 7 15
a 707 637 0 2 25
a 707 511 0 9 49
a 707 163 0 4 9
a 707 107 0 10 49
a 707 964 0 6 19
a 707 1012 0 4 24
a 707 820 0 10 11
a 707 136 0 3 13
a 707 1043 0 3 33
a 707 712 0 9 43
a 707 559 0 5 28
a 707 764 0 1 26
a 707 477 0 10 39
a 707 1017 0 8 3
a 730 153 0 568 50
a 730 844 0 6 14
a 730 222 0 9 22
a 730 658 0 6 18
a 730 1088 0 10 13
a 730 1181 0 2 26
a 730 516 0 7 22
a 730 453 0 7 45
a 730 571 0 5 7
a 730 195 0 3 6
a 730 48 0 1 42
a 730 88 0 4 23
a 730 264 0 1 49
a 730 96 0 9 48
a 730 457 0 8 38
a 730 936 0 9 23
a 730 815 0 5 6
a 730 1008 0 3 36
a 730 885 0 7 10
a 730 814 0 5 11
a 730 985 0 2 32
a 730 850 0 7 3
a 730 1195 0 8 30
a 730 726 0 8 31
a 730 66 0 3 32
a 730 561 0 3 1
a 730 684 0 4 33
a 730 1016 0 6 27
a 736 564 0 568 17
a 736 502 0 4 28
a 736 185 0 9 33
a 736 962 0 2 8
a 736 702 0 6 42
a 747 356 0 568 26
a 747 723 0 3 24
a 747 307 0 4 34
a 747 1049 0 5 4
a 747 1188 0 2 36
a 747 870 0 7 19
a 747 702 0 4 11
a 747 481 0 7 12
a 753 676 0 568 50
a 753 40 0 2 21
a 753 1187 0 6 2
a 753 219 0 7 44
a 753 780 0 5 48
a 779 780 0 568 50
a 779 20 0 9 19
a 779 691 0 9 29
a 779 860 0 3 4
a 779 426 0 7 20
a 779 1158 0 6 1
a 779 43 0 2 4
a 779 852 0 1 39
a 779 223 0 5 46
a 779 519 0 2 15
a 779 142 0 1 24
a 779 193 0 5 20
a 779 1020 0 5 10
a 779 1173 0 3 32
a 780 480 0 568 9
a 780 876 0 7 25
a 780 951 0 3 27
a 780 565 0 8 8
a 780 762 0 4 26
a 780 952 0 3 44
a 780 735 0 5 3
a 780 407 0 1 14
a 780 933 0 3 15
a 780 1183 0 10 3
a 780 709 0 4 27
a 780 1121 0 8 21
a 780 117 0 5 30
a 780 1144 0 5 33
a 780 686 0 10 39
a 780 156 0 5 47
a 780 1123 0 6 19
a 780 872 0 2 17
a 780 712 0 3 49
a 780 115 0 8 33
a 780 177 0 10 43
a 780 1096 0 7 16
a 780 959 0 3 22
a 780 804 0 2 14
a 780 773 0 10 37
a 780 67 0 5 36
a 780 687 0 10 2
a 796 102 0 568 43
a 796 607 0 7 39
a 796 616 0 6 11
a 796 808 0 8 22
a 796 559 0 3 38
a 813 19 0 568 50
a 813 782 0 1 24
a 813 1156 0 5 30
a 813 234 0 3 20
a 813 25 0 8 46
a 813 431 0 5 43
a 813 645 0 2 42
a 813 365 0 3 50
a 813 143 0 7 31
a 813 449 0 9 14
a 813 268 0 3 39
a 813 982 0 3 38
a 813 272 0 10 50
a 813 119 0 1 38
a 813 817 0 10 10
a 813 499 0 10 16
a 813 995 0 2 35
a 813 222 0 2 23
a 813 852 0 3 25
a 813 695 0 10 34
a 813 463 0 5 43
a 813 337 0 6 13
a 813 748 0 3 3
a 813 1067 0 3 20
a 824 1078 0 568 22
a 824 31 0 6 32
a 824 445 0 3 47
a 824 308 0 5 25
a 824 394 0 2 9
a 824 877 0 9 21
a 824 1063 0 6 8
a 824 347 0 6 24
a 824 835 0 6 3
a 824 607 0 10 32
a 824 349 0 2 18
a 824 594 0 5 44
a 824 435 0 8 7
a 848 519 0 568 50
a 848 1094 0 1 4
a 848 123 0 2 2
a 848 393 0 1 15
a 848 264 0 4 17
a 848 528 0 5 13
a 848 778 0 1 23
a 848 545 0 4 24
a 855 44 0 568 31
a 855 1095 0 6 18
a 855 1104 0 1 15
a 855 464 0 4 3
a 855 91 0 5 17
a 855 825 0 9 47
a 878 216 0 568 50
a 878 997 0 5 26
a 878 70 0 9 39
a 878 756 0 2 7
a 878 634 0 1 24
a 878 810 0 6 13
a 878 764 0 4 19
a 878 543 0 1 48
a 878 628 0 8 46
a 878 794 0 4 22
a 878 980 0 4 2
a 878 238 0 2 46
a 878 1016 0 9 32
a 878 364 0 5 34
a 878 18 0 10 31
a 878 942 0 5 13
a 878 814 0 5 37
a 878 280 0 9 7
a 878 217 0 2 6
a 878 784 0 7 39
a 878 331 0 7 32
a 878 86 0 10 25
a 878 644 0 3 11
a 878 277 0 8 35
a 878 971 0 8 15
a 878 715 0 4 22
a 878 202 0 4 13
a 878 880 0 2 41
a 887 105 0 568 28
a 887 679 0 9 32
a 891 730 0 568 50
a 891 161 0 5 38
a 891 128 0 2 38
a 891 719 0 8 28
a 891 993 0 2 9
a 891 396 0 8 37
a 891 707 0 9 6
a 891 187 0 1 11
a 891 117 0 6 40
a 934 181 0 568 49
a 934 321 0 6 27
a 934 644 0 5 25
a 934 430 0 1 34
a 934 1093 0 9 40
a 936 546 0 568 50
a 936 513 0 7 30
a 936 868 0 3 34
a 936 101 0 3 43
a 936 337 0 2 10
a 936 804 0 1 47
a 936 299 0 2 2
a 936 1027 0 5 27
a 936 171 0 8 11
a 936 1120 0 9 16
a 936 812 0 7 43
a 936 177 0 3 45
a 937 265 0 568 6
a 937 394 0 1 15
a 937 484 0 10 8
a 937 1056 0 5 30
a 937 1197 0 7 35
a 937 458 0 5 37
a 937 26 0 8 22
a 937 315 0 9 20
a 937 1107 0 9 10
a 937 933 0 8 47
a 937 417 0 1 50
a 937 166 0 10 25
a 937 1069 0 9 45
a 937 76 0 2 2
a 937 379 0 7 17
a 937 187 0 6 17
a 937 585 0 1 45
a 937 184 0 6 1
a 937 285 0 10 28
a 937 589 0 3 21
a 937 324 0 2 33
a 937 481 0 6 26
a 937 635 0 6 48
a 937 133 0 1 27
a 937 821 0 10 6
a 937 749 0 6 41
a 937 1144 0 10 26
a 937 623 0 6 38
a 937 1112 0 10 5
a 937 47 0 2 7
a 965 824 0 568 50
a 965 916 0 9 30
a 965 731 0 9 34
a 965 383 0 2 26
a 965 526 0 9 42
a 965 1186 0 3 8
a 965 1027 0 7 24
a 965 37 0 2 17
a 980 1039 0 568 50
a 980 321 0 9 5
a 980 517 0 3 45
a 980 523 0 2 4
a 980 396 0 2 12
a 980 25 0 4 50
a 980 26 0 1 9
a 997 571 0 568 50
a 997 1006 0 2 19
a 997 372 0 7 6
a 997 1037 0 6 4
a 997 449 0 8 39
a 997 851 0 1 1
a 997 624 0 1 35
a 997 809 0 7 9
a 997 1145 0 7 5
a 997 955 0 8 35
a 997 65 0 9 41
a 997 672 0 1 45
a 997 435 0 2 5
a 998 997 0 568 50
a 998 150 0 6 18
a 998 158 0 8 15
a 998 817 0 7 22
a 998 1139 0 3 22
a 998 711 0 5 23
a 998 135 0 3 18
a 998 1070 0 6 44
a 998 504 0 7 6
a 1003 224 0 568 3
a 1003 1183 0 3 20
a 1003 1107 0 2 43
a 1003 1091 0 5 14
a 1003 471 0 4 8
a 1003 390 0 3 28
a 1003 723 0 8 47
a 1003 770 0 3 20
a 1003 188 0 6 5
a 1003 314 0 4 30
a 1003 868 0 8 48
a 1003 374 0 9 44
a 1003 308 0 6 1
a 1003 927 0 4 31
a 1003 756 0 9 11
a 1008 1033 0 568 50
a 1008 664 0 3 20
a 1008 384 0 8 47
a 1008 648 0 9 11
a 1008 1147 0 6 10
a 1008 654 0 8 43
a 1008 706 0 4 13
a 1008 976 0 9 25
a 1008 26 0 1 32
a 1008 399 0 5 3
a 1008 977 0 6 36
a 1008 1007 0 5 47
a 1008 773 0 10 42
a 1008 1128 0 5 33
a 1008 387 0 3 29
a 1008 927 0 3 28
a 1008 202 0 3 26
a 1008 383 0 4 16
a 1008 108 0 9 50
a 1008 83 0 2 41
a 1008 17 0 9 24
a 1008 272 0 4 44
a 1008 511 0 7 8
a 1008 281 0 10 40
a 1008 539 0 10 13
a 1008 741 0 5 41
a 1008 1160 0 7 23
a 1022 592 0 568 24
a 1022 438 0 8 31
a 1022 28 0 8 46
a 1022 402 0 7 25
a 1022 156 0 1 21
a 1022 224 0 6 40
a 1022 841 0 9 44
a 1022 405 0 5 14
a 1022 192 0 1 34
a 1022 102 0 9 47
a 1022 597 0 2 46
a 1022 579 0 9 21
a 1022 436 0 5 28
a 1022 830 0 9 35
a 1022 468 0 9 15
a 1022 578 0 1 11
a 1022 408 0 4 20
a 1022 999 0 1 25
a 1022 229 0 5 11
a 1033 747 0 568 4
a 1033 863 0 10 45
a 1033 1145 0 4 2
a 1033 686 0 1 27
a 1033 90 0 10 48
a 1036 97 0 568 50
a 1036 745 0 7 44
a 1036 162 0 3 42
a 1036 146 0 4 44
a 1036 69 0 9 24
a 1036 246 0 6 18
a 1036 601 0 3 3
a 1036 950 0 2 1
a 1036 787 0 6 15
a 1036 486 0 8 33
a 1036 1154 0 5 37
a 1036 478 0 1 34
a 1036 265 0 4 29
a 1036 782 0 5 26
a 1036 1104 0 2 22
a 1036 646 0 8 44
a 1036 799 0 1 9
a 1036 1001 0 8 49
a 1036 721 0 10 14
a 1036 196 0 9 1
a 1036 747 0 3 20
a 1036 725 0 9 8
a 1036 883 0 7 15
a 1036 127 0 3 37
a 1039 1008 0 568 50
a 1039 80 0 3 29
a 1039 1154 0 8 28
a 1039 393 0 3 49
a 1039 267 0 5 22
a 1039 507 0 6 19
a 1039 173 0 9 26
a 1039 135 0 6 38
a 1039 1036 0 6 36
a 1039 153 0 7 13
a 1039 725 0 9 28
a 1039 148 0 10 27
a 1039 189 0 7 13
a 1039 323 0 7 39
a 1039 176 0 3 9
a 1039 310 0 5 21
a 1039 387 0 1 48
a 1039 503 0 2 25
a 1039 237 0 2 11
a 1039 438 0 9 29
a 1039 221 0 10 14
a 1039 1134 0 6 13
a 1039 854 0 1 6
a 1078 418 0 568 50
a 1078 149 0 7 12
a 1081 980 0 568 50
a 1081 58 0 3 49
a 1081 1052 0 1 31
a 1081 601 0 8 46
a 1081 1086 0 5 48
a 1081 986 0 1 45
a 1081 436 0 3 5
a 1081 301 0 5 15
a 1081 1184 0 5 2
a 1081 1143 0 4 26
a 1081 845 0 4 5
a 1081 37 0 9 25
a 1081 640 0 4 25
a 1081 892 0 2 24
a 1081 112 0 10 8
a 1081 620 0 7 7
a 1081 346 0 9 9
a 1081 322 0 3 4
a 1081 673 0 8 29
a 1081 642 0 10 29
a 1081 463 0 7 43
a 1081 342 0 7 24
a 1081 977 0 10 28
a 1081 833 0 3 35
a 1081 1114 0 7 34
a 1081 461 0 2 17
a 1081 772 0 10 8
a 1081 766 0 2 13
a 1081 648 0 10 1
a 1081 1101 0 5 15
a 1081 402 0 4 31
a 1112 516 0 568 34
a 1112 1022 0 4 35
a 1112 1099 0 6 43
a 1112 1000 0 4 24
a 1112 463 0 3 36
a 1112 534 0 3 33
a 1112 841 0 7 11
a 1112 309 0 7 30
a 1112 1181 0 9 23
a 1112 366 0 9 31
a 1121 1081 0 568 50
a 1121 315 0 4 15
a 1121 120 0 8 12
a 1121 747 0 3 44
a 1121 498 0 4 21
a 1121 101 0 3 4
a 1121 159 0 9 50
a 1121 774 0 10 39
a 1121 287 0 9 7
a 1121 601 0 5 32
a 1121 248 0 10 47
a 1121 178 0 2 23
a 1121 17 0 4 18
a 1121 490 0 4 25
a 1121 1176 0 10 1
a 1121 155 0 10 30
a 1121 292 0 8 3
a 1121 47 0 9 17
a 1121 414 0 10 14
a 1121 1134 0 2 31
a 1121 633 0 7 41
a 1121 343 0 4 24
a 1121 1020 0 3 11
a 1121 1149 0 9 43
a 1121 1164 0 2 32
a 1121 871 0 7 32
a 1121 1076 0 9 2
a 1133 604 0 568 50
a 1133 883 0 6 29
a 1133 382 0 6 30
a 1133 119 0 6 28
a 1133 233 0 8 27
a 1133 909 0 5 32
a 1133 45 0 4 42
a 1133 399 0 3 14
a 1133 167 0 5 46
a 1133 561 0 10 41
a 1133 1008 0 8 21
a 1133 714 0 10 22
a 1133 1154 0 7 1
a 1143 600 0 568 50
a 1143 1142 0 8 28
a 1143 1165 0 7 39
a 1143 800 0 9 1
a 1143 556 0 5 31
a 1143 1013 0 10 36
a 1143 323 0 8 44
a 1143 222 0 1 24
a 1143 668 0 2 26
a 1143 76 0 1 13
a 1143 728 0 5 30
a 1143 1066 0 4 40
a 1143 455 0 4 15
a 1143 648 0 3 27
a 1143 1199 0 10 1
a 1143 248 0 9 49
a 1143 937 0 1 8
a 1143 538 0 8 21
a 1143 632 0 5 24
a 1143 1044 0 7 35
a 1143 864 0 8 33
a 1143 465 0 2 50
a 1143 23 0 2 42
a 1143 1132 0 2 32
a 1143 230 0 6 37
a 1143 1038 0 5 37
a 1143 1012 0 2 25
a 1143 561 0 2 40
a 1143 689 0 3 14
a 15 221 0 404 50
a 15 1005 0 5 50
a 15 670 0 3 1
a 15 154 0 6 22
a 53 464 0 404 42
a 53 367 0 5 42
a 53 867 0 1 48
a 53 577 0 3 23
a 53 427 0 8 25
a 53 495 0 10 35
a 53 1176 0 9 46
a 53 506 0 8 15
a 53 875 0 6 38
a 53 894 0 6 41
a 53 54 0 10 21
a 53 335 0 1 2
a 60 227 0 404 50
a 60 593 0 9 8
a 60 139 0 5 2
a 60 988 0 2 38
a 60 86 0 8 31
a 60 484 0 10 40
a 60 450 0 3 50
a 60 843 0 4 1
a 61 243 0 404 24
a 61 493 0 6 1
a 61 542 0 7 9
a 61 1013 0 5 21
a 61 835 0 2 42
a 61 145 0 3 32
a 61 365 0 4 13
a 61 654 0 1 41
a 61 792 0 8 33
a 61 978 0 5 4
a 61 620 0 8 49
a 61 560 0 6 2
a 61 739 0 4 27
a 61 1094 0 10 34
a 61 1066 0 9 35
a 61 876 0 3 30
a 61 1058 0 3 13
a 61 576 0 5 12
a 61 1198 0 2 6
a 61 878 0 9 11
a 61 709 0 3 42
a 61 833 0 4 34
a 61 908 0 5 8
a 61 483 0 4 9
a 61 535 0 10 49
a 61 307 0 7 20
a 90 61 0 404 50
a 90 529 0 10 23
a 90 557 0 10 45
a 90 377 0 3 36
a 130 158 0 404 50
a 130 1005 0 5 23
a 130 21 0 10 33
a 130 885 0 2 48
a 130 855 0 5 37
a 130 882 0 10 35
a 130 547 0 3 7
a 130 451 0 9 50
a 130 509 0 8 20
a 130 1126 0 10 36
a 130 71 0 10 34
a 130 533 0 2 45
a 130 419 0 4 22
a 130 68 0 5 22
a 130 346 0 5 24
a 154 1125 0 404 49
a 154 1127 0 10 33
a 154 853 0 10 41
a 154 427 0 1 42
a 154 56 0 7 25
a 154 95 0 10 42
a 154 1105 0 7 24
a 154 199 0 4 16
a 154 614 0 4 20
a 158 314 0 404 34
a 158 1103 0 5 40
a 158 651 0 10 29
a 160 723 0 404 50
a 160 185 0 7 17
a 160 1089 0 8 13
a 160 739 0 6 44
a 160 649 0 5 25
a 160 1068 0 4 14
a 160 182 0 2 12
a 160 398 0 6 42
a 160 320 0 7 40
a 160 329 0 10 12
a 161 466 0 404 30
a 161 973 0 4 18
a 161 140 0 9 45
a 161 588 0 2 4
a 161 671 0 8 46
a 161 355 0 5 37
a 161 158 0 7 14
a 161 663 0 4 39
a 161 359 0 4 26
a 161 413 0 7 12
a 161 399 0 4 9
a 161 817 0 9 33
a 161 149 0 4 42
a 161 1032 0 6 16
a 161 247 0 6 42
a 161 995 0 2 41
a 161 281 0 2 26
a 161 418 0 3 7
a 161 101 0 6 24
a 161 18 0 10 14
a 161 900 0 2 9
a 161 895 0 2 23
a 161 595 0 7 17
a 161 202 0 4 43
a 161 1167 0 2 49
a 161 313 0 10 38
a 161 46 0 3 26
a 161 1006 0 6 34
a 201 874 0 404 50
a 201 388 0 8 10
a 201 943 0 4 6
a 201 1118 0 6 24
a 201 935 0 8 11
a 201 64 0 3 41
a 201 921 0 8 23
a 201 446 0 9 33
a 201 603 0 4 35
a 201 1170 0 1 19
a 201 371 0 10 16
a 201 456 0 7 33
a 201 889 0 2 47
a 201 508 0 1 48
a 201 591 0 9 38
a 201 1094 0 5 47
a 201 77 0 8 15
a 201 616 0 7 11
a 201 1041 0 5 7
a 201 1131 0 2 13
a 201 631 0 10 45
a 201 149 0 5 42
a 201 174 0 8 49
a 201 999 0 9 47
a 201 1120 0 9 18
a 201 717 0 5 3
a 201 587 0 7 10
a 201 299 0 5 7
a 218 1142 0 404 30
a 218 441 0 6 31
a 218 1057 0 5 35
a 218 984 0 5 39
a 218 524 0 2 33
a 218 950 0 10 5
a 218 682 0 7 13
a 218 897 0 8 42
a 218 966 0 2 15
a 218 973 0 7 39
a 218 1026 0 7 22
a 218 610 0 1 30
a 218 942 0 9 20
a 218 41 0 8 40
a 218 904 0 9 28
a 218 492 0 7 49
a 218 1164 0 3 39
a 218 515 0 2 3
a 218 1092 0 3 9
a 218 775 0 8 2
a 218 1168 0 2 8
a 218 882 0 10 25
a 218 1095 0 4 6
a 218 56 0 2 48
a 218 407 0 2 45
a 218 1155 0 5 30
a 218 647 0 8 11
a 218 921 0 4 17
a 218 754 0 8 6
a 218 189 0 6 31
a 218 297 0 1 49
a 221 201 0 404 11
a 221 650 0 8 35
a 221 696 0 3 8
a 221 1038 0 1 40
a 221 656 0 9 34
a 221 1131 0 9 17
a 221 967 0 9 30
a 221 533 0 10 26
a 221 732 0 6 16
a 221 75 0 7 41
a 221 144 0 2 17
a 221 477 0 7 28
a 221 735 0 10 23
a 221 1072 0 10 48
a 221 587 0 9 25
a 221 764 0 3 42
a 221 600 0 1 8
a 221 521 0 9 27
a 221 68 0 4 40
a 221 1182 0 10 28
a 222 456 0 404 50
a 222 634 0 6 26
a 222 1033 0 2 15
a 222 1032 0 6 33
a 222 671 0 10 5
a 222 132 0 10 12
a 222 367 0 3 2
a 222 901 0 4 10
a 222 955 0 7 36
a 222 599 0 4 46
a 222 729 0 6 41
a 222 432 0 4 38
a 227 756 0 404 41
a 227 425 0 1 49
a 227 275 0 4 44
a 227 840 0 8 26
a 227 816 0 2 33
a 227 113 0 5 7
a 227 1089 0 9 4
a 227 590 0 2 39
a 227 678 0 10 15
a 227 48 0 10 17
a 227 736 0 1 16
a 227 762 0 1 42
a 227 920 0 4 18
a 227 835 0 4 40
a 227 1067 0 10 22
a 227 377 0 7 1
a 227 128 0 6 12
a 227 876 0 1 19
a 227 1082 0 10 13
a 227 522 0 5 11
a 227 1165 0 1 27
a 227 301 0 7 26
a 227 426 0 8 27
a 227 754 0 7 13
a 227 832 0 3 50
a 227 504 0 3 38
a 235 579 0 404 4
a 235 197 0 1 29
a 235 506 0 1 44
a 235 585 0 9 22
a 235 219 0 9 16
a 235 293 0 4 33
a 235 638 0 8 29
a 235 301 0 1 44
a 235 1066 0 9 9
a 235 455 0 8 45
a 235 978 0 4 19
a 235 678 0 4 36
a 235 1008 0 6 37
a 235 368 0 7 4
a 235 19 0 6 38
a 235 860 0 1 19
a 235 973 0 7 36
a 235 1194 0 8 9
a 235 858 0 8 13
a 235 1189 0 1 6
a 243 837 0 404 25
a 243 642 0 1 17
a 246 1199 0 404 50
a 246 484 0 404 4
a 246 570 0 9 27
a 246 1120 0 5 48
a 246 1000 0 5 22
a 246 368 0 7 29
a 246 267 0 7 15
a 246 1009 0 1 42
a 246 598 0 6 35
a 246 930 0 6 29
a 246 1022 0 6 3
a 246 879 0 2 31
a 246 1035 0 9 39
a 246 585 0 9 48
a 246 573 0 6 44
a 263 515 0 404 50
a 263 730 0 6 12
a 263 384 0 7 9
a 263 407 0 5 24
a 263 1063 0 8 42
a 263 535 0 10 46
a 263 1042 0 8 32
a 263 479 0 3 34
a 263 35 0 7 26
a 273 439 0 404 50
a 273 979 0 4 13
a 273 774 0 3 42
a 273 1014 0 10 40
a 273 333 0 3 22
a 273 453 0 3 42
a 273 141 0 3 10
a 273 885 0 2 17
a 273 711 0 7 49
a 273 23 0 6 44
a 273 825 0 10 24
a 273 157 0 7 28
a 273 89 0 9 31
a 273 1036 0 7 9
a 273 820 0 5 8
a 275 53 0 404 12
a 275 1166 0 6 39
a 275 1189 0 8 26
a 275 894 0 6 46
a 275 323 0 4 20
a 275 810 0 8 50
a 275 1144 0 1 8
a 275 422 0 6 8
a 275 331 0 3 47
a 275 473 0 1 30
a 275 975 0 3 3
a 275 932 0 7 26
a 275 446 0 5 50
a 275 623 0 3 6
a 275 445 0 8 24
a 275 292 0 9 20
a 275 624 0 7 21
a 275 488 0 4 44
a 275 607 0 4 28
a 275 654 0 8 36
a 275 606 0 3 48
a 275 332 0 9 24
a 291 1189 0 404 46
a 291 130 0 404 16
a 291 1025 0 2 39
a 291 28 0 3 38
a 291 162 0 3 43
a 291 27 0 8 7
a 291 323 0 6 14
a 291 55 0 6 28
a 291 846 0 3 23
a 291 600 0 7 27
a 291 571 0 2 10
a 291 91 0 4 47
a 291 1022 0 6 25
a 291 156 0 7 43
a 291 340 0 6 4
a 291 98 0 9 20
a 291 1102 0 6 10
a 291 459 0 1 12
a 291 322 0 4 19
a 291 1033 0 3 42
a 291 1028 0 3 38
a 291 1053 0 10 35
a 291 274 0 3 9
a 291 588 0 2 22
a 291 950 0 1 48
a 291 334 0 6 5
a 291 696 0 7 20
a 291 397 0 4 15
a 291 961 0 6 32
a 291 1076 0 3 47
a 291 713 0 8 45
a 314 60 0 404 50
a 314 619 0 6 16
a 314 1115 0 7 9
a 324 222 0 404 7
a 324 986 0 10 42
a 324 670 0 4 5
a 384 430 0 404 50
a 384 843 0 8 1
a 384 149 0 5 26
a 384 426 0 8 35
a 384 1049 0 9 36
a 384 521 0 2 4
a 384 707 0 8 36
a 384 89 0 3 26
a 384 684 0 7 17
a 384 655 0 5 12
a 384 628 0 4 27
a 384 907 0 7 10
a 384 1099 0 9 40
a 384 509 0 9 38
a 384 1084 0 6 7
a 384 1048 0 10 36
a 384 769 0 4 48
a 384 1063 0 8 49
a 384 366 0 3 8
a 384 1088 0 10 22
a 384 1011 0 5 15
a 384 311 0 1 33
a 384 884 0 9 23
a 384 169 0 2 11
a 384 272 0 3 13
a 384 1185 0 3 1
a 384 525 0 7 49
a 384 885 0 10 3
a 384 955 0 9 33
a 384 1133 0 10 38
a 384 472 0 1 1
a 384 688 0 2 20
a 417 913 0 404 45
a 417 482 0 4 36
a 417 997 0 6 26
a 417 645 0 10 47
a 417 1050 0 2 37
a 417 961 0 7 42
a 417 1196 0 8 1
a 417 446 0 4 16
a 417 327 0 7 41
a 417 153 0 8 39
a 417 976 0 10 16
a 417 591 0 5 48
a 417 33 0 2 35
a 417 987 0 3 4
a 417 909 0 6 36
a 417 936 0 8 41
a 417 503 0 6 7
a 417 24 0 6 39
a 417 210 0 5 41
a 417 673 0 1 34
a 417 258 0 5 9
a 417 1058 0 1 8
a 417 1194 0 5 7
a 417 1065 0 6 14
a 417 638 0 6 29
a 417 378 0 5 43
a 417 943 0 6 9
a 417 30 0 9 22
a 417 681 0 2 17
a 417 112 0 2 42
a 430 154 0 404 50
a 430 181 0 4 47
a 439 263 0 404 50
a 439 412 0 7 33
a 439 549 0 9 13
a 439 888 0 5 36
a 439 827 0 2 2
a 439 1081 0 9 8
a 439 531 0 2 15
a 439 50 0 1 33
a 439 838 0 8 39
a 439 639 0 1 12
a 456 573 0 404 50
a 456 862 0 4 43
a 456 122 0 6 16
a 456 834 0 5 7
a 456 702 0 4 10
a 456 414 0 7 44
a 456 325 0 9 42
a 456 1103 0 2 36
a 456 248 0 6 29
a 456 208 0 7 13
a 456 1028 0 5 7
a 456 245 0 8 31
a 456 1005 0 1 1
a 456 1007 0 10 15
a 456 640 0 4 26
a 456 858 0 4 14
a 456 783 0 5 44
a 456 806 0 7 43
a 456 630 0 10 40
a 456 480 0 1 28
a 456 359 0 9 17
a 456 510 0 2 49
a 456 202 0 6 47
a 456 87 0 6 38
a 456 772 0 7 16
a 456 302 0 8 34
a 464 161 0 404 50
a 464 271 0 4 2
a 464 989 0 7 41
a 464 327 0 3 34
a 464 1185 0 7 11
a 464 752 0 3 20
a 464 964 0 10 24
a 464 105 0 5 19
a 464 65 0 8 4
a 464 474 0 7 7
a 464 579 0 5 25
a 464 68 0 5 35
a 464 559 0 2 28
a 464 903 0 7 34
a 464 957 0 7 5
a 464 450 0 3 49
a 464 675 0 7 48
a 464 956 0 5 5
a 464 1036 0 6 30
a 464 448 0 10 28
a 464 1095 0 2 26
a 466 897 0 404 50
a 466 993 0 10 34
a 466 1049 0 5 15
a 466 506 0 1 6
a 466 182 0 9 50
a 466 334 0 9 9
a 466 794 0 5 6
a 466 780 0 9 22
a 466 168 0 8 20
a 466 314 0 4 21
a 466 492 0 10 40
a 466 321 0 3 17
a 466 606 0 6 49
a 466 943 0 1 23
a 484 1001 0 404 44
a 484 800 0 4 23
a 484 812 0 2 27
a 484 541 0 8 26
a 484 43 0 1 24
a 484 591 0 6 49
a 484 813 0 3 30
a 484 670 0 3 13
a 484 814 0 10 46
a 484 300 0 8 35
a 484 344 0 7 23
a 484 868 0 3 8
a 484 439 0 9 34
a 484 99 0 1 25
a 484 1165 0 2 21
a 484 410 0 4 47
a 484 750 0 9 47
a 484 929 0 3 9
a 484 1012 0 4 37
a 484 185 0 10 26
a 484 253 0 3 33
a 484 34 0 8 3
a 484 1039 0 4 13
a 510 768 0 404 37
a 510 330 0 8 30
a 510 934 0 2 21
a 510 534 0 9 6
a 510 800 0 5 34
a 510 732 0 1 15
a 510 729 0 5 18
a 510 770 0 2 27
a 510 935 0 9 27
a 510 1002 0 8 14
a 510 793 0 7 30
a 510 685 0 8 18
a 510 518 0 10 41
a 510 17 0 6 27
a 510 516 0 6 8
a 510 444 0 2 38
a 510 748 0 6 29
a 510 1134 0 1 34
a 510 801 0 9 47
a 510 1024 0 8 41
a 510 646 0 1 19
a 510 619 0 5 33
a 510 623 0 1 10
a 515 605 0 404 50
a 515 974 0 3 34
a 515 1033 0 4 8
a 515 908 0 4 25
a 515 907 0 4 10
a 515 835 0 2 21
a 515 257 0 7 21
a 515 1079 0 3 12
a 515 1083 0 5 36
a 515 477 0 1 27
a 515 541 0 2 24
a 515 124 0 2 19
a 515 1127 0 5 1
a 515 1004 0 10 42
a 515 433 0 5 4
a 515 725 0 8 8
a 515 902 0 3 10
a 515 1195 0 3 6
a 515 121 0 8 50
a 515 244 0 6 35
a 515 491 0 7 28
a 515 364 0 3 32
a 515 738 0 10 17
a 515 1094 0 8 17
a 515 866 0 10 19
a 515 104 0 1 50
a 549 984 0 404 27
a 549 112 0 3 12
a 549 644 0 2 31
a 549 716 0 9 47
a 549 1101 0 7 3
a 549 589 0 2 16
a 549 713 0 8 16
a 549 305 0 9 41
a 549 839 0 7 43
a 549 961 0 6 36
a 549 476 0 4 48
a 549 615 0 5 49
a 549 738 0 4 35
a 549 157 0 7 5
a 549 659 0 8 41
a 549 128 0 3 32
a 549 144 0 3 44
a 549 84 0 2 41
a 549 828 0 7 14
a 549 731 0 10 48
a 549 808 0 4 41
a 549 453 0 10 1
a 549 818 0 1 23
a 549 639 0 9 46
a 549 1008 0 4 44
a 549 480 0 2 3
a 550 160 0 404 50
a 550 733 0 8 44
a 550 1099 0 1 7
a 550 110 0 4 25
a 573 928 0 404 29
a 573 414 0 8 43
a 573 1071 0 8 8
a 573 1106 0 2 42
a 573 502 0 8 48
a 573 39 0 9 49
a 573 181 0 2 22
a 573 1075 0 5 9
a 573 386 0 1 6
a 573 946 0 2 8
a 573 905 0 4 10
a 573 829 0 5 37
a 573 865 0 2 25
a 573 768 0 1 44
a 573 1025 0 10 33
a 573 583 0 3 8
a 573 861 0 5 10
a 573 788 0 3 42
a 573 622 0 4 35
a 579 90 0 404 50
a 579 66 0 9 18
a 579 475 0 8 4
a 579 141 0 9 39
a 579 700 0 3 28
a 579 793 0 5 2
a 579 317 0 8 40
a 579 1033 0 4 12
a 579 379 0 2 6
a 579 827 0 7 43
a 579 207 0 7 48
a 579 1043 0 6 1
a 579 1130 0 2 38
a 579 338 0 2 12
a 579 432 0 5 28
a 579 925 0 3 32
a 579 18 0 8 29
a 579 948 0 9 32
a 605 324 0 404 28
a 605 329 0 10 33
a 605 1004 0 9 31
a 605 1047 0 9 26
a 605 800 0 4 49
a 605 79 0 3 16
a 605 538 0 5 50
a 605 207 0 5 12
a 605 1133 0 5 8
a 605 423 0 5 41
a 605 380 0 8 37
a 605 255 0 6 49
a 605 323 0 5 6
a 605 998 0 7 38
a 605 261 0 4 39
a 605 1149 0 3 33
a 605 407 0 2 38
a 605 1023 0 6 29
a 605 950 0 9 28
a 605 464 0 7 27
a 605 140 0 6 47
a 605 1199 0 5 21
a 605 942 0 4 37
a 605 829 0 6 1
a 605 128 0 10 32
a 605 922 0 3 11
a 605 1089 0 5 9
a 605 525 0 2 16
a 605 258 0 1 6
a 605 544 0 3 35
a 605 858 0 4 5
a 632 741 0 404 50
a 632 935 0 6 22
a 632 945 0 6 18
a 632 200 0 7 8
a 632 421 0 5 45
a 632 1198 0 10 18
a 632 819 0 9 16
a 632 885 0 4 34
a 632 746 0 7 36
a 632 900 0 6 5
a 632 1095 0 9 2
a 632 174 0 10 16
a 632 905 0 7 18
a 632 522 0 9 15
a 632 999 0 9 5
a 632 1066 0 1 43
a 632 864 0 7 16
a 632 944 0 7 17
a 632 1133 0 8 14
a 632 557 0 1 7
a 632 954 0 10 33
a 632 502 0 1 4
a 632 696 0 1 26
a 632 1087 0 9 27
a 632 1154 0 7 45
a 632 907 0 8 13
a 632 553 0 6 33
a 681 1070 0 404 36
a 681 168 0 3 15
a 681 978 0 8 11
a 681 805 0 3 15
a 681 1160 0 2 15
a 681 480 0 4 18
a 681 252 0 3 41
a 681 774 0 7 50
a 681 208 0 10 27
a 681 859 0 1 45
a 681 897 0 9 10
a 681 717 0 3 39
a 681 889 0 1 20
a 681 703 0 5 34
a 681 893 0 10 23
a 681 474 0 5 12
a 681 506 0 5 15
a 681 998 0 2 28
a 681 991 0 4 45
a 681 799 0 10 3
a 681 705 0 7 47
a 681 237 0 5 36
a 681 625 0 2 15
a 681 138 0 3 21
a 681 1009 0 7 40
a 681 580 0 2 17
a 681 1081 0 8 41
a 689 787 0 404 50
a 689 1005 0 4 44
a 689 1038 0 7 41
a 689 1093 0 3 16
a 689 1047 0 5 15
a 689 360 0 2 7
a 689 915 0 5 8
a 689 381 0 10 15
a 689 854 0 3 33
a 689 214 0 3 41
a 689 816 0 9 18
a 689 858 0 4 46
a 689 57 0 4 4
a 689 1067 0 3 21
a 713 273 0 404 8
a 713 297 0 10 9
a 713 381 0 3 4
a 713 835 0 5 22
a 713 1118 0 9 13
a 713 416 0 7 44
a 720 689 0 404 50
a 720 735 0 10 29
a 720 379 0 4 33
a 720 1062 0 3 13
a 720 123 0 4 10
a 720 744 0 10 28
a 723 510 0 404 50
a 723 665 0 10 23
a 723 1072 0 4 27
a 723 648 0 5 27
a 723 289 0 3 14
a 723 647 0 4 31
a 723 498 0 9 30
a 723 436 0 2 47
a 723 1181 0 4 44
a 723 369 0 9 8
a 729 246 0 404 31
a 729 265 0 3 26
a 729 596 0 10 18
a 729 449 0 8 13
a 729 136 0 1 48
a 729 177 0 4 8
a 729 393 0 5 33
a 729 1069 0 5 44
a 729 169 0 1 33
a 729 374 0 4 34
a 729 149 0 7 14
a 729 398 0 3 39
a 729 743 0 6 1
a 729 466 0 1 40
a 729 964 0 10 29
a 729 1093 0 2 23
a 729 751 0 7 50
a 729 1169 0 10 9
a 729 474 0 8 14
a 729 988 0 9 31
a 729 676 0 6 6
a 729 152 0 7 3
a 729 1125 0 7 17
a 729 417 0 9 35
a 729 31 0 9 35
a 729 256 0 10 24
a 734 875 0 404 50
a 734 290 0 9 27
a 734 119 0 1 50
a 734 403 0 7 29
a 734 712 0 5 3
a 734 567 0 9 18
a 734 545 0 9 18
a 734 1121 0 7 43
a 734 1131 0 2 23
a 734 504 0 9 29
a 734 433 0 2 9
a 734 58 0 4 17
a 734 813 0 9 32
a 734 232 0 9 20
a 734 832 0 9 33
a 734 1009 0 8 30
a 734 124 0 1 37
a 734 1047 0 9 16
a 734 224 0 4 15
a 734 760 0 4 9
a 734 861 0 8 11
a 734 536 0 5 16
a 734 787 0 8 28
a 741 720 0 404 50
a 741 830 0 8 23
a 741 892 0 6 6
a 741 1056 0 5 27
a 741 308 0 9 27
a 741 381 0 8 26
a 741 248 0 7 23
a 741 948 0 7 47
a 741 408 0 6 48
a 741 789 0 10 17
a 741 239 0 1 9
a 741 459 0 3 14
a 741 1088 0 6 16
a 741 115 0 3 9
a 741 424 0 6 10
a 741 540 0 5 5
a 741 559 0 5 3
a 741 1138 0 3 9
a 741 344 0 2 45
a 741 730 0 8 9
a 741 75 0 5 28
a 741 1156 0 10 23
a 741 205 0 10 49
a 741 821 0 10 44
a 751 1085 0 404 50
a 751 721 0 10 27
a 751 511 0 5 42
a 751 270 0 9 36
a 751 724 0 3 7
a 751 1021 0 9 35
a 751 453 0 8 6
a 751 597 0 7 50
a 751 906 0 3 3
a 751 590 0 8 36
a 751 389 0 4 26
a 751 366 0 7 33
a 751 1137 0 4 16
a 751 1007 0 1 48
a 751 403 0 4 34
a 751 951 0 2 41
a 751 709 0 3 11
a 752 681 0 404 50
a 752 480 0 4 46
a 752 326 0 10 45
a 752 42 0 1 23
a 752 35 0 2 35
a 752 451 0 10 41
a 752 1200 0 4 47
a 752 190 0 10 20
a 752 227 0 2 26
a 752 1198 0 3 36
a 752 1156 0 1 38
a 752 240 0 2 19
a 752 959 0 2 26
a 752 1063 0 10 6
a 752 67 0 5 12
a 752 988 0 8 20
a 752 828 0 2 36
a 752 640 0 7 15
a 752 91 0 3 1
a 752 148 0 2 17
a 752 749 0 2 18
a 752 1175 0 5 40
a 752 299 0 7 49
a 756 550 0 404 50
a 756 247 0 7 1
a 756 138 0 3 18
a 756 1028 0 8 8
a 756 227 0 9 15
a 768 1144 0 404 23
a 768 535 0 7 25
a 768 909 0 9 38
a 768 883 0 2 8
a 768 173 0 9 8
a 768 1196 0 3 33
a 768 1176 0 10 22
a 768 748 0 9 15
a 768 438 0 1 21
a 768 693 0 10 45
a 768 322 0 4 12
a 768 965 0 5 30
a 768 1141 0 5 47
a 768 464 0 7 28
a 768 622 0 9 25
a 787 852 0 404 50
a 787 1149 0 9 45
a 787 348 0 10 24
a 787 1022 0 6 40
a 787 426 0 7 10
a 787 20 0 6 46
a 787 602 0 7 21
a 787 634 0 4 28
a 837 218 0 404 21
a 837 479 0 7 28
a 837 784 0 6 21
a 837 811 0 4 14
a 837 1171 0 4 46
a 837 149 0 9 33
a 837 829 0 9 14
a 837 84 0 4 37
a 837 81 0 9 9
a 837 47 0 7 38
a 837 177 0 6 28
a 837 94 0 8 24
a 837 384 0 2 43
a 837 464 0 8 26
a 837 547 0 6 40
a 837 786 0 9 22
a 837 503 0 3 29
a 837 988 0 2 50
a 837 346 0 6 30
a 837 1081 0 9 47
a 852 1194 0 404 36
a 852 653 0 4 40
a 852 663 0 7 34
a 852 66 0 9 43
a 852 1170 0 3 14
a 852 730 0 1 4
a 852 867 0 10 36
a 852 910 0 6 23
a 852 1088 0 2 37
a 852 374 0 9 29
a 852 335 0 7 14
a 852 1097 0 5 22
a 852 300 0 5 9
a 852 1028 0 9 21
a 852 421 0 7 23
a 852 318 0 8 21
a 852 445 0 10 38
a 852 695 0 6 37
a 852 714 0 8 43
a 852 705 0 9 49
a 852 501 0 9 41
a 852 819 0 10 31
a 852 1175 0 1 37
a 852 328 0 5 49
a 852 353 0 8 43
a 852 840 0 3 41
a 852 851 0 3 3
a 852 487 0 3 5
a 852 377 0 2 39
a 853 729 0 404 50
a 853 326 0 3 15
a 853 293 0 5 45
a 853 987 0 3 49
a 853 546 0 5 7
a 872 417 0 404 50
a 872 160 0 6 11
a 872 21 0 6 30
a 874 734 0 404 50
a 874 1115 0 10 6
a 874 361 0 5 29
a 874 280 0 8 20
a 874 566 0 4 40
a 874 1031 0 4 36
a 874 349 0 9 1
a 874 515 0 8 11
a 874 848 0 5 1
a 874 931 0 5 39
a 874 80 0 8 24
a 874 1068 0 1 20
a 874 683 0 6 35
a 874 20 0 7 10
a 874 781 0 2 11
a 874 891 0 5 36
a 874 1169 0 2 21
a 874 890 0 6 34
a 874 425 0 8 17
a 874 442 0 3 28
a 874 722 0 8 6
a 874 700 0 10 46
a 874 248 0 7 44
a 874 760 0 3 33
a 874 171 0 7 37
a 874 429 0 3 13
a 874 960 0 2 16
a 874 1003 0 4 32
a 874 1196 0 8 37
a 875 1156 0 404 36
a 875 297 0 6 16
a 875 1113 0 2 43
a 875 706 0 1 14
a 875 1078 0 5 42
a 875 597 0 4 5
a 875 752 0 2 9
a 875 966 0 8 47
a 875 575 0 7 33
a 875 198 0 10 16
a 875 610 0 5 33
a 875 292 0 7 12
a 890 291 0 404 50
a 890 411 0 1 25
a 890 457 0 2 11
a 890 262 0 4 35
a 890 642 0 4 26
a 890 919 0 1 6
a 890 653 0 5 13
a 890 1060 0 6 11
a 890 901 0 8 5
a 890 836 0 3 20
a 890 379 0 2 22
a 890 945 0 8 34
a 890 211 0 4 6
a 890 302 0 7 31
a 890 360 0 8 10
a 890 489 0 8 15
a 890 1099 0 8 39
a 890 630 0 7 35
a 890 1092 0 6 4
a 890 1090 0 1 30
a 890 569 0 2 40
a 890 690 0 8 37
a 890 557 0 2 21
a 890 953 0 5 30
a 897 632 0 404 50
a 897 1010 0 4 30
a 897 946 0 5 30
a 897 793 0 6 6
a 897 841 0 6 46
a 897 630 0 7 36
a 897 1128 0 4 4
a 897 360 0 8 11
a 897 134 0 9 13
a 897 277 0 2 42
a 897 994 0 10 39
a 897 1048 0 10 21
a 897 923 0 8 41
a 897 487 0 1 24
a 897 992 0 2 35
a 897 764 0 3 31
a 897 790 0 1 36
a 897 437 0 9 23
a 897 45 0 2 10
a 897 836 0 10 48
a 897 470 0 7 32
a 897 224 0 6 41
a 902 235 0 404 50
a 902 926 0 8 20
a 902 489 0 1 4
a 902 78 0 9 7
a 913 1012 0 404 28
a 913 600 0 3 50
a 913 775 0 2 3
a 913 1141 0 8 29
a 913 673 0 1 21
a 913 49 0 9 33
a 913 480 0 8 13
a 913 659 0 2 47
a 913 870 0 10 5
a 913 473 0 8 12
a 913 876 0 9 19
a 913 759 0 2 12
a 913 676 0 10 31
a 913 1198 0 10 42
a 913 680 0 4 34
a 913 1084 0 2 24
a 913 901 0 9 16
a 913 150 0 9 33
a 913 744 0 3 11
a 913 617 0 8 45
a 913 323 0 5 41
a 913 39 0 6 43
a 913 615 0 1 18
a 913 510 0 9 34
a 913 41 0 3 9
a 928 549 0 404 15
a 928 750 0 4 19
a 928 1145 0 10 35
a 928 221 0 6 16
a 928 893 0 7 32
a 928 135 0 3 39
a 928 914 0 3 38
a 928 1167 0 3 33
a 928 568 0 9 7
a 928 592 0 8 19
a 928 522 0 4 6
a 928 1094 0 1 41
a 928 907 0 4 29
a 928 516 0 10 9
a 928 447 0 9 29
a 928 887 0 5 1
a 928 754 0 10 2
a 928 151 0 8 8
a 928 844 0 8 49
a 928 776 0 6 37
a 928 564 0 4 6
a 928 1172 0 6 45
a 928 1137 0 4 45
a 947 384 0 404 37
a 947 936 0 8 33
a 947 1136 0 3 9
a 947 687 0 9 19
a 947 54 0 10 18
a 947 30 0 1 24
a 947 576 0 6 14
a 947 1151 0 2 21
a 947 859 0 6 32
a 947 408 0 5 42
a 947 647 0 3 38
a 947 87 0 7 12
a 947 703 0 5 38
a 947 1114 0 5 35
a 947 813 0 10 47
a 947 776 0 4 12
a 947 414 0 6 6
a 947 1002 0 7 1
a 947 932 0 1 20
a 947 171 0 4 20
a 947 343 0 9 40
a 947 326 0 1 27
a 947 336 0 2 21
a 947 109 0 10 18
a 947 292 0 6 36
a 984 1163 0 404 8
a 984 46 0 7 15
a 994 713 0 404 4
a 994 882 0 4 45
a 994 794 0 4 36
a 994 661 0 2 34
a 994 468 0 6 46
a 994 554 0 3 50
a 994 338 0 2 23
a 994 875 0 3 9
a 994 119 0 2 48
a 994 508 0 9 29
a 994 53 0 10 7
a 994 537 0 4 11
a 994 253 0 9 38
a 994 850 0 3 29
a 994 1033 0 7 47
a 994 672 0 1 47
a 994 1054 0 2 14
a 994 432 0 3 18
a 1001 890 0 404 19
a 1001 79 0 5 49
a 1001 190 0 6 42
a 1001 897 0 5 22
a 1001 970 0 10 10
a 1001 393 0 8 48
a 1001 986 0 6 50
a 1001 22 0 1 41
a 1001 165 0 7 16
a 1001 308 0 1 25
a 1001 995 0 2 20
a 1001 442 0 7 16
a 1001 973 0 1 37
a 1001 529 0 9 50
a 1001 1078 0 7 9
a 1001 469 0 2 27
a 1001 172 0 10 41
a 1001 441 0 6 34
a 1001 916 0 6 10
a 1001 958 0 2 12
a 1001 1155 0 7 3
a 1001 345 0 4 13
a 1001 289 0 1 47
a 1012 1193 0 404 50
a 1012 853 0 404 44
a 1012 605 0 9 26
a 1012 19 0 1 8
a 1012 337 0 7 10
a 1012 1165 0 10 9
a 1012 238 0 6 27
a 1012 1175 0 4 29
a 1012 198 0 1 26
a 1012 382 0 10 44
a 1012 711 0 6 29
a 1012 267 0 1 37
a 1012 159 0 3 21
a 1070 902 0 404 17
a 1070 401 0 7 37
a 1070 645 0 4 28
a 1070 980 0 6 24
a 1070 905 0 8 6
a 1070 352 0 1 18
a 1070 389 0 7 28
a 1070 972 0 5 5
a 1070 831 0 10 3
a 1070 1088 0 3 11
a 1070 277 0 2 26
a 1070 578 0 7 29
a 1070 185 0 9 35
a 1070 596 0 5 39
a 1070 197 0 8 2
a 1070 700 0 4 24
a 1070 296 0 3 29
a 1070 765 0 10 32
a 1070 612 0 6 13
a 1070 1126 0 4 49
a 1070 343 0 10 12
a 1070 793 0 7 8
a 1085 872 0 404 50
a 1085 48 0 2 20
a 1085 185 0 2 2
a 1085 354 0 4 41
a 1085 769 0 4 24
a 1103 947 0 404 50
a 1103 425 0 5 46
a 1103 257 0 5 9
a 1103 466 0 5 19
a 1103 315 0 7 31
a 1103 188 0 4 30
a 1103 362 0 9 44
a 1103 866 0 7 16
a 1103 414 0 10 4
a 1103 171 0 8 34
a 1125 994 0 404 12
a 1125 291 0 7 24
a 1125 1149 0 5 43
a 1125 889 0 3 17
a 1142 275 0 404 40
a 1142 1170 0 6 24
a 1142 600 0 9 12
a 1142 89 0 3 8
a 1142 710 0 8 42
a 1142 387 0 3 23
a 1142 472 0 9 32
a 1142 134 0 5 33
a 1142 374 0 9 48
a 1142 832 0 4 11
a 1142 639 0 6 29
a 1142 999 0 10 40
a 1142 451 0 6 13
a 1142 971 0 3 5
a 1142 690 0 5 19
a 1142 767 0 10 8
a 1142 616 0 8 9
a 1142 65 0 6 19
a 1144 752 0 404 50
a 1144 695 0 2 30
a 1144 811 0 8 49
a 1156 1103 0 404 50
a 1156 541 0 6 22
a 1156 428 0 5 40
a 1156 965 0 5 37
a 1156 876 0 4 28
a 1156 629 0 5 42
a 1156 349 0 5 31
a 1156 662 0 7 10
a 1156 803 0 6 46
a 1156 1045 0 5 39
a 1156 1148 0 10 44
a 1156 244 0 3 27
a 1156 1003 0 3 32
a 1156 569 0 2 20
a 1156 507 0 5 10
a 1156 861 0 4 21
a 1156 874 0 8 15
a 1156 949 0 8 29
a 1156 601 0 1 8
a 1156 605 0 6 35
a 1156 867 0 6 28
a 1156 484 0 7 45
a 1156 70 0 4 2
a 1156 1109 0 3 19
a 1156 133 0 8 13
a 1156 167 0 7 38
a 1156 1070 0 9 4
a 1156 531 0 6 50
a 1156 453 0 7 36
a 1163 751 0 404 47
a 1163 152 0 9 49
