c PyNETGEN v1.0.0
c $ pip install pynetgen
c
c  NETGEN flow network generation algorithm
c  Problem input parameters
c  -------------------------------------
c   Random seed:          78801219
c   Number of nodes:      3000
c   Source nodes:         15
c   Sink nodes:           15
c   Number of arcs:       30000
c   Minimum arc cost:     1
c   Maximum arc cost:     50
c   Total supply:         9000
c   Transshipment -
c     Sources:            0
c     Sinks:              0
c   Skeleton arcs -
c     With max cost:      50
c     Capacitated:        100
c   Minimum arc capacity: 1
c   Maximum arc capacity: 10
c
c  *** Minimum cost flow ***
c
p min 3000 30000
n 1 1167
n 2 448
n 3 462
n 4 600
n 5 1438
n 6 304
n 7 495
n 8 380
n 9 241
n 10 221
n 11 814
n 12 453
n 13 87
n 14 625
n 15 1265
n 2986 -353
n 2987 -779
n 2988 -485
n 2989 -359
n 2990 -719
n 2991 -737
n 2992 -1652
n 2993 -347
n 2994 -877
n 2995 -305
n 2996 -115
n 2997 -27
n 2998 -1443
n 2999 -198
n 3000 -604
a 1 2622 0 1167 50
a 1 1406 0 9 37
a 1 2879 0 8 7
a 1 2257 0 4 44
a 1 2293 0 7 41
a 1 2885 0 2 50
a 1 1164 0 4 29
a 1 2420 0 5 5
a 1 21 0 3 26
a 1 868 0 6 41
a 1 1994 0 1 31
a 1 1290 0 5 26
a 1 2103 0 2 6
a 1 2896 0 2 1
a 1 68 0 5 22
a 1 1718 0 6 47
a 51 2217 0 1167 41
a 51 72 0 8 35
a 51 1303 0 5 3
a 51 2816 0 7 45
a 51 2904 0 8 25
a 51 2486 0 1 7
a 51 2745 0 3 46
a 51 2570 0 3 15
a 51 1801 0 5 43
a 51 882 0 6 47
a 51 553 0 7 10
a 51 894 0 10 47
a 82 1569 0 1167 50
a 82 2508 0 3 12
a 82 137 0 3 36
a 82 909 0 8 17
a 130 2269 0 1167 47
a 130 490 0 2 23
a 130 2654 0 3 20
a 130 1677 0 1 17
a 130 992 0 7 22
a 130 289 0 8 31
a 130 1783 0 2 28
a 130 1470 0 8 20
a 130 2281 0 5 35
a 130 2656 0 8 44
a 130 1247 0 9 16
a 130 1586 0 6 10
a 130 2258 0 2 28
a 130 2018 0 10 32
a 130 2921 0 3 18
a 130 1771 0 1 50
a 130 2641 0 9 30
a 142 1967 0 1167 50
a 142 220 0 4 37
a 142 1234 0 1 32
a 142 1987 0 8 37
a 142 1289 0 3 1
a 142 35 0 9 48
a 142 2258 0 1 37
a 142 1419 0 4 49
a 142 2111 0 3 31
a 142 2297 0 8 1
a 142 2766 0 6 45
a 142 1483 0 4 31
a 142 1062 0 9 36
a 142 914 0 5 1
a 154 1497 0 1167 38
a 154 1399 0 6 12
a 154 546 0 8 38
a 154 473 0 9 44
a 154 723 0 4 13
a 154 522 0 7 24
a 154 2904 0 2 43
a 154 2582 0 4 1
a 154 1286 0 6 28
a 154 1183 0 4 22
a 154 2376 0 8 30
a 154 2205 0 5 30
a 154 1625 0 9 17
a 154 2258 0 4 45
a 155 1229 0 1167 50
a 155 2048 0 2 9
a 164 1436 0 1167 18
a 164 1328 0 10 25
a 164 560 0 10 2
a 164 2282 0 5 14
a 164 1784 0 1 17
a 164 1768 0 5 8
a 164 2364 0 4 1
a 164 1167 0 5 45
a 164 1193 0 4 47
a 164 2586 0 6 44
a 164 1582 0 7 20
a 164 2945 0 2 33
a 164 1446 0 4 37
a 164 781 0 2 39
a 164 161 0 3 20
a 164 1722 0 5 17
a 176 746 0 1167 50
a 176 1987 0 5 49
a 176 2383 0 10 22
a 176 412 0 4 23
a 176 2634 0 7 40
a 176 1994 0 4 18
a 176 1799 0 7 39
a 176 2651 0 7 40
a 176 1368 0 4 8
a 176 1457 0 7 13
a 176 1686 0 9 18
a 176 865 0 2 3
a 249 2038 0 1167 23
a 249 1050 0 9 35
a 249 384 0 10 34
a 249 1454 0 2 12
a 249 2303 0 1 21
a 249 203 0 8 43
a 249 645 0 8 25
a 249 1854 0 5 17
a 249 279 0 10 2
a 249 1719 0 2 44
a 249 2628 0 4 22
a 249 56 0 1 41
a 249 1302 0 5 11
a 249 1751 0 3 22
a 249 381 0 6 9
a 249 1354 0 10 27
a 256 518 0 1167 50
a 256 246 0 4 37
a 256 500 0 5 46
a 257 2426 0 1167 44
a 257 2861 0 1 20
a 257 717 0 5 23
a 257 2430 0 10 1
a 257 1054 0 3 13
a 257 798 0 3 33
a 257 493 0 10 24
a 257 381 0 1 4
a 257 81 0 1 46
a 257 1414 0 3 38
a 257 2496 0 7 45
a 257 2395 0 9 33
a 257 555 0 2 42
a 257 2211 0 10 8
a 257 2790 0 2 9
a 257 772 0 7 8
a 257 2682 0 8 48
a 257 725 0 7 36
a 257 121 0 1 25
a 274 598 0 1167 39
a 274 1645 0 1 10
a 274 1768 0 5 36
a 274 1593 0 1 9
a 274 1758 0 2 50
a 274 1381 0 3 36
a 274 2657 0 7 39
a 274 2869 0 9 48
a 274 2810 0 3 38
a 274 2340 0 2 25
a 274 610 0 4 23
a 274 462 0 4 13
a 274 1308 0 10 36
a 279 2826 0 1167 50
a 279 458 0 7 50
a 279 1554 0 3 40
a 279 38 0 10 17
a 312 1002 0 1167 33
a 312 1511 0 9 46
a 312 317 0 3 25
a 312 2981 0 2 35
a 312 1122 0 6 13
a 312 575 0 4 47
a 312 19 0 3 36
a 312 1009 0 9 8
a 312 2661 0 5 23
a 312 547 0 2 48
a 312 2392 0 1 7
a 312 2881 0 8 1
a 312 2942 0 1 2
a 312 1341 0 4 12
a 344 2162 0 1167 1
a 344 65 0 5 26
a 344 2407 0 1 49
a 344 2588 0 9 38
a 344 1188 0 9 5
a 344 172 0 2 50
a 344 912 0 5 30
a 344 1450 0 4 43
a 344 1714 0 10 22
a 344 1080 0 3 33
a 356 602 0 1167 40
a 356 2918 0 7 46
a 356 1078 0 3 15
a 356 1583 0 2 50
a 356 2426 0 5 29
a 356 2221 0 3 1
a 356 1730 0 1 32
a 356 2203 0 9 36
a 356 619 0 5 12
a 356 1868 0 2 8
a 356 1163 0 7 32
a 356 517 0 5 27
a 356 1193 0 10 17
a 356 2223 0 10 48
a 356 2028 0 10 44
a 356 2948 0 3 18
a 356 2479 0 4 22
a 358 1385 0 1167 50
a 358 611 0 8 23
a 358 155 0 4 24
a 358 2948 0 7 19
a 358 790 0 2 30
a 358 216 0 3 5
a 358 1659 0 9 50
a 358 861 0 9 44
a 358 2123 0 6 15
a 358 21 0 3 17
a 358 2783 0 7 14
a 358 826 0 4 15
a 358 731 0 6 33
a 358 660 0 5 28
a 358 853 0 8 48
a 358 1500 0 7 5
a 358 1356 0 3 17
a 358 2438 0 3 39
a 378 973 0 1167 50
a 378 1985 0 4 3
a 379 2191 0 1167 27
a 379 1537 0 7 16
a 379 782 0 10 4
a 379 567 0 6 16
a 379 2883 0 4 31
a 379 2256 0 3 20
a 379 2234 0 7 9
a 389 417 0 1167 29
a 389 2799 0 6 8
a 389 2453 0 8 20
a 389 560 0 3 27
a 389 2291 0 7 36
a 389 2755 0 8 16
a 389 1880 0 1 27
a 389 1522 0 5 37
a 389 2969 0 5 31
a 389 2759 0 1 21
a 389 720 0 7 12
a 389 2112 0 9 32
a 389 1853 0 4 29
a 389 481 0 6 13
a 389 701 0 4 29
a 389 2522 0 1 31
a 411 1694 0 1167 50
a 411 2499 0 5 37
a 411 392 0 4 27
a 411 1113 0 6 39
a 411 2425 0 6 32
a 411 1129 0 6 39
a 411 540 0 7 42
a 411 888 0 4 6
a 411 17 0 2 9
a 411 1071 0 10 8
a 411 1495 0 4 16
a 411 2961 0 10 3
a 411 151 0 10 49
a 411 2017 0 7 4
a 417 1084 0 1167 50
a 417 2145 0 1 14
a 417 254 0 3 21
a 417 1203 0 2 1
a 417 1706 0 2 27
a 417 2923 0 7 23
a 426 1440 0 1167 12
a 426 920 0 5 17
a 426 2222 0 6 34
a 426 2415 0 6 34
a 426 1438 0 4 3
a 426 88 0 2 48
a 426 704 0 2 43
a 426 632 0 10 19
a 426 1089 0 10 15
a 437 761 0 1167 14
a 437 2392 0 2 10
a 437 1715 0 3 47
a 437 997 0 3 2
a 437 611 0 5 1
a 437 2137 0 5 7
a 437 2078 0 2 43
a 437 850 0 10 8
a 437 2933 0 1 10
a 437 2477 0 2 35
a 437 1887 0 1 27
a 437 846 0 9 43
a 437 897 0 7 31
a 437 2987 0 2 26
a 437 2464 0 6 11
a 437 1018 0 6 43
a 437 503 0 3 11
a 492 620 0 1167 50
a 492 2009 0 6 37
a 492 2209 0 10 44
a 492 1938 0 5 40
a 492 308 0 9 48
a 492 2763 0 7 42
a 492 1526 0 3 33
a 492 1968 0 8 42
a 502 841 0 1167 47
a 502 1187 0 5 24
a 502 362 0 5 34
a 502 225 0 1 3
a 502 2049 0 2 45
a 502 2318 0 8 23
a 502 1363 0 6 8
a 502 445 0 4 23
a 502 823 0 1 34
a 502 2015 0 5 47
a 502 2870 0 4 40
a 502 1983 0 2 15
a 502 303 0 5 14
a 502 918 0 6 7
a 502 2158 0 5 12
a 502 1020 0 10 15
a 502 1125 0 3 32
a 502 1131 0 8 8
a 502 94 0 6 2
a 518 1531 0 1167 50
a 518 944 0 1 33
a 518 773 0 10 29
a 518 1275 0 4 35
a 518 532 0 2 31
a 518 2430 0 4 30
a 518 2833 0 5 5
a 518 1831 0 6 7
a 518 2161 0 1 47
a 518 1308 0 10 6
a 520 765 0 1167 50
a 520 1777 0 3 47
a 520 1506 0 10 38
a 520 1532 0 9 19
a 520 698 0 3 33
a 520 533 0 5 41
a 520 180 0 5 38
a 520 529 0 2 28
a 520 1463 0 7 29
a 527 154 0 1167 50
a 527 1262 0 3 46
a 527 2155 0 6 36
a 527 688 0 1 15
a 527 2335 0 5 5
a 527 877 0 4 18
a 527 2609 0 5 15
a 527 1253 0 5 20
a 527 2697 0 5 24
a 527 2407 0 7 20
a 527 1968 0 5 7
a 578 249 0 1167 26
a 578 1469 0 5 39
a 578 526 0 1 24
a 578 2674 0 2 28
a 578 1507 0 9 37
a 578 951 0 2 29
a 578 1426 0 4 29
a 578 595 0 9 44
a 578 258 0 3 39
a 578 2104 0 3 47
a 578 136 0 1 17
a 578 1670 0 3 40
a 578 2218 0 4 43
a 578 132 0 10 3
a 578 128 0 4 24
a 578 331 0 9 4
a 578 2931 0 3 43
a 585 2938 0 1167 50
a 585 1888 0 1 26
a 585 280 0 7 19
a 585 1880 0 2 19
a 585 2406 0 1 24
a 585 446 0 6 11
a 585 723 0 6 7
a 585 1824 0 1 41
a 585 1750 0 5 35
a 585 2995 0 9 45
a 591 1181 0 1167 4
a 591 1567 0 4 17
a 591 56 0 6 18
a 591 2182 0 10 12
a 591 819 0 2 47
a 591 513 0 10 4
a 591 910 0 7 49
a 591 1606 0 8 45
a 591 1314 0 8 48
a 591 256 0 6 10
a 591 1600 0 10 4
a 591 1562 0 1 11
a 591 623 0 5 2
a 591 1877 0 7 27
a 591 1988 0 6 36
a 591 473 0 4 36
a 597 82 0 1167 1
a 597 1325 0 4 49
a 597 1972 0 7 21
a 597 1834 0 8 14
a 597 2536 0 10 19
a 597 1125 0 1 36
a 597 2437 0 2 19
a 597 2096 0 6 46
a 597 2173 0 4 40
a 597 2797 0 4 38
a 597 1750 0 5 42
a 597 1103 0 1 4
a 597 885 0 7 48
a 597 2782 0 3 29
a 597 2035 0 4 11
a 598 737 0 1167 50
a 598 925 0 9 15
a 598 1967 0 3 2
a 598 2361 0 9 33
a 598 666 0 9 34
a 598 2632 0 9 23
a 598 1428 0 9 15
a 598 2675 0 10 38
a 598 2821 0 3 5
a 598 96 0 3 25
a 598 2423 0 6 20
a 598 1766 0 5 39
a 598 500 0 10 36
a 598 2329 0 4 25
a 598 679 0 2 11
a 602 2517 0 1167 50
a 602 2127 0 8 3
a 602 999 0 9 46
a 602 1877 0 2 34
a 602 2597 0 7 5
a 602 1514 0 6 17
a 602 2922 0 4 1
a 602 1337 0 9 40
a 602 2979 0 2 26
a 602 155 0 3 17
a 602 2645 0 8 1
a 602 2163 0 3 35
a 602 2574 0 8 43
a 602 2865 0 10 12
a 602 2723 0 1 49
a 602 32 0 4 24
a 602 735 0 4 47
a 602 2092 0 3 16
a 620 2190 0 1167 50
a 620 1379 0 9 25
a 620 1722 0 10 23
a 620 1280 0 7 29
a 620 2153 0 4 50
a 620 1004 0 4 10
a 620 410 0 7 1
a 620 1241 0 10 1
a 620 278 0 2 33
a 620 728 0 6 4
a 620 1056 0 5 28
a 620 940 0 9 35
a 620 1848 0 6 2
a 620 2296 0 4 38
a 620 799 0 10 24
a 620 943 0 1 35
a 620 118 0 3 7
a 620 39 0 1 11
a 620 2538 0 3 7
a 646 2554 0 1167 50
a 646 1704 0 4 22
a 646 2899 0 8 24
a 646 1579 0 2 18
a 646 1479 0 3 6
a 646 582 0 2 32
a 646 906 0 3 4
a 646 1925 0 4 35
a 665 1727 0 1167 50
a 665 2365 0 5 14
a 665 1624 0 8 13
a 665 1636 0 6 43
a 665 885 0 5 6
a 665 2950 0 6 4
a 665 1288 0 2 33
a 665 327 0 5 29
a 665 2743 0 10 12
a 685 1701 0 1167 50
a 685 2367 0 4 20
a 685 135 0 8 4
a 685 759 0 8 34
a 685 2579 0 8 28
a 685 1863 0 5 45
a 685 400 0 6 3
a 685 1021 0 2 22
a 685 623 0 9 40
a 685 2415 0 5 41
a 685 1506 0 3 3
a 685 1035 0 4 39
a 685 1395 0 7 19
a 685 1043 0 3 46
a 696 1498 0 1167 26
a 696 776 0 7 23
a 696 1877 0 6 19
a 696 716 0 8 4
a 696 1602 0 5 1
a 696 1539 0 7 47
a 696 1649 0 4 9
a 696 1787 0 7 36
a 699 502 0 1167 50
a 699 1862 0 7 3
a 699 2681 0 2 3
a 699 1919 0 5 5
a 699 2594 0 1 43
a 699 1270 0 4 3
a 699 70 0 8 20
a 699 1322 0 3 25
a 699 612 0 1 44
a 699 2486 0 3 21
a 699 168 0 5 38
a 699 1384 0 6 21
a 699 275 0 1 34
a 699 1874 0 1 21
a 699 603 0 6 43
a 737 1697 0 1167 5
a 737 1502 0 8 15
a 737 2519 0 1 44
a 737 1911 0 5 44
a 743 2829 0 1167 50
a 743 744 0 3 44
a 743 1156 0 8 9
a 743 2169 0 1 31
a 743 2052 0 1 35
a 743 1733 0 5 35
a 743 647 0 5 45
a 743 529 0 7 41
a 743 608 0 8 5
a 743 2737 0 2 12
a 743 246 0 5 41
a 743 1668 0 8 22
a 743 2914 0 8 49
a 743 2000 0 7 15
a 743 2456 0 2 17
a 746 2357 0 1167 50
a 746 928 0 6 32
a 746 2294 0 10 10
a 746 592 0 1 40
a 746 1851 0 3 32
a 748 1093 0 1167 50
a 748 575 0 8 38
a 748 2452 0 4 35
a 748 2890 0 3 38
a 748 531 0 1 20
a 748 464 0 8 49
a 748 2075 0 10 45
a 748 467 0 9 36
a 748 2212 0 6 43
a 748 1036 0 7 31
a 748 358 0 3 5
a 748 2018 0 7 23
a 748 2109 0 6 25
a 748 2711 0 8 40
a 748 1264 0 7 31
a 748 679 0 8 16
a 748 2110 0 4 42
a 748 2261 0 7 27
a 748 2127 0 2 12
a 756 699 0 1167 50
a 756 1584 0 5 37
a 756 1728 0 8 8
a 756 2309 0 10 7
a 756 1534 0 6 18
a 756 668 0 2 15
a 756 797 0 2 26
a 756 2819 0 4 9
a 756 952 0 8 49
a 756 1510 0 9 5
a 756 204 0 9 3
a 761 2490 0 1167 50
a 761 769 0 9 46
a 761 865 0 2 37
a 761 125 0 5 18
a 761 2374 0 7 28
a 761 1192 0 6 46
a 761 2739 0 9 49
a 761 2667 0 3 26
a 761 2537 0 4 2
a 761 2348 0 9 5
a 765 2501 0 1167 50
a 765 705 0 6 39
a 765 1276 0 1 48
a 765 1828 0 7 48
a 765 1304 0 6 38
a 765 43 0 2 48
a 778 2412 0 1167 50
a 778 2781 0 7 35
a 778 995 0 3 40
a 778 2985 0 2 28
a 778 2058 0 9 39
a 778 2751 0 4 26
a 778 2079 0 9 17
a 778 1306 0 10 6
a 778 303 0 1 8
a 778 2993 0 2 40
a 800 1899 0 1167 50
a 800 1369 0 9 22
a 800 2936 0 3 9
a 800 383 0 5 48
a 800 683 0 5 12
a 800 822 0 2 41
a 800 957 0 5 36
a 800 115 0 4 16
a 800 2922 0 3 22
a 800 594 0 8 46
a 800 1909 0 3 12
a 800 2394 0 10 11
a 800 2178 0 2 11
a 800 1702 0 7 50
a 826 2057 0 1167 50
a 826 872 0 6 49
a 826 880 0 10 32
a 826 686 0 7 22
a 826 1090 0 1 50
a 826 2023 0 9 35
a 826 2124 0 6 18
a 826 2514 0 2 13
a 826 2654 0 6 32
a 826 2664 0 3 49
a 826 2402 0 3 12
a 826 747 0 4 29
a 826 1770 0 5 27
a 826 2324 0 7 47
a 831 379 0 1167 20
a 831 1009 0 7 38
a 831 2825 0 10 50
a 831 790 0 4 49
a 831 2459 0 7 14
a 831 464 0 7 18
a 831 839 0 5 2
a 831 965 0 3 47
a 831 1975 0 6 25
a 831 2059 0 4 17
a 831 1183 0 6 50
a 841 870 0 1167 50
a 841 1254 0 1 22
a 841 588 0 4 49
a 841 2674 0 5 36
a 841 1946 0 9 31
a 841 1177 0 10 16
a 841 2266 0 2 5
a 841 1972 0 1 15
a 841 2751 0 2 10
a 841 1096 0 8 35
a 841 236 0 7 4
a 841 128 0 10 40
a 841 1130 0 7 3
a 841 1824 0 9 48
a 841 2974 0 8 43
a 841 2741 0 5 8
a 841 745 0 10 7
a 841 437 0 1 12
a 868 1249 0 1167 50
a 868 431 0 9 22
a 868 1251 0 4 32
a 868 144 0 10 3
a 868 1951 0 2 29
a 868 2370 0 9 15
a 868 1706 0 6 4
a 868 2432 0 3 7
a 868 402 0 8 29
a 868 160 0 9 2
a 868 2202 0 10 20
a 870 1525 0 1167 50
a 870 913 0 5 15
a 870 2327 0 5 50
a 870 2121 0 2 50
a 870 520 0 1 24
a 870 990 0 8 45
a 870 831 0 9 49
a 870 2983 0 1 6
a 873 948 0 1167 22
a 873 744 0 1 37
a 873 723 0 10 2
a 873 572 0 2 10
a 873 1085 0 7 14
a 873 2602 0 2 1
a 873 804 0 6 17
a 873 1529 0 6 8
a 873 1668 0 3 36
a 873 2639 0 2 26
a 873 2592 0 4 21
a 873 2303 0 1 31
a 884 2992 0 1167 28
a 884 2371 0 1167 18
a 884 1258 0 5 39
a 884 1942 0 4 27
a 884 1623 0 5 25
a 884 1472 0 8 8
a 884 1600 0 6 3
a 884 2689 0 4 47
a 884 2521 0 1 44
a 884 1209 0 10 2
a 884 2073 0 6 21
a 884 2737 0 9 23
a 884 2443 0 3 32
a 884 639 0 10 4
a 884 236 0 3 19
a 884 24 0 6 31
a 889 1039 0 1167 42
a 889 1723 0 2 43
a 889 2158 0 7 49
a 889 1135 0 8 11
a 889 1133 0 10 9
a 889 2432 0 5 27
a 889 2722 0 4 15
a 889 2747 0 9 21
a 889 2684 0 10 46
a 889 1089 0 4 11
a 889 1447 0 5 18
a 927 2104 0 1167 50
a 927 2393 0 7 4
a 927 1510 0 7 35
a 927 2594 0 6 48
a 927 101 0 5 4
a 927 1559 0 6 26
a 927 1204 0 4 8
a 927 2384 0 5 20
a 927 1468 0 5 43
a 927 1136 0 7 23
a 927 469 0 2 4
a 927 517 0 8 34
a 927 837 0 2 33
a 927 2179 0 3 9
a 927 1458 0 10 1
a 931 51 0 1167 50
a 931 315 0 6 21
a 931 2688 0 4 16
a 931 411 0 8 15
a 931 2655 0 8 48
a 931 2206 0 8 17
a 931 1876 0 8 36
a 931 609 0 5 25
a 931 2971 0 1 23
a 931 607 0 10 31
a 931 2500 0 8 33
a 931 354 0 5 23
a 931 2603 0 7 38
a 931 893 0 5 44
a 931 213 0 2 29
a 931 485 0 10 50
a 931 1005 0 7 47
a 931 1865 0 6 18
a 938 1963 0 1167 30
a 938 2565 0 5 11
a 938 2125 0 7 32
a 938 2584 0 4 3
a 938 645 0 8 29
a 938 521 0 3 46
a 938 1288 0 2 3
a 938 2905 0 1 39
a 938 825 0 5 31
a 938 2406 0 8 14
a 938 2733 0 10 42
a 938 933 0 9 49
a 938 723 0 1 23
a 938 581 0 7 40
a 938 2878 0 8 16
a 943 176 0 1167 50
a 943 1776 0 10 12
a 943 1976 0 1 1
a 943 2240 0 5 1
a 943 541 0 9 24
a 943 387 0 6 9
a 943 1664 0 1 9
a 943 1602 0 4 42
a 943 532 0 8 11
a 943 2063 0 10 25
a 943 948 0 7 38
a 943 1171 0 10 35
a 943 1240 0 4 27
a 943 2436 0 5 8
a 943 2585 0 6 44
a 943 1249 0 7 26
a 943 651 0 4 25
a 943 1096 0 10 49
a 943 1459 0 4 44
a 948 884 0 1167 4
a 948 252 0 10 34
a 948 86 0 5 45
a 948 2311 0 10 49
a 948 117 0 6 12
a 948 118 0 2 21
a 948 1966 0 8 14
a 948 1417 0 10 33
a 948 665 0 5 17
a 948 1668 0 7 27
a 948 452 0 1 44
a 948 296 0 5 23
a 948 612 0 8 40
a 964 1839 0 1167 50
a 964 609 0 2 39
a 964 2555 0 5 27
a 964 570 0 2 39
a 964 2745 0 7 24
a 964 2333 0 3 30
a 964 2596 0 6 17
a 964 2059 0 3 30
a 964 2840 0 1 32
a 964 1197 0 1 9
a 964 1581 0 3 1
a 964 553 0 2 18
a 973 2785 0 1167 11
a 973 2115 0 7 4
a 973 818 0 5 15
a 973 2616 0 7 47
a 973 467 0 3 26
a 973 827 0 1 27
a 973 1542 0 10 48
a 973 452 0 7 33
a 975 996 0 1167 41
a 975 1238 0 6 46
a 975 2563 0 1 30
a 975 2892 0 5 49
a 975 1413 0 10 25
a 975 2414 0 5 49
a 975 286 0 6 20
a 975 737 0 1 40
a 975 123 0 10 36
a 975 2808 0 6 37
a 975 2704 0 2 14
a 975 667 0 5 46
a 975 2253 0 9 2
a 975 952 0 9 44
a 975 1331 0 9 11
a 975 2273 0 2 30
a 975 201 0 7 1
a 996 492 0 1167 15
a 996 411 0 10 24
a 996 521 0 6 28
a 996 2345 0 6 2
a 996 894 0 2 5
a 1002 2413 0 1167 28
a 1002 2170 0 9 10
a 1002 2995 0 5 45
a 1002 2528 0 9 32
a 1002 341 0 2 5
a 1002 788 0 5 15
a 1002 2334 0 1 1
a 1002 1453 0 7 4
a 1002 2749 0 2 2
a 1002 2921 0 7 12
a 1002 2114 0 6 6
a 1002 924 0 4 2
a 1002 509 0 8 31
a 1002 2593 0 5 21
a 1018 665 0 1167 29
a 1018 400 0 8 48
a 1018 321 0 6 9
a 1018 2782 0 8 38
a 1039 437 0 1167 18
a 1039 543 0 10 42
a 1039 2965 0 7 46
a 1039 968 0 5 9
a 1040 2846 0 1167 50
a 1040 2035 0 3 28
a 1040 2808 0 7 15
a 1040 196 0 10 12
a 1040 514 0 10 19
a 1040 977 0 8 25
a 1040 248 0 8 49
a 1040 421 0 6 2
a 1050 2025 0 1167 33
a 1050 75 0 1 3
a 1050 688 0 4 41
a 1063 597 0 1167 4
a 1063 1402 0 6 36
a 1063 1309 0 10 46
a 1063 2707 0 7 35
a 1063 1743 0 2 2
a 1063 2648 0 9 12
a 1063 1041 0 8 45
a 1063 47 0 6 35
a 1063 2850 0 6 1
a 1063 1013 0 7 41
a 1063 1377 0 10 15
a 1063 1676 0 10 8
a 1063 2775 0 8 4
a 1063 2470 0 7 37
a 1063 1608 0 10 35
a 1063 247 0 10 15
a 1063 1580 0 8 12
a 1083 2189 0 1167 36
a 1083 2512 0 1 21
a 1084 378 0 1167 11
a 1084 2037 0 2 39
a 1084 2687 0 9 33
a 1084 1227 0 9 42
a 1084 1562 0 8 35
a 1084 285 0 3 37
a 1084 2766 0 1 25
a 1092 1943 0 1167 50
a 1092 794 0 3 24
a 1092 965 0 6 14
a 1092 700 0 9 42
a 1092 1525 0 8 13
a 1092 1190 0 8 18
a 1092 255 0 2 36
a 1092 1070 0 1 46
a 1092 1010 0 5 49
a 1092 979 0 5 7
a 1092 95 0 8 10
a 1092 2637 0 5 31
a 1092 2902 0 5 12
a 1092 900 0 10 27
a 1092 1522 0 5 30
a 1092 1274 0 6 30
a 1092 1121 0 3 43
a 1093 585 0 1167 50
a 1093 2373 0 5 49
a 1093 1516 0 1 45
a 1093 2683 0 9 18
a 1093 2820 0 7 9
a 1093 231 0 7 34
a 1093 991 0 4 23
a 1093 2903 0 10 17
a 1093 52 0 9 29
a 1093 576 0 9 48
a 1093 1249 0 3 34
a 1093 2049 0 10 10
a 1093 749 0 8 13
a 1155 1199 0 1167 16
a 1155 1984 0 1 44
a 1155 1423 0 8 35
a 1155 1696 0 10 14
a 1155 2071 0 7 43
a 1155 67 0 10 1
a 1168 1303 0 1167 50
a 1168 2781 0 7 12
a 1168 114 0 8 37
a 1168 2190 0 9 31
a 1168 1525 0 3 15
a 1168 2000 0 5 5
a 1168 2143 0 5 24
a 1168 2368 0 2 50
a 1168 407 0 4 39
a 1168 63 0 4 42
a 1168 1893 0 5 31
a 1181 1677 0 1167 36
a 1181 1116 0 10 7
a 1181 2556 0 10 12
a 1181 2859 0 10 42
a 1181 2864 0 7 34
a 1181 2146 0 1 5
a 1181 1789 0 8 33
a 1181 1946 0 3 26
a 1181 1875 0 2 35
a 1181 1446 0 9 36
a 1182 2312 0 1167 16
a 1182 2183 0 9 14
a 1182 71 0 2 37
a 1182 1138 0 6 22
a 1182 2899 0 8 15
a 1182 2597 0 10 21
a 1182 1834 0 10 10
a 1182 1492 0 2 3
a 1182 2120 0 10 30
a 1199 358 0 1167 50
a 1199 2555 0 4 35
a 1199 1549 0 8 23
a 1199 2071 0 6 29
a 1199 2399 0 6 23
a 1199 2614 0 6 22
a 1199 1511 0 5 25
a 1199 2705 0 10 2
a 1199 810 0 7 47
a 1199 413 0 7 30
a 1199 2128 0 6 23
a 1229 356 0 1167 50
a 1229 400 0 6 6
a 1229 2373 0 5 11
a 1229 1823 0 5 48
a 1229 1126 0 10 33
a 1229 1789 0 5 44
a 1232 1470 0 1167 50
a 1232 712 0 2 44
a 1232 2202 0 6 26
a 1232 1454 0 1 23
a 1232 2086 0 5 50
a 1232 1597 0 2 26
a 1232 1281 0 3 25
a 1232 1358 0 1 35
a 1232 497 0 3 50
a 1232 386 0 6 29
a 1241 2671 0 1167 50
a 1241 2046 0 1 37
a 1241 1913 0 3 44
a 1241 1081 0 1 23
a 1241 1614 0 6 20
a 1241 2872 0 3 36
a 1241 50 0 8 12
a 1241 1908 0 6 23
a 1241 177 0 5 25
a 1249 2075 0 1167 50
a 1249 143 0 4 4
a 1249 329 0 8 8
a 1249 640 0 6 44
a 1249 2245 0 2 24
a 1249 311 0 4 44
a 1249 328 0 8 3
a 1249 2317 0 8 5
a 1249 402 0 5 48
a 1269 274 0 1167 9
a 1269 340 0 9 4
a 1269 662 0 7 21
a 1269 1380 0 4 4
a 1269 1608 0 9 29
a 1269 2612 0 4 46
a 1269 3000 0 5 26
a 1269 648 0 4 46
a 1269 524 0 6 7
a 1269 2530 0 10 3
a 1269 2245 0 3 32
a 1269 1697 0 8 2
a 1294 2782 0 1167 50
a 1294 1057 0 3 35
a 1294 2009 0 10 1
a 1303 527 0 1167 1
a 1303 2781 0 3 43
a 1303 1433 0 10 38
a 1303 1616 0 1 38
a 1303 832 0 10 32
a 1303 1019 0 2 3
a 1303 762 0 8 15
a 1303 1548 0 4 10
a 1303 1745 0 5 14
a 1309 1931 0 1167 26
a 1309 1640 0 8 1
a 1309 2527 0 5 45
a 1309 1561 0 9 39
a 1309 1242 0 5 7
a 1309 1044 0 4 36
a 1309 1943 0 10 1
a 1309 1799 0 2 50
a 1309 2823 0 2 27
a 1362 142 0 1167 50
a 1362 2448 0 6 23
a 1362 2513 0 5 18
a 1362 703 0 7 7
a 1373 1168 0 1167 48
a 1373 1381 0 7 12
a 1373 223 0 2 38
a 1373 1174 0 7 36
a 1373 2212 0 3 31
a 1373 1747 0 1 11
a 1373 2686 0 2 6
a 1373 1916 0 4 40
a 1373 1921 0 7 30
a 1373 520 0 1 33
a 1373 2303 0 5 8
a 1373 759 0 4 10
a 1373 2705 0 5 42
a 1373 2677 0 5 18
a 1385 2689 0 1167 38
a 1385 1304 0 7 5
a 1385 202 0 9 34
a 1436 1269 0 1167 50
a 1436 2764 0 4 31
a 1440 1611 0 1167 48
a 1440 1947 0 3 40
a 1443 1627 0 1167 31
a 1443 2706 0 3 14
a 1443 681 0 7 9
a 1443 2736 0 2 14
a 1443 1490 0 2 41
a 1443 2164 0 1 37
a 1443 306 0 9 46
a 1443 1863 0 4 33
a 1443 2255 0 1 23
a 1470 520 0 1167 38
a 1470 2935 0 10 7
a 1470 753 0 6 22
a 1470 2284 0 8 17
a 1470 1663 0 8 4
a 1470 1032 0 2 31
a 1470 1129 0 7 17
a 1470 1865 0 2 9
a 1471 1761 0 1167 38
a 1471 1232 0 2 39
a 1471 801 0 2 45
a 1471 2035 0 9 49
a 1471 2318 0 10 19
a 1471 1938 0 1 9
a 1471 168 0 6 21
a 1471 2946 0 2 28
a 1471 681 0 3 7
a 1471 2392 0 7 6
a 1472 1362 0 1167 41
a 1472 1540 0 10 10
a 1472 941 0 7 42
a 1472 2526 0 8 23
a 1472 1568 0 8 47
a 1472 1777 0 5 28
a 1472 1588 0 4 30
a 1472 2195 0 6 25
a 1472 2101 0 9 46
a 1472 2741 0 1 28
a 1472 228 0 3 46
a 1480 756 0 1167 6
a 1480 683 0 10 34
a 1480 23 0 4 20
a 1480 1689 0 10 18
a 1480 1733 0 8 34
a 1480 134 0 2 39
a 1480 1385 0 5 33
a 1497 2361 0 1167 50
a 1497 906 0 3 35
a 1497 601 0 6 15
a 1497 1689 0 9 40
a 1497 1171 0 8 2
a 1497 1119 0 5 5
a 1497 448 0 2 21
a 1497 2064 0 9 35
a 1497 330 0 4 21
a 1497 1668 0 2 13
a 1497 739 0 10 5
a 1497 806 0 10 2
a 1497 2369 0 1 14
a 1497 1114 0 6 49
a 1497 1734 0 3 37
a 1498 2874 0 1167 13
a 1498 1709 0 7 28
a 1498 507 0 7 4
a 1498 1162 0 7 49
a 1498 682 0 8 44
a 1498 3000 0 8 4
a 1498 1341 0 7 18
a 1506 748 0 1167 50
a 1506 206 0 10 27
a 1506 2811 0 2 47
a 1506 1663 0 8 40
a 1506 2056 0 7 6
a 1506 532 0 2 42
a 1506 840 0 4 50
a 1506 1022 0 8 36
a 1506 926 0 1 15
a 1506 2220 0 5 42
a 1506 2947 0 2 23
a 1506 1809 0 9 11
a 1514 2465 0 1167 6
a 1514 1173 0 8 3
a 1514 1223 0 3 26
a 1514 1339 0 1 16
a 1514 2939 0 3 24
a 1514 299 0 10 13
a 1514 676 0 1 46
a 1514 2221 0 1 23
a 1514 964 0 9 24
a 1514 1115 0 5 8
a 1514 1779 0 1 30
a 1514 1400 0 9 39
a 1514 1523 0 1 3
a 1514 770 0 4 11
a 1514 86 0 8 6
a 1514 729 0 4 17
a 1514 41 0 2 39
a 1525 2994 0 1167 20
a 1525 2308 0 3 6
a 1525 1901 0 5 35
a 1525 1119 0 1 19
a 1525 1644 0 7 8
a 1525 1475 0 9 44
a 1525 2132 0 5 26
a 1525 152 0 6 48
a 1531 1063 0 1167 40
a 1531 1926 0 1 27
a 1531 450 0 4 22
a 1531 1336 0 9 25
a 1531 1609 0 10 2
a 1531 2973 0 9 8
a 1531 1657 0 8 11
a 1531 2254 0 9 45
a 1531 2384 0 7 28
a 1531 1109 0 6 25
a 1531 2713 0 8 34
a 1531 2109 0 8 31
a 1531 988 0 10 5
a 1531 1101 0 8 3
a 1531 2630 0 4 42
a 1531 1572 0 8 40
a 1531 2353 0 4 10
a 1569 1514 0 1167 50
a 1569 618 0 10 42
a 1569 1552 0 3 42
a 1569 2826 0 2 18
a 1569 763 0 5 49
a 1575 1050 0 1167 38
a 1575 1902 0 8 24
a 1575 2996 0 4 27
a 1575 2190 0 6 31
a 1575 2970 0 1 18
a 1575 618 0 9 26
a 1575 1204 0 1 45
a 1575 1839 0 9 42
a 1575 2246 0 8 40
a 1606 743 0 1167 50
a 1606 2726 0 7 13
a 1606 2386 0 8 2
a 1606 1034 0 3 8
a 1606 437 0 10 6
a 1606 205 0 9 3
a 1606 1629 0 4 27
a 1606 124 0 7 23
a 1606 2206 0 6 23
a 1606 1489 0 9 20
a 1606 2067 0 4 4
a 1606 106 0 10 12
a 1606 1774 0 1 35
a 1606 1659 0 3 49
a 1606 93 0 6 13
a 1606 2972 0 1 19
a 1606 1427 0 5 15
a 1606 2774 0 4 25
a 1606 218 0 3 34
a 1611 889 0 1167 50
a 1611 890 0 3 38
a 1611 689 0 7 10
a 1611 1146 0 10 37
a 1611 2380 0 8 47
a 1611 2600 0 7 24
a 1611 1909 0 9 19
a 1611 2639 0 9 21
a 1611 1399 0 2 7
a 1611 881 0 2 43
a 1611 2276 0 5 38
a 1611 874 0 9 13
a 1611 678 0 8 37
a 1627 943 0 1167 50
a 1627 1972 0 3 36
a 1627 1096 0 10 27
a 1627 2118 0 9 27
a 1627 2314 0 2 1
a 1627 2373 0 2 28
a 1627 1856 0 6 9
a 1627 584 0 1 34
a 1627 1185 0 4 43
a 1627 1688 0 2 49
a 1627 370 0 10 10
a 1627 2880 0 2 28
a 1627 2075 0 9 8
a 1645 831 0 1167 50
a 1645 2673 0 9 45
a 1645 1702 0 1 38
a 1645 66 0 7 32
a 1645 2945 0 10 1
a 1645 619 0 1 33
a 1677 2925 0 1167 50
a 1677 893 0 4 12
a 1677 2671 0 3 14
a 1677 2574 0 1 34
a 1677 1581 0 2 48
a 1677 2636 0 2 26
a 1677 2676 0 1 3
a 1682 2258 0 1167 50
a 1682 540 0 8 49
a 1682 1557 0 2 7
a 1682 2689 0 2 5
a 1682 952 0 10 28
a 1682 1123 0 1 28
a 1682 2857 0 2 36
a 1682 1564 0 2 36
a 1682 537 0 4 8
a 1682 1142 0 6 44
a 1682 1528 0 9 11
a 1682 1631 0 7 19
a 1682 981 0 9 5
a 1682 674 0 5 49
a 1682 189 0 1 12
a 1682 2428 0 9 33
a 1682 2575 0 10 3
a 1682 2412 0 6 15
a 1694 1294 0 1167 50
a 1694 1638 0 7 37
a 1694 203 0 7 37
a 1694 224 0 3 34
a 1697 1092 0 1167 35
a 1697 2854 0 1 47
a 1697 1176 0 2 43
a 1697 1237 0 9 38
a 1697 2257 0 6 9
a 1697 547 0 3 28
a 1697 921 0 5 48
a 1697 1800 0 9 9
a 1697 1614 0 8 20
a 1697 1866 0 8 25
a 1697 925 0 9 8
a 1697 2144 0 5 45
a 1697 1910 0 6 34
a 1697 363 0 1 33
a 1697 2561 0 8 28
a 1697 751 0 10 38
a 1701 2538 0 1167 50
a 1701 2773 0 8 46
a 1701 1351 0 8 50
a 1701 144 0 5 28
a 1701 557 0 8 8
a 1701 882 0 10 15
a 1727 2932 0 1167 42
a 1727 399 0 3 30
a 1727 141 0 9 28
a 1727 2843 0 5 7
a 1727 1872 0 7 46
a 1727 774 0 2 11
a 1727 324 0 7 24
a 1727 197 0 5 6
a 1727 1267 0 1 3
a 1727 548 0 2 4
a 1727 395 0 8 45
a 1727 625 0 1 44
a 1727 482 0 4 2
a 1727 360 0 4 28
a 1727 2267 0 6 21
a 1761 256 0 1167 50
a 1761 106 0 6 1
a 1761 692 0 7 30
a 1761 1519 0 9 27
a 1761 1075 0 10 8
a 1761 1833 0 5 30
a 1761 1368 0 6 49
a 1761 2061 0 9 22
a 1761 1726 0 3 16
a 1761 2852 0 8 41
a 1804 2402 0 1167 50
a 1804 1661 0 10 19
a 1804 1257 0 2 4
a 1804 2418 0 1 10
a 1804 1377 0 7 43
a 1804 772 0 7 3
a 1804 989 0 6 20
a 1804 2662 0 6 2
a 1804 2667 0 7 30
a 1804 1907 0 1 23
a 1804 1994 0 8 33
a 1804 2978 0 6 19
a 1804 1190 0 5 33
a 1804 2503 0 5 46
a 1829 1182 0 1167 50
a 1829 1260 0 2 12
a 1829 2792 0 1 47
a 1829 2658 0 5 46
a 1829 406 0 6 14
a 1835 2779 0 1167 50
a 1835 355 0 4 2
a 1835 343 0 7 39
a 1835 1159 0 5 32
a 1835 1833 0 1 10
a 1835 1764 0 6 33
a 1835 2083 0 2 47
a 1835 649 0 9 17
a 1835 439 0 7 37
a 1835 1089 0 5 3
a 1835 817 0 8 49
a 1835 650 0 4 23
a 1835 2398 0 8 7
a 1839 1443 0 1167 50
a 1839 2667 0 7 2
a 1839 2498 0 3 32
a 1839 1600 0 4 2
a 1839 2731 0 10 33
a 1839 1631 0 6 7
a 1839 274 0 6 41
a 1839 1559 0 10 44
a 1839 454 0 10 11
a 1839 2279 0 1 13
a 1839 330 0 1 18
a 1839 426 0 10 31
a 1839 615 0 6 14
a 1839 1736 0 6 19
a 1849 130 0 1167 50
a 1849 597 0 3 45
a 1849 54 0 6 14
a 1849 1164 0 3 12
a 1849 1643 0 8 27
a 1849 2627 0 2 3
a 1849 243 0 5 14
a 1849 139 0 3 36
a 1849 101 0 4 20
a 1849 1001 0 10 33
a 1849 1671 0 5 15
a 1849 2357 0 7 24
a 1849 1968 0 6 40
a 1849 732 0 9 26
a 1899 257 0 1167 50
a 1899 1010 0 4 13
a 1899 2800 0 7 6
a 1899 2235 0 1 20
a 1899 794 0 7 13
a 1899 2792 0 5 13
a 1899 1506 0 4 12
a 1899 2507 0 1 45
a 1899 2269 0 4 40
a 1899 1675 0 4 18
a 1899 1099 0 4 46
a 1899 2505 0 7 4
a 1899 74 0 9 33
a 1899 76 0 3 39
a 1899 353 0 7 16
a 1899 2752 0 10 32
a 1899 107 0 9 6
a 1906 426 0 1167 50
a 1906 822 0 2 32
a 1906 287 0 3 41
a 1906 2242 0 2 23
a 1906 1278 0 2 3
a 1906 2147 0 9 41
a 1906 658 0 9 9
a 1906 569 0 2 46
a 1906 163 0 9 6
a 1906 726 0 10 42
a 1906 148 0 7 16
a 1906 659 0 1 6
a 1906 2053 0 2 30
a 1906 638 0 8 21
a 1906 2001 0 10 38
a 1920 2675 0 1167 50
a 1920 2794 0 8 27
a 1920 1852 0 6 29
a 1920 1790 0 6 38
a 1920 1888 0 4 20
a 1920 1185 0 3 34
a 1920 462 0 5 50
a 1920 628 0 8 23
a 1931 646 0 1167 50
a 1931 2615 0 6 42
a 1931 944 0 1 46
a 1931 230 0 4 45
a 1931 2890 0 6 10
a 1931 1918 0 9 47
a 1931 719 0 4 39
a 1931 731 0 6 38
a 1931 2139 0 7 19
a 1931 426 0 8 49
a 1931 401 0 4 2
a 1931 295 0 4 2
a 1931 814 0 6 25
a 1931 1304 0 9 16
a 1931 1429 0 3 21
a 1931 986 0 7 34
a 1943 2773 0 1167 20
a 1943 969 0 4 48
a 1943 482 0 9 14
a 1943 372 0 1 20
a 1943 2156 0 8 4
a 1943 2468 0 10 49
a 1943 715 0 7 18
a 1943 1917 0 5 15
a 1943 806 0 1 10
a 1943 1244 0 2 19
a 1943 2353 0 8 17
a 1943 564 0 8 14
a 1943 1150 0 3 37
a 1963 591 0 1167 50
a 1963 477 0 1 44
a 1963 2628 0 1 31
a 1963 1437 0 8 19
a 1963 407 0 5 46
a 1963 2351 0 1 18
a 1963 2133 0 6 37
a 1963 1731 0 1 21
a 1963 805 0 5 2
a 1967 873 0 1167 50
a 1967 2505 0 3 34
a 1967 1406 0 6 37
a 1967 2462 0 3 48
a 1967 322 0 1 39
a 2002 2595 0 1167 7
a 2002 1900 0 3 38
a 2002 1523 0 2 24
a 2002 2562 0 4 32
a 2012 2419 0 1167 25
a 2012 1350 0 3 26
a 2012 1456 0 8 14
a 2012 2244 0 1 42
a 2012 169 0 7 23
a 2012 2954 0 8 26
a 2012 2792 0 1 43
a 2012 803 0 3 17
a 2012 97 0 8 36
a 2012 594 0 9 21
a 2012 1771 0 3 31
a 2012 433 0 4 9
a 2012 1675 0 9 1
a 2012 1687 0 3 39
a 2012 992 0 3 41
a 2012 2433 0 10 27
a 2012 2444 0 6 16
a 2023 1829 0 1167 50
a 2023 2570 0 1 3
a 2023 655 0 8 42
a 2023 776 0 3 37
a 2023 649 0 9 27
a 2023 1463 0 2 48
a 2023 2857 0 1 28
a 2023 134 0 5 30
a 2023 1153 0 6 2
a 2023 1534 0 8 43
a 2023 1202 0 5 23
a 2023 381 0 2 7
a 2023 1516 0 9 34
a 2023 1326 0 9 4
a 2023 2163 0 3 11
a 2023 168 0 2 41
a 2023 2995 0 4 3
a 2025 2077 0 1167 50
a 2025 1890 0 8 39
a 2025 103 0 2 28
a 2038 2537 0 1167 50
a 2038 397 0 9 29
a 2038 1925 0 4 20
a 2038 907 0 6 21
a 2038 581 0 1 7
a 2038 187 0 1 9
a 2038 2705 0 10 49
a 2038 1087 0 8 45
a 2038 1674 0 1 42
a 2038 1397 0 5 9
a 2040 1155 0 1167 18
a 2040 1889 0 9 15
a 2057 389 0 1167 22
a 2057 211 0 6 17
a 2057 2706 0 8 36
a 2057 1077 0 1 28
a 2057 2415 0 10 16
a 2057 2357 0 10 40
a 2057 1892 0 1 28
a 2057 821 0 2 38
a 2057 610 0 7 2
a 2057 2798 0 9 36
a 2057 235 0 8 19
a 2057 1357 0 7 9
a 2075 2002 0 1167 30
a 2075 2165 0 3 44
a 2075 1686 0 7 4
a 2075 2280 0 10 4
a 2075 2180 0 2 10
a 2075 270 0 8 24
a 2075 2164 0 10 29
a 2075 1679 0 6 34
a 2075 345 0 1 7
a 2075 1869 0 6 30
a 2075 2631 0 8 26
a 2075 2326 0 10 25
a 2075 2816 0 2 6
a 2075 225 0 1 12
a 2075 2409 0 6 41
a 2075 2269 0 10 48
a 2075 1424 0 10 48
a 2075 360 0 2 8
a 2075 145 0 3 38
a 2077 344 0 1167 4
a 2077 1857 0 7 33
a 2077 1156 0 2 21
a 2077 1495 0 8 41
a 2077 100 0 10 43
a 2077 356 0 2 40
a 2077 2378 0 5 11
a 2104 1373 0 1167 23
a 2104 2894 0 1 40
a 2162 155 0 1167 28
a 2162 2887 0 2 22
a 2189 1920 0 1167 50
a 2189 929 0 3 13
a 2189 2852 0 7 24
a 2189 1970 0 5 49
a 2189 243 0 5 27
a 2189 1408 0 2 12
a 2189 1391 0 3 20
a 2190 2977 0 1167 37
a 2190 1723 0 2 16
a 2190 1481 0 6 46
a 2190 2841 0 6 47
a 2190 2333 0 8 25
a 2190 206 0 3 49
a 2190 2203 0 3 24
a 2190 818 0 6 35
a 2190 2101 0 1 32
a 2190 2580 0 9 32
a 2190 1916 0 4 32
a 2190 1847 0 8 46
a 2190 2984 0 1 32
a 2190 74 0 9 25
a 2190 1870 0 2 50
a 2190 1571 0 7 33
a 2191 800 0 1167 50
a 2191 668 0 3 43
a 2204 2716 0 1167 24
a 2204 1977 0 2 31
a 2204 234 0 4 24
a 2204 154 0 7 22
a 2217 1835 0 1167 16
a 2217 2424 0 2 35
a 2217 136 0 4 33
a 2217 2835 0 4 20
a 2217 185 0 4 30
a 2217 2262 0 5 28
a 2217 2931 0 6 50
a 2217 304 0 7 13
a 2217 1478 0 1 8
a 2217 379 0 6 36
a 2217 2973 0 7 22
a 2217 1787 0 4 16
a 2217 2397 0 7 19
a 2217 2902 0 5 6
a 2217 2591 0 2 7
a 2217 2686 0 6 24
a 2217 2131 0 9 20
a 2217 177 0 1 13
a 2217 1463 0 2 48
a 2218 1575 0 1167 33
a 2218 1831 0 3 25
a 2218 1755 0 3 49
a 2218 168 0 8 44
a 2218 2855 0 2 9
a 2218 339 0 9 45
a 2218 2030 0 3 35
a 2218 406 0 9 34
a 2218 1788 0 2 16
a 2218 802 0 1 3
a 2218 2520 0 4 31
a 2222 975 0 1167 49
a 2222 1964 0 6 35
a 2222 1035 0 1 34
a 2258 2966 0 1167 50
a 2258 933 0 8 14
a 2258 374 0 3 40
a 2258 2021 0 6 27
a 2258 440 0 5 33
a 2258 827 0 1 33
a 2258 1762 0 9 31
a 2258 215 0 1 1
a 2258 1148 0 9 4
a 2258 1880 0 10 39
a 2258 2904 0 5 32
a 2258 2019 0 1 31
a 2258 883 0 5 22
a 2258 1676 0 7 20
a 2258 1844 0 5 38
a 2258 1348 0 3 48
a 2258 1079 0 3 47
a 2258 322 0 2 46
a 2269 312 0 1167 50
a 2269 2195 0 9 36
a 2269 761 0 8 46
a 2269 1901 0 7 27
a 2269 1914 0 6 10
a 2269 929 0 3 20
a 2269 792 0 7 11
a 2269 823 0 7 16
a 2269 1042 0 3 46
a 2269 596 0 4 11
a 2269 1213 0 7 28
a 2269 1034 0 6 48
a 2269 1865 0 6 37
a 2269 991 0 2 43
a 2269 133 0 3 50
a 2269 1568 0 8 17
a 2269 926 0 4 35
a 2269 1971 0 2 13
a 2311 2467 0 1167 24
a 2311 51 0 2 15
a 2311 992 0 5 13
a 2311 196 0 2 5
a 2311 558 0 2 21
a 2311 1937 0 3 26
a 2311 2468 0 9 32
a 2311 2944 0 9 21
a 2311 1415 0 3 4
a 2311 1798 0 5 12
a 2312 2040 0 1167 50
a 2312 2454 0 5 37
a 2312 1890 0 8 2
a 2312 756 0 7 22
a 2312 2153 0 1 49
a 2312 2278 0 7 39
a 2312 2322 0 10 24
a 2312 323 0 5 32
a 2312 1675 0 4 21
a 2312 2488 0 7 37
a 2312 1269 0 2 11
a 2312 452 0 9 42
a 2312 1686 0 4 31
a 2312 1610 0 5 24
a 2312 706 0 6 21
a 2312 943 0 3 21
a 2312 2109 0 10 5
a 2312 1303 0 9 39
a 2315 931 0 1167 50
a 2315 1955 0 2 8
a 2315 2421 0 9 39
a 2315 2855 0 8 4
a 2315 1073 0 6 9
a 2315 2666 0 5 12
a 2315 708 0 1 46
a 2315 938 0 3 31
a 2321 1645 0 1167 27
a 2321 64 0 7 24
a 2321 85 0 4 45
a 2321 664 0 9 38
a 2321 61 0 10 4
a 2321 636 0 5 31
a 2321 719 0 1 9
a 2326 2956 0 1167 15
a 2326 1186 0 1 24
a 2326 2276 0 1 25
a 2326 376 0 7 9
a 2326 1291 0 4 15
a 2326 2929 0 6 34
a 2326 2383 0 1 10
a 2326 1290 0 7 5
a 2357 1506 0 1167 50
a 2357 2860 0 8 19
a 2357 2103 0 8 11
a 2357 2771 0 4 20
a 2357 65 0 7 9
a 2357 1081 0 6 23
a 2357 2116 0 8 35
a 2357 130 0 10 10
a 2357 2106 0 9 12
a 2361 2023 0 1167 50
a 2361 2362 0 2 47
a 2361 618 0 7 17
a 2361 156 0 5 24
a 2361 2662 0 3 26
a 2361 125 0 1 29
a 2361 1602 0 8 18
a 2361 211 0 7 31
a 2361 597 0 6 40
a 2361 1007 0 2 31
a 2361 973 0 4 46
a 2361 102 0 5 49
a 2367 1906 0 1167 10
a 2367 936 0 7 24
a 2367 976 0 1 11
a 2367 2712 0 10 33
a 2367 1803 0 2 22
a 2367 1580 0 5 16
a 2367 257 0 7 46
a 2367 124 0 9 25
a 2367 1750 0 3 20
a 2367 1113 0 1 41
a 2367 113 0 9 37
a 2367 2322 0 3 41
a 2367 394 0 9 12
a 2367 566 0 9 20
a 2367 2899 0 9 12
a 2371 1804 0 1167 50
a 2371 413 0 1 3
a 2371 682 0 7 43
a 2371 211 0 2 10
a 2371 536 0 6 10
a 2371 1976 0 6 18
a 2371 2019 0 2 9
a 2371 93 0 4 50
a 2371 753 0 8 27
a 2402 2750 0 1167 32
a 2402 2057 0 4 41
a 2402 1197 0 7 1
a 2402 2944 0 5 21
a 2402 1827 0 8 21
a 2412 164 0 1167 50
a 2412 178 0 3 5
a 2412 2240 0 5 22
a 2412 867 0 9 10
a 2412 256 0 5 11
a 2412 1465 0 7 48
a 2412 2122 0 4 38
a 2412 2806 0 6 41
a 2412 2888 0 2 13
a 2412 1048 0 7 30
a 2412 2294 0 2 36
a 2412 245 0 2 24
a 2412 864 0 1 9
a 2412 1765 0 10 36
a 2413 2315 0 1167 2
a 2413 392 0 4 16
a 2413 690 0 10 28
a 2413 2965 0 1 9
a 2413 2770 0 1 33
a 2413 2032 0 10 40
a 2413 2477 0 1 40
a 2413 2070 0 10 48
a 2413 2816 0 4 11
a 2413 1620 0 4 43
a 2413 730 0 1 22
a 2419 868 0 1167 50
a 2419 203 0 9 18
a 2419 1357 0 10 49
a 2419 622 0 9 18
a 2419 2712 0 1 27
a 2419 515 0 9 32
a 2419 641 0 6 25
a 2419 810 0 10 43
a 2419 1787 0 7 22
a 2419 90 0 10 36
a 2419 2245 0 4 24
a 2426 1083 0 1167 35
a 2426 2820 0 5 25
a 2426 1911 0 2 13
a 2426 608 0 2 19
a 2426 2797 0 8 7
a 2426 2602 0 6 7
a 2426 1520 0 5 31
a 2426 2112 0 7 16
a 2426 2328 0 7 4
a 2426 246 0 8 17
a 2426 399 0 1 26
a 2426 1968 0 8 15
a 2465 1606 0 1167 50
a 2465 1475 0 1 49
a 2465 1644 0 7 32
a 2465 1770 0 7 18
a 2465 314 0 3 39
a 2465 1575 0 10 4
a 2465 1773 0 4 35
a 2465 107 0 4 22
a 2467 2367 0 1167 8
a 2467 2622 0 6 15
a 2467 1972 0 6 43
a 2490 1682 0 1167 50
a 2490 2078 0 5 5
a 2490 516 0 8 12
a 2490 2773 0 8 24
a 2490 2793 0 4 26
a 2490 1694 0 3 46
a 2490 2067 0 3 47
a 2490 2593 0 7 1
a 2490 2457 0 1 38
a 2490 753 0 1 2
a 2501 1849 0 1167 50
a 2501 765 0 4 31
a 2501 1470 0 6 31
a 2501 1151 0 5 38
a 2501 1372 0 1 38
a 2501 1079 0 8 5
a 2501 2094 0 10 21
a 2501 2926 0 7 41
a 2501 223 0 4 50
a 2501 935 0 6 46
a 2501 1623 0 7 39
a 2501 104 0 3 20
a 2501 2824 0 5 5
a 2501 2861 0 6 41
a 2517 826 0 1167 2
a 2517 2726 0 7 31
a 2517 2373 0 4 36
a 2517 1223 0 6 18
a 2517 2056 0 1 42
a 2517 2144 0 1 23
a 2517 824 0 8 24
a 2537 964 0 1167 6
a 2537 1277 0 3 10
a 2537 790 0 8 17
a 2537 201 0 5 2
a 2538 2222 0 1167 42
a 2538 2867 0 9 31
a 2538 2011 0 4 34
a 2538 1133 0 3 28
a 2538 355 0 9 23
a 2538 924 0 10 13
a 2538 430 0 8 36
a 2538 492 0 6 30
a 2538 2176 0 3 3
a 2538 614 0 2 40
a 2538 2828 0 10 28
a 2538 2288 0 4 19
a 2538 1462 0 8 7
a 2538 1050 0 6 1
a 2538 1137 0 5 31
a 2538 1403 0 1 20
a 2538 2325 0 5 47
a 2538 2002 0 2 16
a 2538 2394 0 7 7
a 2554 578 0 1167 50
a 2554 565 0 9 7
a 2554 904 0 2 16
a 2554 1775 0 8 4
a 2554 2244 0 2 39
a 2554 2002 0 8 19
a 2554 2832 0 1 26
a 2554 2503 0 10 49
a 2554 2790 0 1 41
a 2554 792 0 5 35
a 2554 1652 0 3 36
a 2554 1209 0 4 48
a 2571 2311 0 1167 1
a 2571 1003 0 3 14
a 2571 2095 0 1 4
a 2571 2885 0 1 1
a 2571 645 0 4 36
a 2595 1471 0 1167 6
a 2595 1506 0 3 50
a 2595 247 0 6 40
a 2595 525 0 3 42
a 2595 1602 0 8 28
a 2595 2670 0 3 12
a 2610 2749 0 1167 50
a 2610 938 0 7 32
a 2610 820 0 4 7
a 2610 1231 0 7 46
a 2610 1878 0 10 37
a 2610 752 0 2 18
a 2610 2974 0 2 14
a 2610 2891 0 9 28
a 2610 1377 0 8 50
a 2610 2955 0 4 31
a 2610 2461 0 6 34
a 2610 2161 0 8 29
a 2610 2856 0 3 12
a 2610 1046 0 9 24
a 2610 1808 0 7 32
a 2610 2303 0 1 18
a 2610 1049 0 1 5
a 2610 320 0 9 21
a 2610 901 0 4 36
a 2622 1232 0 1167 34
a 2622 990 0 6 42
a 2622 1858 0 10 43
a 2622 2881 0 6 41
a 2622 1475 0 6 4
a 2622 439 0 3 29
a 2622 2498 0 4 18
a 2622 644 0 5 11
a 2671 1472 0 1167 48
a 2671 1875 0 6 36
a 2671 2776 0 7 21
a 2671 2899 0 5 35
a 2671 143 0 8 21
a 2671 2521 0 10 1
a 2671 1679 0 6 45
a 2671 2611 0 4 10
a 2671 623 0 6 21
a 2671 702 0 2 25
a 2671 1994 0 2 28
a 2671 560 0 8 16
a 2671 861 0 10 46
a 2671 877 0 4 41
a 2671 1401 0 6 40
a 2671 2070 0 5 8
a 2671 1108 0 9 41
a 2671 1337 0 10 32
a 2671 373 0 4 39
a 2675 279 0 1167 50
a 2675 1813 0 8 40
a 2675 364 0 3 10
a 2675 304 0 9 18
a 2675 502 0 10 13
a 2675 2107 0 7 26
a 2675 2241 0 10 41
a 2675 1569 0 8 17
a 2675 1703 0 5 11
a 2675 629 0 7 39
a 2675 516 0 2 15
a 2675 2264 0 4 21
a 2675 1182 0 3 32
a 2675 2865 0 2 47
a 2675 2835 0 2 24
a 2675 328 0 7 2
a 2689 1480 0 1167 50
a 2689 1837 0 2 13
a 2689 94 0 10 14
a 2716 2218 0 1167 50
a 2716 1994 0 6 23
a 2716 1629 0 2 34
a 2716 2163 0 5 50
a 2716 1800 0 10 44
a 2716 2621 0 4 3
a 2716 2632 0 1 44
a 2716 1895 0 1 32
a 2716 859 0 4 41
a 2716 2941 0 6 30
a 2749 1241 0 1167 50
a 2749 79 0 4 26
a 2749 2806 0 8 38
a 2749 2662 0 3 12
a 2749 1754 0 8 23
a 2749 2558 0 4 11
a 2749 95 0 10 10
a 2749 2131 0 3 26
a 2750 778 0 1167 2
a 2750 949 0 9 11
a 2750 2460 0 9 26
a 2750 583 0 10 34
a 2750 2770 0 10 3
a 2750 2543 0 3 9
a 2773 2321 0 1167 50
a 2773 316 0 9 40
a 2773 2765 0 8 40
a 2779 2012 0 1167 28
a 2779 2004 0 7 34
a 2779 757 0 4 11
a 2779 196 0 4 1
a 2779 1422 0 7 3
a 2779 1693 0 3 36
a 2779 2440 0 9 13
a 2779 2445 0 10 36
a 2779 1389 0 5 5
a 2779 256 0 8 4
a 2779 891 0 8 1
a 2779 363 0 7 44
a 2779 1136 0 5 30
a 2782 2571 0 1167 50
a 2782 1533 0 2 36
a 2782 2480 0 7 2
a 2782 1932 0 6 6
a 2782 410 0 5 18
a 2782 257 0 4 28
a 2782 1088 0 1 32
a 2782 2447 0 5 38
a 2782 2655 0 3 44
a 2782 2738 0 1 44
a 2782 2890 0 4 44
a 2782 1631 0 2 20
a 2782 2209 0 3 39
a 2782 1545 0 5 31
a 2782 1441 0 5 38
a 2782 806 0 7 28
a 2782 118 0 7 13
a 2782 656 0 4 7
a 2782 409 0 3 23
a 2785 685 0 1167 50
a 2785 1714 0 7 31
a 2785 345 0 6 50
a 2785 1090 0 7 10
a 2785 2837 0 4 32
a 2785 2984 0 10 49
a 2785 1859 0 8 29
a 2785 382 0 2 28
a 2785 1346 0 9 21
a 2785 915 0 7 41
a 2785 2797 0 10 29
a 2785 2432 0 9 2
a 2785 1489 0 5 16
a 2785 2788 0 7 35
a 2785 2531 0 1 42
a 2791 1018 0 1167 46
a 2791 1968 0 10 20
a 2791 1272 0 6 9
a 2791 1531 0 2 31
a 2826 2204 0 1167 50
a 2826 2677 0 9 43
a 2826 521 0 7 33
a 2826 2501 0 6 20
a 2826 2937 0 8 15
a 2826 148 0 7 3
a 2826 1038 0 9 23
a 2826 500 0 6 44
a 2826 2930 0 5 3
a 2826 425 0 5 11
a 2826 278 0 8 18
a 2826 2098 0 10 4
a 2826 2762 0 3 33
a 2826 2732 0 3 30
a 2826 2944 0 5 11
a 2826 671 0 3 37
a 2829 2326 0 1167 2
a 2829 1304 0 6 8
a 2829 51 0 7 13
a 2829 2769 0 8 24
a 2829 1616 0 4 46
a 2829 2995 0 5 28
a 2829 2209 0 8 35
a 2829 1398 0 2 29
a 2829 1946 0 9 17
a 2829 25 0 9 15
a 2829 24 0 1 18
a 2829 1928 0 4 29
a 2846 1309 0 1167 26
a 2846 1684 0 6 43
a 2846 2617 0 6 39
a 2846 242 0 9 31
a 2846 1023 0 3 30
a 2846 1636 0 3 50
a 2846 1813 0 6 17
a 2846 1686 0 10 29
a 2846 1790 0 9 14
a 2846 2044 0 5 2
a 2846 168 0 7 22
a 2846 1517 0 5 29
a 2846 456 0 5 9
a 2846 2191 0 6 9
a 2874 2610 0 1167 9
a 2874 2668 0 10 29
a 2925 927 0 1167 50
a 2925 141 0 4 24
a 2925 1350 0 7 45
a 2925 286 0 4 2
a 2925 2850 0 3 28
a 2932 938 0 1167 50
a 2932 1063 0 10 41
a 2932 1972 0 3 11
a 2932 403 0 2 44
a 2932 913 0 4 5
a 2932 2015 0 1 43
a 2932 19 0 2 10
a 2938 2791 0 1167 50
a 2938 2435 0 4 3
a 2938 2993 0 8 41
a 2938 1188 0 6 35
a 2938 2494 0 1 20
a 2938 2885 0 1 11
a 2938 508 0 4 33
a 2938 787 0 6 46
a 2938 1482 0 4 2
a 2938 2611 0 4 43
a 2938 280 0 5 5
a 2938 54 0 4 29
a 2938 1801 0 3 13
a 2938 680 0 1 38
a 2938 1157 0 3 36
a 2938 68 0 6 40
a 2938 2124 0 8 47
a 2956 411 0 1167 47
a 2956 1715 0 4 1
a 2956 2906 0 4 2
a 2956 2784 0 7 30
a 2956 2747 0 9 29
a 2956 651 0 9 26
a 2956 2647 0 9 20
a 2956 2669 0 1 9
a 2956 1368 0 10 43
a 2956 2746 0 2 37
a 2956 2836 0 6 25
a 2956 1505 0 8 30
a 2966 696 0 1167 50
a 2966 346 0 7 32
a 2966 477 0 4 29
a 2966 265 0 7 45
a 2966 863 0 1 14
a 2966 1302 0 8 24
a 2977 1040 0 1167 11
a 2977 1722 0 10 6
a 2977 564 0 5 16
a 2977 1672 0 1 42
a 2977 159 0 9 38
a 2977 346 0 4 14
a 2 1766 0 448 50
a 2 1822 0 6 4
a 2 1118 0 4 16
a 2 2968 0 9 38
a 2 288 0 4 28
a 2 1913 0 2 33
a 2 2087 0 5 28
a 18 1392 0 448 29
a 18 1221 0 4 20
a 18 1076 0 5 29
a 18 242 0 3 30
a 18 2111 0 9 50
a 18 865 0 4 16
a 18 1175 0 9 27
a 18 1973 0 6 6
a 18 1611 0 4 26
a 18 518 0 6 50
a 18 557 0 1 4
a 18 2564 0 1 1
a 18 2262 0 2 16
a 18 2592 0 1 12
a 18 683 0 3 10
a 18 2528 0 4 36
a 18 1995 0 10 31
a 24 609 0 448 50
a 24 768 0 9 47
a 24 1870 0 4 14
a 24 685 0 5 40
a 24 1017 0 9 28
a 24 989 0 1 3
a 24 1283 0 8 16
a 24 2119 0 4 28
a 24 1602 0 10 4
a 24 2059 0 3 14
a 24 1555 0 5 36
a 26 2496 0 448 50
a 26 2178 0 9 25
a 26 1794 0 6 22
a 26 706 0 10 47
a 26 455 0 3 5
a 26 2919 0 2 5
a 26 2266 0 9 37
a 26 1789 0 10 33
a 26 2256 0 7 5
a 26 960 0 10 1
a 26 2775 0 1 36
a 26 823 0 10 1
a 26 2583 0 3 24
a 38 2762 0 448 15
a 38 288 0 3 12
a 38 2232 0 6 41
a 38 1918 0 4 30
a 38 1180 0 8 15
a 38 2073 0 3 10
a 38 2391 0 9 49
a 38 202 0 6 28
a 38 597 0 10 49
a 38 2570 0 3 48
a 38 372 0 3 4
a 38 491 0 10 1
a 38 1993 0 5 50
a 38 2171 0 9 12
a 38 2145 0 8 16
a 50 314 0 448 7
a 50 2287 0 4 3
a 50 657 0 9 19
a 50 2648 0 9 44
a 50 440 0 6 11
a 50 297 0 8 11
a 50 2699 0 6 25
a 50 2274 0 1 35
a 50 1160 0 7 44
a 61 2451 0 448 42
a 61 2887 0 3 50
a 61 2419 0 5 10
a 61 2424 0 8 21
a 108 2882 0 448 50
a 108 559 0 1 7
a 108 404 0 10 7
a 108 2514 0 10 32
a 108 41 0 1 45
a 144 2294 0 448 50
a 144 880 0 1 34
a 144 2282 0 7 41
a 153 311 0 448 50
a 153 1359 0 3 20
a 153 1102 0 10 42
a 153 266 0 4 35
a 153 939 0 2 30
a 153 734 0 10 8
a 153 1556 0 5 17
a 153 560 0 9 47
a 153 183 0 4 7
a 153 1047 0 7 12
a 153 1650 0 7 7
a 153 194 0 4 19
a 153 903 0 7 9
a 153 300 0 10 49
a 153 165 0 2 7
a 153 1425 0 8 21
a 153 304 0 6 19
a 153 2361 0 8 26
a 178 539 0 448 50
a 178 1604 0 7 21
a 178 439 0 9 48
a 178 2124 0 8 13
a 178 180 0 1 8
a 178 1188 0 5 22
a 178 1237 0 3 23
a 178 2051 0 3 10
a 178 2443 0 10 13
a 178 185 0 7 24
a 178 1868 0 6 8
a 178 1172 0 4 12
a 178 2435 0 7 13
a 178 1323 0 7 16
a 178 1327 0 8 32
a 222 2275 0 448 29
a 222 264 0 5 17
a 222 2616 0 5 15
a 222 2236 0 7 23
a 222 1761 0 1 28
a 222 1111 0 1 42
a 245 61 0 448 50
a 245 303 0 2 44
a 245 770 0 5 2
a 245 2369 0 7 22
a 245 2036 0 1 11
a 245 2659 0 1 28
a 255 588 0 448 10
a 255 1280 0 5 32
a 255 1631 0 7 11
a 255 1447 0 6 26
a 255 2917 0 2 2
a 255 2146 0 7 1
a 255 2609 0 1 23
a 255 2509 0 5 47
a 255 171 0 9 22
a 255 2230 0 9 20
a 255 2201 0 7 22
a 268 2624 0 448 50
a 268 1112 0 6 26
a 268 340 0 10 9
a 282 1178 0 448 33
a 282 2857 0 3 25
a 282 2523 0 5 9
a 282 2136 0 4 7
a 282 132 0 8 6
a 282 534 0 7 49
a 282 695 0 3 44
a 282 1652 0 8 11
a 282 1863 0 1 25
a 282 2737 0 10 49
a 309 788 0 448 32
a 309 904 0 4 41
a 309 2059 0 6 30
a 309 780 0 4 43
a 309 2840 0 6 49
a 309 2984 0 3 18
a 309 601 0 5 2
a 309 2067 0 5 7
a 309 2233 0 1 14
a 309 2935 0 3 46
a 309 930 0 2 45
a 309 1979 0 2 4
a 309 139 0 9 28
a 309 2320 0 3 23
a 309 1377 0 1 47
a 309 371 0 5 41
a 309 2177 0 7 7
a 309 580 0 8 9
a 309 2363 0 5 15
a 311 2945 0 448 37
a 311 780 0 1 38
a 311 175 0 1 14
a 311 1235 0 1 12
a 311 2669 0 8 38
a 311 2286 0 4 25
a 311 2099 0 9 3
a 311 828 0 7 4
a 311 1488 0 8 34
a 311 2896 0 1 32
a 311 398 0 3 48
a 311 1411 0 10 49
a 311 1430 0 6 50
a 313 967 0 448 50
a 313 1603 0 4 38
a 313 1315 0 2 23
a 313 1606 0 3 23
a 313 1764 0 2 42
a 313 841 0 5 37
a 313 1595 0 4 15
a 313 783 0 1 24
a 313 536 0 4 47
a 313 615 0 1 39
a 313 2132 0 7 48
a 313 2552 0 3 48
a 313 499 0 5 41
a 313 1024 0 9 23
a 314 452 0 448 16
a 314 1715 0 1 15
a 314 1543 0 1 27
a 314 2851 0 9 2
a 314 2506 0 2 2
a 314 70 0 1 16
a 314 304 0 1 49
a 314 1127 0 7 27
a 314 1223 0 5 45
a 314 1674 0 9 21
a 314 1415 0 6 46
a 331 1771 0 448 50
a 331 175 0 9 25
a 331 2320 0 1 23
a 331 1684 0 8 3
a 367 144 0 448 40
a 367 1489 0 4 43
a 367 1014 0 2 30
a 367 2253 0 1 50
a 367 474 0 7 23
a 367 1220 0 8 16
a 367 1486 0 2 30
a 367 48 0 6 48
a 367 1479 0 8 29
a 367 835 0 2 39
a 367 1953 0 8 34
a 367 436 0 6 2
a 367 1050 0 3 41
a 367 1527 0 1 14
a 367 219 0 6 45
a 367 2114 0 9 44
a 367 2570 0 7 16
a 367 1456 0 1 34
a 367 1693 0 5 28
a 388 1604 0 448 39
a 388 73 0 5 10
a 390 1402 0 448 50
a 390 1571 0 10 36
a 390 59 0 9 16
a 390 537 0 10 23
a 390 1752 0 9 5
a 390 592 0 7 11
a 394 2808 0 448 50
a 394 413 0 3 32
a 394 88 0 6 15
a 394 2108 0 5 25
a 394 2431 0 4 22
a 394 1733 0 2 40
a 394 2911 0 1 25
a 394 2902 0 7 28
a 394 2127 0 9 7
a 394 1445 0 1 33
a 394 376 0 4 12
a 394 965 0 2 28
a 394 1178 0 5 47
a 394 2527 0 10 15
a 394 1310 0 10 22
a 394 1259 0 3 50
a 399 1210 0 448 50
a 399 1362 0 7 31
a 399 2619 0 2 8
a 399 1025 0 9 37
a 399 2443 0 4 14
a 399 1423 0 1 10
a 399 86 0 2 31
a 399 1737 0 3 33
a 399 2466 0 9 1
a 399 421 0 10 11
a 399 2544 0 10 7
a 399 407 0 2 42
a 399 1834 0 8 43
a 399 903 0 8 18
a 399 544 0 5 5
a 399 130 0 1 48
a 404 399 0 448 50
a 404 2412 0 10 16
a 404 1752 0 5 3
a 404 1590 0 5 10
a 404 2779 0 9 43
a 404 2187 0 1 8
a 404 2278 0 1 9
a 404 2259 0 10 35
a 404 675 0 9 40
a 404 1211 0 4 1
a 404 657 0 4 9
a 404 2824 0 2 38
a 404 2938 0 6 49
a 406 26 0 448 50
a 406 960 0 10 38
a 406 1943 0 1 24
a 406 1147 0 4 16
a 406 1714 0 5 6
a 414 494 0 448 48
a 414 2388 0 5 42
a 414 350 0 10 28
a 414 1911 0 4 5
a 414 2374 0 1 42
a 414 868 0 6 24
a 414 2224 0 6 8
a 414 2008 0 6 49
a 414 2770 0 3 28
a 414 2042 0 6 7
a 414 274 0 7 39
a 414 541 0 3 48
a 414 1783 0 4 20
a 414 168 0 8 1
a 414 976 0 3 50
a 414 1374 0 3 17
a 414 1976 0 1 24
a 416 2152 0 448 49
a 416 1631 0 10 6
a 416 2585 0 3 15
a 416 897 0 4 30
a 416 1747 0 9 25
a 416 2789 0 3 27
a 416 38 0 8 18
a 416 2740 0 1 46
a 416 2441 0 9 9
a 416 1689 0 2 23
a 416 521 0 1 33
a 416 955 0 1 33
a 416 2171 0 5 17
a 441 1474 0 448 50
a 441 507 0 7 32
a 441 1117 0 3 46
a 441 1089 0 7 45
a 441 573 0 7 14
a 441 1879 0 5 31
a 442 1219 0 448 50
a 442 1344 0 5 10
a 442 21 0 4 42
a 442 1393 0 4 46
a 442 124 0 1 39
a 442 1803 0 3 29
a 442 1950 0 9 47
a 442 2249 0 7 14
a 442 2336 0 6 46
a 442 1386 0 10 41
a 442 1440 0 7 25
a 442 736 0 5 9
a 442 2138 0 5 10
a 442 204 0 10 17
a 442 1887 0 1 49
a 442 2827 0 1 20
a 452 2264 0 448 50
a 452 2105 0 4 25
a 452 2909 0 9 18
a 452 544 0 7 20
a 452 2305 0 4 37
a 452 2064 0 2 27
a 452 2285 0 7 18
a 452 2261 0 2 47
a 452 1260 0 7 4
a 452 1524 0 7 13
a 452 706 0 3 33
a 452 1056 0 8 29
a 452 2488 0 5 25
a 452 2326 0 5 36
a 484 992 0 448 28
a 484 2825 0 3 31
a 484 2578 0 10 10
a 484 971 0 1 42
a 484 2311 0 2 5
a 484 2673 0 9 15
a 494 1359 0 448 50
a 494 1645 0 1 39
a 494 2763 0 7 26
a 494 191 0 5 19
a 494 1095 0 10 37
a 494 2120 0 3 37
a 494 2008 0 8 31
a 494 786 0 1 12
a 494 2621 0 7 43
a 494 899 0 10 25
a 494 2455 0 1 46
a 494 1877 0 9 50
a 539 222 0 448 30
a 539 985 0 1 19
a 539 1658 0 7 34
a 553 1807 0 448 14
a 553 752 0 10 18
a 553 2286 0 5 33
a 553 2540 0 3 26
a 553 462 0 7 1
a 553 2939 0 1 32
a 553 2470 0 4 20
a 553 651 0 8 9
a 553 1135 0 7 13
a 553 738 0 7 1
a 553 206 0 5 3
a 553 1890 0 8 28
a 553 1747 0 5 15
a 553 1257 0 4 31
a 553 927 0 3 39
a 553 2075 0 6 43
a 553 931 0 7 17
a 553 2495 0 1 18
a 557 1109 0 448 19
a 557 949 0 4 40
a 557 2567 0 6 22
a 588 1103 0 448 35
a 588 1586 0 3 8
a 588 686 0 5 16
a 588 2497 0 2 47
a 588 2031 0 2 23
a 588 268 0 9 21
a 588 675 0 7 25
a 588 1948 0 7 39
a 588 1421 0 4 21
a 588 1566 0 8 1
a 588 1081 0 2 17
a 588 2904 0 6 11
a 588 533 0 1 27
a 588 30 0 4 31
a 588 1900 0 10 48
a 588 2787 0 5 8
a 588 1570 0 6 12
a 596 1934 0 448 33
a 596 1042 0 3 50
a 596 2358 0 2 40
a 596 826 0 10 22
a 596 584 0 1 32
a 596 683 0 8 44
a 596 1143 0 5 12
a 609 2950 0 448 17
a 609 344 0 7 44
a 609 1768 0 9 13
a 609 2066 0 7 27
a 609 2566 0 2 21
a 609 283 0 1 15
a 609 2956 0 4 48
a 609 707 0 4 40
a 609 2544 0 1 36
a 609 2785 0 4 36
a 609 44 0 10 49
a 609 2977 0 7 6
a 609 1176 0 6 7
a 609 1642 0 8 50
a 609 828 0 4 12
a 609 695 0 3 27
a 609 2451 0 7 2
a 611 1305 0 448 50
a 611 182 0 2 45
a 611 2171 0 6 44
a 611 63 0 7 32
a 611 2113 0 6 40
a 611 2060 0 2 8
a 611 1909 0 8 17
a 611 833 0 5 30
a 611 2608 0 6 34
a 611 2719 0 4 35
a 611 1740 0 5 43
a 611 1652 0 9 16
a 611 1761 0 1 20
a 643 2071 0 448 50
a 643 2018 0 5 20
a 643 1213 0 10 48
a 643 978 0 4 30
a 643 445 0 5 35
a 643 2976 0 10 32
a 643 2237 0 4 46
a 643 551 0 5 43
a 656 926 0 448 50
a 656 1637 0 3 33
a 656 935 0 5 8
a 656 2002 0 6 28
a 656 2172 0 4 12
a 656 2048 0 3 23
a 656 566 0 9 15
a 656 1049 0 1 10
a 656 131 0 1 30
a 656 2622 0 7 13
a 656 1645 0 4 50
a 656 946 0 7 13
a 656 2030 0 1 50
a 656 1216 0 10 29
a 672 890 0 448 50
a 672 1656 0 8 44
a 672 915 0 3 42
a 672 125 0 6 2
a 672 2969 0 6 18
a 672 1873 0 4 25
a 672 2414 0 8 36
a 672 1486 0 10 37
a 672 2302 0 2 12
a 672 30 0 10 44
a 672 1034 0 9 1
a 672 914 0 5 41
a 672 2199 0 8 43
a 672 2529 0 3 13
a 672 2454 0 8 2
a 675 2325 0 448 40
a 675 1719 0 2 28
a 695 1955 0 448 13
a 695 935 0 1 43
a 695 2146 0 7 40
a 695 2524 0 5 25
a 710 50 0 448 33
a 710 2380 0 10 40
a 710 2042 0 6 7
a 718 710 0 448 50
a 718 547 0 8 42
a 718 442 0 10 4
a 718 572 0 9 12
a 718 2487 0 4 40
a 718 1091 0 6 1
a 722 1842 0 448 12
a 722 2875 0 5 14
a 722 1839 0 5 25
a 722 2483 0 10 34
a 722 1856 0 9 44
a 722 2084 0 6 12
a 722 119 0 4 9
a 722 2125 0 10 10
a 722 2505 0 10 5
a 722 2485 0 4 25
a 722 1681 0 10 12
a 722 1991 0 1 8
a 722 637 0 6 10
a 722 1944 0 8 19
a 741 2146 0 448 37
a 741 1388 0 9 16
a 741 2321 0 9 12
a 741 2180 0 6 33
a 741 1671 0 5 41
a 741 1312 0 10 18
a 741 952 0 7 46
a 741 2342 0 6 33
a 747 2455 0 448 50
a 747 2073 0 2 11
a 747 1136 0 8 37
a 747 799 0 1 24
a 763 1221 0 448 50
a 763 1361 0 8 3
a 763 92 0 1 36
a 763 1648 0 10 49
a 784 2461 0 448 50
a 784 2014 0 9 18
a 784 2989 0 3 15
a 784 1400 0 7 27
a 784 428 0 3 22
a 784 2915 0 5 11
a 784 1799 0 2 28
a 784 272 0 4 23
a 788 2088 0 448 33
a 788 1441 0 2 25
a 788 2456 0 3 28
a 788 2479 0 3 17
a 788 70 0 8 13
a 788 1523 0 8 26
a 788 158 0 6 25
a 788 2386 0 10 44
a 789 675 0 448 50
a 789 2169 0 7 41
a 789 2084 0 4 47
a 789 366 0 4 26
a 789 47 0 2 37
a 789 437 0 4 31
a 789 1361 0 2 13
a 789 345 0 9 40
a 789 1856 0 8 7
a 789 2012 0 4 48
a 789 1947 0 3 9
a 789 298 0 6 46
a 789 2452 0 2 2
a 789 1952 0 2 18
a 789 2767 0 7 38
a 789 2748 0 2 36
a 789 1182 0 5 21
a 789 2522 0 1 2
a 789 734 0 9 4
a 833 2634 0 448 41
a 833 1196 0 3 25
a 833 1238 0 1 29
a 833 1939 0 8 43
a 833 850 0 3 28
a 833 2355 0 3 26
a 833 2548 0 8 21
a 833 2719 0 4 29
a 833 322 0 4 45
a 833 2803 0 5 34
a 875 2520 0 448 12
a 875 1829 0 2 13
a 875 265 0 9 38
a 875 2971 0 2 39
a 875 181 0 10 10
a 875 1612 0 7 33
a 875 370 0 1 35
a 875 953 0 9 44
a 890 1139 0 448 23
a 890 1158 0 9 44
a 890 2383 0 10 17
a 890 1591 0 5 35
a 890 784 0 6 9
a 890 2694 0 8 49
a 890 776 0 1 49
a 890 1344 0 6 28
a 890 438 0 1 20
a 890 2071 0 1 50
a 890 455 0 10 26
a 890 1620 0 9 1
a 890 548 0 4 28
a 890 77 0 10 13
a 890 1688 0 4 17
a 890 1905 0 3 41
a 890 231 0 3 31
a 907 968 0 448 50
a 907 2361 0 10 22
a 907 1585 0 2 38
a 907 860 0 8 16
a 907 2528 0 6 20
a 907 2192 0 1 26
a 914 2437 0 448 50
a 914 601 0 3 41
a 914 414 0 10 6
a 914 2454 0 10 36
a 914 2197 0 5 43
a 914 523 0 8 25
a 914 848 0 1 13
a 914 2024 0 9 20
a 914 2875 0 5 45
a 914 1611 0 4 25
a 914 2952 0 3 1
a 914 2974 0 2 4
a 914 968 0 8 25
a 914 298 0 1 16
a 914 201 0 8 13
a 914 2502 0 7 21
a 914 820 0 6 23
a 918 930 0 448 50
a 918 1869 0 5 42
a 918 2000 0 4 45
a 918 1362 0 9 7
a 918 973 0 4 4
a 918 2351 0 8 37
a 918 376 0 9 49
a 918 1784 0 8 21
a 918 2894 0 8 5
a 918 905 0 5 40
a 918 1514 0 9 23
a 918 1996 0 9 11
a 918 1572 0 3 15
a 918 1589 0 7 47
a 918 1323 0 8 28
a 918 547 0 8 12
a 918 1590 0 3 17
a 918 2681 0 9 47
a 926 1123 0 448 26
a 926 2781 0 1 46
a 926 422 0 3 16
a 926 1562 0 7 36
a 926 713 0 10 27
a 926 529 0 7 45
a 926 2599 0 3 43
a 926 1494 0 8 32
a 926 1743 0 6 7
a 926 2589 0 6 5
a 926 2710 0 8 50
a 926 2075 0 5 7
a 926 2354 0 4 34
a 926 261 0 5 24
a 926 737 0 10 42
a 926 465 0 4 48
a 930 1280 0 448 33
a 930 1474 0 8 16
a 930 553 0 3 10
a 930 2208 0 8 2
a 930 447 0 1 42
a 930 2600 0 7 11
a 930 2323 0 10 30
a 958 2584 0 448 49
a 958 1351 0 1 36
a 958 1486 0 3 6
a 958 1162 0 6 21
a 958 1421 0 2 7
a 958 1923 0 7 25
a 958 1267 0 3 50
a 958 80 0 8 8
a 958 563 0 3 3
a 958 1530 0 8 31
a 958 407 0 2 25
a 958 955 0 2 14
a 958 2560 0 2 5
a 958 2998 0 7 38
a 958 1566 0 7 40
a 958 744 0 3 25
a 958 1385 0 10 26
a 958 1545 0 10 47
a 959 1615 0 448 50
a 959 2386 0 9 27
a 959 273 0 7 27
a 959 1927 0 6 26
a 959 2399 0 2 47
a 959 2207 0 2 19
a 959 1134 0 10 35
a 959 2965 0 9 14
a 959 212 0 8 23
a 959 2603 0 1 27
a 959 2607 0 7 35
a 959 1803 0 8 27
a 967 875 0 448 50
a 967 2947 0 8 24
a 967 815 0 8 24
a 967 1401 0 10 28
a 967 275 0 7 29
a 967 870 0 10 6
a 967 846 0 6 4
a 967 948 0 2 6
a 967 2373 0 5 50
a 967 1755 0 3 1
a 967 1791 0 7 36
a 967 935 0 5 44
a 967 2759 0 2 23
a 967 98 0 8 42
a 968 2288 0 448 50
a 968 466 0 6 26
a 968 306 0 8 24
a 968 1152 0 10 4
a 968 231 0 2 3
a 968 1176 0 10 16
a 968 2912 0 1 37
a 968 1177 0 9 17
a 968 1232 0 4 35
a 968 922 0 10 15
a 968 1388 0 7 46
a 968 733 0 3 26
a 987 1265 0 448 50
a 987 1707 0 2 37
a 987 2852 0 2 40
a 987 924 0 6 6
a 987 757 0 2 26
a 987 2540 0 1 39
a 987 463 0 8 43
a 987 807 0 10 27
a 987 2603 0 9 7
a 987 2705 0 3 4
a 987 2513 0 2 7
a 992 1781 0 448 50
a 992 631 0 6 35
a 992 2602 0 1 5
a 992 1369 0 1 20
a 992 2762 0 6 42
a 992 184 0 10 6
a 992 2849 0 8 31
a 992 861 0 2 23
a 992 2212 0 1 12
a 992 1349 0 9 3
a 992 2684 0 2 27
a 992 1762 0 5 6
a 992 1302 0 4 28
a 992 132 0 2 28
a 992 2708 0 10 16
a 992 1159 0 4 26
a 992 117 0 10 20
a 1097 2131 0 448 50
a 1097 1467 0 2 43
a 1097 304 0 9 33
a 1097 309 0 3 1
a 1097 2731 0 8 5
a 1097 2691 0 4 48
a 1097 144 0 1 50
a 1097 1460 0 10 41
a 1097 1827 0 9 15
a 1097 2410 0 8 23
a 1097 845 0 4 45
a 1097 1995 0 4 39
a 1097 2696 0 2 23
a 1097 513 0 2 25
a 1103 2429 0 448 28
a 1103 1144 0 8 38
a 1103 2358 0 8 10
a 1103 1035 0 8 18
a 1103 1232 0 2 6
a 1103 1128 0 6 18
a 1103 1747 0 6 13
a 1103 1537 0 6 4
a 1103 953 0 4 37
a 1103 453 0 1 27
a 1103 1711 0 4 18
a 1103 2959 0 3 19
a 1104 656 0 448 50
a 1104 1827 0 2 17
a 1109 309 0 448 25
a 1109 2400 0 1 1
a 1109 2971 0 4 13
a 1109 1686 0 3 47
a 1109 2848 0 9 27
a 1109 918 0 2 40
a 1109 279 0 5 34
a 1109 722 0 1 38
a 1109 1643 0 4 11
a 1109 491 0 9 16
a 1109 2301 0 5 47
a 1109 1389 0 7 39
a 1109 2976 0 9 13
a 1109 2582 0 9 27
a 1109 586 0 3 29
a 1109 921 0 4 7
a 1121 2706 0 448 10
a 1121 2285 0 9 45
a 1121 1429 0 8 26
a 1121 428 0 8 33
a 1121 1782 0 2 9
a 1121 2108 0 1 22
a 1121 2363 0 8 30
a 1123 2497 0 448 50
a 1123 2197 0 5 50
a 1123 2890 0 9 44
a 1123 2220 0 9 27
a 1123 2228 0 5 34
a 1123 1917 0 10 2
a 1123 1603 0 1 31
a 1123 1989 0 2 25
a 1123 2718 0 4 24
a 1123 1606 0 4 44
a 1123 2295 0 4 3
a 1123 84 0 1 42
a 1123 916 0 1 17
a 1123 1759 0 6 37
a 1138 2396 0 448 50
a 1138 974 0 3 43
a 1138 2696 0 1 45
a 1138 2343 0 2 30
a 1138 2897 0 2 41
a 1138 1602 0 4 34
a 1138 2918 0 1 42
a 1138 1490 0 3 20
a 1138 299 0 5 36
a 1138 1194 0 7 19
a 1138 2562 0 7 27
a 1138 2516 0 1 38
a 1138 1444 0 4 3
a 1138 2675 0 4 18
a 1138 2799 0 1 33
a 1138 383 0 7 13
a 1138 1743 0 8 17
a 1139 414 0 448 16
a 1139 821 0 8 11
a 1139 2535 0 8 1
a 1139 1693 0 7 9
a 1178 1459 0 448 50
a 1178 1064 0 4 36
a 1178 369 0 1 18
a 1178 1418 0 4 42
a 1178 1004 0 8 11
a 1178 2662 0 7 29
a 1178 440 0 8 50
a 1178 1018 0 2 17
a 1178 1445 0 5 15
a 1178 2629 0 7 25
a 1178 2900 0 4 1
a 1178 2580 0 1 35
a 1178 1204 0 7 15
a 1210 2968 0 448 1
a 1210 1755 0 6 21
a 1210 2019 0 7 5
a 1210 104 0 2 21
a 1210 1795 0 2 42
a 1210 132 0 6 3
a 1216 1496 0 448 5
a 1216 784 0 10 10
a 1216 1891 0 4 10
a 1216 2480 0 3 2
a 1216 2611 0 6 32
a 1216 1639 0 6 11
a 1216 468 0 9 45
a 1216 2906 0 8 32
a 1216 2994 0 9 39
a 1216 2856 0 6 31
a 1216 2556 0 4 38
a 1216 607 0 10 41
a 1216 816 0 4 43
a 1216 953 0 2 34
a 1216 1964 0 1 5
a 1216 1786 0 5 43
a 1216 769 0 8 35
a 1216 2892 0 10 8
a 1219 987 0 448 17
a 1219 2092 0 5 3
a 1219 189 0 2 26
a 1219 2046 0 8 31
a 1219 2306 0 2 50
a 1219 1716 0 7 33
a 1219 741 0 8 9
a 1219 896 0 2 15
a 1219 2983 0 1 45
a 1221 38 0 448 50
a 1221 1941 0 6 33
a 1221 1961 0 1 15
a 1221 1492 0 5 29
a 1221 1340 0 9 3
a 1221 324 0 5 14
a 1221 2476 0 7 32
a 1221 2029 0 5 43
a 1221 2429 0 2 39
a 1221 1528 0 2 34
a 1221 114 0 3 7
a 1224 1431 0 448 27
a 1224 2125 0 9 32
a 1224 1754 0 6 45
a 1224 1506 0 10 26
a 1224 58 0 4 10
a 1224 2327 0 3 30
a 1224 2403 0 1 4
a 1224 147 0 3 31
a 1224 124 0 3 47
a 1224 1789 0 7 33
a 1242 1263 0 448 50
a 1242 1163 0 6 39
a 1242 871 0 4 44
a 1242 433 0 1 12
a 1242 2127 0 9 27
a 1254 1658 0 448 12
a 1254 216 0 10 6
a 1254 2869 0 3 42
a 1254 1973 0 4 19
a 1263 2033 0 448 50
a 1263 1235 0 10 34
a 1263 323 0 9 44
a 1263 1773 0 5 27
a 1263 149 0 8 50
a 1263 2247 0 5 4
a 1263 2696 0 1 47
a 1263 2891 0 6 8
a 1265 741 0 448 50
a 1265 1271 0 2 4
a 1265 942 0 1 9
a 1265 1190 0 6 41
a 1265 1611 0 10 9
a 1265 1309 0 8 39
a 1265 938 0 5 39
a 1265 2632 0 5 9
a 1265 1094 0 9 38
a 1265 2183 0 1 40
a 1265 941 0 6 34
a 1265 156 0 3 20
a 1265 2606 0 7 21
a 1265 646 0 3 33
a 1272 672 0 448 50
a 1272 2702 0 5 12
a 1280 2081 0 448 50
a 1280 1856 0 9 46
a 1280 1974 0 2 36
a 1280 919 0 3 30
a 1305 695 0 448 19
a 1305 2496 0 8 43
a 1306 1667 0 448 50
a 1306 2578 0 5 31
a 1306 2111 0 1 15
a 1306 1787 0 2 46
a 1306 45 0 4 24
a 1306 1997 0 9 40
a 1306 1895 0 10 50
a 1306 1189 0 2 7
a 1306 2182 0 1 13
a 1306 603 0 2 48
a 1306 2868 0 5 44
a 1306 1235 0 2 4
a 1306 386 0 3 48
a 1306 540 0 1 6
a 1306 2099 0 3 4
a 1306 2113 0 10 30
a 1335 959 0 448 50
a 1335 731 0 10 16
a 1335 2302 0 1 25
a 1335 2133 0 10 28
a 1335 2517 0 10 32
a 1335 2362 0 9 1
a 1335 1533 0 7 34
a 1335 1685 0 8 23
a 1335 488 0 5 31
a 1335 416 0 8 44
a 1335 673 0 8 49
a 1335 303 0 2 36
a 1335 911 0 5 44
a 1335 533 0 2 33
a 1342 2940 0 448 50
a 1342 2778 0 4 45
a 1342 1894 0 1 9
a 1342 2040 0 1 31
a 1342 1703 0 7 8
a 1342 2832 0 4 47
a 1359 441 0 448 40
a 1359 656 0 10 7
a 1359 1275 0 10 12
a 1359 2762 0 10 8
a 1359 2621 0 10 33
a 1359 498 0 1 34
a 1359 2587 0 7 8
a 1359 1178 0 7 12
a 1359 1047 0 1 16
a 1359 2479 0 4 10
a 1359 1743 0 8 18
a 1359 434 0 2 32
a 1359 1776 0 10 11
a 1359 1006 0 4 3
a 1359 1589 0 1 5
a 1359 2824 0 8 9
a 1366 1996 0 448 50
a 1366 2234 0 10 14
a 1366 2322 0 2 14
a 1366 1427 0 3 45
a 1366 59 0 10 28
a 1366 1477 0 8 30
a 1366 1233 0 7 21
a 1366 1786 0 6 14
a 1366 2789 0 10 4
a 1366 320 0 1 3
a 1366 1461 0 10 38
a 1366 2094 0 3 43
a 1366 2010 0 6 41
a 1387 178 0 448 50
a 1387 296 0 3 41
a 1387 1340 0 3 12
a 1387 1130 0 10 12
a 1387 1373 0 2 31
a 1387 2871 0 5 50
a 1387 2690 0 10 48
a 1387 959 0 6 37
a 1387 2427 0 10 45
a 1387 544 0 3 47
a 1387 684 0 3 19
a 1387 2387 0 7 40
a 1387 1763 0 4 12
a 1387 1801 0 1 30
a 1392 1306 0 448 50
a 1392 1791 0 9 21
a 1392 1723 0 6 38
a 1392 1467 0 8 50
a 1392 448 0 8 16
a 1392 241 0 6 49
a 1392 1075 0 7 29
a 1392 2418 0 9 17
a 1392 827 0 9 38
a 1392 153 0 4 27
a 1392 2565 0 8 44
a 1392 1308 0 4 15
a 1392 1410 0 5 2
a 1392 1044 0 1 44
a 1392 2708 0 4 12
a 1392 2262 0 6 50
a 1392 1905 0 9 39
a 1392 1867 0 4 39
a 1402 2251 0 448 50
a 1402 2329 0 10 21
a 1402 633 0 9 21
a 1402 566 0 8 15
a 1402 2904 0 1 21
a 1402 26 0 6 4
a 1431 2552 0 448 50
a 1431 2555 0 7 44
a 1431 778 0 1 7
a 1431 256 0 3 27
a 1431 2884 0 9 34
a 1431 1831 0 5 27
a 1431 1914 0 8 12
a 1459 2277 0 448 16
a 1459 2998 0 448 17
a 1459 2294 0 10 3
a 1459 207 0 9 5
a 1459 393 0 8 10
a 1459 2517 0 3 17
a 1459 1460 0 7 30
a 1461 108 0 448 50
a 1461 851 0 1 21
a 1461 740 0 8 34
a 1461 1140 0 8 27
a 1461 316 0 6 31
a 1461 694 0 6 36
a 1461 1065 0 3 21
a 1461 97 0 2 44
a 1461 2749 0 7 3
a 1461 2698 0 8 50
a 1461 2014 0 9 2
a 1461 1462 0 4 14
a 1461 27 0 4 41
a 1461 1019 0 3 12
a 1461 2457 0 2 31
a 1461 2309 0 5 49
a 1474 918 0 448 5
a 1474 176 0 8 46
a 1474 2577 0 6 41
a 1474 339 0 8 9
a 1474 1650 0 9 48
a 1474 2877 0 10 34
a 1474 39 0 9 32
a 1474 1240 0 7 24
a 1474 2006 0 2 6
a 1474 383 0 4 4
a 1474 2329 0 3 46
a 1474 994 0 5 23
a 1474 1714 0 6 43
a 1474 786 0 2 7
a 1474 1149 0 9 15
a 1474 504 0 10 19
a 1496 747 0 448 50
a 1496 1804 0 5 41
a 1496 1547 0 5 19
a 1496 731 0 8 42
a 1496 1273 0 7 29
a 1496 2140 0 2 23
a 1496 2427 0 4 3
a 1496 2967 0 4 40
a 1496 934 0 7 28
a 1496 1196 0 4 21
a 1496 674 0 5 6
a 1496 2537 0 4 2
a 1496 520 0 7 23
a 1496 93 0 9 3
a 1496 2707 0 7 16
a 1496 264 0 2 2
a 1496 1045 0 2 5
a 1559 1104 0 448 50
a 1559 2475 0 9 41
a 1559 630 0 5 25
a 1559 980 0 9 18
a 1559 2397 0 2 23
a 1559 102 0 4 45
a 1559 2321 0 10 3
a 1559 2921 0 8 6
a 1559 1850 0 10 39
a 1559 40 0 9 18
a 1559 2340 0 5 41
a 1559 2258 0 10 2
a 1559 2675 0 3 42
a 1559 525 0 10 13
a 1576 442 0 448 50
a 1576 1128 0 5 27
a 1576 768 0 3 8
a 1576 839 0 6 46
a 1576 961 0 1 34
a 1576 1246 0 4 9
a 1576 906 0 4 39
a 1578 1272 0 448 39
a 1578 2028 0 7 1
a 1578 1510 0 2 27
a 1578 1332 0 5 31
a 1578 2043 0 9 34
a 1578 130 0 1 41
a 1578 933 0 7 13
a 1578 1271 0 8 31
a 1578 1196 0 6 15
a 1578 34 0 2 37
a 1578 277 0 6 3
a 1604 596 0 448 50
a 1604 1813 0 6 12
a 1604 526 0 4 19
a 1604 703 0 6 43
a 1604 2733 0 9 32
a 1604 2342 0 8 4
a 1604 2281 0 5 10
a 1604 469 0 2 6
a 1604 1258 0 2 4
a 1604 2394 0 7 50
a 1604 2500 0 8 40
a 1615 2712 0 448 37
a 1615 733 0 1 22
a 1615 2514 0 4 24
a 1615 428 0 7 4
a 1615 1396 0 8 30
a 1615 555 0 9 25
a 1615 1246 0 4 36
a 1615 690 0 1 49
a 1615 1224 0 6 39
a 1615 711 0 6 47
a 1615 2498 0 5 2
a 1615 1378 0 5 9
a 1615 343 0 10 49
a 1615 1977 0 4 35
a 1615 2297 0 1 44
a 1615 2371 0 9 35
a 1615 2782 0 3 4
a 1615 2083 0 10 34
a 1639 2894 0 448 18
a 1639 1161 0 3 12
a 1639 1821 0 2 11
a 1639 436 0 6 42
a 1639 2385 0 7 43
a 1639 2176 0 1 27
a 1641 2440 0 448 50
a 1641 1214 0 5 8
a 1641 2569 0 4 25
a 1641 2471 0 5 29
a 1641 2438 0 8 27
a 1641 2758 0 2 21
a 1641 371 0 10 35
a 1641 1877 0 4 37
a 1641 386 0 9 28
a 1641 2383 0 2 27
a 1641 2033 0 3 13
a 1641 2155 0 7 7
a 1641 1173 0 9 47
a 1642 718 0 448 50
a 1642 2830 0 4 15
a 1642 2157 0 6 18
a 1642 366 0 6 18
a 1642 178 0 7 22
a 1642 48 0 10 32
a 1658 2606 0 448 10
a 1658 1291 0 5 12
a 1658 589 0 4 42
a 1658 1378 0 4 39
a 1667 2434 0 448 29
a 1667 28 0 2 24
a 1667 1057 0 4 40
a 1667 498 0 2 21
a 1667 534 0 1 39
a 1667 1742 0 7 48
a 1667 2013 0 5 37
a 1667 508 0 10 11
a 1667 442 0 6 32
a 1667 667 0 9 42
a 1667 73 0 5 24
a 1667 2537 0 9 50
a 1764 1642 0 448 40
a 1764 2104 0 6 13
a 1764 2263 0 2 19
a 1764 2215 0 4 36
a 1764 1336 0 1 22
a 1764 1242 0 9 34
a 1764 1039 0 3 1
a 1764 1785 0 1 17
a 1764 2720 0 3 28
a 1764 836 0 3 13
a 1764 2643 0 10 11
a 1764 2084 0 5 5
a 1764 605 0 6 1
a 1764 2114 0 3 10
a 1764 757 0 9 27
a 1766 2694 0 448 50
a 1766 1161 0 8 11
a 1766 1540 0 8 7
a 1766 1664 0 10 23
a 1766 2761 0 1 49
a 1766 2051 0 4 7
a 1766 857 0 8 35
a 1766 1125 0 6 13
a 1766 1831 0 5 4
a 1766 2675 0 1 7
a 1766 2095 0 10 15
a 1771 2810 0 448 50
a 1771 1376 0 4 19
a 1771 2467 0 10 16
a 1771 1393 0 3 9
a 1771 290 0 7 9
a 1771 577 0 8 41
a 1771 2951 0 4 31
a 1771 728 0 8 13
a 1781 2567 0 448 20
a 1781 536 0 5 3
a 1781 562 0 8 40
a 1781 2281 0 3 45
a 1781 181 0 10 28
a 1781 437 0 7 19
a 1781 2421 0 2 44
a 1781 416 0 8 15
a 1781 630 0 3 3
a 1781 933 0 5 26
a 1781 2778 0 4 13
a 1781 2285 0 2 39
a 1781 2966 0 2 23
a 1781 2248 0 2 14
a 1781 293 0 9 42
a 1781 129 0 9 50
a 1785 416 0 448 50
a 1785 2595 0 4 32
a 1785 2307 0 9 34
a 1785 1024 0 8 19
a 1785 2941 0 2 22
a 1785 659 0 5 7
a 1785 1238 0 5 12
a 1785 542 0 5 37
a 1785 2207 0 9 4
a 1785 2272 0 10 23
a 1788 1242 0 448 50
a 1788 2623 0 3 32
a 1788 203 0 6 34
a 1788 443 0 3 49
a 1788 2659 0 5 24
a 1788 217 0 7 21
a 1788 1715 0 7 13
a 1788 1353 0 3 34
a 1788 2689 0 9 43
a 1803 1559 0 448 50
a 1803 705 0 7 25
a 1807 1366 0 448 50
a 1807 1637 0 5 11
a 1807 1474 0 4 45
a 1807 1794 0 5 13
a 1807 740 0 2 8
a 1807 1071 0 8 9
a 1807 2235 0 9 28
a 1833 643 0 448 11
a 1833 1636 0 4 2
a 1833 1853 0 10 23
a 1833 167 0 6 40
a 1833 2031 0 7 7
a 1833 1923 0 8 44
a 1842 1224 0 448 25
a 1842 980 0 2 37
a 1842 1290 0 4 8
a 1842 84 0 5 30
a 1842 1953 0 1 15
a 1842 2375 0 5 33
a 1842 2401 0 7 3
a 1842 2772 0 7 9
a 1842 445 0 10 18
a 1842 1806 0 5 12
a 1842 1382 0 6 50
a 1842 2290 0 8 4
a 1842 184 0 1 9
a 1842 529 0 2 28
a 1842 2156 0 2 47
a 1842 2623 0 1 7
a 1842 428 0 1 16
a 1842 2491 0 5 5
a 1850 388 0 448 50
a 1850 2562 0 2 39
a 1874 2339 0 448 50
a 1874 150 0 2 41
a 1874 1802 0 7 46
a 1874 2586 0 6 27
a 1874 521 0 2 17
a 1874 2161 0 2 39
a 1874 2369 0 1 5
a 1874 2951 0 5 2
a 1874 1827 0 10 26
a 1874 1000 0 1 18
a 1874 813 0 5 37
a 1874 2908 0 9 34
a 1886 833 0 448 5
a 1886 1084 0 10 1
a 1886 2075 0 9 5
a 1886 2946 0 5 6
a 1886 2826 0 1 28
a 1886 512 0 9 5
a 1886 2558 0 1 40
a 1886 1391 0 5 40
a 1886 1175 0 3 3
a 1886 2815 0 10 27
a 1886 26 0 10 9
a 1886 61 0 1 8
a 1886 1614 0 8 37
a 1886 2885 0 10 23
a 1886 2181 0 8 7
a 1886 1299 0 3 21
a 1893 2518 0 448 30
a 1893 1541 0 6 49
a 1893 321 0 7 1
a 1893 2448 0 6 38
a 1893 2484 0 1 45
a 1893 636 0 6 16
a 1893 1286 0 2 44
a 1893 1587 0 4 16
a 1893 1458 0 7 38
a 1893 1506 0 9 31
a 1893 2433 0 4 16
a 1934 282 0 448 50
a 1934 2638 0 5 42
a 1938 2298 0 448 50
a 1938 2362 0 1 17
a 1938 2297 0 6 5
a 1938 1134 0 9 18
a 1938 1789 0 2 36
a 1938 648 0 8 34
a 1938 1790 0 6 5
a 1938 1981 0 7 25
a 1938 1990 0 2 15
a 1938 2722 0 9 18
a 1938 2599 0 1 43
a 1938 485 0 7 49
a 1938 1564 0 10 14
a 1938 2547 0 4 48
a 1938 1269 0 3 46
a 1938 1883 0 4 10
a 1955 404 0 448 10
a 1955 2099 0 9 6
a 1955 1342 0 8 43
a 1955 218 0 4 11
a 1955 2510 0 7 11
a 1955 1634 0 4 41
a 1955 2827 0 7 25
a 1956 1578 0 448 10
a 1956 752 0 1 18
a 1956 725 0 9 41
a 1956 32 0 4 10
a 1956 1274 0 7 33
a 1956 2637 0 2 11
a 1956 2985 0 9 31
a 1956 582 0 5 12
a 1956 1090 0 6 14
a 1956 1653 0 5 27
a 1956 756 0 9 35
a 1956 2219 0 6 3
a 1956 2387 0 9 43
a 1956 1171 0 1 34
a 1956 952 0 7 1
a 1956 107 0 5 32
a 1956 967 0 2 49
a 1956 2366 0 10 5
a 1996 2231 0 448 50
a 1996 986 0 6 21
a 2033 958 0 448 39
a 2033 2191 0 5 9
a 2033 2665 0 8 40
a 2033 2666 0 4 30
a 2033 2634 0 4 21
a 2033 2485 0 4 3
a 2033 561 0 4 41
a 2033 1481 0 5 21
a 2033 1921 0 8 30
a 2033 2953 0 8 30
a 2033 531 0 2 16
a 2033 1793 0 6 6
a 2052 1785 0 448 50
a 2052 1058 0 8 28
a 2052 1736 0 10 45
a 2052 1204 0 4 43
a 2052 2140 0 2 23
a 2052 2800 0 7 30
a 2052 986 0 8 43
a 2052 1610 0 8 21
a 2052 2615 0 1 32
a 2052 2090 0 4 23
a 2052 759 0 7 17
a 2052 2991 0 8 6
a 2052 251 0 6 29
a 2052 345 0 3 17
a 2052 1711 0 2 23
a 2052 1306 0 10 18
a 2052 51 0 3 16
a 2052 2410 0 2 31
a 2056 1850 0 448 50
a 2056 2971 0 4 39
a 2056 593 0 9 37
a 2056 2532 0 4 37
a 2056 1930 0 7 34
a 2056 1919 0 1 30
a 2071 153 0 448 50
a 2071 2380 0 9 40
a 2071 938 0 2 49
a 2071 84 0 2 32
a 2071 1231 0 8 38
a 2071 378 0 8 10
a 2071 102 0 2 4
a 2079 2589 0 448 50
a 2079 2784 0 1 36
a 2079 1549 0 1 47
a 2079 2207 0 1 17
a 2079 2768 0 9 2
a 2079 2353 0 3 39
a 2079 2989 0 10 23
a 2081 763 0 448 50
a 2081 248 0 6 31
a 2081 2268 0 6 40
a 2081 2325 0 6 46
a 2081 120 0 7 43
a 2081 1049 0 7 15
a 2081 2244 0 4 35
a 2081 2380 0 2 29
a 2081 2003 0 3 27
a 2081 2553 0 7 14
a 2081 662 0 2 42
a 2081 1442 0 6 50
a 2081 2369 0 7 47
a 2088 2342 0 448 15
a 2088 710 0 1 50
a 2088 695 0 10 49
a 2088 1403 0 10 37
a 2088 1353 0 8 2
a 2088 584 0 9 37
a 2088 1581 0 7 33
a 2110 1342 0 448 41
a 2110 1710 0 7 26
a 2110 1732 0 3 6
a 2110 176 0 2 40
a 2110 1373 0 2 35
a 2126 1874 0 448 50
a 2126 232 0 3 46
a 2126 2626 0 2 44
a 2126 2039 0 9 42
a 2126 909 0 6 16
a 2126 735 0 8 46
a 2126 1012 0 9 18
a 2126 2737 0 7 16
a 2126 23 0 4 16
a 2126 510 0 2 49
a 2126 2871 0 10 12
a 2126 1432 0 7 25
a 2126 1287 0 2 39
a 2126 130 0 4 1
a 2126 639 0 1 48
a 2126 583 0 6 46
a 2126 253 0 9 22
a 2131 789 0 448 4
a 2131 995 0 6 5
a 2131 815 0 10 23
a 2131 916 0 8 41
a 2131 2368 0 10 12
a 2131 2415 0 3 30
a 2131 1354 0 1 32
a 2131 2215 0 1 43
a 2131 2608 0 8 24
a 2136 406 0 448 50
a 2136 2664 0 10 50
a 2136 801 0 9 40
a 2136 245 0 9 35
a 2136 2327 0 10 46
a 2136 2145 0 4 47
a 2136 352 0 8 44
a 2136 514 0 9 50
a 2136 630 0 9 47
a 2136 2308 0 5 22
a 2136 1354 0 9 16
a 2136 1693 0 3 37
a 2136 1468 0 4 47
a 2136 527 0 4 35
a 2136 1398 0 7 3
a 2136 2259 0 9 49
a 2136 2730 0 8 8
a 2137 1138 0 448 6
a 2137 2485 0 3 20
a 2146 2639 0 448 43
a 2146 1200 0 5 49
a 2146 388 0 7 20
a 2146 1374 0 7 9
a 2146 23 0 10 5
a 2146 550 0 1 46
a 2146 132 0 6 32
a 2146 742 0 6 21
a 2146 2546 0 5 42
a 2146 2651 0 10 22
a 2146 2707 0 2 5
a 2152 2867 0 448 50
a 2152 2848 0 8 27
a 2152 1365 0 10 25
a 2152 1291 0 3 31
a 2152 1161 0 7 5
a 2152 71 0 6 44
a 2152 1445 0 6 31
a 2152 2507 0 7 41
a 2152 1916 0 3 27
a 2152 2216 0 7 21
a 2152 2163 0 7 27
a 2152 1570 0 5 18
a 2174 2110 0 448 50
a 2174 2096 0 9 20
a 2231 1216 0 448 50
a 2231 362 0 9 29
a 2231 1309 0 7 30
a 2231 2112 0 4 38
a 2231 2526 0 9 48
a 2231 888 0 9 31
a 2231 1317 0 4 21
a 2231 535 0 10 34
a 2231 1567 0 8 41
a 2231 1886 0 7 8
a 2231 995 0 10 40
a 2231 146 0 4 41
a 2231 1681 0 9 5
a 2231 526 0 9 8
a 2251 553 0 448 29
a 2251 1259 0 1 11
a 2251 1721 0 6 9
a 2251 333 0 4 43
a 2251 2388 0 9 50
a 2251 2438 0 10 44
a 2251 430 0 2 48
a 2251 1004 0 4 9
a 2251 326 0 6 45
a 2251 2224 0 2 16
a 2251 1834 0 8 10
a 2251 2131 0 6 5
a 2264 914 0 448 50
a 2264 2745 0 7 35
a 2264 1175 0 6 35
a 2275 2052 0 448 50
a 2275 2794 0 7 35
a 2275 2138 0 4 1
a 2275 1986 0 2 18
a 2275 359 0 2 12
a 2275 215 0 3 33
a 2275 1445 0 2 16
a 2277 2334 0 448 5
a 2277 897 0 4 34
a 2277 1912 0 3 49
a 2277 1072 0 4 39
a 2277 2526 0 7 5
a 2277 847 0 8 19
a 2277 2397 0 3 24
a 2277 1320 0 10 32
a 2277 1798 0 10 4
a 2277 937 0 6 18
a 2277 1679 0 5 16
a 2288 1254 0 448 25
a 2288 2561 0 4 9
a 2288 460 0 3 12
a 2288 1882 0 4 43
a 2288 586 0 6 49
a 2288 1991 0 6 2
a 2288 1616 0 8 12
a 2288 1057 0 7 18
a 2288 2154 0 4 17
a 2288 2034 0 10 42
a 2288 2330 0 7 40
a 2288 793 0 9 5
a 2288 2471 0 10 3
a 2288 75 0 4 50
a 2288 568 0 3 11
a 2288 1228 0 2 33
a 2294 1639 0 448 50
a 2294 249 0 3 35
a 2294 165 0 9 33
a 2294 1056 0 4 48
a 2294 1895 0 9 43
a 2294 2195 0 8 46
a 2294 1527 0 5 30
a 2294 624 0 10 35
a 2298 313 0 448 13
a 2298 1704 0 10 2
a 2298 1600 0 8 37
a 2298 1398 0 7 24
a 2298 1573 0 10 41
a 2298 523 0 5 31
a 2298 2053 0 5 3
a 2298 2889 0 5 47
a 2298 79 0 7 29
a 2298 2671 0 9 37
a 2298 936 0 7 18
a 2298 1064 0 8 1
a 2325 18 0 448 14
a 2325 1821 0 9 46
a 2325 1926 0 1 29
a 2325 2991 0 8 40
a 2325 62 0 8 11
a 2328 24 0 448 50
a 2328 1701 0 6 5
a 2328 989 0 3 4
a 2328 2506 0 9 50
a 2328 1389 0 1 24
a 2328 1416 0 3 28
a 2328 2827 0 6 17
a 2328 1884 0 7 41
a 2328 179 0 6 6
a 2328 1060 0 10 16
a 2330 1886 0 448 50
a 2330 2169 0 2 9
a 2330 1276 0 7 15
a 2330 431 0 8 34
a 2330 951 0 7 38
a 2330 748 0 1 8
a 2330 2428 0 6 16
a 2330 2824 0 2 26
a 2330 1296 0 5 7
a 2330 1404 0 1 43
a 2330 554 0 10 42
a 2330 760 0 3 42
a 2330 766 0 3 26
a 2330 1884 0 3 27
a 2334 2718 0 448 50
a 2334 1998 0 3 40
a 2334 2927 0 10 18
a 2334 580 0 2 50
a 2334 2049 0 6 9
a 2334 219 0 6 23
a 2334 2610 0 4 12
a 2334 195 0 10 9
a 2334 1384 0 3 23
a 2334 1041 0 2 34
a 2334 1829 0 2 37
a 2334 1342 0 5 3
a 2334 876 0 6 45
a 2334 1397 0 9 17
a 2339 2174 0 448 50
a 2339 2163 0 10 39
a 2339 1924 0 7 47
a 2342 1576 0 448 50
a 2342 2072 0 10 49
a 2342 1177 0 9 42
a 2342 2619 0 5 3
a 2342 1207 0 2 37
a 2342 2044 0 10 14
a 2342 2775 0 4 25
a 2342 2482 0 5 27
a 2342 1213 0 10 20
a 2342 1505 0 8 25
a 2342 707 0 8 41
a 2342 620 0 4 7
a 2342 1575 0 8 15
a 2396 2544 0 448 50
a 2396 1382 0 10 43
a 2396 2655 0 7 20
a 2396 247 0 4 15
a 2396 1657 0 8 6
a 2396 1513 0 10 20
a 2396 2111 0 1 27
a 2396 1345 0 7 26
a 2396 2277 0 5 49
a 2420 2774 0 448 50
a 2420 2830 0 2 44
a 2420 1784 0 8 44
a 2420 1727 0 7 47
a 2420 1767 0 7 22
a 2420 243 0 10 27
a 2420 2966 0 8 25
a 2420 2689 0 1 35
a 2420 2069 0 3 28
a 2429 611 0 448 12
a 2429 431 0 4 28
a 2429 2099 0 4 35
a 2429 2891 0 5 25
a 2429 1959 0 4 32
a 2429 2156 0 2 46
a 2429 82 0 4 31
a 2429 1614 0 8 42
a 2429 550 0 7 17
a 2429 2600 0 1 41
a 2429 2171 0 6 43
a 2429 628 0 3 23
a 2429 1045 0 3 49
a 2429 1477 0 1 21
a 2429 790 0 5 50
a 2429 173 0 9 3
a 2429 743 0 6 13
a 2434 255 0 448 50
a 2434 2663 0 7 34
a 2434 1585 0 8 42
a 2434 445 0 8 28
a 2434 2708 0 4 11
a 2434 2930 0 5 10
a 2434 337 0 10 43
a 2434 2681 0 1 18
a 2434 1064 0 2 42
a 2434 1637 0 10 34
a 2434 1566 0 4 11
a 2434 1752 0 5 41
a 2437 2126 0 448 10
a 2437 2343 0 4 16
a 2437 56 0 10 45
a 2437 1891 0 10 34
a 2437 1169 0 4 41
a 2437 2371 0 3 27
a 2437 2863 0 2 37
a 2437 1617 0 7 17
a 2437 2985 0 6 17
a 2437 1401 0 3 26
a 2437 2534 0 7 32
a 2437 1377 0 3 22
a 2437 2809 0 6 2
a 2437 938 0 4 38
a 2437 58 0 8 18
a 2437 46 0 8 21
a 2437 2578 0 6 33
a 2440 2137 0 448 50
a 2440 2143 0 1 23
a 2440 2055 0 10 17
a 2440 975 0 9 1
a 2440 2429 0 3 21
a 2440 2228 0 7 19
a 2440 2380 0 1 37
a 2440 2992 0 2 41
a 2440 183 0 1 3
a 2440 398 0 1 11
a 2451 3000 0 448 50
a 2451 2259 0 2 42
a 2451 926 0 6 36
a 2451 1682 0 7 44
a 2451 818 0 3 23
a 2451 193 0 4 42
a 2451 2146 0 6 9
a 2451 442 0 6 23
a 2451 1486 0 10 3
a 2455 2136 0 448 31
a 2455 1289 0 9 8
a 2455 1852 0 1 32
a 2455 702 0 10 26
a 2455 75 0 2 23
a 2455 535 0 9 45
a 2455 1579 0 10 46
a 2455 2610 0 4 18
a 2455 1628 0 6 16
a 2455 196 0 1 3
a 2455 2862 0 4 5
a 2455 2929 0 4 29
a 2455 302 0 3 50
a 2461 2330 0 448 50
a 2461 2454 0 10 34
a 2496 722 0 448 18
a 2496 1739 0 10 35
a 2497 2710 0 448 50
a 2497 180 0 10 11
a 2497 2884 0 8 7
a 2497 2571 0 2 10
a 2497 2163 0 8 27
a 2497 1270 0 9 17
a 2497 2356 0 9 43
a 2497 2129 0 4 39
a 2497 241 0 9 39
a 2497 1978 0 3 14
a 2497 1730 0 5 5
a 2497 2756 0 7 44
a 2497 1980 0 9 41
a 2497 2599 0 7 3
a 2497 1495 0 10 27
a 2497 1142 0 8 50
a 2497 2722 0 9 50
a 2518 268 0 448 20
a 2518 2123 0 2 22
a 2518 730 0 9 27
a 2518 2319 0 2 43
a 2518 1536 0 2 15
a 2518 1937 0 4 2
a 2518 1024 0 6 9
a 2518 1464 0 6 48
a 2518 1607 0 6 9
a 2518 1275 0 2 41
a 2520 367 0 448 46
a 2520 2711 0 5 16
a 2520 2608 0 4 5
a 2520 1369 0 5 4
a 2520 1357 0 9 17
a 2520 439 0 5 50
a 2520 260 0 9 2
a 2520 758 0 6 30
a 2520 864 0 3 2
a 2520 2938 0 4 15
a 2520 1104 0 3 18
a 2520 2805 0 1 35
a 2520 1633 0 4 47
a 2520 1293 0 9 44
a 2520 1141 0 4 24
a 2520 196 0 5 47
a 2520 2003 0 2 35
a 2520 64 0 9 28
a 2544 1335 0 448 50
a 2544 1313 0 3 40
a 2544 2563 0 6 46
a 2544 1754 0 3 46
a 2544 166 0 4 8
a 2544 2959 0 7 13
a 2544 1178 0 4 4
a 2544 557 0 5 7
a 2544 2616 0 5 38
a 2544 2514 0 7 36
a 2544 161 0 10 29
a 2552 2665 0 448 50
a 2552 2173 0 2 2
a 2552 102 0 5 23
a 2552 2101 0 4 38
a 2552 2312 0 1 31
a 2552 1791 0 8 20
a 2552 342 0 7 10
a 2552 2476 0 6 16
a 2552 324 0 4 18
a 2552 602 0 6 6
a 2552 349 0 5 48
a 2552 1078 0 2 46
a 2552 79 0 6 17
a 2552 465 0 10 40
a 2552 1615 0 8 27
a 2552 1203 0 4 44
a 2552 760 0 5 1
a 2567 1938 0 448 42
a 2567 1945 0 5 27
a 2567 2001 0 9 22
a 2567 1440 0 8 4
a 2567 654 0 4 37
a 2567 2811 0 7 46
a 2567 482 0 5 36
a 2567 2925 0 4 39
a 2567 2965 0 2 32
a 2567 135 0 3 3
a 2567 586 0 6 11
a 2567 340 0 3 48
a 2567 2290 0 1 36
a 2567 2050 0 1 17
a 2567 2513 0 10 40
a 2567 2480 0 2 43
a 2567 926 0 8 20
a 2567 2494 0 9 46
a 2584 2328 0 448 50
a 2584 2212 0 9 42
a 2584 265 0 4 50
a 2584 1141 0 3 43
a 2584 2822 0 6 47
a 2584 1515 0 2 49
a 2584 2727 0 7 9
a 2584 1241 0 7 37
a 2584 2849 0 10 19
a 2584 1866 0 5 35
a 2584 517 0 5 5
a 2584 560 0 5 38
a 2584 627 0 10 11
a 2584 1618 0 9 5
a 2584 2151 0 2 20
a 2584 2891 0 8 8
a 2584 2046 0 7 35
a 2589 1893 0 448 39
a 2589 1228 0 8 40
a 2589 777 0 9 20
a 2589 1488 0 3 29
a 2589 331 0 5 2
a 2589 1225 0 1 34
a 2589 792 0 2 45
a 2589 851 0 10 19
a 2606 1956 0 448 50
a 2606 1844 0 2 27
a 2606 2489 0 6 1
a 2606 2935 0 4 24
a 2606 2945 0 9 29
a 2606 2989 0 8 33
a 2606 940 0 10 50
a 2606 1410 0 4 25
a 2606 1518 0 7 3
a 2606 1253 0 1 22
a 2606 1795 0 9 1
a 2606 749 0 4 30
a 2606 2518 0 10 33
a 2606 2887 0 2 3
a 2606 1122 0 2 27
a 2606 2085 0 7 29
a 2624 245 0 448 6
a 2624 413 0 7 45
a 2624 1992 0 7 11
a 2624 2199 0 8 18
a 2624 1642 0 1 12
a 2634 484 0 448 50
a 2634 794 0 5 49
a 2634 1142 0 6 48
a 2634 2465 0 1 43
a 2634 2445 0 3 20
a 2634 832 0 6 29
a 2634 1607 0 3 2
a 2634 1646 0 3 19
a 2634 411 0 1 15
a 2634 873 0 9 31
a 2639 2079 0 448 35
a 2639 2806 0 4 10
a 2639 406 0 10 21
a 2665 1833 0 448 14
a 2665 2790 0 4 16
a 2665 1517 0 9 5
a 2665 2479 0 7 18
a 2665 2453 0 6 1
a 2665 1489 0 5 13
a 2682 2825 0 448 50
a 2682 1584 0 3 44
a 2682 204 0 4 46
a 2682 1975 0 9 31
a 2682 2867 0 7 23
a 2682 1234 0 7 8
a 2682 536 0 6 39
a 2682 2321 0 7 2
a 2682 618 0 1 49
a 2682 2955 0 6 47
a 2682 2494 0 9 45
a 2682 1900 0 8 42
a 2682 1557 0 6 36
a 2682 2899 0 4 22
a 2682 2696 0 3 44
a 2694 1803 0 448 50
a 2694 2266 0 3 46
a 2706 1641 0 448 50
a 2706 2752 0 8 11
a 2706 1905 0 10 17
a 2710 1764 0 448 50
a 2710 1316 0 9 5
a 2710 1597 0 9 39
a 2710 2082 0 4 35
a 2710 836 0 3 37
a 2712 1097 0 448 38
a 2712 318 0 7 5
a 2712 1817 0 1 38
a 2712 473 0 4 14
a 2712 2637 0 9 21
a 2712 2642 0 2 22
a 2712 2918 0 4 47
a 2712 1692 0 5 43
a 2712 2301 0 10 29
a 2712 369 0 8 31
a 2712 1810 0 1 3
a 2718 557 0 448 9
a 2718 1127 0 5 12
a 2718 1773 0 7 18
a 2718 2964 0 1 22
a 2718 89 0 5 23
a 2718 2867 0 6 31
a 2718 2386 0 8 40
a 2718 2001 0 1 31
a 2718 2292 0 9 35
a 2718 177 0 3 36
a 2718 459 0 3 21
a 2718 282 0 7 32
a 2718 1827 0 3 46
a 2718 2650 0 4 10
a 2724 390 0 448 50
a 2724 920 0 10 3
a 2724 1596 0 7 35
a 2724 736 0 10 35
a 2724 1654 0 2 16
a 2724 1293 0 6 23
a 2762 1121 0 448 22
a 2762 1052 0 5 13
a 2762 1727 0 5 47
a 2762 764 0 8 11
a 2762 642 0 10 18
a 2762 2679 0 7 9
a 2762 1592 0 6 3
a 2762 757 0 7 13
a 2762 2824 0 7 37
a 2762 339 0 10 24
a 2762 54 0 6 1
a 2762 1420 0 10 8
a 2762 2073 0 5 42
a 2762 341 0 7 48
a 2774 394 0 448 24
a 2774 2848 0 8 25
a 2774 2786 0 5 43
a 2774 714 0 8 7
a 2774 1830 0 5 3
a 2774 2501 0 1 10
a 2774 2541 0 5 50
a 2774 1294 0 7 30
a 2774 2680 0 5 21
a 2774 2689 0 3 48
a 2774 786 0 8 37
a 2774 2061 0 3 29
a 2774 285 0 3 25
a 2774 1675 0 7 42
a 2808 907 0 448 47
a 2808 2571 0 3 26
a 2808 819 0 10 34
a 2808 509 0 7 37
a 2808 2906 0 5 17
a 2808 2899 0 7 12
a 2808 2192 0 8 11
a 2808 1118 0 2 33
a 2808 855 0 4 11
a 2808 1576 0 2 1
a 2810 2056 0 448 41
a 2810 2632 0 4 47
a 2810 1657 0 6 40
a 2810 740 0 9 39
a 2810 71 0 3 19
a 2810 474 0 3 26
a 2810 2563 0 2 5
a 2810 141 0 10 9
a 2810 2037 0 9 48
a 2810 1156 0 3 42
a 2825 1387 0 448 14
a 2825 2281 0 10 18
a 2825 2530 0 1 23
a 2825 2252 0 9 39
a 2825 1148 0 2 47
a 2825 771 0 10 36
a 2825 777 0 5 3
a 2825 2315 0 9 15
a 2867 1788 0 448 50
a 2867 1337 0 3 43
a 2867 1234 0 7 4
a 2867 330 0 5 24
a 2867 942 0 9 43
a 2867 379 0 4 1
a 2867 506 0 6 14
a 2867 1198 0 7 41
a 2867 2462 0 6 21
a 2867 166 0 2 8
a 2882 784 0 448 50
a 2882 1074 0 4 17
a 2882 69 0 1 40
a 2882 2265 0 3 33
a 2882 1936 0 5 25
a 2882 2064 0 2 39
a 2882 2942 0 8 34
a 2882 1766 0 5 32
a 2882 2118 0 8 36
a 2882 2904 0 8 19
a 2882 1857 0 9 27
a 2882 2344 0 3 46
a 2894 331 0 448 50
a 2894 1524 0 9 25
a 2894 1209 0 9 22
a 2894 466 0 6 9
a 2894 1866 0 6 17
a 2894 1929 0 8 45
a 2894 2446 0 7 27
a 2894 175 0 9 41
a 2894 1893 0 5 5
a 2894 2382 0 9 49
a 2894 1060 0 1 13
a 2894 1127 0 7 3
a 2894 1577 0 7 39
a 2894 1341 0 4 35
a 2894 1915 0 9 4
a 2894 1735 0 3 29
a 2940 2420 0 448 50
a 2940 1175 0 7 4
a 2940 2692 0 5 13
a 2940 1446 0 2 5
a 2940 1869 0 1 13
a 2940 2540 0 5 35
a 2940 655 0 5 3
a 2940 403 0 8 5
a 2940 193 0 9 16
a 2940 1333 0 6 37
a 2940 284 0 2 4
a 2940 2348 0 5 13
a 2940 945 0 8 7
a 2940 1325 0 4 7
a 2940 2439 0 7 46
a 2940 2129 0 8 9
a 2940 2539 0 8 9
a 2940 2784 0 4 48
a 2945 2682 0 448 50
a 2945 173 0 10 42
a 2945 2217 0 2 29
a 2945 692 0 2 41
a 2945 1658 0 6 46
a 2950 1461 0 448 50
a 2950 2877 0 9 24
a 2950 2217 0 6 9
a 2950 2247 0 9 33
a 2950 1108 0 10 28
a 2950 2340 0 5 23
a 2950 786 0 5 35
a 2950 2625 0 6 35
a 2950 149 0 5 32
a 2950 2132 0 6 32
a 2950 2651 0 10 31
a 2950 2866 0 5 38
a 2968 2724 0 448 31
a 2968 1101 0 10 21
a 2968 389 0 8 27
a 2968 221 0 7 30
a 2968 2048 0 5 48
a 2968 1653 0 8 10
a 2968 86 0 4 9
a 2968 1313 0 3 26
a 2968 864 0 5 24
a 2968 2237 0 1 49
a 2968 417 0 6 26
a 3 1710 0 462 50
a 3 1808 0 2 42
a 3 2118 0 5 44
a 3 231 0 6 27
a 3 1712 0 7 40
a 3 865 0 3 5
a 3 2634 0 1 37
a 3 2146 0 1 24
a 3 695 0 6 44
a 3 223 0 2 26
a 3 1687 0 4 32
a 3 1212 0 4 19
a 19 2854 0 462 29
a 19 410 0 1 5
a 49 2525 0 462 6
a 49 2946 0 1 17
a 49 999 0 2 49
a 49 1511 0 7 19
a 49 264 0 5 24
a 49 2398 0 8 42
a 49 1651 0 1 32
a 49 1379 0 2 41
a 49 1134 0 4 6
a 49 376 0 8 29
a 49 81 0 7 48
a 49 1383 0 8 29
a 49 573 0 10 48
a 49 1209 0 6 5
a 49 2999 0 5 8
a 49 893 0 8 6
a 49 1388 0 2 19
a 49 1050 0 3 38
a 63 859 0 462 21
a 63 1819 0 7 19
a 63 2176 0 6 13
a 63 961 0 9 31
a 63 498 0 10 5
a 63 1421 0 7 2
a 63 1523 0 5 33
a 63 2302 0 4 5
a 63 2330 0 4 40
a 63 1485 0 4 47
a 63 2159 0 5 21
a 63 2056 0 7 24
a 63 1504 0 9 13
a 63 308 0 7 50
a 63 145 0 7 9
a 63 503 0 10 12
a 63 499 0 8 29
a 63 938 0 3 40
a 81 1974 0 462 50
a 81 2974 0 3 20
a 81 1945 0 3 7
a 81 1170 0 7 33
a 81 564 0 10 18
a 81 483 0 1 34
a 81 1252 0 3 2
a 81 138 0 3 47
a 81 408 0 4 37
a 81 678 0 7 36
a 81 1699 0 7 16
a 81 1142 0 1 17
a 81 2624 0 2 30
a 81 440 0 5 28
a 81 302 0 1 26
a 89 1873 0 462 50
a 89 1587 0 6 39
a 89 1623 0 10 2
a 89 725 0 6 6
a 89 311 0 8 41
a 89 1639 0 1 16
a 89 1889 0 4 26
a 89 2816 0 6 13
a 89 993 0 3 13
a 89 2999 0 5 49
a 89 1493 0 8 14
a 89 1752 0 5 29
a 131 1258 0 462 4
a 131 1630 0 5 45
a 131 2590 0 10 9
a 131 847 0 4 10
a 131 804 0 4 12
a 131 2313 0 4 15
a 131 1843 0 5 35
a 131 1779 0 4 42
a 131 1518 0 8 28
a 131 454 0 2 6
a 131 2841 0 10 10
a 131 2487 0 9 28
a 131 327 0 7 7
a 131 1769 0 10 12
a 131 22 0 7 31
a 131 137 0 9 43
a 131 399 0 6 37
a 150 173 0 462 39
a 150 1299 0 1 48
a 150 1897 0 6 10
a 150 1977 0 7 42
a 173 2896 0 462 14
a 173 2890 0 4 19
a 173 273 0 5 48
a 173 872 0 8 30
a 173 2898 0 2 47
a 173 857 0 3 25
a 173 189 0 6 36
a 173 95 0 3 11
a 173 1901 0 8 38
a 173 1486 0 6 17
a 173 727 0 10 34
a 173 179 0 8 21
a 173 2547 0 9 15
a 173 2169 0 4 14
a 173 2538 0 4 3
a 173 910 0 6 32
a 188 879 0 462 50
a 188 294 0 8 37
a 188 2048 0 7 21
a 188 2301 0 10 48
a 188 560 0 3 22
a 188 2227 0 10 13
a 188 558 0 2 23
a 188 1830 0 8 7
a 188 140 0 9 8
a 188 2645 0 4 19
a 188 1928 0 8 9
a 188 1662 0 3 6
a 188 222 0 7 2
a 188 2642 0 8 13
a 188 1850 0 1 35
a 188 718 0 3 40
a 188 388 0 2 24
a 192 1352 0 462 37
a 192 2986 0 10 1
a 192 853 0 10 6
a 192 677 0 10 35
a 192 649 0 7 11
a 192 1080 0 1 49
a 192 1676 0 10 43
a 192 654 0 10 34
a 192 2987 0 7 19
a 192 1766 0 9 14
a 192 2918 0 2 37
a 192 1990 0 10 39
a 192 486 0 3 22
a 192 1764 0 8 32
a 192 344 0 2 32
a 198 470 0 462 11
a 198 539 0 2 30
a 198 1745 0 4 23
a 198 548 0 3 34
a 198 1934 0 9 30
a 198 1466 0 5 22
a 198 2190 0 7 35
a 198 2137 0 3 48
a 198 1153 0 3 49
a 198 1641 0 10 21
a 202 1377 0 462 43
a 202 1559 0 5 23
a 202 2342 0 9 40
a 202 827 0 3 21
a 202 146 0 8 12
a 202 143 0 2 1
a 214 1902 0 462 50
a 214 1846 0 4 46
a 214 1322 0 5 13
a 214 438 0 1 30
a 214 1315 0 10 37
a 214 2426 0 7 7
a 214 1639 0 5 45
a 214 1931 0 7 24
a 214 2928 0 6 14
a 214 2580 0 2 33
a 214 2171 0 1 11
a 214 2682 0 5 39
a 214 706 0 1 4
a 214 969 0 4 23
a 214 395 0 6 43
a 214 2765 0 10 11
a 214 3000 0 2 25
a 214 1198 0 6 28
a 217 2107 0 462 50
a 217 1416 0 3 25
a 217 811 0 10 15
a 217 1693 0 6 8
a 217 76 0 5 10
a 217 992 0 2 45
a 217 2520 0 2 30
a 217 594 0 3 7
a 217 2239 0 3 42
a 217 2534 0 9 26
a 217 2526 0 3 32
a 217 2781 0 10 11
a 217 2661 0 3 24
a 218 1091 0 462 50
a 218 1237 0 5 38
a 218 689 0 8 6
a 218 1762 0 1 27
a 218 1698 0 9 42
a 218 2573 0 5 28
a 218 2791 0 3 32
a 218 2987 0 5 22
a 218 2117 0 5 43
a 219 1129 0 462 9
a 219 2905 0 8 39
a 219 963 0 6 30
a 219 149 0 4 7
a 219 1408 0 3 44
a 219 2831 0 2 39
a 219 1206 0 3 30
a 219 281 0 7 7
a 219 2066 0 10 39
a 219 383 0 7 15
a 219 2544 0 3 31
a 219 231 0 4 29
a 219 441 0 10 13
a 219 202 0 3 14
a 219 2363 0 6 28
a 239 247 0 462 42
a 239 162 0 6 42
a 239 1547 0 9 10
a 239 2618 0 3 39
a 239 712 0 2 50
a 239 2863 0 9 23
a 247 1801 0 462 50
a 247 777 0 2 43
a 247 1809 0 6 41
a 247 2319 0 5 8
a 247 566 0 6 23
a 247 1039 0 2 16
a 247 470 0 8 8
a 247 1590 0 1 15
a 247 913 0 10 17
a 247 1357 0 2 7
a 247 752 0 1 27
a 247 2031 0 6 24
a 247 2840 0 6 26
a 247 128 0 8 48
a 247 1352 0 7 47
a 250 1775 0 462 50
a 250 946 0 6 13
a 250 1961 0 7 7
a 250 2389 0 5 15
a 250 2343 0 8 45
a 250 1477 0 2 18
a 250 2520 0 9 14
a 250 2757 0 1 24
a 250 657 0 10 17
a 250 1348 0 9 26
a 250 2027 0 7 11
a 250 1567 0 9 46
a 250 2796 0 9 45
a 267 2728 0 462 50
a 267 2072 0 7 4
a 267 357 0 5 34
a 267 68 0 6 14
a 267 1124 0 3 16
a 267 698 0 4 21
a 267 2941 0 3 6
a 267 2558 0 5 50
a 361 1038 0 462 34
a 361 182 0 10 19
a 361 391 0 10 11
a 361 1489 0 6 6
a 361 1134 0 6 38
a 361 2821 0 10 49
a 361 2173 0 8 19
a 361 178 0 9 31
a 361 796 0 2 44
a 361 2026 0 5 31
a 361 2729 0 10 47
a 361 58 0 5 31
a 361 1560 0 5 6
a 361 1583 0 2 21
a 361 224 0 6 49
a 361 1666 0 4 35
a 370 1634 0 462 50
a 370 521 0 1 15
a 370 2616 0 2 14
a 370 2547 0 1 42
a 370 1211 0 8 10
a 370 2642 0 7 45
a 370 480 0 8 41
a 370 2491 0 8 45
a 371 1494 0 462 49
a 371 2446 0 4 25
a 371 2031 0 5 19
a 371 2213 0 9 41
a 371 1800 0 8 16
a 371 2752 0 2 44
a 371 63 0 6 46
a 371 1974 0 8 6
a 371 1416 0 2 46
a 371 1102 0 3 33
a 371 1175 0 3 35
a 371 283 0 6 40
a 371 2886 0 2 13
a 371 170 0 7 29
a 371 315 0 10 21
a 371 522 0 2 48
a 371 1452 0 1 26
a 403 1422 0 462 50
a 403 2606 0 5 40
a 405 2730 0 462 50
a 405 302 0 1 20
a 428 2039 0 462 50
a 428 2300 0 7 23
a 428 1803 0 1 44
a 428 1661 0 10 1
a 428 1918 0 1 31
a 428 1310 0 10 18
a 428 2458 0 10 29
a 428 649 0 1 9
a 428 538 0 4 47
a 428 1103 0 10 46
a 428 2744 0 8 28
a 428 2584 0 10 27
a 428 381 0 5 13
a 428 1562 0 4 35
a 428 2319 0 6 7
a 428 1561 0 1 37
a 428 1590 0 3 1
a 463 1423 0 462 37
a 463 2794 0 2 10
a 463 2688 0 5 19
a 463 2267 0 8 4
a 463 1433 0 9 10
a 463 666 0 1 49
a 470 793 0 462 50
a 470 1429 0 5 14
a 470 2054 0 7 19
a 470 1708 0 4 38
a 470 124 0 4 20
a 470 1187 0 7 6
a 470 2136 0 8 1
a 470 2565 0 8 46
a 470 2364 0 5 3
a 470 204 0 8 28
a 470 2930 0 4 45
a 470 2797 0 8 42
a 470 1627 0 7 6
a 474 1527 0 462 50
a 474 861 0 10 11
a 474 842 0 4 36
a 474 2863 0 1 26
a 474 571 0 2 4
a 474 1868 0 6 17
a 474 2998 0 3 49
a 474 1036 0 5 44
a 474 1144 0 10 24
a 474 149 0 3 12
a 490 2976 0 462 50
a 490 1965 0 3 23
a 490 782 0 10 13
a 490 843 0 9 33
a 490 169 0 4 38
a 490 1432 0 3 40
a 490 1528 0 7 24
a 490 412 0 9 1
a 490 176 0 10 48
a 490 1924 0 5 50
a 490 1618 0 2 1
a 490 980 0 7 19
a 499 2751 0 462 17
a 499 648 0 3 50
a 499 1740 0 5 37
a 499 2498 0 2 4
a 499 2843 0 1 29
a 499 2132 0 1 18
a 499 2500 0 5 13
a 499 227 0 9 44
a 499 1320 0 8 31
a 499 1869 0 9 44
a 499 1102 0 10 50
a 499 1014 0 4 9
a 499 1104 0 3 35
a 499 784 0 3 8
a 499 2762 0 3 50
a 533 2568 0 462 50
a 533 1559 0 4 27
a 533 832 0 4 14
a 533 2319 0 9 23
a 533 1908 0 2 14
a 534 131 0 462 27
a 534 1214 0 3 19
a 534 363 0 3 21
a 534 2432 0 4 21
a 534 637 0 2 41
a 534 320 0 7 11
a 534 562 0 2 14
a 534 1677 0 4 29
a 534 2233 0 5 40
a 534 1428 0 8 1
a 534 300 0 9 9
a 534 1240 0 5 5
a 534 2836 0 9 37
a 550 534 0 462 29
a 550 2526 0 9 4
a 550 876 0 10 25
a 550 514 0 3 29
a 550 2689 0 6 44
a 550 167 0 3 4
a 550 162 0 2 37
a 550 431 0 8 49
a 550 2984 0 4 21
a 550 1115 0 8 16
a 550 2732 0 7 45
a 550 1896 0 1 40
a 550 1984 0 6 18
a 571 250 0 462 5
a 571 120 0 1 24
a 571 1846 0 2 20
a 571 2303 0 8 14
a 571 1174 0 8 17
a 571 2287 0 7 11
a 571 2326 0 10 2
a 571 1718 0 10 48
a 571 749 0 3 7
a 571 2762 0 6 4
a 571 2192 0 5 48
a 571 1988 0 4 16
a 571 1903 0 8 19
a 571 108 0 1 28
a 571 802 0 10 49
a 571 1849 0 4 34
a 571 301 0 1 45
a 571 1704 0 8 7
a 582 239 0 462 50
a 582 59 0 8 17
a 582 539 0 8 35
a 582 1813 0 2 27
a 584 533 0 462 28
a 584 2767 0 2 41
a 584 2378 0 9 38
a 584 400 0 4 32
a 584 210 0 10 11
a 594 198 0 462 50
a 594 1045 0 7 9
a 594 725 0 9 21
a 615 872 0 462 50
a 615 99 0 6 20
a 615 2216 0 10 23
a 615 1076 0 9 15
a 624 852 0 462 50
a 624 1080 0 10 6
a 624 315 0 3 15
a 624 2502 0 4 19
a 624 2109 0 7 24
a 624 2767 0 4 35
a 624 1067 0 6 49
a 624 2937 0 4 18
a 628 965 0 462 50
a 628 2679 0 9 38
a 628 1855 0 4 39
a 628 2128 0 10 36
a 628 1732 0 5 30
a 628 2004 0 2 46
a 628 2692 0 8 20
a 628 1669 0 7 20
a 628 794 0 9 21
a 628 131 0 4 14
a 642 1632 0 462 50
a 642 2977 0 4 39
a 642 80 0 2 42
a 642 2819 0 7 36
a 642 2812 0 4 14
a 642 2111 0 10 23
a 642 2908 0 10 21
a 652 2178 0 462 50
a 652 2577 0 8 19
a 652 1081 0 2 30
a 652 2928 0 3 20
a 652 2062 0 7 32
a 652 393 0 9 13
a 652 2528 0 1 48
a 652 1168 0 1 29
a 652 2761 0 1 43
a 652 1784 0 10 4
a 652 2186 0 6 49
a 652 2883 0 3 46
a 652 2958 0 2 37
a 652 377 0 4 15
a 652 1173 0 9 33
a 652 1617 0 4 35
a 652 385 0 2 44
a 652 2871 0 5 20
a 654 2873 0 462 50
a 654 1734 0 1 3
a 654 499 0 10 1
a 659 214 0 462 50
a 659 1688 0 1 38
a 659 2292 0 2 17
a 659 1400 0 5 36
a 659 2144 0 1 9
a 659 1182 0 1 23
a 659 2238 0 6 22
a 659 2213 0 1 4
a 659 796 0 6 16
a 659 2861 0 8 2
a 659 1408 0 2 39
a 659 1507 0 10 19
a 659 2831 0 6 13
a 659 367 0 5 33
a 683 1058 0 462 50
a 683 1559 0 9 48
a 683 2106 0 2 32
a 683 630 0 6 31
a 683 2960 0 4 13
a 683 328 0 9 6
a 683 1201 0 7 24
a 683 2238 0 6 45
a 683 2188 0 10 49
a 683 1197 0 4 35
a 693 2995 0 462 50
a 693 2678 0 462 25
a 693 2052 0 10 36
a 693 1009 0 6 43
a 693 1597 0 8 7
a 693 1335 0 5 38
a 693 582 0 1 14
a 693 1516 0 6 31
a 693 2893 0 2 26
a 693 2272 0 8 16
a 693 2146 0 10 2
a 693 1763 0 8 44
a 713 659 0 462 50
a 713 983 0 10 13
a 713 772 0 3 3
a 713 1660 0 5 32
a 713 1062 0 4 11
a 713 2266 0 1 3
a 713 2528 0 6 47
a 713 999 0 4 19
a 713 2913 0 6 9
a 713 2465 0 4 15
a 713 2173 0 9 17
a 713 383 0 10 32
a 731 361 0 462 9
a 731 1093 0 3 43
a 731 2625 0 1 16
a 731 997 0 5 35
a 731 660 0 5 28
a 731 694 0 9 6
a 731 2970 0 7 37
a 731 2065 0 6 35
a 731 988 0 2 31
a 731 2164 0 9 6
a 731 1944 0 1 22
a 731 532 0 2 1
a 731 387 0 4 27
a 731 117 0 9 37
a 731 67 0 7 16
a 731 781 0 2 39
a 731 146 0 5 47
a 735 2134 0 462 15
a 735 2114 0 6 23
a 735 2914 0 1 40
a 752 474 0 462 50
a 752 2081 0 9 30
a 752 1876 0 8 47
a 752 2010 0 4 4
a 752 1796 0 6 12
a 752 764 0 7 12
a 752 2404 0 7 34
a 752 2957 0 3 9
a 752 840 0 6 41
a 752 577 0 9 28
a 752 1065 0 2 45
a 752 1817 0 7 22
a 752 768 0 3 50
a 752 739 0 4 36
a 752 1770 0 1 6
a 752 1580 0 5 49
a 752 1041 0 9 35
a 777 1360 0 462 20
a 777 1237 0 9 41
a 777 2115 0 7 48
a 777 84 0 1 47
a 777 2720 0 3 13
a 777 160 0 6 46
a 777 2417 0 8 4
a 777 1954 0 1 27
a 777 1284 0 2 37
a 777 872 0 5 28
a 777 2307 0 6 4
a 777 1866 0 8 37
a 777 1960 0 2 50
a 777 1423 0 1 32
a 793 202 0 462 50
a 793 2254 0 4 26
a 793 406 0 10 50
a 793 108 0 2 35
a 793 838 0 4 48
a 793 59 0 3 50
a 793 460 0 8 11
a 793 241 0 7 9
a 793 291 0 5 7
a 793 1837 0 5 10
a 793 600 0 9 36
a 793 530 0 4 50
a 793 829 0 8 39
a 793 621 0 10 6
a 793 1000 0 9 9
a 793 2169 0 2 8
a 793 1321 0 1 33
a 793 2190 0 4 31
a 796 2765 0 462 44
a 796 2383 0 5 31
a 796 18 0 9 30
a 796 1923 0 4 33
a 796 2414 0 2 6
a 796 1970 0 4 34
a 796 2088 0 3 15
a 796 2123 0 3 7
a 796 2473 0 7 37
a 796 178 0 6 5
a 796 1428 0 1 44
a 796 913 0 10 23
a 796 2835 0 7 17
a 796 2418 0 9 48
a 796 645 0 8 27
a 797 2970 0 462 50
a 797 2116 0 6 50
a 797 2595 0 7 16
a 797 1471 0 1 37
a 797 2307 0 9 47
a 797 940 0 5 33
a 801 1073 0 462 50
a 801 1739 0 2 39
a 801 2062 0 3 18
a 801 1268 0 7 24
a 801 357 0 9 3
a 801 42 0 10 46
a 801 1692 0 3 18
a 801 1299 0 8 46
a 801 1446 0 6 29
a 801 1906 0 10 14
a 801 2890 0 10 2
a 801 2090 0 4 23
a 801 2043 0 9 40
a 801 65 0 4 43
a 801 2398 0 9 38
a 801 151 0 8 27
a 801 672 0 4 39
a 801 2361 0 2 34
a 827 1365 0 462 46
a 827 1992 0 4 38
a 827 727 0 1 7
a 827 1273 0 7 47
a 827 2709 0 9 1
a 827 126 0 1 35
a 827 2521 0 8 33
a 827 288 0 6 31
a 827 2707 0 1 25
a 827 247 0 7 26
a 827 559 0 6 19
a 827 2617 0 7 32
a 827 2483 0 6 33
a 827 348 0 4 23
a 829 2130 0 462 50
a 829 2297 0 1 2
a 829 2001 0 4 20
a 829 1710 0 5 45
a 829 1110 0 9 15
a 829 689 0 1 47
a 829 2643 0 2 37
a 829 1361 0 4 2
a 829 1042 0 2 12
a 829 2771 0 3 29
a 829 1301 0 3 16
a 834 2644 0 462 46
a 834 348 0 3 26
a 834 2731 0 5 47
a 834 1339 0 1 23
a 834 946 0 8 50
a 852 777 0 462 32
a 852 2948 0 8 49
a 852 2292 0 1 31
a 852 1773 0 4 25
a 852 1229 0 5 39
a 852 1468 0 5 38
a 852 26 0 1 24
a 852 896 0 5 26
a 852 724 0 9 47
a 852 2335 0 2 2
a 852 599 0 6 49
a 852 1384 0 6 37
a 859 2593 0 462 50
a 859 1736 0 3 26
a 859 1461 0 8 8
a 859 2761 0 10 32
a 859 2215 0 4 35
a 859 905 0 1 9
a 859 1927 0 4 40
a 859 1716 0 1 24
a 859 1967 0 1 14
a 859 1161 0 9 30
a 859 1456 0 9 30
a 859 1840 0 4 13
a 859 2061 0 3 50
a 859 1683 0 4 24
a 859 2672 0 2 5
a 859 1018 0 4 3
a 864 2014 0 462 49
a 864 946 0 4 47
a 864 1520 0 10 1
a 864 1292 0 3 31
a 864 1037 0 7 30
a 864 911 0 4 33
a 864 761 0 10 25
a 864 195 0 3 29
a 864 1467 0 4 16
a 864 2526 0 8 30
a 864 2940 0 5 34
a 864 910 0 7 32
a 864 1804 0 9 42
a 872 1672 0 462 19
a 872 1431 0 5 15
a 872 415 0 10 3
a 872 2258 0 8 40
a 872 735 0 4 10
a 872 2502 0 7 4
a 872 223 0 5 8
a 872 846 0 10 28
a 872 2624 0 9 48
a 872 659 0 10 3
a 872 718 0 3 27
a 872 392 0 5 7
a 872 1275 0 5 26
a 879 1898 0 462 13
a 879 2182 0 9 15
a 879 364 0 4 27
a 879 911 0 10 6
a 879 27 0 6 8
a 879 43 0 2 21
a 879 116 0 2 1
a 879 156 0 8 3
a 879 829 0 2 38
a 879 2721 0 9 27
a 879 297 0 6 4
a 882 1049 0 462 15
a 882 1025 0 3 39
a 882 1113 0 7 12
a 882 342 0 5 37
a 882 1680 0 4 24
a 882 808 0 4 45
a 882 2646 0 7 30
a 882 2671 0 6 3
a 882 234 0 4 12
a 882 123 0 6 36
a 882 2408 0 6 48
a 893 19 0 462 50
a 893 2706 0 10 13
a 893 2495 0 8 47
a 893 1755 0 2 31
a 893 1034 0 10 48
a 903 2645 0 462 36
a 903 226 0 6 1
a 903 2078 0 3 2
a 912 1843 0 462 26
a 912 967 0 9 16
a 912 2985 0 5 35
a 912 994 0 3 1
a 912 164 0 7 49
a 912 1188 0 3 23
a 912 130 0 6 25
a 912 1229 0 3 9
a 912 2083 0 6 36
a 912 2677 0 1 19
a 912 1466 0 1 34
a 912 1649 0 10 17
a 912 1319 0 3 48
a 912 2190 0 6 40
a 939 624 0 462 50
a 939 214 0 5 35
a 939 1148 0 7 18
a 939 2656 0 7 18
a 939 888 0 9 2
a 939 1152 0 3 16
a 939 1154 0 5 14
a 939 1391 0 2 19
a 939 2716 0 6 5
a 939 946 0 6 10
a 939 1027 0 10 11
a 939 2238 0 2 21
a 939 856 0 6 11
a 939 578 0 4 47
a 965 752 0 462 50
a 965 2884 0 9 16
a 965 1853 0 8 6
a 965 1791 0 5 17
a 965 1321 0 6 5
a 974 2563 0 462 48
a 974 2801 0 7 35
a 974 1645 0 10 39
a 974 2546 0 4 38
a 974 2873 0 5 37
a 974 2939 0 5 18
a 974 1232 0 6 43
a 974 67 0 9 27
a 974 1900 0 7 19
a 974 342 0 5 49
a 974 1614 0 6 24
a 974 2090 0 3 6
a 974 2052 0 3 15
a 1001 1106 0 462 50
a 1001 1439 0 2 19
a 1001 1361 0 1 38
a 1001 2097 0 4 9
a 1001 1813 0 4 47
a 1001 2668 0 9 2
a 1001 2909 0 10 26
a 1001 436 0 6 22
a 1001 1222 0 10 43
a 1001 1394 0 7 33
a 1001 2189 0 4 28
a 1001 1053 0 1 31
a 1001 1274 0 1 35
a 1001 2258 0 10 15
a 1001 419 0 10 27
a 1001 2588 0 8 48
a 1001 1851 0 10 38
a 1029 1036 0 462 50
a 1029 221 0 8 23
a 1029 1797 0 9 24
a 1029 1348 0 4 4
a 1029 2578 0 5 18
a 1029 1562 0 7 49
a 1029 772 0 3 25
a 1029 354 0 7 37
a 1029 2447 0 5 4
a 1035 584 0 462 4
a 1035 2716 0 4 30
a 1035 2495 0 5 20
a 1035 2509 0 9 50
a 1036 693 0 462 24
a 1036 99 0 2 47
a 1036 2515 0 10 22
a 1036 944 0 1 17
a 1036 2438 0 5 32
a 1038 1479 0 462 50
a 1038 2206 0 1 31
a 1038 53 0 1 19
a 1038 1486 0 10 49
a 1038 2760 0 7 33
a 1038 2354 0 5 48
a 1038 2534 0 8 43
a 1038 837 0 4 18
a 1038 1768 0 7 40
a 1038 2320 0 9 27
a 1038 2550 0 4 10
a 1049 371 0 462 21
a 1049 331 0 8 27
a 1049 179 0 10 5
a 1049 2541 0 9 23
a 1049 2228 0 2 33
a 1049 251 0 3 38
a 1049 2610 0 4 15
a 1049 707 0 3 41
a 1058 2876 0 462 50
a 1058 709 0 9 4
a 1058 2131 0 8 17
a 1058 2984 0 2 6
a 1058 1243 0 9 17
a 1058 2999 0 4 12
a 1058 267 0 2 11
a 1058 1578 0 5 40
a 1058 2588 0 9 27
a 1058 363 0 10 46
a 1058 283 0 3 33
a 1058 382 0 2 24
a 1058 1424 0 5 36
a 1058 2079 0 1 4
a 1058 1196 0 1 4
a 1058 360 0 2 39
a 1058 250 0 1 32
a 1073 63 0 462 26
a 1073 208 0 2 1
a 1073 501 0 1 31
a 1073 2621 0 4 8
a 1087 1941 0 462 46
a 1087 263 0 8 35
a 1087 799 0 1 42
a 1087 2185 0 10 32
a 1087 2247 0 6 7
a 1087 928 0 1 2
a 1087 437 0 1 37
a 1087 663 0 8 5
a 1087 1466 0 9 27
a 1087 85 0 9 8
a 1087 2313 0 3 50
a 1087 2218 0 9 48
a 1087 269 0 1 22
a 1087 1359 0 6 16
a 1091 1186 0 462 50
a 1091 1639 0 2 49
a 1091 2756 0 4 47
a 1098 1918 0 462 50
a 1098 1241 0 2 48
a 1098 428 0 10 23
a 1098 787 0 3 42
a 1098 1875 0 3 2
a 1098 2197 0 2 23
a 1098 1941 0 2 16
a 1098 2090 0 10 38
a 1098 2384 0 5 15
a 1098 1537 0 3 10
a 1098 2632 0 7 41
a 1098 1563 0 6 23
a 1098 2999 0 4 14
a 1098 1601 0 8 13
a 1098 1430 0 9 23
a 1106 490 0 462 50
a 1106 882 0 3 1
a 1106 443 0 3 25
a 1106 207 0 10 40
a 1106 1610 0 6 37
a 1106 1110 0 1 42
a 1106 2353 0 8 1
a 1106 2001 0 2 43
a 1106 2660 0 1 26
a 1106 1606 0 9 12
a 1106 821 0 10 18
a 1106 1382 0 8 21
a 1106 2271 0 1 41
a 1106 2889 0 9 47
a 1106 2199 0 7 37
a 1129 2797 0 462 50
a 1129 2042 0 1 23
a 1129 2554 0 5 19
a 1129 1903 0 1 31
a 1129 2041 0 6 1
a 1129 686 0 7 36
a 1129 2460 0 9 29
a 1129 864 0 2 22
a 1129 947 0 3 32
a 1129 186 0 8 10
a 1129 1151 0 6 20
a 1129 1126 0 5 30
a 1175 2385 0 462 50
a 1175 2630 0 7 9
a 1175 881 0 4 46
a 1175 1969 0 5 39
a 1175 1728 0 9 13
a 1175 1643 0 4 3
a 1175 352 0 3 48
a 1175 1563 0 8 42
a 1175 2665 0 10 16
a 1175 884 0 9 28
a 1175 763 0 7 26
a 1175 949 0 2 22
a 1175 1917 0 8 45
a 1175 2981 0 7 12
a 1175 1188 0 1 24
a 1180 1774 0 462 14
a 1180 2040 0 6 48
a 1180 1533 0 6 46
a 1180 2749 0 8 13
a 1180 330 0 7 6
a 1180 370 0 3 48
a 1180 2528 0 2 32
a 1180 534 0 8 48
a 1180 332 0 9 15
a 1180 1124 0 5 29
a 1180 1300 0 4 12
a 1180 92 0 4 33
a 1186 1381 0 462 50
a 1186 547 0 6 14
a 1186 472 0 2 36
a 1186 73 0 7 44
a 1186 1156 0 7 39
a 1186 1220 0 4 49
a 1186 1250 0 3 12
a 1186 2430 0 10 18
a 1186 380 0 7 33
a 1186 2747 0 2 41
a 1190 1425 0 462 50
a 1190 2325 0 1 45
a 1190 2628 0 1 38
a 1236 2509 0 462 10
a 1236 2947 0 6 48
a 1236 81 0 5 34
a 1236 1163 0 4 33
a 1236 1033 0 3 32
a 1236 2155 0 1 46
a 1236 2994 0 9 2
a 1236 68 0 1 10
a 1236 957 0 10 42
a 1236 2120 0 6 48
a 1236 665 0 6 47
a 1236 2435 0 9 37
a 1236 1615 0 9 48
a 1236 2879 0 2 34
a 1237 2799 0 462 23
a 1237 2057 0 9 28
a 1237 2448 0 4 43
a 1237 2200 0 1 48
a 1237 1645 0 5 33
a 1237 2602 0 2 30
a 1237 364 0 10 11
a 1237 1047 0 7 17
a 1237 1137 0 3 13
a 1237 2227 0 2 23
a 1237 2052 0 3 18
a 1237 2826 0 10 6
a 1237 2284 0 6 14
a 1237 1354 0 1 12
a 1256 582 0 462 50
a 1256 23 0 9 44
a 1256 209 0 5 42
a 1256 1567 0 5 3
a 1256 867 0 1 27
a 1256 897 0 6 14
a 1256 2947 0 1 10
a 1256 1821 0 10 36
a 1256 771 0 5 45
a 1256 564 0 4 16
a 1256 465 0 2 21
a 1256 301 0 7 31
a 1256 1903 0 1 20
a 1256 1712 0 10 35
a 1256 662 0 9 15
a 1258 150 0 462 50
a 1258 2108 0 10 20
a 1258 2206 0 5 13
a 1258 737 0 5 9
a 1258 303 0 4 3
a 1258 2485 0 1 43
a 1258 1020 0 2 11
a 1258 1785 0 5 11
a 1258 2417 0 5 47
a 1270 2927 0 462 2
a 1270 1645 0 10 13
a 1270 2540 0 3 38
a 1270 1882 0 3 26
a 1270 2320 0 10 3
a 1270 239 0 3 8
a 1270 795 0 6 46
a 1270 2269 0 5 29
a 1270 870 0 5 20
a 1270 38 0 8 29
a 1270 2645 0 7 34
a 1270 2771 0 6 1
a 1270 1435 0 4 49
a 1270 1591 0 10 21
a 1270 2495 0 9 33
a 1270 1347 0 7 23
a 1270 1910 0 1 18
a 1295 1450 0 462 50
a 1295 1573 0 4 1
a 1295 1067 0 1 35
a 1295 1193 0 7 18
a 1295 2627 0 2 32
a 1295 1397 0 8 16
a 1295 858 0 10 33
a 1295 568 0 6 13
a 1295 2913 0 9 29
a 1295 2784 0 4 41
a 1295 1539 0 1 29
a 1331 834 0 462 33
a 1331 917 0 1 21
a 1331 1785 0 8 30
a 1331 1380 0 2 27
a 1333 628 0 462 50
a 1333 1135 0 10 39
a 1333 1730 0 9 40
a 1340 1840 0 462 50
a 1340 1960 0 7 29
a 1340 2987 0 5 41
a 1340 570 0 8 11
a 1340 2704 0 2 44
a 1340 2975 0 1 18
a 1340 2035 0 3 50
a 1345 1331 0 462 50
a 1345 1474 0 6 8
a 1345 1664 0 9 48
a 1345 2030 0 2 10
a 1345 525 0 7 23
a 1345 2156 0 6 16
a 1352 2209 0 462 50
a 1352 262 0 5 35
a 1352 1660 0 4 2
a 1352 2548 0 10 42
a 1352 996 0 10 26
a 1353 1937 0 462 26
a 1353 2514 0 4 50
a 1353 927 0 3 15
a 1353 423 0 1 20
a 1353 1261 0 1 30
a 1353 168 0 2 10
a 1353 1452 0 7 40
a 1353 839 0 6 49
a 1353 1507 0 10 39
a 1353 317 0 5 31
a 1353 674 0 6 11
a 1353 155 0 8 21
a 1353 390 0 6 20
a 1353 1613 0 2 17
a 1353 1631 0 9 41
a 1353 1047 0 2 36
a 1353 871 0 1 13
a 1353 671 0 1 31
a 1360 642 0 462 50
a 1360 1155 0 9 3
a 1360 369 0 6 40
a 1360 1763 0 1 24
a 1360 1722 0 8 3
a 1360 1140 0 2 46
a 1360 1303 0 10 29
a 1360 1753 0 6 28
a 1360 1598 0 7 18
a 1360 665 0 4 10
a 1360 800 0 10 13
a 1360 2663 0 4 19
a 1360 1620 0 2 5
a 1360 1869 0 2 19
a 1360 2130 0 6 9
a 1363 1295 0 462 50
a 1363 163 0 6 34
a 1363 1967 0 6 47
a 1365 370 0 462 50
a 1365 26 0 1 23
a 1365 964 0 8 2
a 1365 2950 0 9 13
a 1365 1205 0 3 25
a 1365 2848 0 8 37
a 1365 1789 0 4 12
a 1377 2868 0 462 25
a 1377 67 0 1 33
a 1377 2431 0 6 13
a 1377 1956 0 4 35
a 1377 2364 0 3 5
a 1377 78 0 9 13
a 1377 610 0 9 41
a 1377 560 0 2 39
a 1377 157 0 10 1
a 1377 1163 0 4 32
a 1377 1738 0 8 17
a 1377 2065 0 1 2
a 1377 2415 0 1 42
a 1377 1285 0 1 16
a 1381 1424 0 462 50
a 1381 1911 0 3 2
a 1381 1241 0 8 14
a 1381 2096 0 10 36
a 1381 1837 0 1 11
a 1422 1256 0 462 50
a 1422 545 0 10 9
a 1422 1650 0 3 15
a 1422 2111 0 3 49
a 1422 275 0 6 32
a 1422 551 0 10 9
a 1423 2340 0 462 23
a 1423 1248 0 5 48
a 1423 1699 0 8 32
a 1423 2828 0 8 8
a 1423 2151 0 4 29
a 1423 1647 0 9 31
a 1423 124 0 4 27
a 1424 1353 0 462 31
a 1424 2036 0 3 10
a 1425 192 0 462 14
a 1425 1147 0 2 42
a 1425 2934 0 4 50
a 1425 673 0 8 14
a 1427 1719 0 462 44
a 1427 113 0 3 13
a 1427 890 0 4 9
a 1427 310 0 3 18
a 1427 946 0 8 20
a 1427 2468 0 4 48
a 1427 1265 0 1 41
a 1427 881 0 2 18
a 1427 2880 0 1 21
a 1427 2439 0 6 1
a 1427 2634 0 5 25
a 1450 81 0 462 14
a 1450 789 0 7 3
a 1450 658 0 10 33
a 1450 409 0 5 35
a 1450 772 0 4 38
a 1450 2061 0 4 16
a 1450 1195 0 3 29
a 1450 1422 0 9 33
a 1450 435 0 6 40
a 1450 2194 0 9 35
a 1450 1211 0 10 11
a 1450 1097 0 1 21
a 1450 1504 0 5 45
a 1479 652 0 462 50
a 1479 1953 0 10 26
a 1479 266 0 8 22
a 1479 1957 0 3 6
a 1479 2930 0 8 47
a 1479 1822 0 3 34
a 1479 1701 0 7 28
a 1479 2257 0 6 20
a 1479 2729 0 8 45
a 1479 1944 0 2 28
a 1479 2654 0 1 11
a 1479 1052 0 9 25
a 1479 746 0 10 34
a 1494 2303 0 462 50
a 1494 1423 0 3 15
a 1494 444 0 4 34
a 1494 2939 0 3 28
a 1527 2652 0 462 50
a 1527 1496 0 9 39
a 1527 473 0 5 4
a 1527 438 0 5 41
a 1527 1563 0 10 20
a 1527 89 0 9 4
a 1527 2073 0 9 13
a 1527 2939 0 8 12
a 1527 1804 0 3 31
a 1527 1079 0 7 42
a 1554 1622 0 462 50
a 1554 2596 0 4 3
a 1554 2539 0 4 13
a 1554 896 0 5 28
a 1554 2552 0 3 20
a 1554 2998 0 7 21
a 1554 1490 0 7 39
a 1573 2318 0 462 24
a 1573 2675 0 8 47
a 1573 1798 0 6 39
a 1573 2765 0 4 44
a 1573 1982 0 5 6
a 1573 730 0 5 20
a 1573 650 0 6 37
a 1573 636 0 6 6
a 1573 946 0 3 47
a 1573 360 0 6 19
a 1573 1621 0 6 36
a 1573 2360 0 6 33
a 1580 864 0 462 17
a 1580 1716 0 10 30
a 1580 613 0 3 2
a 1580 2227 0 7 2
a 1580 2694 0 5 1
a 1580 1365 0 1 20
a 1580 2525 0 4 38
a 1580 1266 0 5 23
a 1580 2850 0 1 25
a 1580 2625 0 2 47
a 1580 1318 0 9 3
a 1580 749 0 2 11
a 1580 1226 0 3 13
a 1580 1275 0 5 20
a 1580 2747 0 8 33
a 1607 801 0 462 50
a 1607 522 0 8 44
a 1607 2194 0 2 6
a 1607 833 0 2 26
a 1607 1353 0 5 23
a 1607 566 0 7 34
a 1607 1858 0 5 16
a 1607 2912 0 9 12
a 1607 72 0 3 47
a 1607 2728 0 4 37
a 1607 627 0 9 13
a 1622 1972 0 462 21
a 1622 1199 0 1 5
a 1622 2445 0 3 20
a 1622 2171 0 6 29
a 1622 1340 0 1 47
a 1632 1363 0 462 34
a 1632 194 0 9 10
a 1632 2003 0 5 26
a 1632 1305 0 8 48
a 1632 2989 0 6 50
a 1632 1964 0 1 47
a 1632 22 0 7 39
a 1634 2664 0 462 50
a 1634 2944 0 7 2
a 1634 2558 0 1 46
a 1634 2044 0 1 23
a 1634 2991 0 7 28
a 1634 224 0 4 47
a 1634 142 0 5 24
a 1634 1105 0 4 9
a 1634 1653 0 6 40
a 1672 2442 0 462 50
a 1672 2556 0 2 23
a 1672 1154 0 8 45
a 1672 564 0 5 48
a 1672 2444 0 2 16
a 1672 2409 0 3 45
a 1672 163 0 1 39
a 1672 1620 0 9 50
a 1672 2785 0 10 24
a 1672 1898 0 6 12
a 1672 1679 0 8 32
a 1706 1175 0 462 42
a 1706 1005 0 6 28
a 1706 935 0 4 15
a 1706 375 0 4 41
a 1706 708 0 9 49
a 1706 1046 0 9 43
a 1706 2325 0 6 48
a 1706 2864 0 5 20
a 1706 1541 0 5 8
a 1706 2121 0 4 27
a 1706 1600 0 10 40
a 1706 2362 0 3 28
a 1706 2173 0 1 18
a 1706 2276 0 2 22
a 1706 2039 0 8 3
a 1706 2955 0 1 45
a 1706 1654 0 7 22
a 1710 2054 0 462 45
a 1710 1586 0 9 23
a 1719 2259 0 462 50
a 1719 872 0 2 16
a 1719 2549 0 2 28
a 1719 445 0 7 47
a 1719 1244 0 7 21
a 1719 1495 0 3 12
a 1719 1418 0 8 42
a 1719 1509 0 6 4
a 1719 2153 0 7 41
a 1719 1482 0 1 43
a 1735 2111 0 462 4
a 1735 2933 0 6 9
a 1735 456 0 7 35
a 1735 494 0 9 46
a 1735 2284 0 1 39
a 1735 1814 0 6 49
a 1735 2628 0 9 34
a 1735 604 0 2 6
a 1735 2860 0 10 3
a 1735 2156 0 4 11
a 1735 2744 0 7 6
a 1735 1379 0 6 34
a 1735 408 0 4 38
a 1735 2426 0 5 41
a 1735 2703 0 1 27
a 1735 1726 0 2 10
a 1735 2150 0 2 6
a 1768 2374 0 462 38
a 1768 2584 0 1 25
a 1768 1076 0 7 36
a 1768 2323 0 7 19
a 1768 2524 0 1 36
a 1768 2869 0 4 19
a 1768 2750 0 1 16
a 1768 1664 0 3 23
a 1768 1594 0 6 37
a 1768 2879 0 1 45
a 1768 2173 0 6 36
a 1768 800 0 3 15
a 1768 1287 0 7 24
a 1768 2009 0 8 12
a 1768 2447 0 10 28
a 1768 2999 0 10 6
a 1774 1706 0 462 4
a 1774 201 0 8 49
a 1774 2400 0 10 28
a 1774 2051 0 6 5
a 1774 2005 0 4 50
a 1774 942 0 9 13
a 1774 1232 0 5 5
a 1775 49 0 462 2
a 1775 362 0 1 8
a 1775 1318 0 9 35
a 1775 331 0 7 13
a 1775 2148 0 8 37
a 1775 2383 0 6 28
a 1775 1353 0 10 10
a 1775 2972 0 10 11
a 1775 622 0 1 25
a 1775 2988 0 4 37
a 1775 429 0 10 19
a 1775 197 0 5 43
a 1775 1067 0 1 40
a 1775 2724 0 4 23
a 1775 725 0 10 17
a 1775 867 0 7 42
a 1801 615 0 462 3
a 1801 2452 0 7 27
a 1801 1693 0 7 36
a 1801 1389 0 3 29
a 1801 2126 0 6 24
a 1838 219 0 462 50
a 1838 552 0 10 3
a 1838 2884 0 9 27
a 1838 1124 0 8 40
a 1838 1807 0 6 18
a 1838 652 0 4 27
a 1838 296 0 6 50
a 1838 819 0 6 21
a 1838 682 0 4 22
a 1838 2639 0 7 49
a 1838 2182 0 7 35
a 1838 1641 0 7 29
a 1838 2131 0 1 29
a 1840 1029 0 462 1
a 1840 601 0 8 35
a 1840 2806 0 6 32
a 1840 47 0 1 43
a 1840 2994 0 8 40
a 1840 279 0 2 50
a 1840 344 0 3 48
a 1840 2532 0 4 39
a 1840 2843 0 4 5
a 1840 198 0 4 29
a 1840 1664 0 1 23
a 1840 2049 0 3 24
a 1840 1006 0 1 36
a 1840 1288 0 8 17
a 1843 499 0 462 21
a 1843 165 0 10 29
a 1843 2720 0 4 27
a 1843 1461 0 9 26
a 1843 1100 0 8 35
a 1843 2387 0 10 1
a 1843 1370 0 3 26
a 1843 749 0 1 26
a 1847 2000 0 462 50
a 1847 2080 0 5 24
a 1847 1428 0 4 31
a 1847 2970 0 2 21
a 1847 2926 0 5 42
a 1847 389 0 6 5
a 1847 631 0 5 20
a 1847 1011 0 9 7
a 1847 2042 0 2 4
a 1847 788 0 7 14
a 1847 2725 0 7 43
a 1847 2374 0 5 34
a 1847 2931 0 7 48
a 1847 780 0 1 18
a 1847 762 0 1 42
a 1847 438 0 7 28
a 1847 486 0 7 42
a 1847 2180 0 9 14
a 1864 1580 0 462 50
a 1864 2906 0 9 19
a 1864 2439 0 7 43
a 1864 126 0 1 40
a 1864 1194 0 6 46
a 1864 1467 0 2 3
a 1864 2038 0 6 32
a 1864 33 0 5 19
a 1864 2326 0 8 40
a 1864 2236 0 10 2
a 1864 2074 0 1 41
a 1869 2939 0 462 50
a 1869 2812 0 3 26
a 1869 424 0 4 35
a 1869 1140 0 10 19
a 1869 2492 0 10 32
a 1873 1035 0 462 50
a 1873 812 0 7 40
a 1873 845 0 4 30
a 1873 665 0 10 7
a 1873 1535 0 7 21
a 1873 1778 0 10 32
a 1873 2640 0 3 36
a 1873 1153 0 5 33
a 1873 116 0 9 47
a 1873 1861 0 6 43
a 1873 56 0 6 13
a 1873 1865 0 4 31
a 1873 2728 0 5 41
a 1873 708 0 9 10
a 1873 1694 0 3 47
a 1873 1874 0 8 30
a 1873 1922 0 8 6
a 1898 594 0 462 33
a 1898 1519 0 6 49
a 1898 2516 0 6 21
a 1898 314 0 9 45
a 1898 802 0 10 37
a 1898 2915 0 3 31
a 1898 1007 0 5 38
a 1898 2623 0 2 19
a 1898 2780 0 5 26
a 1898 406 0 9 9
a 1898 385 0 7 1
a 1902 1838 0 462 36
a 1902 1250 0 10 48
a 1902 2486 0 4 34
a 1902 2129 0 3 1
a 1902 1894 0 2 8
a 1902 1522 0 1 7
a 1902 2451 0 3 19
a 1902 1495 0 2 36
a 1902 1526 0 7 37
a 1902 1305 0 2 14
a 1902 284 0 8 2
a 1918 1190 0 462 50
a 1918 307 0 1 7
a 1918 2389 0 10 37
a 1937 903 0 462 50
a 1937 2517 0 9 46
a 1937 1817 0 2 30
a 1937 2199 0 6 33
a 1937 1590 0 1 36
a 1937 2323 0 4 45
a 1937 2389 0 10 5
a 1937 1174 0 3 24
a 1937 996 0 7 9
a 1941 1847 0 462 34
a 1941 2504 0 1 6
a 1941 1405 0 1 40
a 1941 1475 0 9 37
a 1941 1422 0 3 28
a 1941 1109 0 5 46
a 1941 618 0 2 34
a 1941 221 0 8 44
a 1941 754 0 6 11
a 1941 404 0 5 33
a 1941 164 0 1 36
a 1941 235 0 4 12
a 1941 1288 0 10 29
a 1941 2259 0 9 31
a 1941 2841 0 7 33
a 1941 400 0 6 28
a 1941 2076 0 3 16
a 1972 1607 0 462 50
a 1972 2583 0 4 28
a 1972 2180 0 9 20
a 1972 1816 0 4 37
a 1972 1038 0 1 24
a 1972 2307 0 6 37
a 1972 1973 0 10 23
a 1972 1603 0 2 40
a 1972 484 0 2 10
a 1972 2870 0 10 6
a 1974 829 0 462 50
a 1974 1304 0 1 11
a 1974 2466 0 1 37
a 1974 2934 0 9 46
a 1974 175 0 10 1
a 1974 2298 0 6 18
a 1974 961 0 7 2
a 1974 322 0 4 3
a 1974 236 0 3 49
a 1974 823 0 7 27
a 1974 2671 0 7 43
a 1974 2959 0 7 19
a 1974 1957 0 7 18
a 1974 1936 0 9 3
a 1974 850 0 8 33
a 1974 1850 0 4 32
a 1974 1297 0 8 17
a 1974 116 0 3 3
a 1975 2219 0 462 14
a 1975 1446 0 10 33
a 1975 1395 0 9 50
a 1975 2114 0 3 36
a 1975 1887 0 1 41
a 2000 2128 0 462 45
a 2000 228 0 9 15
a 2000 2493 0 3 13
a 2000 1983 0 2 6
a 2000 2173 0 4 18
a 2000 815 0 10 50
a 2000 654 0 2 21
a 2014 2637 0 462 50
a 2014 1459 0 6 26
a 2014 647 0 9 20
a 2014 2762 0 9 35
a 2014 220 0 1 50
a 2014 1351 0 1 22
a 2014 485 0 4 41
a 2014 1416 0 8 28
a 2014 201 0 3 14
a 2014 2656 0 6 48
a 2014 1065 0 2 13
a 2014 2340 0 10 13
a 2014 2999 0 7 45
a 2014 2857 0 4 21
a 2014 2220 0 9 48
a 2014 1513 0 5 25
a 2014 1288 0 2 44
a 2039 654 0 462 50
a 2039 23 0 2 11
a 2039 962 0 3 45
a 2039 2052 0 1 1
a 2039 1104 0 5 32
a 2039 2728 0 7 39
a 2039 2841 0 1 6
a 2039 282 0 5 38
a 2039 2692 0 3 9
a 2054 2436 0 462 24
a 2054 904 0 7 21
a 2054 2875 0 1 45
a 2054 2900 0 5 36
a 2054 1206 0 5 48
a 2054 2600 0 2 1
a 2054 1598 0 4 29
a 2054 400 0 3 6
a 2054 1152 0 9 8
a 2054 1854 0 3 4
a 2054 1293 0 8 29
a 2054 2079 0 3 18
a 2054 1694 0 7 23
a 2054 911 0 7 23
a 2054 281 0 4 1
a 2059 403 0 462 11
a 2059 2324 0 10 9
a 2059 1745 0 2 45
a 2059 1834 0 9 14
a 2059 2398 0 7 28
a 2059 1971 0 6 7
a 2059 583 0 1 42
a 2059 2417 0 4 3
a 2059 1846 0 3 12
a 2070 1340 0 462 6
a 2070 1748 0 9 5
a 2070 2385 0 10 12
a 2070 1752 0 10 43
a 2070 55 0 2 21
a 2070 2124 0 3 11
a 2070 537 0 2 41
a 2070 1886 0 3 37
a 2070 771 0 4 26
a 2076 882 0 462 45
a 2076 61 0 1 42
a 2076 178 0 8 18
a 2076 1861 0 6 43
a 2076 2485 0 1 23
a 2076 1134 0 7 25
a 2076 1099 0 2 44
a 2076 1630 0 10 40
a 2107 1554 0 462 3
a 2107 2184 0 9 29
a 2107 1129 0 1 30
a 2107 1745 0 10 25
a 2107 1741 0 7 14
a 2107 1894 0 7 45
a 2107 1111 0 4 18
a 2107 651 0 5 9
a 2107 2001 0 6 37
a 2107 2432 0 8 39
a 2107 825 0 2 11
a 2111 797 0 462 50
a 2111 2250 0 3 16
a 2111 2068 0 6 29
a 2111 2088 0 2 13
a 2111 1303 0 5 12
a 2111 2621 0 7 29
a 2111 106 0 10 1
a 2128 893 0 462 19
a 2128 904 0 6 47
a 2128 2419 0 9 37
a 2128 2443 0 1 29
a 2128 2629 0 7 30
a 2128 1049 0 8 7
a 2128 2230 0 8 8
a 2128 2821 0 2 9
a 2128 1215 0 3 22
a 2130 2076 0 462 50
a 2130 2219 0 2 33
a 2130 2773 0 4 42
a 2130 1335 0 7 5
a 2130 362 0 10 48
a 2130 106 0 3 49
a 2130 2706 0 9 5
a 2130 1492 0 3 14
a 2134 2409 0 462 50
a 2134 2600 0 2 29
a 2134 1343 0 4 24
a 2134 434 0 9 40
a 2134 1205 0 4 48
a 2134 2280 0 1 19
a 2134 2819 0 10 6
a 2134 2450 0 4 16
a 2134 378 0 4 49
a 2160 1098 0 462 6
a 2160 1476 0 3 3
a 2160 2193 0 1 1
a 2160 509 0 7 48
a 2160 692 0 6 32
a 2160 1589 0 2 16
a 2160 2734 0 3 18
a 2160 1413 0 7 42
a 2160 2864 0 6 17
a 2160 1909 0 3 40
a 2160 2807 0 9 38
a 2160 473 0 9 13
a 2160 809 0 10 23
a 2178 2070 0 462 30
a 2178 2203 0 2 9
a 2178 1905 0 9 48
a 2178 1868 0 6 26
a 2178 1313 0 2 16
a 2178 568 0 2 49
a 2178 917 0 6 22
a 2178 1740 0 10 26
a 2178 811 0 8 43
a 2178 1781 0 4 5
a 2178 124 0 9 14
a 2178 369 0 1 13
a 2178 1918 0 4 43
a 2182 1573 0 462 35
a 2182 717 0 1 47
a 2182 405 0 3 35
a 2182 2201 0 6 25
a 2182 2736 0 7 25
a 2182 1820 0 4 48
a 2182 1589 0 2 11
a 2182 1507 0 1 36
a 2182 1531 0 1 12
a 2182 2854 0 9 26
a 2209 1236 0 462 10
a 2209 1040 0 2 39
a 2209 1503 0 3 13
a 2209 2524 0 2 14
a 2209 2337 0 4 46
a 2209 1281 0 7 36
a 2209 474 0 1 22
a 2209 993 0 1 41
a 2209 1391 0 4 48
a 2209 2659 0 8 15
a 2209 998 0 1 37
a 2209 408 0 7 38
a 2209 2245 0 1 30
a 2209 267 0 7 10
a 2209 1291 0 1 45
a 2209 475 0 9 26
a 2219 2233 0 462 38
a 2219 2965 0 2 37
a 2219 2214 0 5 35
a 2219 149 0 9 40
a 2219 1478 0 2 23
a 2219 23 0 9 32
a 2219 1376 0 6 6
a 2219 1417 0 1 44
a 2219 1673 0 10 4
a 2219 2894 0 5 1
a 2233 2993 0 462 50
a 2233 590 0 3 40
a 2233 1551 0 8 36
a 2233 2449 0 10 32
a 2233 2194 0 6 38
a 2233 2638 0 8 19
a 2233 918 0 1 32
a 2233 1308 0 3 15
a 2233 457 0 2 19
a 2233 742 0 1 41
a 2233 973 0 9 3
a 2233 1438 0 3 45
a 2240 2907 0 462 50
a 2240 2574 0 6 40
a 2240 1519 0 7 41
a 2240 461 0 4 12
a 2240 1602 0 8 40
a 2240 863 0 5 37
a 2240 2018 0 5 23
a 2240 1476 0 3 26
a 2240 2553 0 2 4
a 2240 397 0 1 12
a 2240 1989 0 9 6
a 2240 113 0 4 19
a 2240 1787 0 8 47
a 2259 428 0 462 40
a 2259 2097 0 8 23
a 2259 2709 0 7 18
a 2303 571 0 462 49
a 2303 1824 0 8 6
a 2303 113 0 1 36
a 2303 86 0 4 31
a 2303 1329 0 10 35
a 2303 2673 0 2 39
a 2303 1667 0 1 41
a 2303 911 0 2 28
a 2303 2543 0 7 5
a 2303 2825 0 8 37
a 2303 313 0 3 10
a 2303 2811 0 5 19
a 2303 52 0 2 27
a 2303 2921 0 4 13
a 2303 1401 0 9 40
a 2303 2272 0 8 48
a 2303 254 0 3 32
a 2318 2592 0 462 50
a 2318 2715 0 6 15
a 2318 2306 0 5 1
a 2318 681 0 6 14
a 2318 1679 0 5 47
a 2318 486 0 9 16
a 2318 1654 0 3 23
a 2318 2501 0 7 20
a 2318 2548 0 2 11
a 2318 2361 0 6 17
a 2318 2554 0 8 22
a 2318 1590 0 2 20
a 2318 2552 0 10 40
a 2318 423 0 1 25
a 2318 2905 0 6 12
a 2318 1672 0 8 32
a 2318 676 0 7 36
a 2318 2561 0 3 38
a 2340 1087 0 462 27
a 2340 675 0 1 21
a 2340 2995 0 7 24
a 2340 2554 0 9 26
a 2340 1124 0 6 38
a 2340 660 0 3 30
a 2340 2614 0 2 35
a 2340 805 0 4 8
a 2340 2742 0 6 1
a 2340 107 0 3 49
a 2340 1597 0 10 17
a 2340 2791 0 1 25
a 2340 2981 0 4 30
a 2340 2520 0 1 7
a 2340 76 0 6 17
a 2340 963 0 2 42
a 2340 1396 0 1 42
a 2340 1465 0 6 46
a 2374 1735 0 462 50
a 2374 1779 0 7 37
a 2374 1175 0 9 12
a 2374 1022 0 7 48
a 2374 2570 0 3 43
a 2374 142 0 9 35
a 2374 1284 0 4 29
a 2374 862 0 9 9
a 2374 1785 0 7 47
a 2374 1220 0 3 8
a 2374 2380 0 6 47
a 2374 1651 0 7 40
a 2374 1962 0 7 6
a 2374 1915 0 3 39
a 2374 703 0 8 34
a 2374 2321 0 5 33
a 2374 501 0 1 13
a 2374 2739 0 2 4
a 2385 1427 0 462 6
a 2385 2269 0 7 26
a 2385 51 0 2 6
a 2385 2045 0 6 12
a 2385 207 0 4 16
a 2385 2051 0 7 8
a 2385 2493 0 8 17
a 2385 2542 0 1 17
a 2385 1603 0 3 24
a 2401 217 0 462 16
a 2401 277 0 6 1
a 2401 2236 0 4 16
a 2401 148 0 7 7
a 2401 1358 0 5 38
a 2401 2913 0 9 15
a 2401 463 0 2 24
a 2401 2453 0 9 45
a 2401 2518 0 1 35
a 2401 283 0 6 4
a 2401 2180 0 7 14
a 2401 562 0 9 13
a 2401 663 0 7 6
a 2401 2038 0 3 30
a 2401 1270 0 8 14
a 2409 912 0 462 50
a 2409 2910 0 10 32
a 2409 573 0 6 40
a 2409 2621 0 7 47
a 2409 248 0 1 29
a 2409 718 0 6 2
a 2409 549 0 4 50
a 2409 1332 0 6 32
a 2436 1869 0 462 50
a 2436 2024 0 1 44
a 2436 1122 0 1 19
a 2436 1391 0 5 50
a 2436 1959 0 7 43
a 2436 609 0 9 25
a 2436 561 0 3 31
a 2436 2934 0 6 26
a 2442 463 0 462 50
a 2442 1272 0 3 16
a 2442 770 0 10 6
a 2442 1319 0 2 36
a 2471 2597 0 462 50
a 2471 360 0 2 31
a 2471 1076 0 5 39
a 2471 2355 0 6 2
a 2471 1484 0 8 40
a 2495 1270 0 462 50
a 2495 256 0 8 7
a 2495 2726 0 3 24
a 2495 1225 0 10 29
a 2495 2421 0 2 40
a 2495 1265 0 3 32
a 2495 2082 0 4 14
a 2495 2104 0 8 3
a 2495 2888 0 5 11
a 2495 2881 0 9 42
a 2495 818 0 10 29
a 2495 441 0 5 3
a 2495 2496 0 6 4
a 2495 2935 0 2 50
a 2495 29 0 1 40
a 2495 2673 0 9 38
a 2509 713 0 462 40
a 2509 788 0 4 14
a 2509 135 0 6 19
a 2509 978 0 8 20
a 2509 297 0 6 50
a 2509 2329 0 10 27
a 2509 2704 0 8 16
a 2509 2117 0 4 26
a 2509 699 0 5 35
a 2509 562 0 8 9
a 2509 838 0 5 7
a 2509 774 0 10 13
a 2509 419 0 8 42
a 2509 1533 0 4 31
a 2509 1069 0 4 27
a 2509 151 0 3 14
a 2509 1163 0 4 9
a 2525 267 0 462 50
a 2525 331 0 6 9
a 2525 90 0 5 47
a 2525 1084 0 5 30
a 2525 2508 0 4 25
a 2525 2160 0 3 2
a 2525 1188 0 2 5
a 2525 22 0 2 47
a 2525 1604 0 1 4
a 2525 1212 0 1 50
a 2525 150 0 6 15
a 2563 2240 0 462 50
a 2563 2187 0 3 16
a 2563 1680 0 6 14
a 2568 2059 0 462 8
a 2568 195 0 9 39
a 2568 1840 0 1 46
a 2592 1180 0 462 31
a 2592 2780 0 4 12
a 2592 2637 0 4 39
a 2592 2378 0 8 34
a 2592 2580 0 7 46
a 2592 1538 0 2 40
a 2592 990 0 9 28
a 2592 2389 0 3 44
a 2592 2482 0 5 27
a 2592 2275 0 6 2
a 2592 1944 0 2 44
a 2592 1894 0 2 33
a 2593 1864 0 462 50
a 2593 1502 0 6 2
a 2593 2013 0 8 6
a 2593 990 0 7 1
a 2593 2320 0 9 39
a 2593 1188 0 7 28
a 2593 421 0 6 34
a 2593 375 0 4 2
a 2593 667 0 8 5
a 2593 2660 0 2 26
a 2593 2897 0 10 2
a 2593 856 0 5 2
a 2593 118 0 3 24
a 2593 388 0 10 13
a 2593 1899 0 5 22
a 2593 895 0 7 9
a 2597 1768 0 462 50
a 2597 2249 0 8 35
a 2597 229 0 3 29
a 2597 919 0 9 48
a 2597 2968 0 4 4
a 2597 1162 0 5 36
a 2597 2070 0 1 27
a 2597 315 0 10 37
a 2597 2344 0 10 17
a 2597 1275 0 8 19
a 2597 411 0 7 14
a 2597 2675 0 5 23
a 2597 2024 0 5 29
a 2597 531 0 10 26
a 2597 1475 0 2 49
a 2597 1213 0 10 2
a 2597 1242 0 6 46
a 2597 716 0 4 50
a 2637 89 0 462 22
a 2637 1501 0 1 40
a 2637 1885 0 9 44
a 2637 2553 0 3 50
a 2637 1840 0 10 15
a 2637 714 0 5 13
a 2644 939 0 462 44
a 2644 106 0 3 12
a 2644 103 0 9 4
a 2644 2216 0 6 29
a 2645 2471 0 462 50
a 2645 1187 0 6 14
a 2645 2273 0 3 8
a 2645 2024 0 7 29
a 2645 1180 0 5 45
a 2645 1403 0 6 19
a 2645 449 0 8 29
a 2645 1120 0 5 24
a 2645 170 0 10 14
a 2645 602 0 9 40
a 2645 2306 0 6 1
a 2645 1264 0 5 11
a 2645 2787 0 5 46
a 2652 188 0 462 50
a 2652 2873 0 2 4
a 2652 935 0 6 4
a 2664 1345 0 462 50
a 2664 2611 0 6 35
a 2664 1054 0 9 24
a 2664 2813 0 10 6
a 2664 2900 0 10 36
a 2664 2043 0 6 37
a 2664 638 0 4 8
a 2664 818 0 4 36
a 2664 1611 0 9 25
a 2678 405 0 462 50
a 2678 1902 0 2 7
a 2678 463 0 4 2
a 2678 773 0 2 2
a 2678 1726 0 10 33
a 2678 1607 0 5 29
a 2678 2648 0 4 27
a 2678 1574 0 10 8
a 2678 2689 0 8 30
a 2678 998 0 8 2
a 2678 1680 0 10 26
a 2678 484 0 5 37
a 2678 2084 0 7 50
a 2678 1412 0 2 3
a 2678 706 0 10 37
a 2728 796 0 462 50
a 2728 214 0 6 28
a 2728 895 0 1 46
a 2728 2910 0 4 22
a 2728 2640 0 2 47
a 2728 2119 0 8 27
a 2728 1147 0 8 44
a 2728 2595 0 3 20
a 2728 1856 0 8 9
a 2729 731 0 462 37
a 2729 1648 0 9 35
a 2729 994 0 7 45
a 2729 1483 0 5 41
a 2729 706 0 6 36
a 2729 2850 0 2 26
a 2729 2629 0 7 1
a 2729 1814 0 7 35
a 2729 2050 0 9 30
a 2729 265 0 1 16
a 2729 392 0 7 13
a 2729 144 0 9 24
a 2729 2279 0 2 46
a 2729 2117 0 2 48
a 2730 1237 0 462 50
a 2730 339 0 8 39
a 2730 1697 0 10 21
a 2730 2357 0 5 6
a 2730 702 0 4 47
a 2730 984 0 9 17
a 2730 1771 0 8 40
a 2730 1118 0 9 40
a 2730 2454 0 7 18
a 2730 1614 0 4 42
a 2730 299 0 4 49
a 2751 2182 0 462 50
a 2751 2038 0 5 20
a 2751 796 0 10 44
a 2751 1989 0 1 12
a 2751 185 0 10 42
a 2751 2314 0 3 20
a 2765 735 0 462 50
a 2765 2151 0 6 11
a 2765 1110 0 10 3
a 2765 2956 0 8 33
a 2765 2240 0 7 11
a 2797 974 0 462 30
a 2797 1457 0 10 38
a 2797 2843 0 1 7
a 2797 2099 0 4 31
a 2799 1333 0 462 47
a 2799 2581 0 9 39
a 2799 691 0 4 33
a 2799 1990 0 9 6
a 2799 1503 0 7 35
a 2799 1505 0 9 48
a 2799 1160 0 9 22
a 2799 792 0 8 6
a 2854 1001 0 462 50
a 2854 1367 0 4 30
a 2854 1389 0 3 9
a 2868 2401 0 462 36
a 2868 2693 0 2 26
a 2868 2266 0 3 43
a 2868 2339 0 7 24
a 2868 2390 0 1 44
a 2868 2561 0 1 39
a 2868 1560 0 10 3
a 2868 286 0 6 39
a 2868 328 0 3 8
a 2868 1727 0 2 42
a 2868 2933 0 6 8
a 2868 1924 0 5 21
a 2868 2368 0 6 17
a 2868 2110 0 3 17
a 2868 360 0 8 2
a 2868 586 0 2 10
a 2868 2343 0 4 32
a 2868 2249 0 9 46
a 2873 550 0 462 50
a 2873 2267 0 8 22
a 2873 905 0 1 33
a 2873 966 0 3 39
a 2873 568 0 1 13
a 2873 1558 0 10 20
a 2873 2556 0 10 49
a 2873 2504 0 9 38
a 2876 827 0 462 49
a 2876 2791 0 9 31
a 2876 1727 0 3 27
a 2876 96 0 1 6
a 2876 2460 0 8 30
a 2876 729 0 2 30
a 2876 163 0 5 29
a 2876 2520 0 6 3
a 2876 2769 0 5 20
a 2876 1835 0 8 7
a 2876 1624 0 6 39
a 2876 1982 0 5 6
a 2876 2463 0 10 50
a 2876 262 0 2 14
a 2896 2495 0 462 14
a 2896 1011 0 6 6
a 2896 2038 0 8 7
a 2896 2984 0 3 10
a 2896 428 0 7 1
a 2896 658 0 9 6
a 2896 1589 0 4 16
a 2896 569 0 8 7
a 2896 1578 0 5 27
a 2896 1481 0 5 23
a 2896 899 0 2 27
a 2896 1871 0 2 35
a 2896 1017 0 5 33
a 2907 2729 0 462 31
a 2907 100 0 3 48
a 2907 344 0 6 8
a 2927 2160 0 462 2
a 2927 629 0 7 44
a 2939 218 0 462 34
a 2939 201 0 3 33
a 2939 2842 0 2 32
a 2939 2989 0 4 5
a 2939 2561 0 8 40
a 2939 354 0 4 47
a 2939 2701 0 7 20
a 2939 1266 0 9 29
a 2939 397 0 3 42
a 2939 2263 0 3 33
a 2970 683 0 462 9
a 2970 2959 0 2 37
a 2970 288 0 6 8
a 2970 2869 0 6 17
a 2970 36 0 7 41
a 2970 477 0 5 45
a 2970 2430 0 9 46
a 2970 1681 0 9 30
a 2970 30 0 3 39
a 2970 2911 0 2 29
a 2970 1960 0 4 31
a 2970 2509 0 9 1
a 2970 1153 0 6 25
a 2976 1975 0 462 26
a 2976 2648 0 1 1
a 2976 139 0 6 17
a 2976 2444 0 6 3
a 2976 1617 0 9 13
a 2976 2824 0 3 20
a 2976 2941 0 7 48
a 2976 1676 0 8 13
a 2976 1115 0 7 46
a 2976 273 0 7 16
a 2976 314 0 1 42
a 2976 1288 0 2 42
a 2976 974 0 10 25
a 2976 2302 0 7 27
a 2976 1366 0 2 6
a 2976 1450 0 6 11
a 2976 265 0 10 9
a 2976 713 0 4 38
a 4 2715 0 600 50
a 4 2802 0 5 3
a 4 2928 0 5 1
a 4 2637 0 9 21
a 4 952 0 1 45
a 4 2531 0 5 5
a 34 2635 0 600 50
a 34 2449 0 10 37
a 34 398 0 1 40
a 34 1534 0 5 8
a 34 1840 0 10 39
a 34 2067 0 1 10
a 34 1220 0 10 16
a 34 2487 0 8 36
a 34 241 0 3 35
a 34 2091 0 4 20
a 34 2453 0 8 38
a 34 1611 0 6 9
a 34 1245 0 2 44
a 34 2676 0 1 6
a 34 1900 0 3 8
a 37 2336 0 600 50
a 37 91 0 2 37
a 37 1012 0 9 38
a 37 609 0 10 16
a 37 489 0 4 39
a 37 2503 0 3 22
a 37 2630 0 9 38
a 37 1505 0 4 34
a 37 1059 0 8 1
a 37 2412 0 9 33
a 37 621 0 3 7
a 37 2438 0 10 48
a 37 2355 0 6 6
a 37 2801 0 4 39
a 37 2802 0 9 45
a 37 1924 0 6 50
a 40 2167 0 600 50
a 40 2212 0 5 39
a 40 424 0 9 46
a 40 2956 0 7 27
a 40 2395 0 8 38
a 40 748 0 2 12
a 40 138 0 4 7
a 40 730 0 7 46
a 40 2402 0 8 20
a 40 1993 0 1 11
a 40 2752 0 6 48
a 40 1457 0 5 38
a 40 349 0 9 44
a 41 2469 0 600 26
a 41 899 0 4 27
a 41 345 0 10 35
a 41 2132 0 8 15
a 41 2669 0 10 40
a 41 206 0 1 14
a 41 2341 0 1 34
a 41 1122 0 9 13
a 41 2436 0 10 21
a 42 1196 0 600 15
a 42 1954 0 9 28
a 42 1754 0 4 26
a 74 1024 0 600 50
a 74 1311 0 7 1
a 74 86 0 3 47
a 74 1494 0 3 10
a 74 1748 0 8 2
a 74 1099 0 3 39
a 78 1465 0 600 50
a 78 2798 0 6 48
a 78 1892 0 6 19
a 78 2163 0 10 27
a 78 748 0 9 11
a 78 2982 0 8 26
a 78 2866 0 1 20
a 78 2947 0 7 22
a 78 1543 0 9 49
a 78 798 0 1 49
a 78 1023 0 4 43
a 78 938 0 8 46
a 78 2926 0 6 19
a 123 40 0 600 50
a 123 2947 0 3 2
a 123 2038 0 10 34
a 123 1409 0 5 45
a 123 275 0 7 1
a 123 857 0 8 30
a 123 908 0 3 3
a 123 1655 0 7 31
a 123 1985 0 2 41
a 123 1090 0 4 26
a 123 1911 0 7 40
a 123 2239 0 1 9
a 123 2045 0 7 10
a 123 1685 0 10 39
a 123 2421 0 7 23
a 123 20 0 8 6
a 123 224 0 4 44
a 123 2490 0 3 2
a 179 1572 0 600 11
a 179 2512 0 1 39
a 179 1417 0 8 20
a 179 2532 0 5 2
a 179 494 0 3 9
a 179 866 0 10 39
a 235 2994 0 600 38
a 235 2543 0 10 36
a 235 2467 0 9 11
a 253 593 0 600 50
a 253 1220 0 6 34
a 253 2808 0 7 48
a 253 736 0 7 17
a 253 2828 0 1 8
a 253 2628 0 9 44
a 253 1736 0 4 9
a 253 1959 0 1 30
a 253 1183 0 6 34
a 253 1055 0 8 36
a 253 1737 0 7 1
a 253 2204 0 2 9
a 253 143 0 2 28
a 253 555 0 1 3
a 253 2984 0 7 19
a 253 1239 0 2 31
a 253 887 0 10 39
a 269 1551 0 600 50
a 269 1727 0 10 46
a 271 1021 0 600 16
a 271 399 0 1 45
a 271 1803 0 7 30
a 271 659 0 10 21
a 271 565 0 2 40
a 271 1234 0 10 32
a 271 1451 0 5 8
a 271 106 0 10 42
a 271 2786 0 9 5
a 271 2350 0 4 40
a 271 331 0 8 11
a 277 2085 0 600 50
a 277 2386 0 2 43
a 277 1333 0 2 32
a 277 2915 0 3 38
a 277 1755 0 10 11
a 277 1741 0 7 6
a 277 418 0 2 34
a 277 1247 0 9 49
a 277 2607 0 6 3
a 277 2513 0 2 41
a 277 1008 0 8 43
a 277 2365 0 5 13
a 277 2305 0 4 22
a 277 2466 0 3 11
a 277 2433 0 2 36
a 277 1238 0 5 11
a 285 595 0 600 44
a 285 2582 0 8 16
a 285 1993 0 3 37
a 285 2497 0 2 41
a 285 1632 0 6 21
a 293 1742 0 600 50
a 293 1070 0 7 27
a 293 1545 0 4 48
a 293 1290 0 7 30
a 293 2027 0 9 7
a 299 2043 0 600 11
a 299 2992 0 4 33
a 325 2381 0 600 50
a 325 1523 0 6 14
a 325 2348 0 1 46
a 325 1713 0 6 37
a 325 273 0 5 1
a 325 191 0 10 27
a 325 1235 0 8 13
a 325 688 0 2 28
a 325 2240 0 2 27
a 325 1177 0 6 1
a 325 345 0 10 16
a 336 1101 0 600 50
a 336 1536 0 3 15
a 336 470 0 7 27
a 336 1156 0 2 16
a 336 1164 0 3 18
a 336 1257 0 8 47
a 336 660 0 7 17
a 336 2441 0 5 37
a 336 2544 0 2 27
a 336 750 0 4 35
a 384 592 0 600 50
a 384 636 0 6 10
a 384 2376 0 10 34
a 384 1092 0 8 9
a 401 944 0 600 47
a 401 1763 0 9 47
a 401 1317 0 8 4
a 401 279 0 4 20
a 401 2457 0 10 19
a 401 1689 0 5 25
a 401 1126 0 4 13
a 401 705 0 4 15
a 401 2671 0 1 9
a 401 2821 0 3 31
a 401 2217 0 3 36
a 401 706 0 2 37
a 401 2548 0 4 27
a 401 2631 0 7 15
a 401 913 0 6 45
a 401 2505 0 10 29
a 407 1485 0 600 43
a 407 2558 0 1 29
a 407 1983 0 7 9
a 407 2447 0 1 32
a 407 20 0 5 41
a 407 179 0 6 19
a 407 330 0 9 37
a 407 1121 0 6 25
a 407 634 0 3 2
a 407 1290 0 3 4
a 476 1357 0 600 34
a 476 440 0 3 37
a 476 1978 0 6 7
a 476 73 0 8 10
a 476 1704 0 1 35
a 476 1409 0 6 15
a 476 75 0 6 39
a 476 2377 0 9 14
a 476 484 0 6 2
a 476 189 0 9 42
a 476 2718 0 10 35
a 476 2085 0 9 23
a 476 2679 0 4 32
a 476 2278 0 1 50
a 501 2029 0 600 37
a 501 2208 0 4 27
a 501 371 0 6 2
a 501 2602 0 3 17
a 501 128 0 4 14
a 517 1618 0 600 40
a 517 322 0 2 5
a 517 1353 0 5 11
a 517 1653 0 2 10
a 517 136 0 1 28
a 517 916 0 5 9
a 517 1074 0 6 36
a 517 1280 0 1 4
a 517 2170 0 5 40
a 517 1551 0 4 34
a 517 712 0 7 15
a 525 1640 0 600 46
a 525 2989 0 600 50
a 525 2175 0 5 34
a 562 1763 0 600 31
a 562 2094 0 9 6
a 562 112 0 7 37
a 589 1722 0 600 10
a 589 2237 0 5 12
a 589 2170 0 5 37
a 589 1741 0 8 14
a 589 1625 0 9 45
a 589 1173 0 7 11
a 589 2502 0 1 40
a 592 2787 0 600 50
a 592 1820 0 1 43
a 592 2844 0 4 5
a 592 2806 0 4 49
a 592 2281 0 3 43
a 592 1187 0 3 21
a 592 2809 0 8 46
a 592 949 0 7 3
a 592 808 0 5 25
a 592 1087 0 10 29
a 592 2511 0 7 5
a 592 2918 0 10 50
a 592 1164 0 4 25
a 592 2610 0 10 4
a 592 2569 0 10 9
a 592 492 0 1 8
a 593 1445 0 600 49
a 593 2322 0 6 37
a 593 1030 0 5 24
a 593 2415 0 7 24
a 593 2293 0 2 22
a 593 1371 0 7 31
a 593 918 0 5 24
a 593 595 0 10 33
a 593 2100 0 7 13
a 593 370 0 3 47
a 593 758 0 4 18
a 593 2964 0 4 12
a 593 2895 0 3 33
a 593 2467 0 7 10
a 593 2163 0 9 25
a 595 1297 0 600 47
a 595 2559 0 10 6
a 595 1601 0 3 2
a 595 882 0 6 43
a 595 737 0 7 47
a 595 1780 0 1 22
a 595 56 0 6 24
a 595 530 0 9 9
a 595 2363 0 8 50
a 595 2095 0 7 21
a 595 1325 0 6 9
a 595 1974 0 5 35
a 639 2074 0 600 50
a 639 1625 0 9 9
a 639 1307 0 10 40
a 639 1375 0 9 32
a 639 1783 0 7 17
a 639 1775 0 5 29
a 639 2542 0 2 14
a 639 1333 0 9 13
a 639 2451 0 2 19
a 639 2482 0 5 9
a 639 1193 0 3 35
a 639 2335 0 6 11
a 639 2832 0 7 41
a 639 1445 0 3 50
a 641 2249 0 600 50
a 641 2432 0 6 43
a 641 2659 0 10 30
a 641 2125 0 4 25
a 641 482 0 4 48
a 641 1502 0 4 34
a 641 2070 0 1 42
a 641 1035 0 10 33
a 641 1067 0 7 8
a 641 1327 0 8 20
a 641 170 0 8 30
a 641 680 0 5 21
a 641 1571 0 1 30
a 641 611 0 10 43
a 641 1760 0 9 10
a 641 2760 0 10 40
a 705 2350 0 600 50
a 705 1330 0 8 27
a 705 137 0 7 27
a 705 2978 0 8 21
a 705 1873 0 10 35
a 705 2186 0 2 35
a 705 1931 0 1 37
a 705 215 0 7 25
a 705 2679 0 8 24
a 705 1343 0 6 14
a 705 2150 0 2 2
a 705 1310 0 5 9
a 705 1401 0 8 43
a 705 1813 0 7 20
a 734 2084 0 600 3
a 734 1476 0 6 7
a 734 2424 0 1 11
a 753 2458 0 600 49
a 753 2707 0 2 47
a 753 657 0 2 17
a 759 2253 0 600 50
a 759 663 0 1 25
a 759 320 0 3 41
a 759 280 0 6 3
a 759 619 0 9 43
a 759 1585 0 7 32
a 759 2432 0 4 33
a 759 1726 0 3 12
a 759 1205 0 3 9
a 759 1159 0 7 7
a 759 1622 0 1 21
a 759 806 0 10 37
a 759 1970 0 6 32
a 759 1600 0 5 40
a 759 2108 0 1 10
a 759 2332 0 10 15
a 759 1652 0 8 20
a 786 2263 0 600 50
a 786 2691 0 4 10
a 786 668 0 3 34
a 786 94 0 4 9
a 786 681 0 3 33
a 809 2094 0 600 41
a 809 1720 0 6 2
a 809 1896 0 5 17
a 809 424 0 2 34
a 809 2258 0 6 27
a 809 325 0 8 23
a 809 569 0 10 10
a 809 2370 0 6 32
a 821 41 0 600 50
a 821 542 0 4 31
a 821 2910 0 5 26
a 821 2295 0 7 17
a 821 177 0 10 42
a 821 1035 0 4 6
a 821 1190 0 9 39
a 821 2030 0 7 26
a 821 1267 0 5 33
a 821 1333 0 6 28
a 821 272 0 9 46
a 821 867 0 6 3
a 821 940 0 2 23
a 821 724 0 5 10
a 821 1369 0 6 3
a 821 1403 0 1 30
a 821 2964 0 1 1
a 823 1211 0 600 43
a 823 2300 0 4 25
a 823 1508 0 6 47
a 823 2978 0 1 9
a 823 2064 0 2 23
a 823 2264 0 8 48
a 823 506 0 10 10
a 823 423 0 6 22
a 823 1245 0 7 8
a 823 2457 0 3 2
a 823 2286 0 1 10
a 823 232 0 3 12
a 823 275 0 6 30
a 824 407 0 600 46
a 824 363 0 2 49
a 824 1850 0 5 11
a 824 2938 0 4 3
a 824 940 0 2 31
a 824 1971 0 9 9
a 824 1818 0 4 16
a 824 2144 0 6 15
a 855 1071 0 600 50
a 855 2658 0 6 21
a 855 2259 0 1 14
a 855 358 0 8 41
a 855 1463 0 8 12
a 855 545 0 2 13
a 865 235 0 600 50
a 865 668 0 7 48
a 865 2036 0 6 44
a 865 2276 0 8 21
a 865 1104 0 1 32
a 865 719 0 5 46
a 865 1756 0 4 26
a 865 297 0 4 49
a 865 1923 0 7 9
a 871 1966 0 600 50
a 871 1642 0 7 48
a 871 2114 0 4 21
a 871 2879 0 7 13
a 871 837 0 5 8
a 871 428 0 7 46
a 871 2560 0 1 45
a 871 634 0 5 44
a 871 2443 0 3 8
a 871 1704 0 7 37
a 871 2071 0 2 22
a 871 1390 0 7 41
a 871 1493 0 8 24
a 871 906 0 9 33
a 878 2849 0 600 26
a 878 1316 0 7 27
a 878 636 0 4 20
a 878 1970 0 5 50
a 878 1851 0 4 32
a 878 105 0 2 16
a 878 1127 0 9 47
a 878 2749 0 1 26
a 878 2441 0 5 42
a 878 1086 0 6 44
a 878 1281 0 1 21
a 878 2292 0 6 44
a 878 1117 0 5 50
a 878 412 0 7 13
a 878 2016 0 5 28
a 878 2934 0 9 15
a 878 738 0 2 1
a 878 2393 0 9 41
a 883 2891 0 600 23
a 883 268 0 10 17
a 883 993 0 1 18
a 883 1562 0 5 28
a 883 950 0 5 1
a 883 1469 0 1 28
a 883 335 0 3 2
a 883 1315 0 9 4
a 883 718 0 1 41
a 883 133 0 4 35
a 883 1033 0 6 33
a 883 2842 0 8 9
a 883 1646 0 4 36
a 883 2611 0 7 6
a 944 1062 0 600 33
a 944 2801 0 6 27
a 944 1081 0 8 13
a 944 2231 0 10 31
a 944 2387 0 4 16
a 957 1191 0 600 3
a 957 828 0 6 22
a 957 2908 0 7 33
a 957 2244 0 1 45
a 957 499 0 2 27
a 957 55 0 2 25
a 957 1769 0 7 25
a 957 2001 0 10 37
a 957 2862 0 6 27
a 957 1474 0 6 40
a 957 801 0 1 17
a 957 1081 0 10 13
a 957 2504 0 8 15
a 957 2809 0 9 8
a 976 1090 0 600 50
a 976 1693 0 4 23
a 976 2324 0 10 43
a 976 2167 0 9 23
a 976 2702 0 6 42
a 976 235 0 7 16
a 976 1548 0 6 49
a 976 1458 0 2 34
a 976 1736 0 6 6
a 976 1869 0 6 1
a 976 2171 0 5 27
a 976 2067 0 5 31
a 976 902 0 8 43
a 976 1072 0 3 14
a 976 2388 0 2 1
a 976 1924 0 4 21
a 976 1550 0 10 5
a 980 42 0 600 50
a 980 348 0 1 18
a 980 1890 0 3 22
a 980 2102 0 9 28
a 980 2684 0 2 43
a 980 2798 0 6 14
a 980 2910 0 4 4
a 980 2987 0 7 31
a 980 1874 0 1 5
a 980 1861 0 6 44
a 980 927 0 1 15
a 989 821 0 600 10
a 989 1246 0 2 13
a 989 483 0 4 28
a 989 2988 0 1 38
a 989 2845 0 6 48
a 989 374 0 7 16
a 989 2203 0 10 39
a 1003 989 0 600 40
a 1003 496 0 5 37
a 1003 2347 0 1 31
a 1003 2307 0 4 45
a 1003 2803 0 10 27
a 1003 314 0 10 20
a 1003 2732 0 10 4
a 1004 2703 0 600 43
a 1004 2006 0 3 31
a 1004 715 0 8 19
a 1004 2730 0 7 26
a 1004 1924 0 10 18
a 1004 944 0 1 9
a 1004 357 0 9 36
a 1004 1529 0 5 31
a 1004 1464 0 7 14
a 1004 739 0 7 4
a 1004 2371 0 9 22
a 1004 1426 0 10 35
a 1004 1272 0 8 29
a 1007 285 0 600 11
a 1007 257 0 2 4
a 1007 2485 0 3 37
a 1007 905 0 6 15
a 1007 1352 0 8 42
a 1007 429 0 6 5
a 1007 2327 0 7 10
a 1007 1536 0 2 34
a 1007 2434 0 8 27
a 1007 2187 0 1 4
a 1007 1013 0 6 50
a 1021 2519 0 600 42
a 1021 119 0 1 10
a 1021 1302 0 8 28
a 1021 234 0 3 42
a 1021 941 0 5 45
a 1021 2128 0 5 42
a 1021 916 0 5 39
a 1021 1810 0 4 25
a 1021 259 0 10 47
a 1021 2348 0 9 30
a 1021 329 0 1 10
a 1024 759 0 600 24
a 1024 1568 0 6 10
a 1024 881 0 8 25
a 1024 2446 0 4 46
a 1024 2778 0 3 33
a 1024 483 0 2 25
a 1024 144 0 1 11
a 1024 1168 0 2 18
a 1024 2817 0 5 31
a 1024 449 0 6 19
a 1024 1432 0 9 30
a 1024 1882 0 10 22
a 1024 959 0 6 50
a 1024 1436 0 10 13
a 1025 1149 0 600 50
a 1025 1609 0 3 15
a 1025 935 0 1 35
a 1025 563 0 3 44
a 1025 2484 0 10 48
a 1025 2748 0 1 47
a 1025 2639 0 10 36
a 1025 670 0 9 42
a 1025 2174 0 5 4
a 1025 2633 0 10 10
a 1025 1173 0 1 7
a 1025 1566 0 5 17
a 1025 1187 0 9 19
a 1055 883 0 600 50
a 1055 280 0 2 15
a 1055 2879 0 6 22
a 1055 1206 0 4 36
a 1055 1916 0 5 27
a 1055 2177 0 4 23
a 1055 1677 0 7 37
a 1055 2245 0 9 13
a 1055 70 0 4 29
a 1055 467 0 5 45
a 1055 1615 0 5 38
a 1055 980 0 1 41
a 1062 2723 0 600 50
a 1062 359 0 3 6
a 1062 139 0 9 8
a 1062 1437 0 7 36
a 1062 2856 0 2 5
a 1062 2975 0 2 27
a 1062 1686 0 6 45
a 1062 302 0 6 1
a 1062 1732 0 5 29
a 1062 210 0 10 5
a 1062 2226 0 5 20
a 1062 535 0 5 28
a 1062 789 0 8 21
a 1062 1441 0 7 41
a 1062 851 0 5 12
a 1062 1806 0 4 9
a 1062 1838 0 3 20
a 1062 2725 0 8 12
a 1065 1078 0 600 3
a 1065 693 0 1 45
a 1065 1774 0 3 27
a 1065 2988 0 4 30
a 1065 1725 0 7 27
a 1065 1922 0 2 16
a 1065 2831 0 10 19
a 1065 1117 0 9 11
a 1065 427 0 9 34
a 1065 463 0 8 22
a 1065 1806 0 6 35
a 1065 2174 0 6 12
a 1065 2372 0 7 25
a 1065 710 0 1 36
a 1065 493 0 3 2
a 1065 2438 0 2 20
a 1071 293 0 600 50
a 1071 2086 0 9 7
a 1071 1773 0 3 8
a 1071 2450 0 1 3
a 1071 442 0 5 23
a 1071 1902 0 5 40
a 1071 2285 0 1 16
a 1071 1077 0 10 11
a 1071 593 0 6 43
a 1071 1756 0 8 13
a 1071 1648 0 4 15
a 1071 1569 0 1 48
a 1078 2618 0 600 2
a 1078 2202 0 8 2
a 1078 1354 0 3 18
a 1078 1631 0 3 25
a 1078 483 0 4 19
a 1078 1762 0 10 21
a 1078 925 0 3 11
a 1078 893 0 7 42
a 1090 1631 0 600 50
a 1090 915 0 10 14
a 1090 358 0 4 13
a 1090 1204 0 5 44
a 1090 2505 0 10 38
a 1090 2092 0 2 33
a 1090 395 0 4 29
a 1090 1212 0 3 18
a 1090 2536 0 7 45
a 1101 2106 0 600 50
a 1101 359 0 7 9
a 1135 1570 0 600 50
a 1135 2964 0 6 29
a 1135 2361 0 4 46
a 1135 1530 0 10 9
a 1135 1966 0 8 47
a 1135 1431 0 10 2
a 1135 928 0 9 40
a 1135 2784 0 2 2
a 1135 1736 0 8 10
a 1135 1585 0 4 47
a 1135 1244 0 9 7
a 1135 2389 0 2 29
a 1135 2329 0 5 17
a 1135 550 0 6 42
a 1135 1542 0 2 9
a 1135 766 0 6 47
a 1135 2310 0 9 2
a 1135 284 0 3 34
a 1137 1759 0 600 50
a 1137 21 0 4 17
a 1137 2114 0 5 12
a 1137 636 0 2 8
a 1137 2041 0 8 48
a 1137 1886 0 3 10
a 1137 1553 0 1 11
a 1137 478 0 7 24
a 1137 2377 0 4 16
a 1137 2886 0 3 5
a 1137 713 0 9 29
a 1149 1135 0 600 50
a 1149 1878 0 7 31
a 1149 483 0 5 18
a 1149 2002 0 5 1
a 1157 2695 0 600 3
a 1157 2055 0 3 49
a 1191 2800 0 600 35
a 1191 2744 0 3 8
a 1191 2526 0 10 6
a 1191 1731 0 9 23
a 1191 1524 0 1 11
a 1191 2707 0 3 17
a 1191 917 0 6 38
a 1191 802 0 8 22
a 1191 306 0 2 15
a 1191 1947 0 6 42
a 1191 1620 0 6 9
a 1191 676 0 7 7
a 1191 619 0 3 32
a 1191 785 0 2 7
a 1191 948 0 2 49
a 1191 473 0 2 34
a 1191 1551 0 6 34
a 1196 1137 0 600 40
a 1196 2580 0 5 34
a 1196 270 0 6 6
a 1196 618 0 2 2
a 1196 2299 0 6 9
a 1196 1832 0 9 46
a 1196 1783 0 9 49
a 1196 1459 0 5 29
a 1196 1526 0 3 31
a 1196 492 0 8 2
a 1196 79 0 5 33
a 1196 1863 0 6 20
a 1196 2027 0 4 20
a 1196 1442 0 7 8
a 1196 2461 0 5 6
a 1196 165 0 8 29
a 1196 2780 0 4 5
a 1211 809 0 600 50
a 1211 1529 0 4 13
a 1211 1797 0 6 8
a 1211 2712 0 5 39
a 1211 1601 0 1 16
a 1211 378 0 9 26
a 1211 448 0 10 23
a 1211 298 0 9 48
a 1211 2145 0 6 30
a 1211 204 0 2 31
a 1243 2016 0 600 50
a 1243 1842 0 6 43
a 1243 1314 0 6 17
a 1243 603 0 8 17
a 1247 2548 0 600 50
a 1247 1817 0 2 48
a 1247 2360 0 5 13
a 1247 901 0 3 12
a 1247 248 0 4 2
a 1247 1120 0 6 3
a 1247 272 0 1 48
a 1247 1280 0 2 26
a 1247 465 0 8 29
a 1297 2358 0 600 50
a 1297 2417 0 9 38
a 1297 416 0 7 44
a 1297 1986 0 1 8
a 1297 2105 0 6 24
a 1323 1327 0 600 3
a 1323 678 0 7 47
a 1323 832 0 7 36
a 1323 2383 0 2 27
a 1323 2355 0 8 21
a 1323 1027 0 4 22
a 1323 2717 0 2 36
a 1323 341 0 7 46
a 1323 2583 0 9 25
a 1323 2459 0 3 29
a 1323 946 0 9 6
a 1323 458 0 6 6
a 1327 562 0 600 36
a 1327 2310 0 6 22
a 1327 1599 0 9 18
a 1327 326 0 2 9
a 1327 181 0 1 42
a 1327 2946 0 6 44
a 1327 997 0 8 36
a 1327 1836 0 9 9
a 1327 768 0 3 41
a 1327 1536 0 6 2
a 1327 625 0 9 27
a 1327 119 0 5 19
a 1327 303 0 8 16
a 1327 67 0 2 50
a 1327 955 0 1 26
a 1327 433 0 7 12
a 1327 1070 0 3 19
a 1330 878 0 600 50
a 1330 1172 0 3 23
a 1330 1309 0 8 7
a 1330 1376 0 3 43
a 1330 265 0 4 16
a 1330 1194 0 3 24
a 1330 2334 0 6 38
a 1330 2951 0 6 20
a 1330 1928 0 5 29
a 1330 2135 0 10 5
a 1330 2534 0 7 26
a 1330 2861 0 7 2
a 1330 939 0 3 46
a 1356 1882 0 600 14
a 1356 1923 0 7 32
a 1356 2558 0 2 26
a 1356 268 0 6 45
a 1356 1273 0 2 47
a 1357 1247 0 600 21
a 1357 2452 0 3 5
a 1357 1064 0 6 13
a 1357 2563 0 1 7
a 1357 1803 0 8 20
a 1386 2416 0 600 3
a 1386 1193 0 10 48
a 1386 2201 0 9 12
a 1386 2646 0 9 17
a 1386 648 0 8 47
a 1386 1368 0 4 26
a 1389 589 0 600 26
a 1389 2528 0 9 25
a 1389 1092 0 2 39
a 1389 2512 0 10 13
a 1389 2536 0 8 26
a 1389 2524 0 10 43
a 1389 2006 0 7 2
a 1389 700 0 6 44
a 1389 421 0 1 8
a 1389 463 0 2 49
a 1389 2267 0 4 25
a 1389 1694 0 6 40
a 1407 1389 0 600 36
a 1407 1238 0 7 47
a 1407 2291 0 3 11
a 1407 1105 0 7 37
a 1407 2802 0 8 27
a 1407 2369 0 3 16
a 1407 1042 0 9 28
a 1407 2850 0 6 40
a 1407 303 0 3 32
a 1407 1924 0 1 1
a 1407 1542 0 3 21
a 1407 531 0 3 32
a 1407 1812 0 7 32
a 1407 1352 0 7 34
a 1407 56 0 4 32
a 1407 833 0 7 27
a 1407 1653 0 5 8
a 1407 2653 0 10 1
a 1432 2226 0 600 33
a 1432 1811 0 7 49
a 1432 913 0 7 31
a 1432 2034 0 5 31
a 1432 679 0 3 15
a 1432 908 0 3 1
a 1432 1516 0 1 3
a 1432 1517 0 10 18
a 1432 2917 0 4 22
a 1432 2555 0 3 16
a 1432 951 0 10 38
a 1441 1323 0 600 36
a 1441 2154 0 9 47
a 1441 1084 0 2 45
a 1441 1297 0 8 45
a 1441 940 0 10 32
a 1441 2788 0 1 4
a 1441 2510 0 5 6
a 1441 311 0 9 19
a 1441 345 0 7 20
a 1441 2609 0 5 28
a 1441 91 0 5 33
a 1441 2982 0 9 27
a 1441 115 0 8 31
a 1445 1746 0 600 10
a 1445 2090 0 5 43
a 1445 1960 0 2 10
a 1445 1299 0 9 46
a 1445 2380 0 6 44
a 1445 778 0 6 1
a 1445 1189 0 9 36
a 1445 624 0 5 6
a 1445 931 0 8 19
a 1445 2675 0 8 45
a 1445 1787 0 1 34
a 1460 1007 0 600 50
a 1460 1431 0 9 39
a 1460 2811 0 9 12
a 1460 101 0 8 24
a 1460 730 0 4 18
a 1460 1165 0 9 45
a 1460 512 0 9 28
a 1460 1643 0 2 25
a 1465 517 0 600 50
a 1465 1138 0 8 25
a 1465 301 0 10 8
a 1465 342 0 2 12
a 1465 1607 0 5 7
a 1465 94 0 6 16
a 1465 672 0 7 5
a 1465 987 0 10 42
a 1465 270 0 1 9
a 1465 274 0 1 46
a 1465 895 0 6 20
a 1475 179 0 600 50
a 1475 2210 0 10 46
a 1475 624 0 8 15
a 1475 256 0 5 4
a 1475 2257 0 7 2
a 1475 804 0 9 39
a 1475 253 0 2 19
a 1475 376 0 2 7
a 1475 609 0 6 2
a 1475 1889 0 3 43
a 1475 1417 0 3 22
a 1475 2416 0 3 44
a 1475 2205 0 5 17
a 1475 2848 0 5 39
a 1475 139 0 10 47
a 1475 2530 0 2 40
a 1475 2512 0 1 44
a 1475 2536 0 6 20
a 1485 871 0 600 50
a 1485 1553 0 10 5
a 1485 874 0 9 2
a 1485 1373 0 4 3
a 1485 901 0 7 42
a 1485 889 0 5 26
a 1485 2704 0 10 15
a 1485 2536 0 3 29
a 1485 1940 0 2 32
a 1485 2953 0 5 22
a 1485 1755 0 6 31
a 1485 2286 0 6 48
a 1485 1955 0 4 25
a 1540 786 0 600 50
a 1540 501 0 4 20
a 1540 782 0 6 45
a 1540 1129 0 2 8
a 1540 1402 0 1 9
a 1540 2262 0 3 27
a 1540 809 0 7 44
a 1540 1872 0 8 24
a 1540 2139 0 2 14
a 1540 146 0 9 35
a 1540 2027 0 7 19
a 1540 1768 0 9 41
a 1540 860 0 5 44
a 1540 422 0 2 10
a 1540 1804 0 4 11
a 1540 2097 0 7 23
a 1542 2415 0 600 6
a 1542 1372 0 3 31
a 1542 1492 0 3 4
a 1542 2971 0 7 35
a 1542 375 0 8 50
a 1542 1434 0 1 29
a 1542 1047 0 1 1
a 1542 2883 0 10 12
a 1551 2030 0 600 50
a 1551 2477 0 6 47
a 1551 905 0 8 30
a 1551 2877 0 1 6
a 1551 2044 0 1 23
a 1551 2400 0 5 16
a 1551 560 0 6 48
a 1551 1774 0 4 10
a 1551 183 0 10 13
a 1551 2867 0 8 27
a 1551 2646 0 5 2
a 1551 903 0 9 24
a 1551 1784 0 9 40
a 1551 1845 0 8 13
a 1551 63 0 7 35
a 1551 472 0 5 16
a 1551 1540 0 5 22
a 1570 2194 0 600 50
a 1570 423 0 5 22
a 1570 495 0 8 4
a 1572 123 0 600 50
a 1572 2748 0 7 38
a 1572 2259 0 7 15
a 1572 1561 0 3 2
a 1572 371 0 7 18
a 1572 939 0 10 40
a 1597 2807 0 600 16
a 1597 1252 0 2 24
a 1597 1983 0 9 24
a 1597 286 0 7 3
a 1597 2781 0 4 28
a 1597 1255 0 8 13
a 1597 1358 0 10 13
a 1597 1449 0 8 26
a 1618 1441 0 600 43
a 1618 1040 0 8 2
a 1618 1574 0 5 10
a 1618 2029 0 7 49
a 1618 2757 0 1 44
a 1618 1824 0 6 21
a 1618 1437 0 4 29
a 1618 2043 0 7 36
a 1618 2204 0 9 48
a 1618 2363 0 3 15
a 1618 1348 0 8 40
a 1618 2586 0 5 34
a 1618 1434 0 10 20
a 1618 2228 0 2 37
a 1618 1973 0 6 42
a 1618 1271 0 2 48
a 1631 277 0 600 50
a 1631 2245 0 10 18
a 1631 1174 0 4 39
a 1631 1292 0 3 26
a 1631 1300 0 5 10
a 1631 689 0 10 45
a 1631 631 0 10 40
a 1631 1016 0 1 7
a 1631 27 0 5 21
a 1631 1397 0 4 1
a 1631 1842 0 7 35
a 1631 1215 0 6 37
a 1631 1843 0 9 38
a 1631 251 0 10 19
a 1631 1582 0 3 28
a 1631 2045 0 6 26
a 1631 998 0 1 9
a 1640 2687 0 600 50
a 1640 514 0 1 35
a 1640 176 0 10 50
a 1661 980 0 600 41
a 1661 2739 0 4 23
a 1661 1201 0 9 15
a 1661 1485 0 6 48
a 1661 1332 0 9 43
a 1661 2810 0 5 39
a 1661 558 0 4 30
a 1661 641 0 4 15
a 1702 865 0 600 50
a 1702 2135 0 1 12
a 1702 2498 0 8 22
a 1702 1089 0 6 23
a 1702 2102 0 1 20
a 1702 603 0 8 12
a 1702 2455 0 6 24
a 1722 705 0 600 6
a 1722 2876 0 4 3
a 1722 778 0 1 32
a 1722 22 0 10 37
a 1722 2609 0 9 23
a 1722 681 0 9 18
a 1722 572 0 4 1
a 1722 895 0 5 45
a 1722 2915 0 2 8
a 1733 855 0 600 50
a 1733 1094 0 7 41
a 1733 777 0 7 36
a 1733 2356 0 2 36
a 1733 464 0 6 33
a 1733 2145 0 9 22
a 1733 2985 0 5 8
a 1733 2827 0 5 36
a 1733 430 0 6 9
a 1733 413 0 3 28
a 1733 1330 0 4 27
a 1733 2947 0 4 33
a 1733 1618 0 1 50
a 1733 2503 0 5 38
a 1733 2700 0 10 11
a 1733 2074 0 9 18
a 1733 2286 0 4 37
a 1733 2051 0 9 1
a 1742 2795 0 600 16
a 1742 2103 0 3 14
a 1746 1702 0 600 50
a 1746 454 0 4 48
a 1746 1512 0 3 20
a 1746 557 0 9 32
a 1746 2242 0 3 47
a 1746 2878 0 10 3
a 1756 1003 0 600 50
a 1756 1463 0 10 13
a 1756 426 0 4 49
a 1756 2142 0 6 12
a 1756 1094 0 2 47
a 1756 689 0 4 40
a 1756 948 0 4 47
a 1756 275 0 1 6
a 1756 2408 0 5 6
a 1759 1542 0 600 50
a 1759 2829 0 1 44
a 1763 1243 0 600 50
a 1763 877 0 10 21
a 1763 2485 0 7 21
a 1763 834 0 1 29
a 1763 1656 0 4 49
a 1763 484 0 1 29
a 1763 2706 0 9 11
a 1763 683 0 3 35
a 1763 255 0 6 23
a 1763 2622 0 3 47
a 1763 264 0 4 2
a 1763 425 0 1 6
a 1763 2256 0 9 12
a 1763 811 0 10 25
a 1763 2215 0 6 50
a 1763 400 0 6 33
a 1763 2960 0 3 35
a 1854 2933 0 600 30
a 1854 1049 0 3 43
a 1854 142 0 2 5
a 1854 2342 0 6 43
a 1854 867 0 5 11
a 1854 2295 0 9 2
a 1854 2167 0 1 8
a 1854 1785 0 3 48
a 1854 1553 0 1 39
a 1854 745 0 8 23
a 1854 2549 0 4 7
a 1858 1661 0 600 42
a 1858 2064 0 7 27
a 1858 2154 0 6 10
a 1858 126 0 8 41
a 1858 221 0 10 1
a 1858 52 0 7 13
a 1858 2005 0 7 8
a 1858 1578 0 1 2
a 1858 1766 0 4 26
a 1858 2039 0 10 11
a 1858 366 0 7 25
a 1858 1014 0 1 49
a 1858 618 0 10 4
a 1858 241 0 9 42
a 1858 1177 0 10 36
a 1858 49 0 3 40
a 1858 2201 0 7 21
a 1858 1536 0 4 13
a 1860 2175 0 600 50
a 1860 20 0 2 13
a 1860 1453 0 9 6
a 1860 903 0 2 13
a 1860 2665 0 2 6
a 1860 1237 0 4 1
a 1860 98 0 10 11
a 1860 1641 0 8 20
a 1860 2352 0 3 27
a 1879 2422 0 600 29
a 1879 2504 0 10 17
a 1879 511 0 8 48
a 1879 1763 0 7 50
a 1879 1688 0 8 8
a 1879 813 0 3 3
a 1879 379 0 10 48
a 1879 2450 0 6 44
a 1879 973 0 3 2
a 1879 2221 0 7 44
a 1879 372 0 9 23
a 1879 718 0 1 15
a 1879 522 0 9 15
a 1879 1279 0 2 5
a 1879 2781 0 8 44
a 1879 2796 0 6 33
a 1881 734 0 600 46
a 1881 1453 0 7 42
a 1881 2590 0 5 33
a 1881 2922 0 9 29
a 1881 1509 0 2 27
a 1881 2997 0 9 10
a 1881 47 0 6 10
a 1881 1802 0 4 24
a 1881 563 0 10 21
a 1881 1121 0 9 6
a 1881 1332 0 5 34
a 1881 2853 0 8 44
a 1881 294 0 7 39
a 1882 1957 0 600 30
a 1882 2161 0 10 23
a 1932 1356 0 600 48
a 1932 2886 0 3 48
a 1932 769 0 6 46
a 1932 828 0 10 13
a 1932 2146 0 3 32
a 1932 2761 0 4 20
a 1932 2500 0 10 28
a 1932 2262 0 3 8
a 1932 359 0 2 4
a 1932 2188 0 5 45
a 1932 464 0 6 38
a 1932 1017 0 10 37
a 1932 1550 0 4 27
a 1932 2828 0 1 45
a 1932 1833 0 6 10
a 1932 2241 0 3 18
a 1932 2436 0 9 45
a 1957 1858 0 600 5
a 1957 2644 0 1 42
a 1957 328 0 5 20
a 1957 2953 0 4 18
a 1957 1639 0 6 37
a 1957 974 0 7 41
a 1957 673 0 2 32
a 1957 2562 0 2 9
a 1957 1875 0 2 11
a 1957 190 0 9 45
a 1957 1344 0 5 9
a 1957 1756 0 1 17
a 1966 2957 0 600 50
a 1966 288 0 3 11
a 1966 1146 0 1 8
a 1966 991 0 5 19
a 1966 2615 0 1 42
a 1966 1586 0 3 29
a 1966 2944 0 8 9
a 1966 2622 0 2 44
a 1966 1290 0 3 40
a 1966 291 0 4 7
a 1966 2090 0 8 36
a 1966 2750 0 7 26
a 1966 2476 0 2 49
a 1966 1741 0 10 4
a 1966 382 0 7 48
a 1966 638 0 4 50
a 1966 1724 0 5 45
a 1966 2522 0 4 21
a 1980 1055 0 600 50
a 1980 293 0 2 28
a 1980 2382 0 7 46
a 1980 2019 0 9 11
a 1980 2479 0 9 35
a 1980 560 0 6 43
a 1980 2633 0 4 29
a 1980 832 0 2 48
a 1980 1745 0 6 43
a 1980 2806 0 7 16
a 1980 241 0 2 25
a 1980 2433 0 5 45
a 1995 2179 0 600 43
a 1995 1045 0 4 19
a 1995 653 0 7 29
a 1995 2083 0 5 50
a 1995 1877 0 6 24
a 1995 860 0 9 16
a 1995 1685 0 6 7
a 2003 2776 0 600 50
a 2003 2089 0 7 40
a 2003 1745 0 3 7
a 2003 2601 0 2 24
a 2003 1705 0 9 22
a 2003 2125 0 4 9
a 2003 857 0 1 47
a 2016 1995 0 600 50
a 2016 2755 0 4 26
a 2016 1587 0 4 1
a 2016 2916 0 8 27
a 2016 2217 0 10 35
a 2016 2851 0 5 20
a 2016 1933 0 6 48
a 2016 1618 0 4 29
a 2016 1594 0 4 21
a 2016 81 0 8 8
a 2016 76 0 5 16
a 2016 2389 0 1 32
a 2016 1745 0 4 35
a 2016 2198 0 1 44
a 2016 302 0 4 23
a 2029 2937 0 600 45
a 2029 980 0 1 5
a 2030 2855 0 600 50
a 2030 398 0 9 18
a 2030 1535 0 8 30
a 2030 2671 0 4 49
a 2030 476 0 9 40
a 2030 2054 0 1 9
a 2030 558 0 2 46
a 2030 2466 0 8 1
a 2043 1860 0 600 50
a 2043 2453 0 8 40
a 2043 555 0 1 7
a 2043 2461 0 9 21
a 2043 1762 0 2 3
a 2043 2208 0 2 10
a 2043 836 0 6 2
a 2043 430 0 1 17
a 2043 799 0 9 15
a 2043 2330 0 8 12
a 2043 2405 0 1 41
a 2043 2401 0 7 30
a 2043 2882 0 1 16
a 2074 2176 0 600 5
a 2074 1661 0 8 2
a 2074 2486 0 5 44
a 2074 1220 0 2 40
a 2074 2832 0 1 45
a 2074 740 0 8 29
a 2074 493 0 1 36
a 2074 2711 0 9 13
a 2084 1330 0 600 50
a 2084 1140 0 4 35
a 2084 599 0 5 25
a 2084 999 0 1 49
a 2084 1749 0 5 27
a 2085 2770 0 600 25
a 2085 1907 0 8 8
a 2085 2898 0 9 19
a 2085 2431 0 8 36
a 2085 1961 0 5 46
a 2085 2999 0 6 26
a 2085 1447 0 6 40
a 2085 2443 0 9 28
a 2085 791 0 1 43
a 2085 1279 0 5 18
a 2085 632 0 6 30
a 2085 2077 0 6 43
a 2085 873 0 6 29
a 2085 2778 0 6 33
a 2085 524 0 3 29
a 2086 1460 0 600 36
a 2086 371 0 7 22
a 2086 2628 0 1 31
a 2086 1091 0 6 28
a 2086 2293 0 7 14
a 2086 1415 0 8 24
a 2086 232 0 2 15
a 2086 2457 0 8 33
a 2086 2407 0 8 2
a 2086 1976 0 4 11
a 2086 2488 0 4 23
a 2086 961 0 8 10
a 2094 1881 0 600 50
a 2094 418 0 10 17
a 2094 236 0 3 26
a 2094 1427 0 8 24
a 2094 209 0 2 50
a 2098 2958 0 600 24
a 2098 66 0 10 44
a 2098 1690 0 2 21
a 2098 1186 0 7 41
a 2098 91 0 6 7
a 2098 751 0 3 26
a 2098 635 0 8 12
a 2098 1075 0 5 44
a 2098 1941 0 3 30
a 2098 1659 0 9 24
a 2098 500 0 5 17
a 2098 186 0 8 16
a 2106 2866 0 600 50
a 2106 621 0 3 1
a 2106 2688 0 3 20
a 2106 434 0 6 25
a 2106 2183 0 10 14
a 2106 2311 0 5 21
a 2106 552 0 2 18
a 2106 1497 0 3 30
a 2106 2162 0 4 11
a 2106 2888 0 9 47
a 2106 2335 0 1 36
a 2106 1234 0 4 13
a 2106 2966 0 8 15
a 2106 959 0 7 7
a 2106 2620 0 6 13
a 2106 411 0 5 43
a 2106 2337 0 9 8
a 2139 2967 0 600 44
a 2139 2094 0 3 41
a 2139 2495 0 10 41
a 2139 120 0 10 9
a 2139 2089 0 1 11
a 2139 1990 0 5 18
a 2139 485 0 6 31
a 2139 1142 0 6 49
a 2139 2507 0 5 45
a 2139 486 0 1 10
a 2139 1826 0 1 17
a 2139 2008 0 7 47
a 2139 2265 0 3 9
a 2157 2811 0 600 14
a 2157 1726 0 10 41
a 2167 2459 0 600 50
a 2167 1319 0 2 28
a 2167 2621 0 4 25
a 2167 2953 0 9 12
a 2167 2864 0 5 47
a 2167 17 0 3 47
a 2167 211 0 1 36
a 2167 1716 0 2 32
a 2167 367 0 10 41
a 2175 1540 0 600 14
a 2175 2369 0 9 2
a 2175 105 0 8 4
a 2175 722 0 10 1
a 2175 283 0 10 24
a 2175 723 0 2 36
a 2176 1407 0 600 47
a 2176 1263 0 1 48
a 2176 2217 0 6 19
a 2176 2845 0 10 32
a 2176 1155 0 9 8
a 2176 994 0 6 11
a 2176 1681 0 6 16
a 2176 2098 0 6 25
a 2176 1888 0 10 43
a 2176 1075 0 4 49
a 2176 2828 0 6 19
a 2176 842 0 6 10
a 2176 2276 0 2 10
a 2176 2254 0 2 34
a 2176 928 0 8 18
a 2176 1511 0 7 37
a 2176 1111 0 4 43
a 2176 1050 0 7 9
a 2179 2196 0 600 19
a 2179 2406 0 1 44
a 2194 823 0 600 50
a 2194 2205 0 10 36
a 2194 1176 0 7 46
a 2194 365 0 5 33
a 2194 2212 0 5 9
a 2194 2360 0 5 9
a 2194 2001 0 6 47
a 2194 2681 0 2 5
a 2194 2402 0 5 49
a 2194 1489 0 2 33
a 2194 95 0 6 2
a 2194 62 0 10 49
a 2194 386 0 7 33
a 2194 848 0 2 44
a 2196 2157 0 600 1
a 2196 2902 0 5 50
a 2196 1556 0 5 13
a 2196 2272 0 7 5
a 2196 2807 0 2 14
a 2196 1630 0 9 35
a 2196 1570 0 2 48
a 2196 2863 0 7 32
a 2196 2809 0 7 41
a 2226 2139 0 600 22
a 2226 1576 0 3 4
a 2226 1206 0 2 42
a 2226 2698 0 10 41
a 2226 2862 0 7 48
a 2226 319 0 5 43
a 2226 74 0 7 50
a 2226 2469 0 2 37
a 2226 1153 0 1 28
a 2226 1160 0 7 28
a 2226 858 0 4 49
a 2226 958 0 3 37
a 2226 1957 0 3 2
a 2226 1699 0 8 8
a 2249 299 0 600 50
a 2249 1214 0 4 37
a 2249 2752 0 10 33
a 2249 1245 0 2 30
a 2249 2667 0 10 33
a 2249 2702 0 6 15
a 2249 2947 0 10 33
a 2249 1651 0 7 44
a 2249 644 0 10 39
a 2249 1570 0 2 45
a 2249 2300 0 8 8
a 2249 1257 0 6 23
a 2249 58 0 6 13
a 2249 1136 0 2 49
a 2249 2812 0 2 9
a 2249 1941 0 7 47
a 2249 1296 0 10 30
a 2249 1217 0 3 14
a 2253 269 0 600 50
a 2253 1369 0 7 10
a 2253 2531 0 7 31
a 2253 2193 0 5 30
a 2263 384 0 600 47
a 2263 474 0 9 18
a 2263 112 0 7 2
a 2263 641 0 4 42
a 2263 2268 0 2 1
a 2263 1771 0 5 25
a 2336 525 0 600 40
a 2336 786 0 4 6
a 2336 965 0 10 2
a 2336 1936 0 5 25
a 2336 1342 0 10 17
a 2336 121 0 5 33
a 2336 19 0 2 43
a 2336 639 0 7 11
a 2350 2813 0 600 50
a 2350 1180 0 5 4
a 2350 1424 0 9 29
a 2358 2880 0 600 50
a 2358 93 0 9 6
a 2358 2765 0 1 35
a 2358 1215 0 8 36
a 2358 755 0 5 1
a 2358 2117 0 9 15
a 2358 1163 0 9 25
a 2381 1854 0 600 50
a 2381 531 0 10 33
a 2381 2281 0 4 46
a 2381 1894 0 5 43
a 2381 2888 0 2 20
a 2381 1773 0 8 28
a 2381 615 0 1 46
a 2381 1300 0 5 18
a 2381 1682 0 4 11
a 2381 2946 0 1 29
a 2381 2558 0 4 8
a 2381 1339 0 7 27
a 2398 78 0 600 50
a 2398 2889 0 8 20
a 2398 558 0 6 34
a 2398 2139 0 2 37
a 2415 1065 0 600 35
a 2415 708 0 9 24
a 2415 2465 0 4 10
a 2415 18 0 2 50
a 2415 19 0 1 5
a 2415 794 0 10 30
a 2415 1605 0 7 9
a 2415 1790 0 3 20
a 2415 1493 0 6 12
a 2415 2409 0 3 22
a 2415 1127 0 8 8
a 2415 2107 0 10 38
a 2415 869 0 1 28
a 2415 2341 0 6 18
a 2415 803 0 2 8
a 2415 1412 0 10 35
a 2416 2935 0 600 50
a 2416 2336 0 6 31
a 2416 2547 0 4 24
a 2416 2816 0 7 18
a 2416 755 0 6 2
a 2416 975 0 4 16
a 2416 51 0 10 17
a 2416 345 0 2 43
a 2416 2104 0 2 43
a 2416 854 0 9 16
a 2416 1688 0 10 33
a 2416 967 0 8 32
a 2416 508 0 4 2
a 2416 1528 0 10 2
a 2416 1198 0 9 13
a 2416 2047 0 8 22
a 2416 113 0 3 35
a 2422 2646 0 600 50
a 2422 1817 0 10 15
a 2422 1077 0 3 21
a 2422 1157 0 1 25
a 2422 959 0 6 12
a 2422 2720 0 7 13
a 2422 2836 0 6 3
a 2422 108 0 4 31
a 2422 2327 0 6 29
a 2422 581 0 2 15
a 2422 2146 0 8 29
a 2422 925 0 2 44
a 2422 2923 0 7 7
a 2422 2554 0 10 18
a 2422 1036 0 4 41
a 2422 1987 0 9 5
a 2422 2769 0 5 42
a 2458 2688 0 600 50
a 2458 2096 0 2 4
a 2458 2165 0 4 50
a 2458 2341 0 2 33
a 2458 406 0 10 4
a 2458 128 0 2 22
a 2458 2684 0 4 46
a 2458 1651 0 1 8
a 2458 975 0 4 7
a 2458 523 0 4 38
a 2459 2660 0 600 50
a 2459 2942 0 5 34
a 2459 2684 0 4 19
a 2459 1697 0 4 2
a 2459 2862 0 4 39
a 2459 572 0 8 17
a 2459 942 0 1 41
a 2468 34 0 600 50
a 2468 2531 0 8 47
a 2468 2708 0 4 44
a 2468 616 0 10 1
a 2468 2859 0 8 50
a 2468 1680 0 6 11
a 2468 814 0 2 50
a 2468 2299 0 3 44
a 2468 2182 0 9 11
a 2469 1932 0 600 50
a 2469 1349 0 5 7
a 2469 1358 0 7 3
a 2469 957 0 7 42
a 2469 891 0 8 50
a 2469 568 0 10 43
a 2469 1600 0 4 7
a 2469 1875 0 7 1
a 2469 2904 0 5 22
a 2469 2637 0 10 39
a 2469 1822 0 10 17
a 2469 2354 0 6 7
a 2513 824 0 600 50
a 2513 2976 0 7 33
a 2513 1804 0 7 14
a 2513 309 0 4 5
a 2513 350 0 5 40
a 2513 63 0 9 7
a 2513 2558 0 3 6
a 2513 1318 0 7 47
a 2513 1217 0 10 46
a 2519 336 0 600 5
a 2519 2592 0 10 23
a 2519 2733 0 10 23
a 2519 96 0 3 50
a 2519 578 0 6 19
a 2519 2157 0 6 8
a 2519 1987 0 5 35
a 2519 505 0 10 13
a 2519 208 0 4 38
a 2519 972 0 8 40
a 2519 744 0 6 19
a 2519 2481 0 6 19
a 2519 2444 0 4 7
a 2519 978 0 3 40
a 2519 197 0 8 30
a 2519 1408 0 4 39
a 2519 443 0 4 27
a 2519 1832 0 5 1
a 2548 1386 0 600 50
a 2548 700 0 9 3
a 2548 2486 0 1 48
a 2548 2502 0 9 23
a 2548 1338 0 4 21
a 2548 1524 0 2 1
a 2548 771 0 10 21
a 2548 2272 0 7 25
a 2548 2510 0 4 20
a 2548 1115 0 7 6
a 2548 1653 0 2 50
a 2548 2456 0 7 17
a 2548 1841 0 6 44
a 2618 1004 0 600 3
a 2618 2101 0 10 33
a 2618 1822 0 4 7
a 2618 2656 0 8 45
a 2618 1297 0 1 39
a 2618 2040 0 3 35
a 2618 2361 0 7 2
a 2618 2932 0 5 36
a 2618 1874 0 4 28
a 2631 1432 0 600 50
a 2631 2433 0 5 49
a 2631 1620 0 9 29
a 2631 37 0 10 18
a 2631 1854 0 1 18
a 2631 1912 0 1 21
a 2631 914 0 6 16
a 2631 2674 0 5 30
a 2635 253 0 600 50
a 2635 998 0 4 8
a 2635 2146 0 8 38
a 2635 670 0 9 5
a 2635 2246 0 4 20
a 2635 1214 0 1 38
a 2635 2352 0 1 18
a 2646 2513 0 600 50
a 2646 1428 0 4 37
a 2646 1482 0 5 42
a 2660 639 0 600 14
a 2660 1139 0 3 3
a 2660 1856 0 8 15
a 2669 271 0 600 50
a 2669 2626 0 9 7
a 2669 599 0 8 13
a 2669 2757 0 7 19
a 2669 2666 0 5 35
a 2669 2194 0 6 40
a 2669 1820 0 2 4
a 2669 527 0 5 14
a 2669 786 0 8 42
a 2687 325 0 600 50
a 2687 1447 0 9 41
a 2687 1019 0 2 49
a 2688 1475 0 600 29
a 2688 1053 0 8 8
a 2688 2750 0 5 46
a 2688 1072 0 9 31
a 2688 2232 0 5 10
a 2688 84 0 7 46
a 2695 2003 0 600 50
a 2695 562 0 2 2
a 2695 2310 0 10 6
a 2695 722 0 2 36
a 2695 1066 0 4 38
a 2695 45 0 9 26
a 2695 2382 0 1 47
a 2703 1733 0 600 50
a 2703 228 0 4 38
a 2703 1784 0 2 15
a 2703 1924 0 4 13
a 2703 2701 0 6 8
a 2703 2480 0 1 10
a 2703 2178 0 2 47
a 2715 1025 0 600 24
a 2715 2673 0 10 36
a 2715 1786 0 6 12
a 2723 74 0 600 29
a 2723 1683 0 8 24
a 2723 1223 0 5 44
a 2723 376 0 9 10
a 2723 26 0 5 46
a 2723 879 0 2 1
a 2723 1712 0 9 26
a 2770 1597 0 600 44
a 2770 2951 0 1 33
a 2770 1921 0 4 3
a 2770 444 0 5 15
a 2770 57 0 5 15
a 2770 827 0 7 36
a 2770 2868 0 7 32
a 2770 1989 0 5 3
a 2770 1081 0 8 17
a 2770 1101 0 5 46
a 2770 688 0 4 16
a 2770 394 0 2 6
a 2770 1616 0 5 18
a 2770 2303 0 5 15
a 2770 2436 0 3 29
a 2770 2008 0 9 49
a 2770 2145 0 10 49
a 2770 2132 0 7 31
a 2776 2398 0 600 50
a 2776 1738 0 1 9
a 2776 2534 0 7 5
a 2776 2514 0 1 49
a 2776 415 0 5 9
a 2776 2050 0 9 46
a 2787 2631 0 600 45
a 2787 2236 0 6 2
a 2795 501 0 600 4
a 2795 1509 0 1 44
a 2795 1051 0 7 23
a 2795 2849 0 6 26
a 2795 143 0 9 38
a 2795 2739 0 3 48
a 2795 1306 0 3 6
a 2795 1833 0 10 27
a 2795 2819 0 2 31
a 2795 180 0 8 47
a 2795 2308 0 8 50
a 2795 1124 0 8 34
a 2800 2856 0 600 26
a 2800 2566 0 2 5
a 2800 2760 0 6 21
a 2800 2395 0 8 43
a 2800 2561 0 5 17
a 2800 1992 0 1 28
a 2800 2406 0 9 25
a 2800 1443 0 7 15
a 2800 2572 0 10 29
a 2800 943 0 9 2
a 2800 749 0 9 35
a 2800 571 0 1 13
a 2807 1980 0 600 50
a 2807 857 0 3 17
a 2807 1456 0 6 36
a 2807 1050 0 1 43
a 2811 1879 0 600 50
a 2811 200 0 7 50
a 2811 2722 0 10 38
a 2811 2997 0 4 7
a 2811 2954 0 8 2
a 2811 2952 0 1 8
a 2811 1473 0 1 30
a 2811 972 0 5 35
a 2811 443 0 9 34
a 2813 476 0 600 30
a 2813 1893 0 7 47
a 2813 2332 0 6 37
a 2813 2224 0 1 18
a 2813 1438 0 4 7
a 2813 2783 0 6 21
a 2813 554 0 8 42
a 2813 2784 0 1 19
a 2813 598 0 7 26
a 2813 2541 0 2 46
a 2813 933 0 1 36
a 2813 2314 0 5 9
a 2813 1129 0 9 46
a 2813 499 0 9 8
a 2813 2226 0 4 1
a 2813 311 0 7 46
a 2813 1019 0 7 28
a 2849 401 0 600 6
a 2849 1254 0 1 23
a 2849 134 0 3 4
a 2849 1395 0 5 2
a 2849 1242 0 4 32
a 2849 1660 0 6 32
a 2855 1756 0 600 40
a 2855 1821 0 8 39
a 2855 321 0 3 11
a 2855 1816 0 3 2
a 2855 1247 0 3 36
a 2855 2086 0 10 23
a 2855 1047 0 9 8
a 2856 2669 0 600 50
a 2856 2313 0 10 8
a 2856 2941 0 3 46
a 2856 2515 0 5 26
a 2856 1411 0 6 9
a 2866 1157 0 600 50
a 2866 2438 0 2 48
a 2866 2369 0 5 20
a 2866 1314 0 8 41
a 2866 973 0 8 32
a 2866 720 0 6 1
a 2866 2990 0 1 13
a 2866 1362 0 7 10
a 2866 206 0 7 19
a 2866 2639 0 9 30
a 2866 1942 0 3 24
a 2866 1807 0 3 43
a 2880 641 0 600 43
a 2880 1257 0 5 24
a 2880 1286 0 7 6
a 2880 1987 0 6 42
a 2880 315 0 7 1
a 2880 2963 0 1 41
a 2880 565 0 7 13
a 2880 2032 0 3 36
a 2880 566 0 10 15
a 2880 2060 0 9 27
a 2880 2691 0 1 38
a 2880 222 0 3 13
a 2880 2101 0 8 49
a 2891 753 0 600 47
a 2891 58 0 6 41
a 2891 2369 0 9 32
a 2891 712 0 1 4
a 2891 1100 0 3 9
a 2891 2559 0 6 35
a 2891 2004 0 9 14
a 2891 2236 0 8 6
a 2891 2824 0 6 44
a 2891 2544 0 3 8
a 2891 718 0 10 31
a 2891 1111 0 6 3
a 2891 1682 0 8 50
a 2891 84 0 1 4
a 2891 130 0 3 16
a 2891 361 0 5 8
a 2933 2468 0 600 50
a 2933 386 0 6 22
a 2933 215 0 1 20
a 2933 2613 0 5 29
a 2933 2976 0 9 14
a 2933 2188 0 8 5
a 2933 256 0 1 45
a 2933 2979 0 8 34
a 2933 345 0 4 43
a 2933 1829 0 3 29
a 2933 1100 0 6 28
a 2933 104 0 10 5
a 2933 2053 0 3 2
a 2933 1413 0 2 34
a 2933 163 0 1 12
a 2935 957 0 600 50
a 2935 921 0 8 32
a 2935 1880 0 4 46
a 2935 533 0 3 23
a 2935 1442 0 3 30
a 2935 98 0 8 13
a 2935 2013 0 1 33
a 2935 2836 0 4 29
a 2935 2159 0 9 20
a 2935 2375 0 6 6
a 2935 2055 0 7 18
a 2935 1720 0 9 43
a 2937 2098 0 600 50
a 2937 1621 0 1 11
a 2937 2630 0 10 39
a 2937 1303 0 1 6
a 2937 228 0 2 48
a 2937 2928 0 9 47
a 2937 1332 0 3 15
a 2937 1224 0 7 2
a 2937 787 0 6 11
a 2937 2215 0 9 15
a 2937 2921 0 4 9
a 2937 2879 0 8 30
a 2957 2086 0 600 50
a 2957 2995 0 7 1
a 2957 2681 0 4 42
a 2957 272 0 2 12
a 2957 1919 0 4 31
a 2957 287 0 1 36
a 2957 1504 0 5 16
a 2957 412 0 9 15
a 2957 1387 0 7 50
a 2957 148 0 9 23
a 2957 2106 0 10 17
a 2957 2248 0 8 49
a 2958 976 0 600 48
a 2958 545 0 9 26
a 2958 658 0 4 27
a 2958 165 0 6 28
a 2958 1566 0 7 18
a 2958 145 0 9 24
a 2958 2115 0 3 14
a 2958 1150 0 2 30
a 2958 2368 0 10 11
a 2958 2428 0 3 35
a 2958 508 0 8 44
a 2958 820 0 7 11
a 2958 987 0 3 23
a 2958 2044 0 8 33
a 2958 2565 0 9 41
a 2967 37 0 600 50
a 2967 1234 0 7 11
a 2967 2810 0 7 35
a 2967 2975 0 10 34
a 2967 435 0 5 29
a 2967 1889 0 9 18
a 2967 103 0 2 42
a 2967 16 0 3 6
a 5 1318 0 1438 50
a 5 1986 0 5 31
a 5 135 0 4 30
a 5 99 0 7 18
a 5 993 0 5 26
a 5 1792 0 1 9
a 5 2986 0 3 25
a 5 978 0 3 11
a 5 2020 0 8 43
a 5 2356 0 10 7
a 5 2101 0 2 25
a 5 2545 0 9 4
a 5 2092 0 9 13
a 5 1176 0 9 44
a 5 310 0 3 37
a 5 983 0 6 45
a 5 1278 0 6 2
a 23 432 0 1438 18
a 23 260 0 1 21
a 23 2491 0 6 5
a 53 1311 0 1438 50
a 53 911 0 10 29
a 55 1114 0 1438 9
a 55 857 0 3 5
a 55 524 0 4 25
a 55 200 0 4 4
a 55 1443 0 9 41
a 55 2846 0 8 23
a 55 1736 0 6 5
a 55 1341 0 4 40
a 55 2088 0 1 20
a 55 2311 0 4 39
a 55 248 0 10 7
a 55 712 0 2 14
a 55 2112 0 1 20
a 55 1990 0 4 18
a 55 1074 0 8 20
a 55 433 0 4 19
a 55 1874 0 5 42
a 66 2243 0 1438 27
a 66 1954 0 3 41
a 66 448 0 6 23
a 66 1990 0 1 30
a 66 2494 0 7 50
a 66 1605 0 6 20
a 66 431 0 4 29
a 66 1714 0 6 5
a 66 1518 0 7 8
a 66 56 0 7 33
a 66 23 0 10 41
a 66 607 0 4 23
a 66 2568 0 4 10
a 66 780 0 6 25
a 66 95 0 7 29
a 66 2549 0 8 10
a 66 2727 0 2 12
a 66 2479 0 6 12
a 73 1321 0 1438 50
a 73 1118 0 10 10
a 80 66 0 1438 46
a 80 1596 0 3 12
a 80 2679 0 5 37
a 80 969 0 4 48
a 80 121 0 4 17
a 80 1341 0 6 3
a 80 2097 0 3 45
a 80 1218 0 6 43
a 80 1955 0 9 48
a 80 1158 0 9 42
a 80 1965 0 6 44
a 80 2421 0 6 47
a 80 74 0 2 35
a 101 2121 0 1438 23
a 101 2462 0 2 36
a 101 2107 0 9 8
a 101 233 0 5 43
a 101 639 0 10 10
a 101 2570 0 2 50
a 101 2270 0 4 40
a 101 983 0 5 35
a 101 2883 0 8 18
a 101 285 0 8 2
a 101 1579 0 6 6
a 101 1362 0 6 19
a 101 2593 0 2 45
a 105 2061 0 1438 27
a 105 2106 0 1 50
a 105 592 0 6 40
a 105 1461 0 9 1
a 105 2972 0 6 9
a 113 53 0 1438 50
a 113 1633 0 4 5
a 113 697 0 7 32
a 113 2658 0 3 46
a 113 2917 0 7 15
a 113 2193 0 2 20
a 113 1194 0 6 21
a 120 1273 0 1438 28
a 120 1761 0 9 47
a 120 2800 0 4 10
a 120 1442 0 10 41
a 120 2267 0 5 9
a 120 1988 0 5 13
a 120 550 0 9 31
a 120 102 0 9 42
a 120 1920 0 2 11
a 120 1438 0 9 45
a 120 1128 0 7 42
a 120 2626 0 8 7
a 120 1352 0 5 9
a 120 2375 0 9 4
a 120 2077 0 8 23
a 120 301 0 8 33
a 125 1550 0 1438 36
a 125 2028 0 5 42
a 134 1714 0 1438 50
a 134 2327 0 2 44
a 134 2479 0 3 41
a 134 2433 0 1 48
a 134 1127 0 7 32
a 134 475 0 8 4
a 134 1167 0 2 40
a 134 1966 0 4 45
a 134 365 0 5 8
a 134 1499 0 4 14
a 134 1403 0 7 46
a 134 583 0 9 36
a 135 1629 0 1438 50
a 135 678 0 6 10
a 135 1217 0 7 44
a 135 2211 0 8 40
a 135 2710 0 1 4
a 135 561 0 8 44
a 135 1942 0 8 9
a 135 2038 0 2 32
a 135 1799 0 9 17
a 136 2514 0 1438 24
a 136 110 0 5 22
a 136 1601 0 4 43
a 136 1226 0 5 14
a 136 2362 0 10 22
a 136 547 0 4 40
a 136 238 0 2 1
a 136 1685 0 4 15
a 138 2913 0 1438 50
a 138 2886 0 6 21
a 138 1877 0 10 14
a 138 972 0 3 24
a 138 2566 0 6 1
a 138 2914 0 9 15
a 138 465 0 2 17
a 138 2550 0 7 10
a 138 2695 0 1 40
a 138 1703 0 9 40
a 138 102 0 1 27
a 138 2605 0 4 37
a 138 2237 0 3 49
a 138 2464 0 6 27
a 138 2740 0 9 4
a 138 1058 0 2 19
a 148 579 0 1438 16
a 148 2984 0 4 43
a 148 381 0 8 39
a 148 2926 0 8 30
a 148 858 0 2 25
a 148 1041 0 4 36
a 148 638 0 10 7
a 148 2302 0 3 50
a 148 2071 0 9 3
a 148 769 0 7 17
a 148 196 0 7 48
a 148 863 0 3 22
a 148 1094 0 9 24
a 148 2164 0 2 40
a 148 665 0 5 24
a 148 2329 0 9 44
a 148 839 0 10 48
a 148 706 0 3 4
a 151 2235 0 1438 50
a 151 133 0 10 25
a 151 2207 0 8 23
a 151 2490 0 5 19
a 151 1810 0 3 8
a 151 48 0 7 49
a 151 522 0 5 20
a 151 1678 0 10 29
a 151 1800 0 8 24
a 151 1041 0 8 19
a 151 131 0 4 37
a 151 256 0 7 36
a 151 27 0 8 15
a 151 136 0 5 3
a 151 549 0 10 27
a 151 581 0 2 36
a 152 1171 0 1438 50
a 152 2392 0 5 14
a 152 180 0 4 30
a 152 139 0 1 16
a 152 587 0 2 32
a 152 1588 0 1 13
a 152 1002 0 7 13
a 152 273 0 9 9
a 152 444 0 6 35
a 152 971 0 10 42
a 152 1994 0 2 38
a 152 2696 0 9 10
a 152 1587 0 2 38
a 152 1078 0 1 47
a 152 1383 0 3 41
a 157 1712 0 1438 50
a 157 2304 0 4 10
a 157 1682 0 6 16
a 157 747 0 1 6
a 169 120 0 1438 16
a 169 719 0 3 49
a 169 2779 0 4 19
a 181 1477 0 1438 50
a 181 1572 0 3 26
a 181 84 0 10 17
a 181 735 0 4 9
a 181 1913 0 10 2
a 181 255 0 4 48
a 181 2599 0 9 48
a 181 2182 0 3 1
a 181 2749 0 4 27
a 181 1191 0 1 8
a 181 1287 0 5 13
a 182 1614 0 1438 50
a 182 920 0 8 16
a 182 1359 0 6 24
a 182 970 0 7 6
a 182 1009 0 8 48
a 182 1477 0 1 9
a 182 2610 0 8 41
a 182 1468 0 3 38
a 182 1107 0 10 27
a 182 946 0 8 41
a 182 1870 0 9 42
a 182 2516 0 3 45
a 182 450 0 9 42
a 182 1321 0 6 34
a 206 2506 0 1438 50
a 206 528 0 5 1
a 206 2703 0 2 11
a 206 740 0 4 10
a 206 1127 0 1 23
a 206 2355 0 2 34
a 206 1247 0 8 37
a 206 303 0 8 35
a 206 1254 0 6 30
a 206 77 0 6 29
a 206 2590 0 9 25
a 206 43 0 4 26
a 206 2107 0 10 36
a 206 1989 0 9 15
a 206 2336 0 4 5
a 206 1002 0 10 18
a 206 1534 0 10 12
a 206 2822 0 4 43
a 225 2247 0 1438 50
a 225 160 0 7 16
a 225 915 0 6 46
a 225 1434 0 5 27
a 225 542 0 9 37
a 225 883 0 10 35
a 225 1420 0 2 24
a 225 2141 0 10 35
a 225 1930 0 1 22
a 225 996 0 7 12
a 225 1223 0 1 5
a 225 944 0 9 38
a 225 1967 0 9 22
a 225 827 0 7 10
a 225 1453 0 2 13
a 225 1788 0 5 37
a 225 1002 0 3 21
a 226 945 0 1438 16
a 226 1659 0 9 16
a 226 478 0 7 34
a 226 801 0 10 6
a 226 219 0 2 17
a 226 2425 0 5 29
a 226 357 0 1 1
a 226 572 0 6 41
a 226 555 0 4 3
a 226 2941 0 9 42
a 226 616 0 3 44
a 226 2329 0 8 47
a 270 1696 0 1438 42
a 270 306 0 2 24
a 270 363 0 10 23
a 270 574 0 9 39
a 270 2694 0 3 36
a 270 34 0 7 32
a 298 2877 0 1438 42
a 298 2042 0 10 11
a 298 1441 0 8 17
a 298 2072 0 9 3
a 298 1769 0 4 20
a 298 566 0 9 34
a 298 121 0 1 13
a 308 1548 0 1438 31
a 308 2660 0 8 31
a 308 2733 0 2 43
a 308 1962 0 5 23
a 308 410 0 7 33
a 308 1050 0 9 39
a 308 1696 0 10 41
a 308 2823 0 6 30
a 355 225 0 1438 50
a 355 2141 0 9 17
a 355 405 0 6 15
a 355 2124 0 5 3
a 355 2936 0 9 11
a 355 1270 0 4 33
a 355 368 0 7 20
a 355 374 0 8 18
a 373 2274 0 1438 50
a 373 1992 0 9 17
a 373 1928 0 6 34
a 373 2880 0 9 41
a 373 1409 0 4 21
a 415 135 0 1438 1
a 415 2940 0 8 41
a 415 2403 0 9 26
a 415 1027 0 4 3
a 415 2510 0 6 16
a 415 543 0 9 9
a 415 1905 0 3 43
a 432 1411 0 1438 50
a 432 1106 0 1 48
a 432 2656 0 2 31
a 432 17 0 5 41
a 432 727 0 10 35
a 432 1794 0 4 40
a 432 1064 0 8 39
a 432 1514 0 2 3
a 432 2729 0 1 14
a 456 995 0 1438 38
a 456 2929 0 3 48
a 460 1841 0 1438 14
a 460 2450 0 6 27
a 460 1833 0 2 10
a 460 2049 0 2 13
a 460 2878 0 7 28
a 482 1848 0 1438 6
a 482 622 0 7 12
a 482 2779 0 7 45
a 482 1719 0 6 23
a 482 1014 0 9 50
a 482 1489 0 8 13
a 495 703 0 1438 3
a 495 2349 0 9 30
a 495 35 0 4 35
a 506 113 0 1438 50
a 506 2419 0 6 13
a 506 1366 0 6 44
a 506 2964 0 9 22
a 506 2605 0 7 46
a 506 2217 0 2 39
a 506 271 0 8 12
a 506 876 0 7 30
a 506 1100 0 3 21
a 506 1054 0 9 22
a 506 941 0 3 16
a 506 591 0 6 49
a 506 643 0 5 19
a 512 892 0 1438 12
a 512 1162 0 4 21
a 512 123 0 3 46
a 521 838 0 1438 50
a 521 2716 0 5 46
a 521 2413 0 2 10
a 521 2438 0 3 43
a 521 2556 0 1 36
a 521 960 0 2 30
a 521 2976 0 9 7
a 521 769 0 4 28
a 521 1815 0 7 30
a 521 850 0 6 6
a 521 266 0 6 36
a 521 2959 0 7 7
a 521 2862 0 4 17
a 541 1505 0 1438 50
a 541 1453 0 9 30
a 541 1224 0 9 7
a 541 2586 0 10 31
a 541 2830 0 6 25
a 541 1939 0 7 45
a 541 1954 0 8 22
a 541 2198 0 9 50
a 541 2965 0 8 38
a 541 2105 0 5 2
a 541 1624 0 10 27
a 541 21 0 7 13
a 541 1669 0 1 9
a 541 1145 0 7 24
a 541 2270 0 8 43
a 541 2574 0 8 46
a 546 1464 0 1438 50
a 546 1321 0 4 22
a 546 850 0 7 28
a 546 1788 0 5 44
a 546 1629 0 7 34
a 546 2328 0 3 38
a 546 2384 0 2 21
a 546 1353 0 6 42
a 546 411 0 7 10
a 546 233 0 6 7
a 546 738 0 9 25
a 546 412 0 6 46
a 546 2005 0 10 43
a 546 1370 0 10 36
a 546 1897 0 5 3
a 547 157 0 1438 50
a 547 433 0 1 31
a 547 1449 0 5 39
a 547 116 0 9 30
a 547 2757 0 6 4
a 547 1954 0 9 25
a 547 807 0 5 9
a 547 1394 0 3 5
a 547 2909 0 10 41
a 547 1641 0 2 9
a 547 1522 0 8 27
a 547 2631 0 8 30
a 547 2280 0 10 29
a 547 2139 0 4 32
a 547 1483 0 2 16
a 547 456 0 6 26
a 547 2129 0 3 21
a 547 1688 0 10 10
a 558 2580 0 1438 50
a 558 638 0 2 27
a 558 1565 0 6 20
a 558 2596 0 7 10
a 558 299 0 10 42
a 558 866 0 3 41
a 558 1486 0 2 14
a 558 2233 0 5 47
a 558 346 0 9 44
a 558 1788 0 1 21
a 558 2812 0 2 23
a 558 2538 0 3 41
a 558 544 0 9 10
a 558 1865 0 5 39
a 558 537 0 4 44
a 558 838 0 5 40
a 579 482 0 1438 50
a 579 2290 0 1 16
a 579 1322 0 8 50
a 599 754 0 1438 50
a 599 2945 0 10 20
a 599 732 0 6 26
a 599 1086 0 7 42
a 599 2853 0 10 33
a 599 1313 0 2 42
a 599 1584 0 3 31
a 599 1915 0 5 47
a 599 1730 0 4 40
a 599 2949 0 1 28
a 599 1983 0 10 21
a 599 930 0 1 28
a 599 2930 0 4 43
a 599 2139 0 9 24
a 603 2363 0 1438 50
a 603 736 0 2 36
a 603 2736 0 6 9
a 603 2063 0 6 49
a 603 209 0 2 6
a 603 1076 0 2 39
a 603 1462 0 6 47
a 603 103 0 5 31
a 603 1995 0 1 19
a 603 2241 0 2 16
a 603 2008 0 4 26
a 603 1127 0 2 42
a 603 467 0 7 45
a 603 1100 0 6 40
a 603 1691 0 4 6
a 610 512 0 1438 45
a 610 2328 0 8 11
a 610 1532 0 1 15
a 610 1163 0 1 17
a 610 322 0 10 10
a 610 2008 0 10 25
a 610 2895 0 10 11
a 610 988 0 5 48
a 610 2424 0 3 41
a 610 1067 0 8 34
a 610 2594 0 2 27
a 610 948 0 4 45
a 610 2653 0 8 18
a 610 1549 0 1 15
a 610 937 0 9 44
a 610 467 0 7 47
a 612 1818 0 1438 50
a 612 900 0 2 43
a 612 267 0 1 38
a 612 646 0 6 39
a 612 2806 0 2 22
a 669 1726 0 1438 12
a 669 2949 0 10 31
a 669 192 0 7 44
a 669 934 0 3 15
a 669 85 0 6 40
a 669 925 0 4 35
a 669 1501 0 4 15
a 669 2364 0 2 42
a 669 2303 0 3 12
a 679 1825 0 1438 15
a 679 1623 0 4 26
a 679 1290 0 4 36
a 679 2936 0 6 44
a 679 1951 0 6 47
a 679 2718 0 5 39
a 679 2917 0 3 5
a 679 1181 0 2 46
a 679 2668 0 9 21
a 679 1660 0 4 10
a 679 2063 0 2 10
a 679 107 0 4 48
a 679 1373 0 2 5
a 679 2795 0 9 25
a 679 2382 0 7 45
a 679 2280 0 8 26
a 679 1819 0 2 12
a 679 2804 0 3 44
a 698 2642 0 1438 50
a 698 2159 0 1 23
a 698 948 0 9 1
a 698 146 0 10 15
a 698 1060 0 9 1
a 698 601 0 6 7
a 698 451 0 8 6
a 698 2444 0 7 40
a 698 1026 0 7 43
a 698 2838 0 9 44
a 698 1777 0 7 2
a 698 1364 0 6 31
a 698 1154 0 3 7
a 698 459 0 8 19
a 698 1286 0 2 33
a 703 1127 0 1438 50
a 703 723 0 6 19
a 703 2439 0 2 29
a 703 192 0 10 11
a 703 1739 0 9 39
a 703 2464 0 7 42
a 703 1908 0 4 31
a 703 2353 0 4 10
a 703 1540 0 7 40
a 703 699 0 1 13
a 703 2901 0 3 15
a 703 1411 0 5 10
a 703 2466 0 5 31
a 703 2607 0 6 39
a 703 1405 0 1 35
a 708 270 0 1438 45
a 708 2397 0 7 3
a 708 212 0 6 35
a 708 1906 0 4 26
a 708 2422 0 3 25
a 708 1656 0 3 15
a 708 2177 0 5 25
a 708 1112 0 9 8
a 708 885 0 1 6
a 708 2498 0 6 20
a 708 2311 0 5 22
a 708 1306 0 4 15
a 708 2567 0 5 6
a 708 2622 0 8 29
a 708 2928 0 8 28
a 708 2159 0 9 16
a 708 994 0 9 2
a 708 1282 0 6 19
a 717 148 0 1438 50
a 717 1007 0 6 10
a 717 1085 0 7 24
a 717 403 0 7 23
a 717 1289 0 8 47
a 717 329 0 4 31
a 717 980 0 1 49
a 717 1711 0 9 45
a 717 395 0 9 39
a 717 2481 0 3 2
a 717 2369 0 8 34
a 726 1897 0 1438 32
a 726 2819 0 9 2
a 726 2516 0 10 6
a 726 1454 0 9 20
a 726 2687 0 8 29
a 726 2605 0 2 15
a 726 2851 0 4 2
a 726 2700 0 10 9
a 726 1821 0 1 22
a 726 1005 0 9 44
a 726 2747 0 4 3
a 726 2295 0 4 28
a 726 2911 0 8 19
a 726 508 0 4 25
a 754 1599 0 1438 22
a 754 2332 0 8 10
a 754 1643 0 10 39
a 754 145 0 5 39
a 754 2096 0 1 37
a 754 575 0 8 50
a 754 1743 0 7 34
a 754 2917 0 9 37
a 754 1803 0 2 23
a 754 462 0 8 17
a 754 1826 0 2 43
a 754 552 0 7 29
a 754 514 0 1 8
a 754 1052 0 7 16
a 815 2845 0 1438 21
a 815 2220 0 9 5
a 815 1890 0 3 14
a 815 2617 0 10 19
a 815 1230 0 4 31
a 817 2478 0 1438 50
a 817 1250 0 3 40
a 817 997 0 2 4
a 817 2206 0 8 22
a 817 1617 0 10 44
a 817 1003 0 10 48
a 817 1520 0 2 42
a 817 1556 0 9 17
a 817 2228 0 5 30
a 817 2800 0 4 18
a 817 1207 0 1 10
a 817 1068 0 1 46
a 817 309 0 7 40
a 817 1405 0 5 29
a 817 1898 0 1 36
a 817 1983 0 5 26
a 817 1922 0 9 45
a 817 1313 0 10 44
a 838 698 0 1438 50
a 838 282 0 6 26
a 866 2992 0 1438 50
a 866 599 0 1438 50
a 866 2735 0 1 23
a 866 1572 0 3 25
a 866 2319 0 4 16
a 866 1149 0 10 33
a 866 1238 0 7 13
a 866 261 0 8 35
a 866 1733 0 6 39
a 866 2124 0 2 34
a 866 850 0 8 23
a 866 2555 0 3 27
a 866 2346 0 8 34
a 866 759 0 1 5
a 866 1757 0 1 32
a 892 2878 0 1438 50
a 892 2015 0 1 46
a 892 1565 0 9 10
a 892 688 0 2 45
a 892 1617 0 1 21
a 892 1546 0 1 19
a 892 1128 0 6 3
a 892 2567 0 8 23
a 892 848 0 4 27
a 892 2063 0 6 41
a 892 1586 0 4 37
a 892 1069 0 1 13
a 892 1513 0 3 37
a 892 564 0 9 49
a 897 2211 0 1438 50
a 897 1483 0 2 45
a 897 1824 0 9 10
a 897 555 0 9 20
a 897 1303 0 2 47
a 897 660 0 3 32
a 897 1006 0 6 5
a 897 2045 0 8 4
a 897 2834 0 9 10
a 897 2230 0 1 36
a 897 334 0 6 47
a 897 2501 0 6 7
a 897 2927 0 6 46
a 897 932 0 2 23
a 897 2699 0 1 17
a 897 1423 0 4 36
a 897 2904 0 2 38
a 897 2120 0 2 6
a 898 1563 0 1438 50
a 898 2193 0 1 33
a 898 2035 0 10 5
a 898 2214 0 6 23
a 898 2428 0 5 42
a 898 73 0 4 40
a 898 1357 0 10 49
a 898 471 0 2 41
a 898 2198 0 10 27
a 898 2866 0 8 26
a 898 2699 0 10 37
a 898 158 0 6 6
a 898 321 0 3 43
a 908 969 0 1438 50
a 908 1621 0 6 28
a 908 1616 0 1 46
a 908 2964 0 8 32
a 908 1828 0 10 6
a 908 1374 0 8 12
a 908 968 0 6 34
a 908 934 0 8 30
a 921 2343 0 1438 50
a 921 423 0 6 4
a 921 82 0 8 40
a 921 2419 0 3 22
a 921 1323 0 2 17
a 921 1245 0 4 39
a 921 193 0 2 28
a 921 1018 0 8 1
a 921 1089 0 2 2
a 921 148 0 5 17
a 921 1315 0 9 33
a 921 205 0 1 39
a 921 121 0 10 30
a 921 1077 0 1 18
a 921 2812 0 2 27
a 921 2024 0 2 33
a 924 1695 0 1438 50
a 924 2050 0 9 21
a 924 1206 0 6 32
a 924 2689 0 2 27
a 924 2229 0 3 38
a 924 1122 0 5 46
a 928 2640 0 1438 18
a 928 1019 0 6 16
a 928 1049 0 9 4
a 928 2295 0 3 34
a 928 126 0 5 44
a 928 514 0 7 40
a 928 378 0 5 47
a 928 2791 0 2 44
a 928 2681 0 8 24
a 928 2685 0 2 16
a 928 1485 0 5 1
a 928 1257 0 6 11
a 928 1202 0 1 1
a 945 1187 0 1438 50
a 945 1427 0 5 50
a 945 747 0 5 10
a 945 734 0 5 1
a 945 759 0 3 48
a 945 1261 0 4 19
a 945 2707 0 1 47
a 945 1214 0 2 6
a 969 1649 0 1438 50
a 969 2267 0 7 32
a 969 1522 0 3 12
a 969 1663 0 4 49
a 969 2929 0 10 6
a 969 2373 0 6 44
a 969 1571 0 2 18
a 969 1436 0 10 47
a 969 2736 0 4 5
a 969 2328 0 10 48
a 969 2094 0 6 31
a 969 1431 0 7 14
a 969 1383 0 6 1
a 969 1784 0 7 10
a 969 2731 0 6 49
a 988 2754 0 1438 50
a 988 2696 0 9 1
a 988 1493 0 3 8
a 988 2612 0 9 43
a 995 506 0 1438 50
a 995 2790 0 7 23
a 995 513 0 8 20
a 995 430 0 3 18
a 995 1690 0 3 40
a 995 2759 0 5 28
a 995 1606 0 5 29
a 995 2137 0 5 1
a 995 779 0 4 21
a 995 2279 0 2 40
a 1056 298 0 1438 50
a 1056 1333 0 5 50
a 1056 2249 0 4 3
a 1056 2564 0 1 8
a 1077 521 0 1438 50
a 1077 866 0 4 49
a 1077 2016 0 1 37
a 1077 2572 0 8 24
a 1077 2887 0 5 22
a 1077 1664 0 2 29
a 1077 1231 0 2 48
a 1077 909 0 8 15
a 1077 2966 0 7 44
a 1077 219 0 4 10
a 1114 2044 0 1438 33
a 1114 1803 0 5 32
a 1114 638 0 8 8
a 1114 2917 0 1 30
a 1114 934 0 6 48
a 1114 314 0 5 30
a 1114 2727 0 2 47
a 1114 2533 0 8 22
a 1114 2859 0 10 9
a 1114 90 0 3 28
a 1127 1976 0 1438 40
a 1127 798 0 3 50
a 1127 1678 0 9 8
a 1127 194 0 6 28
a 1131 898 0 1438 34
a 1131 2095 0 1 36
a 1131 2391 0 7 23
a 1131 1745 0 9 1
a 1131 2084 0 2 31
a 1142 2201 0 1438 50
a 1142 1744 0 8 10
a 1142 236 0 8 16
a 1142 1928 0 7 44
a 1158 924 0 1438 50
a 1158 1692 0 7 25
a 1158 563 0 5 24
a 1158 720 0 5 40
a 1158 313 0 3 45
a 1158 1603 0 6 45
a 1158 1361 0 1 33
a 1158 1627 0 2 42
a 1158 611 0 5 10
a 1158 1149 0 6 5
a 1158 1774 0 4 27
a 1158 598 0 6 15
a 1158 1567 0 5 4
a 1158 1496 0 9 21
a 1158 1035 0 7 13
a 1158 18 0 1 45
a 1158 72 0 8 11
a 1164 726 0 1438 50
a 1164 2228 0 6 13
a 1164 1437 0 4 35
a 1164 507 0 2 19
a 1164 2677 0 10 46
a 1164 127 0 10 38
a 1164 2550 0 3 8
a 1164 749 0 9 35
a 1164 2340 0 8 14
a 1164 1511 0 4 38
a 1164 2880 0 4 11
a 1164 679 0 1 48
a 1164 2368 0 7 26
a 1164 1051 0 3 20
a 1164 44 0 10 23
a 1164 759 0 10 19
a 1169 1568 0 1438 34
a 1169 345 0 10 29
a 1169 915 0 2 9
a 1169 1685 0 5 7
a 1169 1161 0 5 20
a 1169 1309 0 10 27
a 1169 1089 0 9 43
a 1169 1710 0 8 50
a 1169 480 0 3 50
a 1169 1636 0 9 8
a 1169 2930 0 2 45
a 1169 1093 0 9 5
a 1169 2014 0 6 24
a 1171 1393 0 1438 50
a 1171 446 0 10 45
a 1171 2121 0 6 5
a 1171 992 0 9 3
a 1171 2291 0 2 38
a 1171 598 0 1 34
a 1171 134 0 10 13
a 1187 1652 0 1438 24
a 1187 2261 0 6 28
a 1187 2097 0 10 44
a 1187 2310 0 9 26
a 1187 223 0 3 20
a 1187 1805 0 5 47
a 1187 1363 0 5 12
a 1187 2370 0 5 41
a 1187 1821 0 8 26
a 1187 2422 0 4 25
a 1187 2290 0 6 38
a 1187 2249 0 7 33
a 1187 1953 0 2 26
a 1187 2157 0 7 42
a 1187 1048 0 7 47
a 1187 2206 0 6 3
a 1187 2221 0 3 6
a 1187 1138 0 1 25
a 1192 206 0 1438 50
a 1192 1946 0 9 36
a 1192 949 0 3 12
a 1192 1851 0 2 28
a 1192 2298 0 7 25
a 1192 1591 0 8 6
a 1192 2763 0 5 17
a 1192 368 0 1 11
a 1192 1662 0 1 41
a 1192 1771 0 9 29
a 1192 2151 0 1 16
a 1227 80 0 1438 13
a 1227 2309 0 2 5
a 1227 823 0 5 36
a 1227 31 0 2 23
a 1227 2950 0 5 12
a 1268 1805 0 1438 27
a 1268 1208 0 3 29
a 1268 206 0 8 14
a 1268 952 0 2 29
a 1268 2450 0 6 39
a 1268 1192 0 9 30
a 1268 1160 0 3 3
a 1268 2773 0 6 46
a 1268 1091 0 1 9
a 1268 710 0 6 45
a 1268 27 0 2 36
a 1268 832 0 1 11
a 1273 2302 0 1438 41
a 1273 1179 0 4 33
a 1276 2031 0 1438 29
a 1276 2463 0 10 41
a 1276 228 0 6 31
a 1276 1754 0 1 35
a 1276 1350 0 8 22
a 1310 2332 0 1438 23
a 1310 410 0 6 44
a 1310 2191 0 2 42
a 1310 1764 0 2 39
a 1311 817 0 1438 50
a 1311 2513 0 5 2
a 1311 2396 0 10 46
a 1311 383 0 9 9
a 1311 2308 0 8 36
a 1311 1421 0 2 9
a 1311 1621 0 1 4
a 1318 2060 0 1438 37
a 1318 793 0 5 45
a 1318 2358 0 6 26
a 1318 688 0 6 16
a 1318 2988 0 4 18
a 1318 1408 0 5 36
a 1318 2906 0 5 35
a 1318 1566 0 10 19
a 1318 1320 0 7 16
a 1318 2045 0 1 15
a 1318 938 0 8 30
a 1318 323 0 9 8
a 1318 1220 0 7 46
a 1318 2569 0 6 26
a 1321 679 0 1438 50
a 1321 804 0 6 50
a 1321 2799 0 8 27
a 1321 1010 0 6 41
a 1321 476 0 2 48
a 1321 1591 0 10 10
a 1321 2844 0 1 37
a 1321 1548 0 7 42
a 1321 2983 0 4 16
a 1329 2508 0 1438 50
a 1329 1646 0 8 15
a 1329 676 0 1 13
a 1329 2813 0 8 44
a 1329 1833 0 7 40
a 1329 123 0 3 15
a 1329 775 0 2 7
a 1329 1280 0 2 1
a 1329 2269 0 1 20
a 1329 100 0 9 48
a 1329 2464 0 8 48
a 1329 1556 0 7 39
a 1329 2011 0 9 12
a 1329 2178 0 7 3
a 1329 1346 0 4 42
a 1329 2302 0 4 29
a 1372 1513 0 1438 15
a 1372 2840 0 7 37
a 1372 892 0 3 29
a 1372 1651 0 5 25
a 1372 852 0 9 7
a 1372 1446 0 6 12
a 1372 1640 0 7 14
a 1372 2067 0 8 48
a 1393 2579 0 1438 41
a 1393 1364 0 4 46
a 1393 2566 0 2 28
a 1408 1164 0 1438 50
a 1408 645 0 5 32
a 1408 1003 0 5 7
a 1408 1319 0 8 23
a 1408 1537 0 1 25
a 1408 707 0 3 21
a 1408 755 0 2 36
a 1408 2514 0 5 26
a 1408 796 0 8 44
a 1408 2484 0 7 6
a 1408 42 0 8 47
a 1408 894 0 2 42
a 1408 380 0 2 35
a 1408 2893 0 3 14
a 1408 2764 0 4 25
a 1411 603 0 1438 41
a 1411 2316 0 9 16
a 1411 2338 0 4 33
a 1411 2201 0 9 25
a 1411 2631 0 10 15
a 1411 1716 0 2 8
a 1411 2565 0 2 6
a 1411 1540 0 2 6
a 1411 1177 0 5 15
a 1411 1905 0 4 7
a 1411 939 0 8 47
a 1411 1535 0 8 16
a 1411 2002 0 7 9
a 1411 2409 0 2 24
a 1411 2765 0 3 48
a 1411 2823 0 3 20
a 1411 2139 0 5 4
a 1416 1491 0 1438 33
a 1416 193 0 10 41
a 1416 819 0 4 25
a 1416 187 0 2 31
a 1416 423 0 4 7
a 1416 292 0 6 25
a 1454 101 0 1438 11
a 1454 1959 0 4 35
a 1454 622 0 2 50
a 1454 2366 0 2 27
a 1454 828 0 10 10
a 1454 492 0 2 15
a 1464 2308 0 1438 50
a 1464 2974 0 6 17
a 1464 864 0 5 9
a 1464 1601 0 4 10
a 1464 981 0 8 18
a 1464 2980 0 4 36
a 1464 483 0 10 25
a 1464 2772 0 7 1
a 1464 2866 0 4 46
a 1464 467 0 6 14
a 1464 2420 0 3 26
a 1464 894 0 10 38
a 1464 2600 0 2 25
a 1464 1130 0 6 31
a 1477 23 0 1438 5
a 1477 2142 0 8 45
a 1477 2190 0 6 40
a 1477 2690 0 10 30
a 1477 513 0 7 4
a 1477 1003 0 4 36
a 1477 2081 0 5 20
a 1477 1214 0 8 8
a 1477 1880 0 2 2
a 1477 1378 0 8 4
a 1491 897 0 1438 33
a 1491 549 0 3 45
a 1491 1889 0 1 32
a 1491 2594 0 3 24
a 1491 954 0 4 19
a 1491 2312 0 10 8
a 1491 844 0 5 39
a 1491 2604 0 4 6
a 1491 2181 0 10 34
a 1491 2346 0 5 49
a 1491 1636 0 9 9
a 1491 1574 0 6 46
a 1505 415 0 1438 50
a 1505 938 0 7 11
a 1513 2863 0 1438 50
a 1513 71 0 7 28
a 1513 2056 0 5 31
a 1513 1147 0 9 23
a 1513 231 0 4 49
a 1513 2261 0 9 34
a 1513 1735 0 1 47
a 1513 1423 0 10 38
a 1513 167 0 10 9
a 1513 2618 0 4 47
a 1513 1526 0 1 46
a 1513 2504 0 8 32
a 1513 1665 0 5 25
a 1529 2462 0 1438 18
a 1529 939 0 4 18
a 1529 570 0 7 18
a 1529 88 0 7 35
a 1548 456 0 1438 6
a 1548 1313 0 4 6
a 1548 939 0 10 8
a 1548 1918 0 2 36
a 1548 1442 0 3 50
a 1550 2008 0 1438 3
a 1550 2196 0 5 34
a 1550 2702 0 3 16
a 1550 1393 0 3 49
a 1550 2443 0 4 35
a 1550 2656 0 4 30
a 1550 2301 0 1 43
a 1563 1329 0 1438 50
a 1563 1493 0 6 47
a 1563 1152 0 9 7
a 1563 863 0 8 2
a 1563 600 0 4 26
a 1563 1508 0 3 38
a 1563 2336 0 7 34
a 1563 2906 0 2 44
a 1563 2667 0 3 28
a 1563 1768 0 2 22
a 1563 1381 0 2 5
a 1568 1276 0 1438 50
a 1568 740 0 5 49
a 1593 2064 0 1438 22
a 1593 488 0 10 12
a 1593 2119 0 9 31
a 1599 2383 0 1438 25
a 1599 2586 0 6 46
a 1599 2608 0 7 42
a 1599 2496 0 5 4
a 1599 913 0 3 8
a 1599 1333 0 4 31
a 1599 955 0 6 46
a 1599 1336 0 3 31
a 1599 1667 0 4 40
a 1599 852 0 10 45
a 1599 2244 0 6 37
a 1599 92 0 1 38
a 1599 388 0 6 38
a 1599 869 0 4 42
a 1614 1142 0 1438 50
a 1614 1203 0 5 29
a 1614 544 0 3 6
a 1614 345 0 5 40
a 1614 1852 0 4 9
a 1624 546 0 1438 25
a 1624 341 0 8 40
a 1624 479 0 6 43
a 1624 1709 0 7 2
a 1624 2745 0 1 48
a 1629 2262 0 1438 50
a 1629 720 0 5 50
a 1629 1943 0 8 26
a 1629 986 0 2 38
a 1629 93 0 1 5
a 1629 117 0 10 30
a 1629 2778 0 10 27
a 1629 994 0 5 1
a 1649 1861 0 1438 50
a 1649 574 0 9 50
a 1649 919 0 10 9
a 1649 2948 0 4 15
a 1652 1227 0 1438 10
a 1652 840 0 7 19
a 1652 2564 0 10 6
a 1652 1157 0 1 41
a 1652 2389 0 1 41
a 1652 2011 0 7 47
a 1652 2254 0 8 21
a 1652 454 0 5 36
a 1652 997 0 1 43
a 1652 1854 0 3 26
a 1652 430 0 5 48
a 1652 1835 0 7 18
a 1652 1491 0 5 40
a 1652 628 0 9 32
a 1652 2961 0 10 15
a 1695 2744 0 1438 50
a 1695 561 0 1 41
a 1695 50 0 5 10
a 1696 2278 0 1438 50
a 1696 2969 0 10 48
a 1696 1177 0 4 27
a 1696 838 0 5 41
a 1696 2991 0 7 45
a 1696 2444 0 8 13
a 1696 1858 0 3 24
a 1696 445 0 6 40
a 1696 1506 0 1 43
a 1696 1685 0 4 3
a 1696 2469 0 4 43
a 1696 1473 0 4 29
a 1705 2470 0 1438 8
a 1705 2993 0 5 27
a 1705 868 0 10 22
a 1705 438 0 10 48
a 1705 332 0 3 45
a 1705 1162 0 10 49
a 1705 1638 0 2 10
a 1705 2237 0 5 11
a 1705 1298 0 1 31
a 1705 1717 0 8 13
a 1705 1103 0 1 11
a 1705 359 0 1 27
a 1705 415 0 6 4
a 1705 676 0 8 48
a 1705 2135 0 8 12
a 1705 441 0 9 35
a 1712 2430 0 1438 42
a 1712 776 0 5 5
a 1714 355 0 1438 41
a 1714 2283 0 9 48
a 1714 317 0 7 48
a 1714 2732 0 10 18
a 1714 2821 0 5 34
a 1714 518 0 10 4
a 1714 664 0 2 12
a 1714 2047 0 6 48
a 1714 1738 0 3 4
a 1714 692 0 2 35
a 1714 1273 0 6 42
a 1714 2861 0 8 30
a 1714 2769 0 3 33
a 1714 719 0 1 45
a 1726 2805 0 1438 19
a 1726 1158 0 4 27
a 1726 1200 0 3 39
a 1726 460 0 4 6
a 1726 1805 0 4 42
a 1726 1823 0 6 5
a 1726 1656 0 6 26
a 1726 2356 0 2 20
a 1726 1875 0 3 45
a 1726 2729 0 8 23
a 1726 1087 0 9 7
a 1726 2025 0 9 15
a 1726 2697 0 1 9
a 1726 806 0 3 1
a 1726 1117 0 9 46
a 1726 408 0 5 44
a 1726 985 0 6 6
a 1726 1688 0 7 3
a 1805 1416 0 1438 50
a 1805 2889 0 6 44
a 1805 216 0 5 48
a 1805 880 0 5 34
a 1805 2864 0 5 2
a 1805 2555 0 6 30
a 1805 1424 0 2 4
a 1805 1759 0 10 7
a 1805 500 0 4 5
a 1805 1250 0 5 36
a 1805 2705 0 10 28
a 1805 1349 0 3 6
a 1805 839 0 9 26
a 1805 1715 0 10 38
a 1805 584 0 6 22
a 1805 146 0 8 41
a 1805 278 0 2 24
a 1818 1372 0 1438 50
a 1818 2225 0 2 5
a 1818 2812 0 8 25
a 1818 2523 0 8 26
a 1818 690 0 3 3
a 1818 1741 0 6 37
a 1818 1094 0 4 20
a 1825 2532 0 1438 50
a 1825 408 0 1 40
a 1825 1930 0 2 6
a 1825 2780 0 8 32
a 1825 104 0 9 38
a 1841 1192 0 1438 10
a 1841 2370 0 1 23
a 1848 708 0 1438 50
a 1848 1437 0 2 9
a 1848 1722 0 8 2
a 1848 1524 0 5 49
a 1848 2209 0 6 19
a 1848 341 0 1 38
a 1848 2241 0 8 25
a 1848 2221 0 1 2
a 1848 238 0 9 28
a 1848 2775 0 1 17
a 1861 2266 0 1438 13
a 1861 344 0 2 36
a 1861 2488 0 3 39
a 1861 987 0 7 50
a 1861 1024 0 10 50
a 1861 86 0 8 42
a 1861 2930 0 10 24
a 1861 309 0 2 36
a 1861 2439 0 7 9
a 1861 110 0 8 31
a 1861 1369 0 8 23
a 1861 2699 0 6 35
a 1861 1645 0 10 28
a 1883 2778 0 1438 50
a 1883 2679 0 4 36
a 1897 152 0 1438 44
a 1897 345 0 9 43
a 1897 2098 0 2 15
a 1897 951 0 4 10
a 1897 1900 0 6 5
a 1897 1531 0 3 27
a 1897 463 0 2 35
a 1897 2877 0 1 43
a 1897 1099 0 6 2
a 1897 2641 0 9 49
a 1897 1567 0 2 1
a 1897 2397 0 9 38
a 1897 2373 0 5 8
a 1897 530 0 4 35
a 1900 138 0 1438 50
a 1900 806 0 1 13
a 1900 2007 0 9 14
a 1900 827 0 10 11
a 1900 167 0 5 36
a 1900 1432 0 2 42
a 1900 2267 0 1 37
a 1900 1778 0 10 24
a 1900 957 0 5 17
a 1900 383 0 8 18
a 1900 399 0 9 21
a 1900 1802 0 8 31
a 1900 2382 0 9 26
a 1900 2239 0 6 34
a 1900 2539 0 2 1
a 1900 2414 0 2 40
a 1900 2727 0 1 27
a 1900 1300 0 9 5
a 1929 1268 0 1438 50
a 1929 2507 0 9 4
a 1929 1914 0 6 10
a 1929 997 0 5 39
a 1929 790 0 2 28
a 1929 839 0 5 6
a 1929 1876 0 3 45
a 1929 2713 0 2 2
a 1929 289 0 1 16
a 1929 1234 0 3 23
a 1965 495 0 1438 1
a 1965 1726 0 2 2
a 1965 2361 0 1 31
a 1965 2921 0 8 21
a 1965 2092 0 9 16
a 1965 2753 0 7 5
a 1965 1791 0 1 23
a 1965 1172 0 9 25
a 1965 1831 0 3 47
a 1965 2986 0 9 41
a 1976 612 0 1438 50
a 1976 1643 0 10 10
a 1976 78 0 10 13
a 2008 547 0 1438 32
a 2008 692 0 5 17
a 2008 2146 0 5 7
a 2008 1658 0 5 14
a 2008 1336 0 5 33
a 2008 2671 0 9 20
a 2008 1861 0 2 8
a 2008 2893 0 4 6
a 2008 1617 0 9 30
a 2031 136 0 1438 46
a 2031 1039 0 8 47
a 2031 1462 0 5 28
a 2031 2288 0 2 24
a 2031 1125 0 2 41
a 2031 2640 0 2 21
a 2031 1581 0 5 27
a 2031 477 0 10 29
a 2031 2015 0 9 28
a 2031 1770 0 8 36
a 2031 1990 0 6 50
a 2031 1830 0 10 12
a 2044 988 0 1438 50
a 2044 2159 0 1 7
a 2044 2552 0 3 5
a 2044 1955 0 1 29
a 2044 617 0 7 39
a 2044 2770 0 3 16
a 2047 1131 0 1438 39
a 2047 1385 0 8 18
a 2047 1227 0 5 30
a 2047 2313 0 3 39
a 2047 1784 0 3 11
a 2047 2614 0 10 3
a 2047 1901 0 1 26
a 2047 644 0 2 11
a 2047 600 0 4 7
a 2060 921 0 1438 50
a 2060 850 0 6 40
a 2060 883 0 1 40
a 2060 2158 0 6 17
a 2060 1011 0 10 25
a 2060 1117 0 6 5
a 2060 167 0 3 35
a 2060 177 0 8 24
a 2060 23 0 3 24
a 2060 2946 0 2 10
a 2060 1795 0 8 14
a 2060 2820 0 8 13
a 2060 1321 0 3 19
a 2060 553 0 3 29
a 2060 976 0 1 21
a 2060 2315 0 6 40
a 2060 652 0 3 44
a 2060 1837 0 6 21
a 2061 1310 0 1438 11
a 2061 377 0 7 20
a 2061 2248 0 2 46
a 2061 832 0 5 44
a 2061 2261 0 5 36
a 2061 791 0 2 26
a 2061 1531 0 6 37
a 2061 2215 0 5 19
a 2061 1858 0 2 35
a 2061 1206 0 8 42
a 2061 961 0 8 1
a 2061 515 0 9 37
a 2061 332 0 7 3
a 2064 125 0 1438 50
a 2064 1362 0 3 9
a 2064 2676 0 3 14
a 2064 238 0 9 20
a 2064 329 0 4 42
a 2064 2236 0 8 26
a 2064 486 0 2 32
a 2064 647 0 7 32
a 2064 1318 0 7 19
a 2064 2575 0 4 30
a 2064 2712 0 5 1
a 2064 2582 0 3 19
a 2064 2934 0 7 45
a 2064 336 0 4 9
a 2064 1379 0 1 32
a 2064 1521 0 2 12
a 2064 1752 0 4 3
a 2064 335 0 10 49
a 2121 1169 0 1438 11
a 2121 2526 0 7 44
a 2121 1442 0 4 40
a 2121 2579 0 5 18
a 2121 2419 0 1 19
a 2121 894 0 9 5
a 2121 209 0 7 1
a 2121 2090 0 4 49
a 2121 599 0 5 26
a 2121 2302 0 3 21
a 2121 2241 0 2 45
a 2121 1152 0 9 45
a 2121 503 0 4 35
a 2121 103 0 10 30
a 2121 2863 0 5 47
a 2121 1017 0 6 33
a 2121 2008 0 9 35
a 2121 2128 0 5 49
a 2201 669 0 1438 50
a 2201 2079 0 7 14
a 2201 1019 0 8 31
a 2201 2713 0 10 34
a 2211 2784 0 1438 21
a 2211 1534 0 1 29
a 2211 1583 0 3 48
a 2211 98 0 6 1
a 2211 2377 0 4 27
a 2211 115 0 2 47
a 2211 295 0 10 9
a 2211 1056 0 2 46
a 2211 1063 0 2 28
a 2211 192 0 4 33
a 2235 2370 0 1438 50
a 2235 2909 0 2 39
a 2235 294 0 1 43
a 2243 1158 0 1438 50
a 2243 1850 0 5 20
a 2243 1055 0 4 26
a 2243 797 0 10 11
a 2243 680 0 9 32
a 2243 2122 0 7 41
a 2243 1345 0 3 19
a 2243 2010 0 9 5
a 2243 885 0 7 25
a 2243 1738 0 8 29
a 2243 560 0 4 13
a 2247 2047 0 1438 50
a 2247 312 0 8 40
a 2247 1004 0 6 45
a 2247 2714 0 6 50
a 2247 2784 0 7 43
a 2247 2573 0 8 22
a 2247 1357 0 2 8
a 2247 2896 0 8 24
a 2247 744 0 8 15
a 2247 2664 0 8 16
a 2247 1763 0 2 15
a 2247 2347 0 9 43
a 2247 1781 0 5 20
a 2247 2582 0 8 46
a 2247 330 0 4 31
a 2247 1718 0 5 9
a 2247 692 0 1 26
a 2262 226 0 1438 50
a 2262 2229 0 5 34
a 2262 1109 0 6 48
a 2262 2622 0 7 42
a 2262 1310 0 7 13
a 2262 336 0 4 42
a 2262 523 0 7 19
a 2262 864 0 3 23
a 2262 1835 0 5 29
a 2262 1791 0 10 41
a 2266 169 0 1438 50
a 2266 1078 0 3 3
a 2266 2657 0 5 31
a 2266 1555 0 9 49
a 2266 660 0 9 49
a 2266 2122 0 8 33
a 2266 166 0 8 19
a 2266 2378 0 10 39
a 2266 1662 0 5 21
a 2266 2045 0 9 15
a 2266 123 0 10 48
a 2266 1065 0 3 18
a 2266 2773 0 10 32
a 2266 2934 0 7 24
a 2266 2445 0 7 29
a 2266 609 0 8 10
a 2274 2943 0 1438 50
a 2274 2972 0 8 3
a 2274 1455 0 8 4
a 2274 1683 0 4 24
a 2274 996 0 2 43
a 2274 76 0 3 28
a 2274 324 0 9 33
a 2274 990 0 1 9
a 2274 1197 0 8 9
a 2274 1863 0 2 40
a 2278 2575 0 1438 12
a 2278 1935 0 6 14
a 2278 37 0 3 27
a 2278 106 0 6 50
a 2278 1727 0 2 43
a 2278 1436 0 8 37
a 2278 766 0 6 41
a 2278 1045 0 2 20
a 2302 1529 0 1438 6
a 2302 1332 0 4 10
a 2302 1893 0 9 21
a 2302 2275 0 3 3
a 2302 1673 0 5 6
a 2302 96 0 4 44
a 2302 109 0 5 9
a 2308 558 0 1438 50
a 2308 926 0 6 25
a 2308 2367 0 9 18
a 2308 2910 0 1 35
a 2308 2288 0 1 25
a 2308 2650 0 8 1
a 2308 79 0 1 35
a 2308 300 0 6 7
a 2308 2081 0 5 49
a 2308 715 0 3 24
a 2308 2044 0 1 20
a 2308 1260 0 10 49
a 2308 1150 0 10 42
a 2308 471 0 1 43
a 2331 151 0 1438 50
a 2331 937 0 4 4
a 2331 2292 0 3 46
a 2331 2448 0 5 24
a 2331 911 0 3 15
a 2331 2152 0 4 11
a 2331 2300 0 9 10
a 2331 2983 0 2 48
a 2331 654 0 5 43
a 2332 2331 0 1438 50
a 2332 1892 0 5 38
a 2332 692 0 2 14
a 2332 308 0 6 3
a 2332 438 0 8 1
a 2332 2551 0 6 9
a 2332 1215 0 1 21
a 2343 460 0 1438 6
a 2343 1940 0 7 13
a 2363 815 0 1438 20
a 2363 1951 0 6 31
a 2363 2292 0 1 46
a 2363 393 0 1 1
a 2363 344 0 6 6
a 2370 1624 0 1438 50
a 2370 2049 0 7 31
a 2370 2206 0 2 19
a 2370 1864 0 2 23
a 2370 2698 0 5 46
a 2370 809 0 3 18
a 2370 1934 0 4 21
a 2370 791 0 1 24
a 2370 454 0 1 2
a 2370 2588 0 2 13
a 2370 264 0 10 47
a 2370 1052 0 8 50
a 2370 1929 0 4 47
a 2370 1763 0 3 26
a 2370 2259 0 2 28
a 2370 599 0 8 10
a 2370 56 0 2 28
a 2383 928 0 1438 50
a 2383 2474 0 2 5
a 2383 1920 0 9 2
a 2383 1208 0 9 2
a 2383 1750 0 10 8
a 2383 964 0 9 18
a 2383 815 0 2 41
a 2383 1466 0 1 28
a 2383 872 0 4 29
a 2383 1206 0 5 41
a 2383 1308 0 3 38
a 2383 2865 0 7 10
a 2383 2800 0 6 2
a 2383 1522 0 4 48
a 2383 844 0 1 6
a 2383 2386 0 6 42
a 2405 2542 0 1438 16
a 2405 2641 0 8 46
a 2405 1589 0 3 15
a 2405 738 0 8 33
a 2405 2597 0 2 7
a 2405 754 0 10 2
a 2405 1815 0 3 8
a 2405 712 0 7 6
a 2405 1785 0 2 27
a 2405 1472 0 6 16
a 2405 2672 0 2 17
a 2405 2919 0 8 11
a 2405 400 0 8 32
a 2405 1935 0 3 27
a 2405 2715 0 1 40
a 2405 1675 0 4 21
a 2430 610 0 1438 50
a 2430 906 0 8 35
a 2430 1134 0 1 38
a 2430 579 0 4 45
a 2430 1919 0 10 49
a 2430 1688 0 2 26
a 2430 142 0 2 14
a 2430 1981 0 8 25
a 2430 1313 0 1 50
a 2430 2894 0 8 2
a 2430 1823 0 10 17
a 2430 357 0 10 2
a 2430 1188 0 5 5
a 2430 268 0 9 7
a 2462 2821 0 1438 27
a 2462 103 0 1 13
a 2462 812 0 4 25
a 2462 1202 0 4 41
a 2462 1249 0 7 19
a 2462 1885 0 3 26
a 2462 1679 0 4 7
a 2462 1168 0 10 10
a 2462 1471 0 3 29
a 2462 1655 0 1 12
a 2462 2551 0 6 1
a 2463 1883 0 1438 50
a 2463 1507 0 7 19
a 2463 1805 0 7 38
a 2463 46 0 10 17
a 2470 2707 0 1438 45
a 2470 1794 0 3 4
a 2470 1594 0 5 7
a 2470 639 0 8 50
a 2470 1943 0 5 43
a 2470 2758 0 10 43
a 2470 2865 0 2 35
a 2470 2873 0 8 21
a 2470 2837 0 6 45
a 2470 1453 0 7 14
a 2470 2771 0 5 32
a 2470 198 0 4 2
a 2470 2581 0 7 10
a 2478 181 0 1438 7
a 2478 294 0 7 36
a 2478 1023 0 3 37
a 2478 2967 0 3 39
a 2478 1922 0 2 36
a 2478 2432 0 6 17
a 2478 664 0 1 25
a 2478 86 0 5 4
a 2478 1141 0 6 46
a 2478 1231 0 5 41
a 2506 2405 0 1438 50
a 2506 123 0 1 3
a 2508 182 0 1438 7
a 2508 419 0 1 13
a 2508 2129 0 7 9
a 2508 642 0 6 3
a 2508 428 0 6 19
a 2508 854 0 4 39
a 2508 937 0 8 27
a 2508 850 0 6 50
a 2514 1408 0 1438 50
a 2514 1290 0 7 39
a 2514 289 0 5 42
a 2514 805 0 7 38
a 2514 2217 0 7 35
a 2514 802 0 6 17
a 2514 2404 0 4 44
a 2522 105 0 1438 50
a 2522 1626 0 2 33
a 2532 1056 0 1438 50
a 2532 1351 0 3 14
a 2532 276 0 4 4
a 2532 1509 0 3 1
a 2532 33 0 6 35
a 2532 2068 0 4 35
a 2532 2533 0 8 32
a 2532 1920 0 7 43
a 2532 1946 0 1 23
a 2532 416 0 7 47
a 2532 2332 0 10 12
a 2532 1457 0 2 17
a 2532 2765 0 5 6
a 2542 2522 0 1438 8
a 2542 327 0 5 23
a 2542 994 0 1 25
a 2542 2273 0 2 41
a 2542 107 0 8 42
a 2542 1355 0 9 29
a 2542 984 0 4 30
a 2542 2178 0 7 38
a 2542 1156 0 3 18
a 2542 1942 0 4 11
a 2542 254 0 10 46
a 2575 866 0 1438 48
a 2575 2299 0 3 47
a 2575 2413 0 3 9
a 2575 778 0 10 39
a 2575 925 0 2 38
a 2575 1068 0 4 4
a 2575 1166 0 9 25
a 2575 1666 0 6 14
a 2579 2818 0 1438 50
a 2579 2932 0 7 43
a 2579 2899 0 4 50
a 2579 2750 0 8 5
a 2579 2647 0 6 28
a 2579 1551 0 1 19
a 2580 717 0 1438 26
a 2580 2365 0 1 32
a 2580 305 0 5 39
a 2580 363 0 2 18
a 2580 2940 0 7 45
a 2580 1095 0 2 36
a 2580 58 0 1 48
a 2580 1637 0 8 34
a 2580 806 0 7 23
a 2580 2120 0 5 8
a 2580 2015 0 3 38
a 2580 2086 0 9 24
a 2580 1412 0 5 39
a 2580 1297 0 1 25
a 2580 2844 0 3 39
a 2580 1074 0 3 40
a 2580 64 0 2 16
a 2580 1616 0 3 35
a 2588 1705 0 1438 19
a 2588 2997 0 7 18
a 2588 710 0 1 26
a 2588 2039 0 3 50
a 2588 1346 0 8 32
a 2588 97 0 6 42
a 2588 1880 0 4 10
a 2588 353 0 4 2
a 2588 81 0 4 25
a 2588 471 0 2 1
a 2588 837 0 7 18
a 2588 2981 0 4 23
a 2588 1256 0 10 21
a 2588 1974 0 7 38
a 2588 1361 0 2 12
a 2588 1779 0 6 10
a 2588 2101 0 8 19
a 2640 308 0 1438 50
a 2640 1965 0 5 41
a 2640 2804 0 9 16
a 2640 1665 0 1 31
a 2640 1485 0 9 24
a 2640 1908 0 10 26
a 2642 2588 0 1438 41
a 2642 1280 0 1 16
a 2642 291 0 1 17
a 2642 2915 0 10 48
a 2642 2638 0 1 17
a 2647 1593 0 1438 11
a 2647 1901 0 1 42
a 2647 860 0 8 1
a 2707 373 0 1438 6
a 2707 474 0 9 9
a 2707 1637 0 7 40
a 2707 2236 0 10 4
a 2707 2523 0 3 28
a 2707 201 0 1 40
a 2707 829 0 10 13
a 2707 2669 0 4 46
a 2707 1621 0 9 25
a 2707 2627 0 2 50
a 2707 1150 0 1 38
a 2744 2647 0 1438 50
a 2744 1401 0 1 27
a 2744 2412 0 3 22
a 2744 1077 0 5 4
a 2744 1739 0 7 28
a 2744 2805 0 2 17
a 2744 2753 0 2 23
a 2744 2213 0 2 43
a 2744 851 0 7 4
a 2744 2645 0 10 26
a 2744 1392 0 6 4
a 2744 804 0 4 44
a 2744 2960 0 1 24
a 2744 1072 0 3 25
a 2744 1051 0 3 5
a 2744 1782 0 3 33
a 2754 2819 0 1438 9
a 2754 985 0 4 7
a 2754 1077 0 2 20
a 2778 134 0 1438 50
a 2778 1073 0 3 18
a 2778 304 0 3 3
a 2778 179 0 7 35
a 2778 2366 0 1 7
a 2778 2374 0 1 27
a 2778 1134 0 7 45
a 2778 767 0 6 42
a 2778 1909 0 7 31
a 2778 290 0 5 48
a 2778 594 0 5 23
a 2778 1197 0 9 32
a 2778 2741 0 7 7
a 2778 1530 0 4 18
a 2778 732 0 5 21
a 2778 2248 0 10 15
a 2778 1534 0 8 32
a 2784 2990 0 1438 47
a 2784 2941 0 5 11
a 2784 1748 0 5 30
a 2784 77 0 4 34
a 2784 120 0 8 28
a 2805 73 0 1438 14
a 2805 1322 0 6 11
a 2805 2532 0 7 31
a 2805 2367 0 5 39
a 2805 853 0 3 37
a 2805 1933 0 3 7
a 2805 721 0 4 7
a 2805 1654 0 8 46
a 2818 1965 0 1438 30
a 2818 195 0 9 42
a 2818 2459 0 1 10
a 2818 336 0 3 36
a 2818 856 0 10 7
a 2818 2597 0 3 50
a 2818 2047 0 2 10
a 2818 1222 0 7 50
a 2818 2571 0 10 10
a 2818 472 0 4 11
a 2819 2463 0 1438 37
a 2819 1991 0 6 39
a 2819 1137 0 5 19
a 2819 2748 0 3 16
a 2819 631 0 9 24
a 2819 1987 0 8 12
a 2819 2671 0 3 6
a 2819 1460 0 2 14
a 2819 691 0 2 6
a 2819 1984 0 7 48
a 2819 1862 0 9 39
a 2819 1659 0 7 20
a 2819 1718 0 8 33
a 2819 1524 0 7 31
a 2819 556 0 8 29
a 2821 1077 0 1438 50
a 2821 372 0 8 10
a 2821 1702 0 5 31
a 2821 2480 0 4 19
a 2821 599 0 2 26
a 2821 1767 0 7 46
a 2845 1454 0 1438 36
a 2845 667 0 2 18
a 2845 793 0 3 1
a 2845 483 0 1 2
a 2845 871 0 5 39
a 2845 1330 0 1 43
a 2845 1094 0 8 49
a 2845 2787 0 7 38
a 2845 2271 0 3 47
a 2845 754 0 4 6
a 2845 148 0 6 9
a 2845 1187 0 7 50
a 2845 1759 0 7 39
a 2863 541 0 1438 22
a 2863 1912 0 7 15
a 2863 2775 0 1 11
a 2863 639 0 6 33
a 2863 1982 0 3 27
a 2863 151 0 5 26
a 2863 2808 0 2 39
a 2863 1888 0 3 24
a 2863 1381 0 10 20
a 2863 1071 0 10 47
a 2877 1929 0 1438 50
a 2877 2493 0 3 46
a 2877 1750 0 9 28
a 2878 1900 0 1438 50
a 2878 2556 0 1 23
a 2878 2444 0 6 31
a 2878 1136 0 10 49
a 2878 2924 0 6 48
a 2878 1414 0 1 50
a 2878 2742 0 6 1
a 2878 2846 0 2 45
a 2878 925 0 5 49
a 2878 2198 0 4 50
a 2878 1795 0 10 24
a 2913 908 0 1438 50
a 2913 1942 0 3 36
a 2913 2845 0 6 10
a 2913 2649 0 8 16
a 2913 2480 0 9 36
a 2913 602 0 1 11
a 2913 2085 0 2 36
a 2913 2797 0 3 41
a 2913 1322 0 10 9
a 2913 2403 0 9 43
a 2913 237 0 8 23
a 2943 55 0 1438 50
a 2943 2792 0 9 31
a 2943 705 0 6 36
a 2943 197 0 7 1
a 2943 1819 0 7 13
a 2943 116 0 9 25
a 6 292 0 304 50
a 6 489 0 6 35
a 6 187 0 6 7
a 21 1681 0 304 25
a 21 308 0 7 23
a 21 2446 0 1 39
a 21 392 0 4 1
a 21 2423 0 1 47
a 27 2911 0 304 50
a 27 2838 0 9 34
a 36 2018 0 304 43
a 36 2262 0 7 32
a 36 1536 0 4 41
a 36 1014 0 2 31
a 36 52 0 4 18
a 36 2569 0 4 11
a 36 1418 0 1 29
a 36 1374 0 2 24
a 36 2790 0 3 39
a 36 2274 0 5 27
a 36 1682 0 7 6
a 56 1370 0 304 17
a 56 2423 0 5 6
a 56 324 0 5 34
a 56 1238 0 6 29
a 56 241 0 4 45
a 56 2586 0 4 16
a 64 2745 0 304 50
a 64 1673 0 2 14
a 64 754 0 3 50
a 64 1093 0 6 41
a 64 2492 0 8 10
a 64 370 0 2 27
a 64 157 0 6 35
a 64 870 0 1 27
a 64 1159 0 9 28
a 64 1829 0 2 9
a 64 1100 0 2 30
a 64 963 0 7 19
a 64 1428 0 10 16
a 64 1494 0 10 7
a 64 1690 0 7 48
a 64 1875 0 2 6
a 64 2555 0 10 6
a 104 1651 0 304 22
a 104 288 0 2 25
a 104 72 0 4 48
a 104 2392 0 7 21
a 104 65 0 4 39
a 104 1453 0 8 8
a 104 2413 0 8 27
a 104 1394 0 8 41
a 104 650 0 1 37
a 104 1131 0 4 3
a 104 355 0 3 15
a 104 685 0 10 20
a 104 1597 0 9 46
a 104 196 0 7 24
a 104 1503 0 1 33
a 104 1273 0 10 26
a 104 1871 0 7 16
a 139 2408 0 304 44
a 139 814 0 8 8
a 139 1012 0 6 6
a 139 1251 0 4 27
a 139 2929 0 1 50
a 139 1029 0 5 41
a 139 2402 0 10 45
a 139 566 0 6 48
a 143 2005 0 304 23
a 143 2433 0 3 30
a 143 259 0 6 24
a 143 1915 0 8 32
a 143 2231 0 5 39
a 143 130 0 6 48
a 146 208 0 304 36
a 146 1944 0 1 2
a 146 307 0 10 21
a 146 1144 0 9 42
a 146 904 0 3 24
a 146 1573 0 4 8
a 146 2189 0 10 10
a 146 341 0 4 38
a 146 140 0 2 23
a 146 692 0 6 8
a 146 1799 0 5 24
a 146 2640 0 3 7
a 147 686 0 304 50
a 147 133 0 10 12
a 147 2103 0 3 41
a 147 234 0 3 10
a 149 56 0 304 13
a 149 2322 0 4 13
a 149 1476 0 9 7
a 166 146 0 304 16
a 166 2596 0 1 4
a 166 463 0 2 15
a 166 1908 0 9 50
a 166 927 0 10 8
a 166 2569 0 1 13
a 166 1570 0 1 7
a 166 1360 0 9 30
a 166 2054 0 10 45
a 166 506 0 4 4
a 166 2067 0 1 42
a 166 422 0 2 45
a 167 810 0 304 28
a 167 1442 0 9 31
a 167 890 0 8 37
a 174 167 0 304 12
a 174 540 0 5 14
a 174 645 0 4 4
a 174 2778 0 3 47
a 174 2899 0 3 50
a 174 83 0 7 5
a 174 1860 0 7 8
a 174 2304 0 2 46
a 174 316 0 1 8
a 186 1390 0 304 50
a 186 2813 0 7 15
a 186 85 0 9 15
a 186 2035 0 3 24
a 186 1174 0 10 12
a 186 591 0 7 6
a 186 1488 0 6 42
a 186 83 0 7 44
a 186 2564 0 6 35
a 186 929 0 5 44
a 186 635 0 2 34
a 186 2708 0 7 22
a 186 2371 0 1 44
a 186 75 0 4 9
a 186 2213 0 2 25
a 186 1979 0 1 17
a 186 1421 0 6 41
a 193 1455 0 304 35
a 193 551 0 9 6
a 193 149 0 8 24
a 193 2909 0 5 38
a 193 72 0 4 45
a 193 1760 0 9 4
a 193 156 0 4 5
a 193 612 0 6 20
a 193 1954 0 9 25
a 207 1871 0 304 50
a 207 2980 0 5 22
a 207 2966 0 5 4
a 207 2149 0 6 40
a 207 1988 0 9 7
a 207 654 0 3 11
a 207 171 0 5 19
a 207 1025 0 10 12
a 207 1409 0 3 16
a 207 2506 0 4 7
a 207 2926 0 10 33
a 207 1543 0 3 7
a 207 162 0 4 37
a 207 505 0 5 44
a 208 2738 0 304 50
a 208 906 0 3 34
a 208 123 0 8 49
a 208 884 0 8 9
a 208 1015 0 5 33
a 208 873 0 10 19
a 208 1004 0 5 17
a 208 887 0 8 7
a 208 1148 0 8 17
a 243 347 0 304 50
a 243 2119 0 9 28
a 243 2394 0 9 13
a 243 1394 0 6 46
a 251 509 0 304 50
a 251 2268 0 4 45
a 251 753 0 9 12
a 251 819 0 4 17
a 251 2961 0 10 31
a 251 785 0 8 3
a 251 1417 0 3 32
a 251 2083 0 7 17
a 251 2235 0 9 48
a 251 1448 0 1 16
a 251 1432 0 8 21
a 251 1537 0 2 3
a 251 1371 0 2 21
a 251 765 0 1 27
a 251 2914 0 3 35
a 251 818 0 5 9
a 258 504 0 304 6
a 258 1719 0 8 4
a 284 2975 0 304 38
a 284 36 0 7 36
a 292 2928 0 304 50
a 292 2258 0 9 50
a 292 375 0 7 22
a 292 766 0 6 49
a 292 340 0 5 48
a 292 1334 0 9 27
a 292 1776 0 9 19
a 305 1167 0 304 50
a 305 2155 0 8 36
a 305 2615 0 8 18
a 305 871 0 5 32
a 305 923 0 8 33
a 305 2929 0 10 40
a 305 1620 0 1 12
a 305 2399 0 9 19
a 305 265 0 8 30
a 305 1861 0 8 30
a 305 2953 0 2 21
a 305 1056 0 8 38
a 305 1445 0 4 22
a 305 2060 0 1 46
a 305 902 0 4 30
a 305 133 0 4 49
a 305 636 0 4 18
a 334 727 0 304 50
a 334 945 0 7 47
a 334 866 0 9 16
a 334 2510 0 10 4
a 334 1604 0 2 48
a 334 1178 0 3 40
a 334 1081 0 10 16
a 334 2992 0 2 9
a 334 2570 0 5 23
a 334 896 0 6 37
a 334 813 0 10 49
a 347 1723 0 304 18
a 347 630 0 8 48
a 347 319 0 3 25
a 347 2153 0 4 34
a 359 104 0 304 50
a 359 2602 0 9 5
a 359 1183 0 9 32
a 359 1943 0 8 11
a 359 300 0 3 5
a 359 436 0 7 20
a 359 1764 0 7 36
a 362 2260 0 304 50
a 362 1648 0 8 5
a 362 2614 0 8 5
a 362 2397 0 9 36
a 362 527 0 9 37
a 362 1230 0 8 48
a 362 1790 0 9 15
a 362 1351 0 3 22
a 362 1886 0 3 3
a 362 826 0 3 38
a 362 510 0 6 39
a 362 1992 0 2 11
a 362 316 0 8 36
a 362 981 0 3 3
a 362 1478 0 9 44
a 362 610 0 4 31
a 365 1787 0 304 46
a 365 1640 0 10 25
a 365 809 0 5 34
a 365 588 0 2 22
a 365 42 0 8 9
a 365 2178 0 8 13
a 365 1939 0 8 41
a 365 1492 0 1 17
a 365 1481 0 5 5
a 365 1709 0 9 30
a 365 2139 0 7 19
a 365 1377 0 2 49
a 365 134 0 3 39
a 365 2547 0 7 2
a 366 1657 0 304 46
a 366 662 0 3 8
a 366 2718 0 8 35
a 366 87 0 7 9
a 385 845 0 304 35
a 385 1749 0 7 22
a 385 289 0 5 40
a 385 433 0 1 33
a 385 1539 0 5 32
a 385 1044 0 3 2
a 385 266 0 6 21
a 385 620 0 5 32
a 385 1889 0 4 25
a 427 1493 0 304 50
a 427 2356 0 6 17
a 427 1368 0 6 24
a 427 2255 0 3 38
a 427 651 0 9 16
a 427 2242 0 6 2
a 427 675 0 10 1
a 427 1204 0 2 8
a 427 1554 0 6 2
a 427 313 0 4 35
a 427 1949 0 6 5
a 459 1253 0 304 36
a 459 2831 0 1 35
a 459 36 0 8 10
a 459 892 0 5 24
a 459 2910 0 3 49
a 459 2791 0 7 39
a 459 2064 0 3 16
a 459 2179 0 5 1
a 459 571 0 6 44
a 459 2258 0 1 29
a 459 2988 0 4 21
a 459 134 0 8 13
a 459 157 0 3 7
a 459 677 0 1 13
a 459 1600 0 10 7
a 504 2673 0 304 50
a 504 2999 0 2 3
a 504 2572 0 1 47
a 504 1402 0 9 43
a 504 1788 0 7 21
a 504 2517 0 2 38
a 504 2965 0 2 45
a 504 347 0 10 28
a 504 2392 0 1 38
a 504 2019 0 2 14
a 504 987 0 9 35
a 504 1368 0 9 14
a 504 934 0 7 26
a 504 2919 0 8 38
a 504 1581 0 6 26
a 504 2067 0 1 26
a 505 1700 0 304 50
a 505 2405 0 8 26
a 505 542 0 9 29
a 505 2606 0 9 30
a 505 163 0 8 36
a 505 1720 0 3 36
a 505 242 0 9 20
a 505 464 0 9 19
a 505 2538 0 6 47
a 505 2449 0 3 10
a 505 1280 0 5 27
a 505 2384 0 6 36
a 505 2620 0 5 4
a 505 2074 0 2 49
a 505 2388 0 10 47
a 505 972 0 1 50
a 509 1808 0 304 37
a 509 2439 0 9 6
a 509 2792 0 4 43
a 509 869 0 7 15
a 509 2701 0 7 20
a 509 1230 0 10 39
a 509 246 0 4 11
a 509 1045 0 3 21
a 509 1872 0 3 34
a 509 529 0 7 32
a 509 1145 0 10 2
a 509 1475 0 5 38
a 509 112 0 10 14
a 509 2678 0 3 25
a 509 2272 0 1 22
a 509 2177 0 10 2
a 511 2041 0 304 50
a 511 264 0 6 2
a 511 2232 0 4 41
a 511 78 0 9 23
a 511 2274 0 8 47
a 511 1179 0 3 15
a 511 2213 0 4 49
a 511 1013 0 4 33
a 511 934 0 10 49
a 511 281 0 5 3
a 511 1680 0 7 5
a 511 984 0 7 34
a 511 552 0 2 9
a 511 1265 0 7 39
a 511 1475 0 9 5
a 511 1080 0 8 7
a 515 1811 0 304 3
a 515 2715 0 4 27
a 515 688 0 10 41
a 515 2335 0 5 14
a 515 1274 0 2 16
a 515 317 0 8 37
a 515 2127 0 3 5
a 515 2110 0 5 6
a 515 1989 0 6 41
a 515 1028 0 7 12
a 515 2820 0 8 6
a 515 2763 0 2 36
a 515 1870 0 7 11
a 515 2797 0 1 28
a 515 2211 0 8 17
a 581 1492 0 304 48
a 581 2021 0 7 44
a 581 62 0 4 17
a 581 395 0 8 18
a 581 68 0 8 26
a 581 1678 0 9 9
a 581 1402 0 1 31
a 581 173 0 2 47
a 581 2822 0 1 6
a 581 1206 0 8 6
a 581 1608 0 10 32
a 581 922 0 6 34
a 581 2667 0 3 46
a 581 780 0 8 35
a 627 27 0 304 17
a 627 1013 0 4 1
a 627 2466 0 3 18
a 627 1712 0 2 19
a 627 308 0 4 44
a 627 2632 0 9 17
a 627 648 0 4 38
a 627 542 0 10 11
a 627 1312 0 1 24
a 627 103 0 6 19
a 627 1758 0 3 1
a 627 353 0 10 29
a 627 48 0 8 4
a 627 58 0 4 26
a 627 957 0 8 46
a 627 2320 0 9 24
a 658 2377 0 304 50
a 658 1100 0 6 28
a 658 1613 0 7 48
a 658 1427 0 8 2
a 658 1647 0 10 42
a 658 1041 0 1 40
a 658 2322 0 10 11
a 658 1512 0 3 9
a 674 2133 0 304 50
a 674 924 0 5 31
a 674 1507 0 5 49
a 674 1328 0 10 35
a 674 737 0 4 23
a 674 1032 0 9 45
a 674 657 0 2 1
a 674 45 0 5 40
a 674 1979 0 10 50
a 674 2623 0 9 28
a 674 1199 0 7 48
a 674 2818 0 7 50
a 674 1002 0 3 15
a 674 303 0 9 49
a 674 514 0 4 41
a 677 1463 0 304 48
a 677 1520 0 3 6
a 677 2949 0 9 21
a 677 2761 0 7 21
a 677 1528 0 3 21
a 677 2785 0 5 47
a 677 2879 0 7 14
a 677 501 0 1 48
a 677 396 0 4 41
a 677 1834 0 6 15
a 677 2861 0 10 3
a 677 335 0 6 39
a 677 1727 0 6 25
a 677 1772 0 5 33
a 677 270 0 5 15
a 686 1686 0 304 50
a 686 1158 0 10 22
a 686 188 0 7 6
a 686 34 0 6 26
a 686 2914 0 4 50
a 686 2082 0 7 19
a 686 2119 0 4 25
a 686 464 0 4 13
a 686 2300 0 10 40
a 686 2456 0 1 47
a 686 2211 0 4 7
a 686 879 0 9 47
a 686 318 0 1 15
a 686 2420 0 1 10
a 689 2998 0 304 13
a 689 724 0 9 49
a 689 1441 0 6 45
a 689 874 0 1 16
a 689 2522 0 9 34
a 689 2880 0 7 11
a 689 2538 0 7 50
a 689 329 0 4 21
a 689 2206 0 10 22
a 689 757 0 8 31
a 689 204 0 2 25
a 689 1254 0 7 46
a 689 2537 0 1 36
a 690 427 0 304 7
a 690 819 0 6 19
a 690 2468 0 5 5
a 690 216 0 8 6
a 690 2986 0 3 11
a 690 2937 0 10 15
a 690 1600 0 1 31
a 690 924 0 2 24
a 690 1614 0 7 32
a 690 2404 0 5 18
a 690 625 0 8 44
a 690 2931 0 9 23
a 690 1347 0 3 2
a 690 528 0 8 21
a 690 1809 0 7 44
a 690 744 0 3 11
a 690 1479 0 4 32
a 701 2936 0 304 28
a 701 1501 0 4 40
a 701 1207 0 8 20
a 701 2014 0 7 28
a 701 2354 0 5 16
a 701 2785 0 9 17
a 714 2585 0 304 50
a 714 2535 0 1 50
a 714 288 0 6 37
a 714 1967 0 6 17
a 714 220 0 1 30
a 714 2630 0 1 12
a 714 1535 0 3 2
a 714 1992 0 5 11
a 714 2540 0 5 50
a 727 2573 0 304 50
a 727 122 0 7 2
a 727 2985 0 2 10
a 727 2521 0 5 7
a 727 2516 0 7 20
a 727 621 0 3 31
a 727 78 0 2 44
a 727 332 0 4 24
a 727 2546 0 2 38
a 760 1673 0 304 18
a 760 1045 0 3 6
a 760 2846 0 4 8
a 760 2011 0 5 7
a 760 2808 0 1 5
a 760 2271 0 9 43
a 760 2809 0 6 28
a 760 2771 0 9 28
a 760 1462 0 2 18
a 760 2740 0 8 7
a 760 1900 0 1 28
a 760 176 0 7 28
a 760 821 0 3 26
a 760 432 0 3 14
a 760 1137 0 8 6
a 760 2110 0 5 28
a 760 1711 0 9 47
a 791 2027 0 304 41
a 791 1552 0 2 20
a 795 1228 0 304 47
a 795 2506 0 1 8
a 795 2397 0 4 1
a 795 294 0 2 2
a 795 1312 0 6 31
a 795 148 0 2 28
a 795 101 0 5 42
a 806 305 0 304 50
a 806 1309 0 6 35
a 810 1541 0 304 50
a 810 525 0 7 45
a 810 2229 0 2 18
a 810 199 0 5 13
a 810 1405 0 7 50
a 810 1225 0 8 48
a 810 2081 0 3 39
a 810 2990 0 10 46
a 810 2358 0 10 43
a 818 143 0 304 50
a 818 1990 0 10 30
a 818 775 0 7 40
a 818 1793 0 9 6
a 818 1035 0 7 30
a 818 315 0 2 16
a 818 682 0 4 22
a 818 146 0 3 46
a 818 760 0 8 7
a 818 1234 0 1 4
a 818 867 0 1 31
a 818 490 0 5 16
a 818 2903 0 8 7
a 818 655 0 2 23
a 822 677 0 304 43
a 822 1120 0 3 11
a 822 1929 0 5 17
a 822 795 0 7 21
a 822 2787 0 4 4
a 822 2970 0 6 39
a 822 947 0 3 31
a 822 948 0 1 7
a 822 2274 0 4 25
a 822 2579 0 9 21
a 822 603 0 1 19
a 822 320 0 1 7
a 822 931 0 8 30
a 822 1168 0 8 29
a 822 336 0 9 33
a 822 1123 0 2 17
a 822 455 0 8 29
a 822 453 0 10 33
a 845 366 0 304 13
a 845 2594 0 7 16
a 845 1395 0 9 27
a 845 1804 0 3 12
a 845 2987 0 10 41
a 845 2438 0 6 9
a 845 370 0 2 38
a 845 198 0 9 22
a 845 1429 0 1 36
a 845 1464 0 3 17
a 845 829 0 10 3
a 845 433 0 7 31
a 845 2879 0 8 43
a 847 627 0 304 12
a 847 1716 0 8 31
a 847 1327 0 5 11
a 847 930 0 2 23
a 847 81 0 8 34
a 847 1315 0 4 10
a 847 1988 0 3 23
a 847 2876 0 4 47
a 847 2009 0 8 40
a 847 2510 0 9 48
a 885 1508 0 304 50
a 885 2209 0 7 11
a 885 2997 0 7 50
a 885 267 0 5 5
a 885 2421 0 3 42
a 885 1231 0 5 43
a 885 2815 0 10 15
a 885 2314 0 6 33
a 885 2695 0 1 9
a 885 1238 0 7 46
a 885 2589 0 4 5
a 885 1574 0 7 36
a 887 334 0 304 50
a 887 1413 0 9 44
a 887 2320 0 10 22
a 887 1347 0 9 7
a 887 1444 0 9 23
a 887 313 0 3 41
a 887 1098 0 4 29
a 887 2593 0 6 25
a 887 2592 0 8 27
a 887 364 0 7 13
a 887 2169 0 3 47
a 887 2131 0 10 14
a 887 1677 0 2 18
a 887 683 0 4 12
a 895 258 0 304 50
a 895 244 0 6 21
a 895 2268 0 6 16
a 895 2826 0 9 17
a 895 893 0 2 37
a 895 604 0 9 6
a 895 1258 0 4 31
a 895 2569 0 10 25
a 895 2219 0 2 26
a 895 2671 0 4 20
a 895 2416 0 2 18
a 895 1944 0 10 15
a 895 1668 0 6 44
a 904 2962 0 304 35
a 904 228 0 4 48
a 904 2464 0 2 9
a 904 2151 0 7 10
a 904 1323 0 7 2
a 904 937 0 9 13
a 904 220 0 4 23
a 904 450 0 10 4
a 904 2494 0 7 27
a 904 276 0 5 23
a 904 1508 0 8 3
a 904 2413 0 2 40
a 904 1564 0 9 34
a 904 1991 0 9 11
a 904 583 0 4 47
a 904 350 0 4 47
a 904 1311 0 2 39
a 913 847 0 304 50
a 913 487 0 4 2
a 913 2341 0 8 37
a 913 317 0 7 26
a 913 2834 0 1 40
a 913 2446 0 6 25
a 913 1570 0 2 50
a 913 449 0 10 28
a 913 1978 0 5 6
a 913 441 0 6 40
a 913 2732 0 10 39
a 913 864 0 7 35
a 913 466 0 8 25
a 913 1811 0 2 23
a 913 1476 0 7 41
a 913 602 0 4 2
a 913 469 0 2 29
a 913 1989 0 9 15
a 917 1650 0 304 46
a 917 1982 0 8 3
a 917 2012 0 6 13
a 917 1126 0 5 23
a 917 1894 0 4 49
a 917 205 0 2 22
a 917 2444 0 5 33
a 917 1766 0 2 6
a 917 431 0 7 25
a 917 550 0 7 39
a 917 2394 0 2 36
a 917 365 0 3 19
a 917 607 0 9 39
a 917 2643 0 8 36
a 917 1502 0 10 13
a 917 206 0 8 4
a 917 1260 0 5 25
a 929 186 0 304 25
a 929 2782 0 6 48
a 929 916 0 9 50
a 929 2249 0 8 33
a 929 428 0 5 5
a 929 269 0 8 39
a 929 888 0 10 14
a 929 2807 0 7 49
a 929 2996 0 2 6
a 929 2870 0 4 45
a 929 642 0 8 49
a 929 1943 0 1 38
a 956 2393 0 304 50
a 956 1051 0 2 27
a 956 2879 0 1 13
a 956 942 0 8 8
a 956 237 0 9 4
a 956 1510 0 2 6
a 956 1736 0 1 2
a 956 1699 0 4 2
a 956 28 0 7 47
a 963 1251 0 304 41
a 963 1059 0 6 4
a 963 1283 0 8 16
a 963 248 0 5 11
a 963 629 0 6 2
a 963 1134 0 9 8
a 963 2739 0 5 49
a 963 1852 0 1 44
a 963 2902 0 3 44
a 963 1151 0 6 36
a 963 2545 0 4 9
a 963 895 0 6 46
a 963 2151 0 9 23
a 963 1651 0 4 3
a 963 707 0 8 21
a 963 2104 0 8 45
a 963 1935 0 1 8
a 963 1391 0 8 11
a 1005 1245 0 304 24
a 1005 604 0 1 7
a 1005 2509 0 1 28
a 1005 1380 0 7 7
a 1005 2321 0 9 27
a 1005 850 0 7 25
a 1005 938 0 6 39
a 1005 187 0 6 24
a 1027 2304 0 304 50
a 1027 705 0 10 37
a 1027 1066 0 2 4
a 1027 1687 0 1 6
a 1027 2290 0 5 42
a 1027 1544 0 10 26
a 1027 2301 0 9 35
a 1027 2101 0 6 36
a 1027 1584 0 8 29
a 1042 1488 0 304 50
a 1042 1085 0 5 25
a 1042 2321 0 4 36
a 1042 2335 0 10 20
a 1042 2105 0 4 28
a 1086 904 0 304 37
a 1086 2002 0 5 24
a 1086 2914 0 5 49
a 1086 1176 0 1 46
a 1086 2209 0 9 38
a 1086 2987 0 7 28
a 1086 207 0 9 48
a 1086 1012 0 6 14
a 1086 1969 0 2 49
a 1086 83 0 9 21
a 1086 1072 0 10 20
a 1086 2501 0 7 40
a 1086 613 0 5 5
a 1086 1986 0 10 33
a 1167 1877 0 304 50
a 1167 1316 0 3 7
a 1167 47 0 5 1
a 1167 1423 0 7 36
a 1167 718 0 3 28
a 1167 2035 0 4 23
a 1167 1023 0 2 41
a 1167 1639 0 8 34
a 1167 1005 0 6 17
a 1167 1297 0 7 7
a 1167 908 0 7 17
a 1167 553 0 5 11
a 1167 2909 0 6 5
a 1167 1724 0 5 50
a 1167 1078 0 9 24
a 1167 31 0 2 40
a 1177 1394 0 304 50
a 1177 2266 0 7 18
a 1177 2736 0 8 9
a 1177 44 0 6 4
a 1177 1969 0 10 46
a 1177 718 0 3 46
a 1177 1285 0 4 16
a 1177 2816 0 1 41
a 1177 1626 0 1 31
a 1177 429 0 1 33
a 1177 1256 0 3 17
a 1177 593 0 6 29
a 1177 1026 0 10 25
a 1177 375 0 8 8
a 1177 1433 0 9 48
a 1177 188 0 2 13
a 1188 2009 0 304 37
a 1188 1731 0 10 43
a 1188 2533 0 6 29
a 1188 2878 0 10 4
a 1188 2063 0 2 48
a 1188 1603 0 6 8
a 1188 1318 0 6 33
a 1188 1260 0 6 20
a 1188 2927 0 9 34
a 1188 2661 0 6 11
a 1188 1885 0 5 48
a 1215 1579 0 304 43
a 1215 745 0 4 22
a 1215 1042 0 7 14
a 1215 1468 0 10 23
a 1215 1787 0 3 25
a 1215 2335 0 3 16
a 1215 286 0 9 20
a 1215 488 0 4 50
a 1215 1249 0 5 29
a 1215 281 0 10 34
a 1215 448 0 5 18
a 1215 2412 0 10 18
a 1215 1696 0 3 29
a 1215 1112 0 10 23
a 1215 2001 0 9 29
a 1215 288 0 2 42
a 1215 2275 0 5 42
a 1215 841 0 7 24
a 1228 2511 0 304 50
a 1228 1558 0 6 42
a 1228 1133 0 8 42
a 1228 365 0 1 8
a 1228 2952 0 8 9
a 1245 795 0 304 27
a 1245 2379 0 1 42
a 1245 1875 0 9 22
a 1245 1920 0 4 11
a 1245 1441 0 7 19
a 1245 1934 0 2 21
a 1245 2719 0 4 2
a 1245 2360 0 6 6
a 1245 983 0 10 32
a 1245 1477 0 9 19
a 1245 581 0 3 37
a 1245 2026 0 10 41
a 1245 2150 0 8 19
a 1245 2536 0 10 24
a 1245 265 0 5 4
a 1245 560 0 5 5
a 1251 2068 0 304 12
a 1251 2223 0 5 41
a 1251 2371 0 7 39
a 1251 886 0 1 30
a 1251 171 0 9 2
a 1251 80 0 3 8
a 1251 782 0 3 9
a 1251 523 0 5 41
a 1253 149 0 304 19
a 1253 1179 0 3 33
a 1253 777 0 7 32
a 1253 1190 0 5 10
a 1253 1186 0 4 25
a 1253 2403 0 2 10
a 1253 2860 0 9 29
a 1253 1660 0 2 20
a 1253 2886 0 2 33
a 1288 1646 0 304 16
a 1288 2741 0 3 31
a 1288 1269 0 4 21
a 1288 1966 0 5 4
a 1288 1789 0 9 43
a 1288 914 0 7 2
a 1288 2582 0 7 18
a 1288 2794 0 4 35
a 1288 663 0 8 33
a 1288 468 0 10 49
a 1288 2985 0 1 42
a 1288 1685 0 4 43
a 1288 2877 0 6 30
a 1298 359 0 304 46
a 1298 2188 0 4 12
a 1298 1617 0 10 13
a 1298 2710 0 2 7
a 1298 692 0 10 42
a 1298 1772 0 6 39
a 1298 2321 0 3 33
a 1298 2353 0 6 28
a 1298 1192 0 3 38
a 1298 368 0 6 16
a 1298 131 0 2 12
a 1298 2650 0 4 32
a 1313 36 0 304 50
a 1313 1924 0 1 43
a 1313 1985 0 5 45
a 1313 60 0 8 45
a 1313 1328 0 2 34
a 1313 1124 0 9 41
a 1313 1853 0 7 26
a 1313 186 0 2 20
a 1313 1882 0 4 28
a 1313 1604 0 4 32
a 1313 2091 0 3 25
a 1313 1063 0 4 48
a 1313 1430 0 4 10
a 1313 175 0 9 13
a 1313 558 0 4 22
a 1317 1653 0 304 50
a 1317 1817 0 8 48
a 1317 467 0 8 34
a 1317 221 0 3 3
a 1317 1457 0 4 34
a 1317 1003 0 1 47
a 1317 766 0 10 36
a 1317 1281 0 5 32
a 1317 1660 0 3 42
a 1317 1218 0 2 25
a 1317 2133 0 4 33
a 1317 378 0 1 40
a 1317 568 0 2 25
a 1344 2444 0 304 50
a 1344 794 0 6 12
a 1344 187 0 10 15
a 1344 195 0 7 40
a 1344 2531 0 8 28
a 1344 89 0 4 31
a 1344 304 0 6 11
a 1344 1406 0 8 42
a 1344 619 0 1 17
a 1344 194 0 2 28
a 1344 232 0 3 23
a 1344 2204 0 1 27
a 1346 581 0 304 50
a 1346 564 0 4 35
a 1346 2182 0 1 28
a 1346 140 0 5 14
a 1346 275 0 2 5
a 1370 2668 0 304 49
a 1370 919 0 10 35
a 1370 2349 0 9 12
a 1370 1950 0 6 47
a 1390 1909 0 304 50
a 1390 672 0 6 20
a 1390 2495 0 7 49
a 1390 1638 0 7 48
a 1390 2931 0 6 49
a 1390 2389 0 2 16
a 1390 2721 0 2 9
a 1390 2901 0 1 33
a 1390 2786 0 10 26
a 1390 199 0 9 26
a 1390 2239 0 10 20
a 1390 200 0 7 22
a 1390 2052 0 3 24
a 1390 1912 0 9 5
a 1394 2994 0 304 16
a 1394 818 0 304 50
a 1394 1344 0 8 33
a 1394 2481 0 9 12
a 1394 1343 0 7 29
a 1394 166 0 4 37
a 1394 1628 0 8 17
a 1394 965 0 8 23
a 1394 958 0 3 49
a 1394 133 0 10 48
a 1394 387 0 10 47
a 1394 2166 0 7 36
a 1394 1163 0 7 26
a 1394 1828 0 5 43
a 1394 1312 0 8 18
a 1455 2746 0 304 50
a 1455 1125 0 2 26
a 1455 1936 0 4 25
a 1455 2637 0 9 10
a 1455 966 0 8 19
a 1455 446 0 8 36
a 1463 243 0 304 31
a 1463 599 0 3 17
a 1463 533 0 7 22
a 1463 792 0 1 32
a 1463 972 0 4 48
a 1463 2181 0 2 1
a 1463 1884 0 10 36
a 1463 1977 0 10 13
a 1463 546 0 2 33
a 1463 2540 0 3 7
a 1463 2929 0 8 1
a 1463 2729 0 10 11
a 1463 310 0 10 24
a 1463 370 0 6 49
a 1463 773 0 8 12
a 1463 493 0 9 40
a 1463 1822 0 2 30
a 1488 2839 0 304 50
a 1488 1945 0 8 6
a 1488 456 0 7 24
a 1488 505 0 2 31
a 1488 255 0 1 33
a 1490 1992 0 304 50
a 1490 2489 0 8 7
a 1490 2099 0 1 19
a 1490 408 0 10 9
a 1490 2772 0 10 18
a 1490 2637 0 3 29
a 1490 2922 0 4 1
a 1490 2334 0 6 33
a 1490 321 0 6 27
a 1490 2207 0 4 34
a 1490 1471 0 3 32
a 1490 2596 0 5 24
a 1490 1850 0 2 3
a 1490 1812 0 9 14
a 1490 2834 0 4 14
a 1490 2188 0 9 29
a 1490 1412 0 9 31
a 1492 2472 0 304 13
a 1492 641 0 2 44
a 1492 2942 0 5 15
a 1492 1255 0 5 36
a 1492 2608 0 10 40
a 1493 885 0 304 50
a 1493 1202 0 7 19
a 1493 1564 0 8 14
a 1493 2596 0 8 47
a 1493 650 0 6 28
a 1493 393 0 4 27
a 1493 677 0 9 34
a 1493 944 0 1 18
a 1493 744 0 3 42
a 1493 865 0 2 45
a 1493 118 0 5 46
a 1493 2551 0 5 40
a 1493 2955 0 3 4
a 1493 2231 0 6 48
a 1493 1315 0 6 26
a 1493 2933 0 10 27
a 1503 806 0 304 32
a 1503 1020 0 3 9
a 1503 1422 0 6 13
a 1503 198 0 1 37
a 1503 1559 0 7 20
a 1503 2695 0 1 38
a 1503 2336 0 6 42
a 1508 64 0 304 50
a 1508 2228 0 5 32
a 1508 2829 0 2 31
a 1511 2912 0 304 50
a 1511 2989 0 2 45
a 1511 56 0 10 22
a 1511 1949 0 5 18
a 1511 1703 0 4 45
a 1511 1309 0 9 38
a 1511 1213 0 5 17
a 1511 2184 0 4 30
a 1511 1405 0 1 41
a 1511 1350 0 5 18
a 1511 1582 0 10 47
a 1512 2404 0 304 5
a 1512 1852 0 3 18
a 1512 2399 0 3 19
a 1512 2929 0 6 7
a 1512 229 0 5 8
a 1512 1836 0 4 6
a 1512 196 0 10 11
a 1512 396 0 6 21
a 1512 2506 0 9 21
a 1512 2603 0 2 48
a 1512 2297 0 1 24
a 1512 2456 0 3 5
a 1512 385 0 6 18
a 1512 975 0 1 2
a 1512 1023 0 10 8
a 1512 537 0 10 43
a 1515 2796 0 304 2
a 1515 429 0 7 31
a 1515 2828 0 8 12
a 1515 2034 0 2 6
a 1515 1421 0 5 8
a 1515 186 0 4 20
a 1515 1104 0 1 25
a 1515 358 0 2 47
a 1515 323 0 4 36
a 1515 394 0 4 13
a 1518 929 0 304 50
a 1518 2499 0 4 43
a 1518 1236 0 7 5
a 1518 790 0 5 2
a 1518 1800 0 2 13
a 1518 132 0 5 27
a 1518 1015 0 10 44
a 1518 478 0 8 15
a 1518 2590 0 5 48
a 1518 1300 0 2 9
a 1518 1337 0 7 1
a 1518 2837 0 7 10
a 1518 1486 0 10 2
a 1518 747 0 9 27
a 1518 231 0 1 28
a 1518 2612 0 3 46
a 1518 1901 0 5 1
a 1537 714 0 304 50
a 1537 1539 0 7 23
a 1537 1266 0 4 3
a 1537 2607 0 5 35
a 1537 1041 0 3 30
a 1537 1872 0 8 1
a 1537 175 0 8 6
a 1541 1288 0 304 49
a 1541 629 0 3 2
a 1541 187 0 5 8
a 1541 265 0 7 23
a 1541 1626 0 6 14
a 1541 2916 0 6 42
a 1541 2613 0 7 22
a 1541 2454 0 5 17
a 1544 1518 0 304 50
a 1544 2062 0 6 43
a 1544 1615 0 9 50
a 1544 1212 0 2 47
a 1544 1506 0 2 30
a 1544 58 0 4 46
a 1544 2891 0 8 28
a 1544 1331 0 1 14
a 1544 944 0 10 49
a 1544 91 0 8 47
a 1544 1775 0 5 49
a 1544 703 0 8 9
a 1544 970 0 9 19
a 1544 2832 0 2 40
a 1553 2888 0 304 50
a 1553 550 0 10 16
a 1577 895 0 304 25
a 1577 2888 0 6 15
a 1577 1740 0 6 37
a 1579 2523 0 304 50
a 1579 2436 0 6 16
a 1579 1762 0 4 19
a 1579 537 0 9 5
a 1579 2749 0 8 39
a 1579 1416 0 1 43
a 1579 2573 0 6 47
a 1579 514 0 6 19
a 1579 2698 0 1 46
a 1579 2675 0 5 35
a 1579 1241 0 10 29
a 1579 1458 0 8 46
a 1579 2188 0 5 30
a 1579 578 0 10 8
a 1579 1700 0 7 15
a 1579 804 0 10 24
a 1586 1177 0 304 15
a 1586 584 0 7 34
a 1586 2122 0 3 27
a 1586 789 0 9 30
a 1586 716 0 1 33
a 1586 2562 0 3 6
a 1586 1801 0 6 5
a 1586 2605 0 7 3
a 1586 2018 0 8 30
a 1586 2533 0 5 21
a 1586 1697 0 2 49
a 1586 1845 0 7 4
a 1646 1188 0 304 30
a 1646 1839 0 6 31
a 1646 1660 0 1 36
a 1646 2477 0 6 28
a 1646 2125 0 1 6
a 1646 1567 0 7 48
a 1650 701 0 304 50
a 1650 2980 0 4 13
a 1650 692 0 8 26
a 1650 2105 0 8 14
a 1650 1628 0 2 46
a 1650 2942 0 3 38
a 1650 2685 0 1 36
a 1650 2898 0 3 6
a 1650 1606 0 8 29
a 1650 2206 0 9 19
a 1651 193 0 304 50
a 1651 2273 0 5 48
a 1651 1207 0 4 5
a 1651 2334 0 9 46
a 1651 1339 0 1 4
a 1651 1331 0 6 2
a 1651 292 0 3 43
a 1651 674 0 7 31
a 1651 81 0 4 50
a 1651 2566 0 9 36
a 1651 2180 0 10 28
a 1651 2039 0 9 49
a 1651 1491 0 6 18
a 1651 2466 0 3 8
a 1651 836 0 7 32
a 1651 2637 0 7 2
a 1653 1721 0 304 50
a 1653 2370 0 9 32
a 1653 2456 0 5 47
a 1653 869 0 5 17
a 1653 1586 0 5 1
a 1653 718 0 4 42
a 1653 1764 0 7 33
a 1653 533 0 3 18
a 1657 1490 0 304 38
a 1657 107 0 10 5
a 1657 1998 0 10 7
a 1657 823 0 7 43
a 1657 300 0 10 17
a 1673 956 0 304 50
a 1673 437 0 3 6
a 1673 1629 0 9 11
a 1673 1275 0 1 48
a 1673 2636 0 3 2
a 1673 1984 0 8 16
a 1673 2679 0 7 14
a 1673 1128 0 1 9
a 1673 1852 0 6 22
a 1673 670 0 3 7
a 1673 1939 0 9 24
a 1681 1317 0 304 3
a 1681 2342 0 5 42
a 1681 1786 0 10 28
a 1681 659 0 5 23
a 1681 2817 0 5 31
a 1681 1511 0 1 26
a 1681 634 0 8 37
a 1686 362 0 304 50
a 1686 1026 0 5 23
a 1686 2124 0 7 20
a 1686 252 0 6 5
a 1686 791 0 3 21
a 1686 2506 0 2 10
a 1689 2314 0 304 50
a 1689 1726 0 3 39
a 1689 116 0 2 10
a 1689 444 0 2 14
a 1689 1848 0 2 15
a 1700 917 0 304 47
a 1700 751 0 1 37
a 1700 265 0 9 5
a 1700 1419 0 2 1
a 1700 1456 0 9 47
a 1700 1966 0 7 2
a 1700 624 0 4 4
a 1700 1539 0 3 14
a 1700 1223 0 9 49
a 1700 1883 0 2 44
a 1700 121 0 2 36
a 1700 1278 0 9 49
a 1700 526 0 5 33
a 1700 2230 0 5 47
a 1700 2884 0 8 38
a 1700 759 0 10 45
a 1716 2659 0 304 4
a 1716 302 0 7 13
a 1716 1079 0 10 16
a 1716 265 0 9 50
a 1716 2441 0 6 41
a 1716 1627 0 4 24
a 1716 2409 0 2 2
a 1716 2045 0 6 24
a 1716 358 0 1 11
a 1716 1585 0 8 38
a 1716 2651 0 5 2
a 1716 2431 0 5 11
a 1716 1288 0 4 16
a 1716 665 0 8 4
a 1716 2997 0 1 8
a 1716 2903 0 8 45
a 1716 1177 0 10 18
a 1716 82 0 5 27
a 1721 2492 0 304 50
a 1721 2588 0 10 17
a 1721 1324 0 6 39
a 1721 1135 0 2 7
a 1721 1054 0 4 30
a 1721 467 0 1 16
a 1721 1366 0 5 48
a 1721 87 0 6 4
a 1721 1021 0 10 28
a 1721 1820 0 8 50
a 1721 2653 0 9 36
a 1721 1126 0 4 40
a 1721 1710 0 1 31
a 1721 622 0 10 27
a 1723 2817 0 304 50
a 1723 988 0 2 42
a 1723 75 0 1 22
a 1723 2444 0 9 28
a 1723 2199 0 6 25
a 1723 336 0 8 26
a 1723 1275 0 7 3
a 1749 690 0 304 12
a 1749 2006 0 7 8
a 1749 483 0 6 47
a 1749 740 0 5 49
a 1749 2629 0 2 19
a 1749 1290 0 7 39
a 1749 1503 0 10 11
a 1749 2028 0 8 41
a 1749 2881 0 4 38
a 1777 1553 0 304 43
a 1777 848 0 7 45
a 1777 2916 0 4 45
a 1777 1139 0 2 30
a 1777 2312 0 5 46
a 1777 1633 0 6 17
a 1777 2892 0 10 7
a 1777 1956 0 8 17
a 1777 2384 0 6 49
a 1777 732 0 10 25
a 1777 2269 0 4 41
a 1777 2438 0 2 6
a 1777 2028 0 8 7
a 1777 1138 0 3 28
a 1777 2524 0 2 2
a 1780 2679 0 304 50
a 1780 70 0 2 38
a 1780 207 0 7 39
a 1780 1788 0 5 5
a 1787 2305 0 304 50
a 1787 501 0 1 17
a 1787 1024 0 8 9
a 1787 423 0 2 14
a 1787 694 0 9 13
a 1787 2802 0 1 9
a 1787 2710 0 7 15
a 1787 2598 0 10 17
a 1787 795 0 8 38
a 1787 154 0 2 38
a 1787 510 0 4 28
a 1787 1761 0 9 37
a 1787 1036 0 4 50
a 1787 541 0 7 30
a 1787 361 0 8 11
a 1787 1714 0 10 37
a 1787 2577 0 4 42
a 1787 1879 0 2 47
a 1808 139 0 304 50
a 1808 243 0 3 12
a 1808 115 0 2 24
a 1808 1422 0 6 32
a 1808 2163 0 6 13
a 1808 2841 0 4 7
a 1808 587 0 9 45
a 1808 1125 0 9 44
a 1808 2903 0 9 42
a 1808 1085 0 1 13
a 1808 1898 0 4 48
a 1808 1195 0 3 10
a 1808 435 0 10 29
a 1808 259 0 6 49
a 1808 1751 0 7 39
a 1808 875 0 10 43
a 1808 1070 0 1 48
a 1811 1005 0 304 50
a 1811 917 0 4 10
a 1819 760 0 304 50
a 1819 112 0 6 27
a 1819 2023 0 7 8
a 1819 825 0 7 18
a 1819 182 0 7 25
a 1819 567 0 3 31
a 1871 1215 0 304 50
a 1871 2692 0 4 28
a 1877 1086 0 304 50
a 1877 2172 0 7 31
a 1877 2871 0 6 31
a 1877 1458 0 2 21
a 1877 2916 0 8 48
a 1877 2857 0 4 48
a 1877 93 0 6 42
a 1877 2845 0 3 4
a 1877 1706 0 7 33
a 1877 1980 0 3 9
a 1877 835 0 2 33
a 1877 512 0 3 7
a 1877 2241 0 5 6
a 1904 1544 0 304 21
a 1904 586 0 10 4
a 1904 2051 0 4 23
a 1904 1683 0 7 22
a 1904 1178 0 9 22
a 1904 72 0 10 13
a 1904 2623 0 4 39
a 1909 2143 0 304 20
a 1909 382 0 9 21
a 1909 2557 0 8 11
a 1909 2268 0 1 45
a 1909 617 0 3 5
a 1909 793 0 8 21
a 1909 1958 0 2 29
a 1909 2765 0 4 43
a 1935 1577 0 304 8
a 1935 1852 0 8 28
a 1935 2675 0 10 23
a 1935 1042 0 9 2
a 1935 2995 0 6 6
a 1935 1584 0 5 30
a 1935 2271 0 3 38
a 1935 2100 0 6 13
a 1935 837 0 6 27
a 1935 692 0 3 43
a 1992 2452 0 304 36
a 1992 2942 0 5 29
a 1992 303 0 8 5
a 1992 1539 0 9 21
a 1992 2990 0 7 11
a 1992 2892 0 3 44
a 1992 61 0 3 4
a 1992 2301 0 2 37
a 1992 485 0 5 25
a 1992 243 0 9 12
a 1992 1458 0 6 29
a 1992 1757 0 7 18
a 2005 21 0 304 50
a 2005 1521 0 5 4
a 2005 486 0 7 23
a 2005 59 0 6 12
a 2005 2066 0 1 37
a 2005 1477 0 6 18
a 2005 2876 0 5 12
a 2005 1772 0 6 24
a 2005 118 0 1 17
a 2009 1503 0 304 50
a 2009 276 0 6 34
a 2009 2822 0 3 4
a 2009 1203 0 7 21
a 2009 180 0 9 44
a 2009 997 0 1 16
a 2018 658 0 304 37
a 2018 879 0 7 20
a 2018 717 0 1 15
a 2027 2820 0 304 25
a 2027 67 0 1 49
a 2027 1364 0 6 47
a 2027 924 0 4 35
a 2027 19 0 5 16
a 2041 2097 0 304 16
a 2041 442 0 7 19
a 2041 2092 0 9 39
a 2041 2016 0 3 27
a 2041 1548 0 2 48
a 2041 1352 0 2 11
a 2041 2994 0 10 37
a 2041 1207 0 4 12
a 2041 1090 0 8 12
a 2041 240 0 2 8
a 2041 1429 0 5 28
a 2041 775 0 7 4
a 2041 124 0 9 40
a 2041 2199 0 1 44
a 2068 1780 0 304 15
a 2068 1453 0 8 48
a 2068 1639 0 9 24
a 2068 2749 0 4 12
a 2068 1941 0 5 48
a 2068 2770 0 7 10
a 2068 2726 0 7 11
a 2068 828 0 3 16
a 2097 365 0 304 26
a 2097 113 0 1 16
a 2097 2108 0 3 5
a 2097 296 0 9 32
a 2097 513 0 1 16
a 2097 1453 0 1 29
a 2097 1490 0 3 47
a 2097 2143 0 7 13
a 2097 807 0 4 25
a 2097 312 0 4 28
a 2097 1865 0 4 24
a 2119 1512 0 304 50
a 2119 1743 0 5 16
a 2119 1151 0 8 41
a 2119 1865 0 3 24
a 2119 2009 0 2 14
a 2119 335 0 6 15
a 2119 1362 0 3 30
a 2119 1266 0 1 19
a 2119 1140 0 8 4
a 2133 251 0 304 50
a 2133 2767 0 6 26
a 2133 2131 0 4 5
a 2133 2588 0 5 3
a 2133 2644 0 9 40
a 2133 494 0 6 50
a 2133 912 0 1 15
a 2133 540 0 1 18
a 2133 2077 0 6 35
a 2133 201 0 2 19
a 2133 1517 0 1 45
a 2133 1411 0 8 2
a 2133 1876 0 7 44
a 2133 2641 0 5 16
a 2133 1073 0 3 9
a 2143 2273 0 304 10
a 2143 923 0 6 18
a 2143 2165 0 5 5
a 2143 2778 0 8 42
a 2143 1836 0 5 30
a 2143 1115 0 3 49
a 2143 2384 0 8 19
a 2143 884 0 8 20
a 2260 2761 0 304 31
a 2260 2448 0 1 34
a 2260 2429 0 1 36
a 2260 2352 0 2 27
a 2260 54 0 8 50
a 2260 1286 0 1 36
a 2260 2442 0 1 13
a 2260 833 0 1 37
a 2260 402 0 10 38
a 2260 1325 0 9 47
a 2260 2430 0 2 49
a 2260 2799 0 6 7
a 2260 125 0 8 40
a 2260 2274 0 3 22
a 2260 1411 0 7 35
a 2260 270 0 10 41
a 2260 775 0 4 49
a 2265 1716 0 304 15
a 2265 1674 0 2 43
a 2265 1248 0 2 2
a 2265 324 0 5 2
a 2265 1282 0 4 8
a 2273 2930 0 304 29
a 2273 1479 0 7 14
a 2296 284 0 304 50
a 2296 1128 0 10 37
a 2296 3000 0 3 16
a 2296 1632 0 6 34
a 2296 1806 0 7 6
a 2296 815 0 9 20
a 2296 573 0 5 44
a 2296 2500 0 4 24
a 2296 71 0 5 13
a 2296 2277 0 5 15
a 2296 1689 0 5 38
a 2296 2590 0 6 19
a 2296 2744 0 8 11
a 2296 2140 0 3 38
a 2296 601 0 2 29
a 2296 816 0 8 49
a 2296 20 0 9 23
a 2296 1458 0 2 7
a 2304 2384 0 304 50
a 2304 1202 0 8 38
a 2304 1030 0 4 18
a 2304 2088 0 10 44
a 2304 2643 0 9 11
a 2304 1524 0 1 12
a 2304 1048 0 3 28
a 2304 2224 0 2 21
a 2304 1643 0 5 12
a 2304 628 0 10 37
a 2304 222 0 7 49
a 2304 1823 0 5 5
a 2305 1749 0 304 50
a 2305 2903 0 9 38
a 2305 1501 0 8 14
a 2305 917 0 7 16
a 2305 2692 0 2 46
a 2305 2355 0 7 48
a 2305 853 0 5 16
a 2305 1725 0 7 5
a 2305 2503 0 8 41
a 2305 1347 0 10 6
a 2305 1124 0 7 15
a 2305 1598 0 8 37
a 2305 700 0 2 34
a 2305 1557 0 9 1
a 2305 499 0 8 31
a 2314 1777 0 304 9
a 2314 314 0 1 45
a 2314 766 0 6 32
a 2314 2364 0 10 36
a 2314 2476 0 6 24
a 2314 2937 0 6 18
a 2314 414 0 6 26
a 2314 2046 0 4 42
a 2314 99 0 6 20
a 2314 537 0 6 24
a 2314 285 0 4 35
a 2314 1354 0 7 44
a 2314 629 0 2 46
a 2314 1695 0 4 46
a 2314 1990 0 8 20
a 2314 558 0 9 28
a 2314 1640 0 5 18
a 2377 674 0 304 50
a 2377 1883 0 8 36
a 2377 2907 0 9 41
a 2377 2146 0 9 33
a 2377 415 0 10 19
a 2384 1511 0 304 50
a 2384 2960 0 1 36
a 2384 1685 0 3 49
a 2384 2959 0 3 30
a 2384 2571 0 6 3
a 2384 727 0 10 21
a 2384 2540 0 2 41
a 2393 913 0 304 28
a 2393 2051 0 8 37
a 2393 1896 0 2 46
a 2393 2504 0 4 33
a 2393 1465 0 10 15
a 2393 2312 0 8 17
a 2393 1875 0 7 20
a 2393 2092 0 5 40
a 2393 2709 0 10 31
a 2393 1525 0 2 26
a 2404 505 0 304 21
a 2404 1024 0 2 2
a 2404 2063 0 5 33
a 2404 2535 0 9 12
a 2404 1889 0 8 16
a 2404 2148 0 9 44
a 2404 2983 0 5 12
a 2404 249 0 5 25
a 2404 1403 0 6 23
a 2404 587 0 3 37
a 2404 1853 0 7 36
a 2404 2391 0 4 20
a 2404 2571 0 3 4
a 2404 1778 0 10 17
a 2404 2807 0 9 13
a 2404 2206 0 10 18
a 2404 2326 0 10 27
a 2404 1261 0 10 4
a 2407 2475 0 304 50
a 2407 1452 0 9 41
a 2407 1007 0 10 43
a 2407 1237 0 6 41
a 2407 1067 0 2 23
a 2407 1868 0 1 32
a 2407 1495 0 10 28
a 2407 1513 0 4 38
a 2408 963 0 304 50
a 2408 2947 0 9 47
a 2408 278 0 7 36
a 2408 168 0 10 48
a 2408 421 0 1 6
a 2408 2253 0 4 33
a 2408 445 0 10 20
a 2444 1313 0 304 40
a 2444 1077 0 3 28
a 2444 590 0 5 50
a 2444 1156 0 6 49
a 2444 1172 0 7 35
a 2444 366 0 1 23
a 2444 2985 0 8 1
a 2444 2124 0 6 45
a 2444 721 0 5 37
a 2444 1852 0 7 33
a 2444 2873 0 2 48
a 2444 2522 0 7 30
a 2444 1999 0 5 33
a 2444 2329 0 9 9
a 2444 2588 0 5 14
a 2444 1554 0 8 42
a 2444 1428 0 8 7
a 2448 2711 0 304 50
a 2448 1274 0 10 22
a 2452 2860 0 304 27
a 2452 2798 0 5 5
a 2452 2492 0 3 24
a 2452 58 0 7 13
a 2452 1755 0 8 27
a 2452 1114 0 9 31
a 2452 1544 0 10 14
a 2452 927 0 9 42
a 2452 663 0 9 32
a 2452 286 0 2 45
a 2452 1287 0 10 32
a 2452 294 0 5 43
a 2452 1596 0 5 34
a 2452 1201 0 6 12
a 2452 1010 0 4 32
a 2452 509 0 10 39
a 2452 921 0 3 7
a 2452 337 0 5 35
a 2472 2734 0 304 43
a 2472 2019 0 7 9
a 2472 290 0 2 16
a 2472 2374 0 4 37
a 2475 2857 0 304 50
a 2475 606 0 5 45
a 2475 1457 0 9 42
a 2475 1529 0 2 43
a 2475 1675 0 3 8
a 2475 382 0 10 7
a 2475 2078 0 2 40
a 2475 1794 0 9 30
a 2489 822 0 304 50
a 2489 1572 0 6 50
a 2489 672 0 2 8
a 2489 2785 0 2 12
a 2489 1275 0 4 36
a 2489 2857 0 2 18
a 2489 1787 0 5 27
a 2489 341 0 8 23
a 2489 2257 0 7 11
a 2489 2545 0 9 3
a 2492 1537 0 304 50
a 2492 1248 0 3 34
a 2492 2851 0 7 46
a 2492 1748 0 10 38
a 2492 1163 0 1 48
a 2492 210 0 10 41
a 2492 447 0 4 11
a 2492 2204 0 2 24
a 2492 2526 0 5 6
a 2492 2853 0 3 14
a 2492 2118 0 8 48
a 2492 769 0 1 17
a 2492 606 0 10 25
a 2492 1164 0 9 38
a 2492 1024 0 10 18
a 2492 1791 0 1 27
a 2492 629 0 7 32
a 2492 798 0 6 4
a 2503 2917 0 304 20
a 2503 1976 0 4 15
a 2503 2049 0 7 1
a 2503 1223 0 6 48
a 2503 2343 0 9 37
a 2503 2611 0 9 33
a 2503 902 0 8 22
a 2503 1758 0 7 24
a 2503 1922 0 9 3
a 2511 1027 0 304 16
a 2511 321 0 4 44
a 2511 1739 0 5 13
a 2511 1930 0 7 9
a 2511 322 0 3 11
a 2511 1539 0 4 40
a 2511 1139 0 3 21
a 2511 2144 0 1 38
a 2511 2516 0 10 21
a 2511 1726 0 9 43
a 2511 1956 0 10 16
a 2511 1161 0 5 44
a 2511 2005 0 7 12
a 2511 1259 0 4 22
a 2523 1689 0 304 50
a 2523 2976 0 3 26
a 2523 241 0 6 2
a 2523 2877 0 10 5
a 2523 1772 0 9 18
a 2523 1167 0 5 46
a 2523 42 0 6 29
a 2523 559 0 9 44
a 2523 27 0 4 41
a 2523 1213 0 1 22
a 2523 2697 0 4 14
a 2523 2110 0 7 45
a 2523 1916 0 1 22
a 2523 293 0 10 16
a 2523 802 0 8 29
a 2523 2733 0 6 7
a 2523 1585 0 4 41
a 2523 2579 0 8 25
a 2573 1935 0 304 28
a 2573 478 0 2 48
a 2585 2757 0 304 50
a 2585 988 0 9 39
a 2585 1679 0 6 29
a 2585 759 0 1 31
a 2585 72 0 2 13
a 2587 1042 0 304 50
a 2587 924 0 2 39
a 2587 1816 0 4 36
a 2587 87 0 4 47
a 2587 1204 0 8 26
a 2587 2551 0 3 13
a 2587 2134 0 8 35
a 2587 622 0 8 21
a 2587 103 0 5 20
a 2587 78 0 7 28
a 2601 1586 0 304 50
a 2601 491 0 9 22
a 2601 1960 0 10 18
a 2601 1086 0 2 7
a 2601 1046 0 5 10
a 2601 1083 0 6 16
a 2601 2091 0 7 48
a 2601 124 0 2 49
a 2601 863 0 10 7
a 2619 2837 0 304 35
a 2619 1618 0 1 45
a 2619 2525 0 2 23
a 2619 1131 0 3 2
a 2619 52 0 10 48
a 2619 2096 0 2 20
a 2627 1904 0 304 38
a 2627 970 0 5 49
a 2627 1100 0 2 1
a 2627 546 0 2 15
a 2627 2631 0 10 45
a 2627 1728 0 1 14
a 2627 2615 0 6 6
a 2627 1166 0 1 21
a 2627 1830 0 1 45
a 2627 1171 0 6 36
a 2627 1522 0 8 14
a 2627 2153 0 8 44
a 2627 934 0 3 36
a 2627 2833 0 2 8
a 2659 1515 0 304 50
a 2659 2090 0 7 48
a 2659 1313 0 6 11
a 2659 2715 0 6 47
a 2659 1058 0 5 12
a 2659 1410 0 5 42
a 2659 2066 0 2 2
a 2659 799 0 5 28
a 2659 264 0 8 38
a 2659 976 0 10 17
a 2659 2590 0 10 50
a 2659 637 0 6 27
a 2659 1821 0 4 5
a 2659 1852 0 4 23
a 2659 277 0 5 32
a 2659 626 0 6 3
a 2659 463 0 8 49
a 2668 2587 0 304 50
a 2668 1148 0 5 19
a 2668 2468 0 1 37
a 2668 2025 0 2 38
a 2668 2210 0 8 33
a 2668 1026 0 2 4
a 2668 676 0 1 50
a 2668 1127 0 2 24
a 2668 125 0 9 7
a 2668 1257 0 7 38
a 2673 459 0 304 8
a 2673 1854 0 5 33
a 2673 1050 0 1 12
a 2673 1842 0 6 24
a 2673 114 0 10 49
a 2673 1839 0 8 46
a 2673 107 0 2 11
a 2673 2941 0 6 50
a 2673 2855 0 5 3
a 2673 1400 0 1 26
a 2673 323 0 7 4
a 2673 2756 0 2 46
a 2673 2145 0 4 48
a 2673 1442 0 4 44
a 2673 1751 0 5 47
a 2673 1235 0 10 6
a 2679 385 0 304 4
a 2679 771 0 6 24
a 2679 1706 0 9 5
a 2679 1992 0 4 30
a 2679 2774 0 1 37
a 2711 174 0 304 50
a 2711 806 0 9 8
a 2711 2748 0 1 35
a 2711 2410 0 5 46
a 2711 1236 0 8 47
a 2711 1538 0 10 4
a 2711 45 0 10 31
a 2711 616 0 9 45
a 2711 1371 0 6 38
a 2727 791 0 304 50
a 2727 2396 0 9 17
a 2727 2227 0 1 37
a 2727 2713 0 1 13
a 2727 2704 0 7 36
a 2727 269 0 1 4
a 2727 416 0 1 38
a 2727 1091 0 8 4
a 2727 831 0 1 44
a 2727 425 0 8 14
a 2727 2571 0 1 4
a 2727 2900 0 9 47
a 2727 240 0 3 34
a 2727 720 0 3 49
a 2727 1528 0 10 23
a 2727 641 0 10 39
a 2727 349 0 4 11
a 2734 689 0 304 50
a 2734 752 0 6 50
a 2734 1977 0 1 42
a 2734 529 0 10 12
a 2734 351 0 1 28
a 2734 1929 0 1 30
a 2738 2619 0 304 50
a 2738 150 0 9 47
a 2738 231 0 7 1
a 2738 2549 0 2 17
a 2738 369 0 9 10
a 2738 2720 0 4 20
a 2738 847 0 9 34
a 2738 2415 0 2 14
a 2738 2903 0 9 4
a 2738 637 0 9 49
a 2738 697 0 4 47
a 2738 2998 0 9 44
a 2738 1436 0 3 13
a 2738 2828 0 5 13
a 2738 1320 0 6 17
a 2738 1678 0 3 34
a 2738 997 0 1 35
a 2745 2601 0 304 21
a 2745 2004 0 7 40
a 2746 2296 0 304 42
a 2746 1193 0 3 20
a 2746 1255 0 2 35
a 2746 2713 0 1 38
a 2746 365 0 4 6
a 2746 2730 0 8 21
a 2746 2358 0 4 6
a 2746 2605 0 2 3
a 2746 2612 0 8 43
a 2746 878 0 8 9
a 2746 1295 0 8 43
a 2746 1871 0 4 40
a 2755 887 0 304 34
a 2755 237 0 8 24
a 2755 1106 0 8 30
a 2755 113 0 10 22
a 2755 1868 0 8 49
a 2757 2872 0 304 50
a 2757 2813 0 5 40
a 2757 2125 0 2 30
a 2761 2627 0 304 44
a 2761 363 0 7 30
a 2761 1781 0 2 44
a 2761 604 0 9 22
a 2761 1062 0 7 21
a 2761 2739 0 10 1
a 2761 180 0 2 19
a 2796 1344 0 304 18
a 2796 1288 0 1 3
a 2803 166 0 304 50
a 2803 2972 0 10 9
a 2803 1299 0 6 11
a 2803 1159 0 9 10
a 2803 1860 0 6 37
a 2803 1276 0 4 23
a 2803 1569 0 1 4
a 2803 2594 0 3 22
a 2803 1362 0 5 41
a 2803 214 0 7 33
a 2803 2479 0 4 39
a 2817 1346 0 304 50
a 2817 2917 0 9 17
a 2817 67 0 8 25
a 2817 1599 0 5 20
a 2817 546 0 10 6
a 2820 2489 0 304 30
a 2820 303 0 5 7
a 2820 748 0 10 3
a 2820 1311 0 4 25
a 2820 621 0 2 30
a 2820 1284 0 10 34
a 2820 1864 0 6 4
a 2820 2284 0 3 8
a 2820 638 0 3 3
a 2820 1894 0 6 21
a 2820 2382 0 7 16
a 2820 758 0 10 25
a 2820 1498 0 3 34
a 2820 2016 0 4 6
a 2820 1121 0 9 5
a 2820 961 0 8 50
a 2820 2089 0 4 13
a 2837 2503 0 304 35
a 2837 1416 0 5 43
a 2837 2127 0 1 8
a 2837 650 0 8 49
a 2839 147 0 304 13
a 2839 1062 0 2 29
a 2839 128 0 2 39
a 2839 2948 0 4 49
a 2839 2573 0 3 48
a 2839 1033 0 8 38
a 2839 71 0 9 43
a 2839 2962 0 9 49
a 2839 2462 0 9 25
a 2839 1113 0 10 6
a 2839 1514 0 3 21
a 2839 1718 0 9 32
a 2839 1535 0 1 38
a 2839 2075 0 6 50
a 2857 2755 0 304 7
a 2857 2308 0 4 37
a 2857 2295 0 4 32
a 2857 2235 0 4 7
a 2857 2990 0 5 12
a 2860 511 0 304 50
a 2860 426 0 8 23
a 2860 1561 0 5 37
a 2860 1678 0 4 35
a 2860 2139 0 10 48
a 2860 2402 0 6 17
a 2860 1839 0 4 11
a 2860 928 0 5 18
a 2860 1308 0 6 42
a 2860 1775 0 8 42
a 2860 1651 0 8 35
a 2860 1683 0 1 47
a 2872 515 0 304 28
a 2872 131 0 7 11
a 2872 1122 0 5 36
a 2872 209 0 7 12
a 2872 598 0 2 27
a 2872 1295 0 6 18
a 2872 518 0 4 40
a 2872 2439 0 3 29
a 2872 616 0 4 1
a 2872 2937 0 10 45
a 2872 1485 0 3 30
a 2888 1298 0 304 37
a 2888 2247 0 2 25
a 2888 1814 0 4 11
a 2888 1029 0 9 29
a 2888 2734 0 2 14
a 2888 1747 0 1 47
a 2911 2448 0 304 1
a 2911 1551 0 4 4
a 2911 916 0 1 14
a 2911 990 0 9 35
a 2911 1002 0 8 34
a 2911 1642 0 10 17
a 2911 2547 0 7 7
a 2911 2125 0 2 29
a 2911 2740 0 10 43
a 2912 2727 0 304 29
a 2912 912 0 4 41
a 2912 1803 0 3 13
a 2912 2187 0 10 2
a 2912 2419 0 9 46
a 2917 1819 0 304 50
a 2917 1909 0 6 1
a 2917 555 0 9 16
a 2917 2468 0 7 29
a 2917 1213 0 5 4
a 2917 1338 0 1 8
a 2917 477 0 9 16
a 2917 2815 0 8 30
a 2917 2857 0 8 17
a 2917 938 0 3 17
a 2917 2732 0 10 14
a 2928 2407 0 304 50
a 2928 193 0 3 24
a 2928 139 0 9 38
a 2928 918 0 10 4
a 2928 2732 0 5 44
a 2928 1015 0 3 27
a 2928 554 0 2 27
a 2928 2271 0 3 10
a 2928 2642 0 6 40
a 2928 297 0 8 23
a 2928 1061 0 4 42
a 2928 2636 0 8 20
a 2928 504 0 8 31
a 2930 207 0 304 50
a 2930 1563 0 1 40
a 2930 1596 0 2 21
a 2930 1024 0 6 2
a 2930 1890 0 2 29
a 2936 2265 0 304 50
a 2936 1079 0 7 23
a 2936 2010 0 7 42
a 2936 2466 0 4 35
a 2936 1862 0 4 22
a 2936 1153 0 6 18
a 2962 2119 0 304 50
a 2962 1562 0 4 9
a 2962 2008 0 3 25
a 2962 1949 0 6 1
a 2962 2677 0 5 7
a 2962 1688 0 5 3
a 2962 556 0 10 23
a 2962 1668 0 6 29
a 2975 2803 0 304 50
a 2975 2085 0 2 21
a 2975 1814 0 5 31
a 2975 2417 0 9 25
a 2975 30 0 6 6
a 2975 2026 0 7 16
a 2975 1297 0 7 4
a 2975 1377 0 8 2
a 2975 917 0 3 42
a 2975 1685 0 4 50
a 2975 941 0 9 25
a 2975 2032 0 6 23
a 2975 2310 0 5 34
a 2975 1522 0 5 24
a 2975 2199 0 7 30
a 2975 944 0 1 36
a 7 448 0 495 50
a 7 1653 0 6 10
a 7 1562 0 4 22
a 7 2707 0 5 12
a 7 421 0 4 31
a 7 1175 0 5 15
a 7 1406 0 6 37
a 7 1594 0 2 1
a 7 1853 0 5 50
a 7 1208 0 1 22
a 7 2588 0 10 8
a 7 2042 0 6 14
a 7 251 0 9 39
a 7 92 0 6 36
a 7 2391 0 4 48
a 7 2732 0 2 4
a 7 2098 0 3 27
a 7 73 0 8 5
a 30 478 0 495 50
a 30 2143 0 9 15
a 30 2734 0 2 50
a 30 1807 0 6 6
a 30 2276 0 3 3
a 30 2043 0 5 38
a 47 776 0 495 23
a 47 1972 0 6 30
a 47 2515 0 5 13
a 47 2116 0 5 3
a 47 1783 0 2 47
a 47 453 0 5 11
a 47 1992 0 2 23
a 47 2754 0 8 15
a 47 2748 0 6 1
a 47 1445 0 6 33
a 47 1875 0 1 11
a 47 2672 0 7 31
a 60 733 0 495 50
a 60 609 0 4 49
a 60 730 0 7 34
a 60 1568 0 6 19
a 60 1506 0 7 46
a 60 695 0 3 49
a 60 1658 0 2 29
a 62 2643 0 495 27
a 62 2011 0 7 28
a 62 1676 0 5 47
a 62 2724 0 2 44
a 62 2467 0 1 29
a 62 1708 0 5 2
a 62 1915 0 6 45
a 62 1379 0 4 25
a 62 2133 0 2 33
a 62 2851 0 3 33
a 62 2690 0 6 47
a 62 2065 0 3 7
a 97 1176 0 495 50
a 97 2187 0 9 41
a 97 2380 0 10 24
a 97 54 0 4 26
a 97 1760 0 6 24
a 103 2546 0 495 50
a 103 2254 0 7 45
a 103 2122 0 1 22
a 103 2935 0 10 20
a 103 2436 0 3 4
a 103 1223 0 10 27
a 103 320 0 8 23
a 103 1315 0 4 8
a 103 182 0 4 41
a 103 2552 0 8 37
a 103 2525 0 6 39
a 103 660 0 7 25
a 106 891 0 495 50
a 106 23 0 9 42
a 106 2224 0 10 34
a 106 1614 0 7 34
a 106 1565 0 3 40
a 106 1639 0 7 35
a 106 2758 0 8 21
a 106 1101 0 7 3
a 106 913 0 5 49
a 106 889 0 6 35
a 106 2464 0 5 14
a 106 1466 0 9 10
a 106 2372 0 1 46
a 106 1682 0 1 26
a 106 2863 0 2 11
a 106 1605 0 4 23
a 106 454 0 10 30
a 112 2900 0 495 50
a 112 1846 0 5 5
a 112 996 0 5 19
a 112 1035 0 4 24
a 112 1818 0 6 25
a 112 492 0 8 50
a 112 1039 0 7 49
a 112 2082 0 4 15
a 112 77 0 10 43
a 112 1248 0 4 34
a 112 2876 0 10 23
a 112 361 0 2 44
a 112 731 0 5 41
a 112 1925 0 3 46
a 112 1336 0 10 43
a 112 1561 0 5 18
a 117 1666 0 495 18
a 117 2804 0 8 43
a 117 2426 0 2 38
a 117 424 0 7 8
a 118 1617 0 495 24
a 118 1408 0 9 30
a 118 2477 0 10 1
a 118 1297 0 10 45
a 126 323 0 495 50
a 126 2082 0 1 48
a 126 278 0 6 4
a 126 1662 0 6 32
a 126 463 0 6 37
a 126 1189 0 9 21
a 126 1023 0 10 17
a 126 1865 0 10 2
a 126 2545 0 4 46
a 126 997 0 7 22
a 126 2247 0 1 45
a 126 354 0 3 35
a 126 1743 0 4 42
a 126 1520 0 6 26
a 128 2949 0 495 43
a 128 532 0 10 35
a 128 219 0 7 22
a 128 2474 0 2 37
a 128 2372 0 7 28
a 128 1407 0 2 13
a 128 304 0 2 41
a 128 2626 0 8 29
a 128 1022 0 4 23
a 128 1783 0 1 20
a 128 837 0 4 37
a 191 692 0 495 27
a 191 2830 0 7 33
a 196 1112 0 495 50
a 196 2860 0 3 40
a 196 2777 0 3 46
a 196 1692 0 10 23
a 196 1060 0 1 20
a 196 1150 0 9 3
a 203 1798 0 495 50
a 203 658 0 10 3
a 221 488 0 495 50
a 221 576 0 10 16
a 233 289 0 495 50
a 233 2769 0 7 30
a 233 2528 0 5 31
a 233 1417 0 7 27
a 233 1028 0 10 39
a 233 2883 0 5 23
a 233 609 0 6 1
a 233 590 0 2 3
a 233 2565 0 10 42
a 233 537 0 6 19
a 233 640 0 4 37
a 233 859 0 3 24
a 233 970 0 9 41
a 233 2404 0 9 22
a 233 2004 0 9 8
a 233 1606 0 8 40
a 233 2686 0 10 7
a 233 1904 0 1 49
a 276 2210 0 495 50
a 276 2561 0 1 9
a 276 1384 0 4 32
a 276 1602 0 6 1
a 276 1974 0 1 40
a 276 2775 0 1 27
a 278 2123 0 495 50
a 278 520 0 3 1
a 278 2586 0 7 9
a 278 1498 0 2 19
a 278 2255 0 6 10
a 288 2557 0 495 50
a 288 2430 0 7 32
a 288 631 0 1 45
a 289 1913 0 495 50
a 289 500 0 6 38
a 289 2329 0 9 37
a 289 125 0 10 30
a 289 420 0 7 34
a 289 2389 0 1 17
a 289 1877 0 9 48
a 289 1539 0 8 41
a 289 473 0 6 50
a 289 738 0 1 46
a 289 2346 0 3 25
a 289 845 0 5 26
a 289 2485 0 5 14
a 289 1903 0 4 6
a 297 2464 0 495 50
a 297 1708 0 4 20
a 297 40 0 8 42
a 310 2974 0 495 50
a 310 2939 0 5 20
a 310 2473 0 1 34
a 310 1462 0 2 29
a 310 885 0 2 4
a 310 1966 0 9 22
a 310 78 0 10 23
a 317 1917 0 495 50
a 317 2496 0 4 35
a 317 301 0 8 34
a 317 1168 0 4 2
a 317 2402 0 4 21
a 317 1009 0 3 18
a 317 183 0 4 37
a 317 2095 0 9 1
a 317 2786 0 1 24
a 323 1499 0 495 50
a 323 770 0 5 9
a 323 111 0 1 15
a 323 2896 0 7 5
a 323 2895 0 4 9
a 323 1741 0 5 4
a 323 1712 0 1 4
a 323 1996 0 4 31
a 323 2907 0 9 5
a 323 2776 0 2 19
a 323 1632 0 1 3
a 323 906 0 3 12
a 323 375 0 7 10
a 323 1503 0 4 5
a 323 1432 0 6 41
a 323 870 0 3 22
a 333 2170 0 495 20
a 333 1383 0 7 43
a 333 1280 0 6 28
a 333 795 0 3 37
a 333 2667 0 9 4
a 333 744 0 4 34
a 333 347 0 4 36
a 333 1694 0 4 47
a 333 1534 0 6 24
a 333 383 0 4 27
a 333 678 0 10 20
a 333 882 0 10 21
a 333 2062 0 2 9
a 333 2549 0 7 46
a 333 621 0 3 4
a 333 1030 0 3 26
a 333 2217 0 9 31
a 333 124 0 6 24
a 337 203 0 495 47
a 337 1704 0 4 37
a 337 2630 0 3 23
a 337 2869 0 10 19
a 337 2948 0 10 27
a 337 1551 0 7 14
a 337 450 0 6 30
a 337 1203 0 3 30
a 337 638 0 5 30
a 337 1008 0 8 46
a 337 1614 0 3 47
a 337 1413 0 9 50
a 337 1768 0 1 7
a 337 2671 0 9 33
a 337 2235 0 4 50
a 337 1360 0 5 19
a 337 282 0 5 5
a 337 1948 0 2 9
a 374 1600 0 495 50
a 374 1293 0 8 36
a 374 964 0 2 35
a 374 319 0 2 23
a 374 1025 0 9 23
a 374 711 0 8 26
a 374 689 0 5 19
a 374 978 0 6 38
a 374 273 0 2 33
a 374 2846 0 3 1
a 374 193 0 8 18
a 374 215 0 1 6
a 374 1288 0 6 17
a 387 1656 0 495 50
a 387 2600 0 8 7
a 387 1586 0 5 39
a 387 2016 0 5 36
a 387 1414 0 3 49
a 387 2913 0 8 11
a 387 1121 0 10 10
a 387 517 0 3 7
a 387 2101 0 8 49
a 387 1218 0 6 38
a 387 569 0 8 22
a 395 2636 0 495 44
a 395 915 0 8 23
a 395 119 0 9 3
a 395 602 0 2 39
a 395 1909 0 7 29
a 395 742 0 2 8
a 395 2182 0 8 36
a 395 2398 0 2 33
a 395 1878 0 10 22
a 395 1105 0 9 48
a 395 2324 0 4 4
a 395 1422 0 8 42
a 395 2321 0 9 36
a 395 2178 0 8 35
a 395 453 0 5 39
a 400 1863 0 495 50
a 400 1284 0 10 40
a 400 1760 0 7 17
a 400 1532 0 8 22
a 400 2731 0 1 44
a 400 2925 0 8 48
a 400 1222 0 3 27
a 400 2940 0 7 48
a 400 2523 0 2 34
a 400 2983 0 7 45
a 400 1337 0 1 39
a 400 2413 0 1 14
a 400 1991 0 4 32
a 400 2565 0 3 28
a 400 2505 0 1 36
a 400 2348 0 5 45
a 420 2317 0 495 50
a 420 2633 0 1 30
a 420 820 0 7 39
a 420 2275 0 8 23
a 420 2259 0 8 2
a 420 1012 0 7 50
a 420 1545 0 7 10
a 420 2460 0 8 36
a 420 1901 0 8 1
a 420 16 0 10 28
a 420 2920 0 10 4
a 420 2934 0 10 49
a 420 404 0 4 15
a 420 31 0 10 42
a 420 2758 0 2 47
a 420 1483 0 2 29
a 448 2964 0 495 50
a 448 2558 0 5 22
a 448 1728 0 2 47
a 448 1119 0 1 43
a 448 1732 0 7 46
a 448 1491 0 3 3
a 448 979 0 5 11
a 448 1572 0 5 31
a 448 2967 0 1 8
a 448 1498 0 9 3
a 448 675 0 5 40
a 448 1416 0 5 13
a 448 2629 0 6 6
a 448 725 0 3 17
a 448 2185 0 2 7
a 458 742 0 495 50
a 458 623 0 5 2
a 458 2798 0 2 47
a 458 1082 0 2 20
a 458 159 0 4 28
a 458 1718 0 3 38
a 465 2083 0 495 29
a 465 2066 0 5 28
a 465 2036 0 8 8
a 465 2417 0 5 40
a 468 2428 0 495 50
a 468 2050 0 2 22
a 468 2059 0 2 49
a 468 2555 0 7 3
a 468 1609 0 10 11
a 468 413 0 4 22
a 468 1851 0 8 36
a 468 571 0 2 6
a 468 915 0 7 43
a 468 2438 0 3 24
a 478 2048 0 495 50
a 478 309 0 5 36
a 478 2360 0 5 1
a 478 328 0 7 44
a 478 445 0 1 5
a 478 2898 0 10 33
a 478 2198 0 4 14
a 478 2136 0 3 10
a 478 416 0 1 14
a 478 63 0 8 35
a 478 1524 0 6 30
a 478 887 0 5 32
a 488 1378 0 495 50
a 488 1714 0 3 25
a 488 2671 0 3 5
a 488 1524 0 2 30
a 488 2578 0 10 32
a 488 307 0 8 19
a 488 1536 0 1 5
a 488 2124 0 10 35
a 488 669 0 4 32
a 488 957 0 2 25
a 488 2915 0 1 48
a 488 779 0 1 41
a 488 2244 0 9 36
a 488 413 0 10 16
a 488 783 0 8 8
a 488 2446 0 3 41
a 488 2842 0 3 40
a 489 721 0 495 50
a 489 2872 0 10 33
a 489 1801 0 1 44
a 489 2706 0 10 14
a 489 2337 0 8 46
a 500 2212 0 495 50
a 500 2670 0 5 19
a 500 338 0 2 11
a 500 1279 0 9 32
a 500 1480 0 5 30
a 500 444 0 9 13
a 500 1128 0 9 6
a 500 1630 0 10 3
a 500 2443 0 10 38
a 523 2892 0 495 50
a 523 2949 0 7 42
a 523 1388 0 2 40
a 530 1334 0 495 50
a 530 2611 0 5 14
a 530 264 0 4 31
a 530 877 0 10 37
a 530 1931 0 4 40
a 530 1534 0 10 11
a 530 2603 0 7 8
a 538 374 0 495 27
a 538 2824 0 8 1
a 538 312 0 7 3
a 538 829 0 9 32
a 538 1793 0 6 23
a 538 357 0 5 33
a 538 2657 0 9 3
a 538 1343 0 4 30
a 538 1616 0 4 5
a 538 2583 0 9 19
a 538 1539 0 1 1
a 538 2068 0 9 30
a 538 1714 0 4 30
a 538 1181 0 6 6
a 538 870 0 6 34
a 538 2005 0 8 5
a 538 2030 0 7 48
a 563 2581 0 495 50
a 563 2341 0 7 7
a 563 788 0 4 40
a 623 854 0 495 6
a 623 492 0 7 28
a 623 3000 0 6 45
a 623 2537 0 7 34
a 623 2091 0 7 9
a 623 1989 0 7 14
a 623 2342 0 8 10
a 623 1505 0 10 10
a 623 2587 0 6 13
a 623 715 0 6 32
a 623 2831 0 5 44
a 623 531 0 5 14
a 623 2808 0 9 18
a 623 412 0 6 30
a 629 2655 0 495 42
a 629 1320 0 9 37
a 629 2252 0 7 38
a 629 1914 0 2 41
a 629 1853 0 4 15
a 629 1217 0 5 44
a 629 2780 0 5 32
a 629 2452 0 9 24
a 629 862 0 10 36
a 629 1095 0 2 1
a 629 81 0 3 49
a 629 44 0 9 38
a 629 522 0 6 15
a 629 1124 0 5 33
a 629 1761 0 2 14
a 629 1773 0 2 4
a 629 2719 0 2 9
a 692 2268 0 495 27
a 692 2871 0 3 20
a 692 936 0 2 27
a 692 2082 0 1 11
a 692 2835 0 6 5
a 692 2320 0 10 41
a 692 2163 0 7 45
a 692 1052 0 6 31
a 692 2989 0 9 15
a 692 1109 0 4 22
a 692 673 0 1 42
a 715 1790 0 495 50
a 715 1150 0 2 36
a 721 2425 0 495 25
a 721 111 0 6 40
a 721 2266 0 7 38
a 721 1160 0 9 14
a 721 2881 0 10 13
a 721 1491 0 1 2
a 721 1350 0 7 18
a 721 1161 0 9 12
a 733 772 0 495 50
a 733 475 0 5 34
a 733 2141 0 8 20
a 733 1491 0 8 5
a 733 1703 0 4 26
a 733 1928 0 10 16
a 733 508 0 7 49
a 733 1181 0 8 19
a 733 2456 0 5 46
a 733 2943 0 7 4
a 733 2223 0 1 10
a 740 2620 0 495 50
a 740 458 0 9 13
a 740 1159 0 6 50
a 740 2877 0 1 43
a 740 1763 0 7 9
a 740 35 0 7 20
a 740 1581 0 4 22
a 740 853 0 8 6
a 740 474 0 5 12
a 740 2651 0 5 15
a 740 1639 0 7 30
a 742 715 0 495 5
a 742 462 0 1 33
a 742 1026 0 8 30
a 742 1769 0 2 7
a 742 1304 0 8 24
a 742 1528 0 6 43
a 742 2952 0 5 15
a 742 1123 0 1 43
a 742 1638 0 3 38
a 742 1934 0 7 44
a 742 610 0 5 10
a 742 2019 0 10 22
a 742 1603 0 5 41
a 742 2445 0 6 6
a 742 131 0 7 22
a 742 1560 0 7 15
a 742 1115 0 5 14
a 742 1851 0 4 49
a 744 986 0 495 50
a 744 1326 0 5 50
a 744 2746 0 2 20
a 744 1842 0 5 44
a 744 1303 0 9 47
a 744 2165 0 4 28
a 744 2317 0 3 11
a 744 305 0 6 29
a 769 740 0 495 20
a 769 1071 0 5 28
a 769 886 0 3 1
a 769 1884 0 6 37
a 769 1720 0 8 42
a 772 1676 0 495 50
a 772 1561 0 10 38
a 772 401 0 10 17
a 772 2598 0 3 29
a 772 157 0 5 21
a 772 2154 0 7 14
a 772 539 0 9 27
a 772 2917 0 10 44
a 772 2696 0 4 42
a 772 2772 0 2 31
a 776 2403 0 495 43
a 776 1255 0 10 14
a 776 1300 0 5 20
a 776 1179 0 3 38
a 776 446 0 2 6
a 782 2035 0 495 50
a 782 2921 0 9 4
a 782 1182 0 1 2
a 782 937 0 4 10
a 782 150 0 8 27
a 782 998 0 8 38
a 782 1618 0 9 26
a 782 2286 0 4 13
a 782 2625 0 3 16
a 783 458 0 495 2
a 783 2926 0 3 48
a 783 1577 0 5 50
a 783 2443 0 4 41
a 783 2738 0 5 10
a 783 217 0 4 10
a 783 1260 0 3 44
a 783 714 0 2 10
a 783 2283 0 5 32
a 783 2295 0 6 37
a 783 40 0 8 45
a 783 889 0 2 9
a 783 1202 0 4 16
a 783 1132 0 4 3
a 783 231 0 6 33
a 783 1160 0 10 34
a 854 933 0 495 25
a 854 2650 0 2 3
a 891 2565 0 495 31
a 891 1534 0 7 3
a 891 1897 0 6 14
a 891 2226 0 6 40
a 891 1726 0 7 20
a 891 1141 0 3 47
a 891 1256 0 9 30
a 891 1233 0 7 40
a 891 1331 0 1 23
a 891 349 0 9 50
a 891 1890 0 8 33
a 891 1870 0 8 44
a 891 1922 0 8 36
a 891 1113 0 8 27
a 891 1681 0 8 9
a 891 3000 0 10 36
a 891 270 0 4 15
a 891 977 0 8 42
a 900 1495 0 495 26
a 900 1845 0 6 43
a 900 224 0 3 45
a 933 2169 0 495 50
a 933 2927 0 8 47
a 933 1378 0 10 25
a 933 659 0 9 22
a 933 1594 0 5 12
a 933 1920 0 5 12
a 933 222 0 1 15
a 933 1822 0 9 25
a 933 229 0 6 16
a 933 1407 0 8 2
a 933 298 0 5 27
a 933 624 0 7 36
a 954 500 0 495 50
a 954 1917 0 1 43
a 954 1910 0 4 6
a 954 2269 0 1 38
a 954 2469 0 10 27
a 954 2503 0 1 31
a 954 1366 0 6 49
a 954 914 0 8 10
a 954 2141 0 9 16
a 954 140 0 8 40
a 954 2225 0 3 14
a 954 334 0 8 45
a 954 2908 0 9 27
a 954 2028 0 10 15
a 954 335 0 2 12
a 954 2855 0 5 12
a 954 423 0 7 27
a 970 2897 0 495 50
a 970 1203 0 4 15
a 970 826 0 9 46
a 970 844 0 10 4
a 970 833 0 4 18
a 970 991 0 9 46
a 970 1822 0 7 47
a 970 1921 0 2 44
a 970 2249 0 5 16
a 970 2660 0 4 44
a 970 1094 0 10 27
a 986 468 0 495 26
a 986 1597 0 1 38
a 986 220 0 5 29
a 986 2275 0 5 4
a 986 1865 0 1 22
a 986 868 0 6 11
a 986 2350 0 3 44
a 986 1335 0 9 47
a 986 1038 0 7 2
a 986 777 0 5 37
a 986 1680 0 8 45
a 1033 128 0 495 29
a 1033 57 0 9 11
a 1037 2187 0 495 45
a 1037 1094 0 7 34
a 1037 2944 0 6 26
a 1037 1829 0 9 34
a 1037 2927 0 6 26
a 1037 1126 0 2 21
a 1037 658 0 9 34
a 1037 2817 0 4 31
a 1037 1852 0 6 15
a 1037 2840 0 2 42
a 1037 1549 0 9 20
a 1037 292 0 2 9
a 1043 2108 0 495 50
a 1043 923 0 8 16
a 1043 1846 0 1 34
a 1043 2337 0 6 31
a 1043 616 0 8 38
a 1043 2535 0 4 20
a 1088 395 0 495 28
a 1088 1127 0 10 23
a 1088 2283 0 4 38
a 1088 232 0 6 44
a 1088 2714 0 7 10
a 1088 223 0 3 37
a 1088 53 0 2 33
a 1088 2335 0 7 1
a 1088 1004 0 6 47
a 1088 865 0 8 22
a 1088 230 0 5 7
a 1088 849 0 9 47
a 1110 1953 0 495 50
a 1110 2916 0 3 20
a 1110 612 0 10 35
a 1110 2366 0 1 24
a 1110 649 0 6 35
a 1112 400 0 495 50
a 1112 1981 0 2 29
a 1112 1036 0 10 25
a 1112 1250 0 7 1
a 1112 1116 0 10 28
a 1112 2013 0 10 26
a 1112 1722 0 5 14
a 1112 780 0 2 37
a 1112 19 0 9 35
a 1112 1625 0 9 8
a 1112 598 0 7 21
a 1112 1462 0 2 37
a 1112 2502 0 8 48
a 1148 2151 0 495 29
a 1148 1829 0 1 11
a 1148 488 0 4 45
a 1148 926 0 10 11
a 1148 2795 0 2 33
a 1148 2718 0 10 45
a 1148 2542 0 2 7
a 1148 692 0 1 7
a 1148 2110 0 7 28
a 1148 1325 0 5 49
a 1148 2138 0 10 29
a 1165 1414 0 495 50
a 1165 193 0 3 20
a 1165 2196 0 2 50
a 1176 563 0 495 43
a 1176 1811 0 9 9
a 1176 2959 0 2 14
a 1176 1281 0 4 43
a 1176 167 0 6 46
a 1176 449 0 5 48
a 1176 236 0 10 38
a 1176 1267 0 4 48
a 1176 666 0 4 14
a 1176 2211 0 8 21
a 1176 84 0 10 11
a 1183 1206 0 495 25
a 1183 285 0 2 10
a 1183 592 0 1 14
a 1183 1369 0 10 5
a 1183 1202 0 8 24
a 1183 950 0 8 8
a 1183 2659 0 1 43
a 1183 2049 0 4 49
a 1183 2382 0 4 30
a 1183 1108 0 5 50
a 1183 1138 0 3 9
a 1204 2602 0 495 41
a 1204 622 0 6 41
a 1204 75 0 4 40
a 1206 1647 0 495 50
a 1206 779 0 3 26
a 1206 2771 0 9 18
a 1206 1863 0 3 25
a 1206 791 0 4 22
a 1206 2601 0 4 20
a 1206 90 0 9 43
a 1233 530 0 495 50
a 1233 695 0 10 10
a 1233 926 0 7 12
a 1233 2621 0 4 4
a 1233 1615 0 6 20
a 1233 192 0 4 34
a 1233 16 0 1 19
a 1233 1951 0 4 2
a 1233 2051 0 5 11
a 1233 1552 0 6 32
a 1233 2778 0 8 2
a 1233 1778 0 2 14
a 1279 191 0 495 47
a 1279 1142 0 10 25
a 1279 2731 0 6 30
a 1279 1059 0 6 7
a 1279 1106 0 2 19
a 1279 1085 0 8 4
a 1279 168 0 7 12
a 1279 439 0 8 35
a 1279 1406 0 10 9
a 1279 2528 0 5 47
a 1279 759 0 7 20
a 1279 879 0 10 24
a 1279 44 0 3 14
a 1279 256 0 10 39
a 1281 2129 0 495 50
a 1281 2405 0 7 21
a 1281 472 0 10 29
a 1281 335 0 2 30
a 1281 2117 0 9 12
a 1281 1709 0 8 28
a 1281 703 0 2 24
a 1281 297 0 8 50
a 1281 1079 0 1 9
a 1281 466 0 4 11
a 1281 1179 0 6 11
a 1281 649 0 8 49
a 1281 2242 0 3 12
a 1281 1053 0 7 21
a 1281 952 0 7 11
a 1281 2192 0 10 37
a 1292 2934 0 495 50
a 1292 414 0 6 18
a 1292 1554 0 9 37
a 1292 2557 0 9 6
a 1292 395 0 8 24
a 1292 2795 0 10 44
a 1292 957 0 7 19
a 1292 1921 0 9 44
a 1292 736 0 3 14
a 1292 2605 0 6 35
a 1312 333 0 495 38
a 1312 511 0 2 31
a 1312 2931 0 7 27
a 1312 1029 0 3 23
a 1312 1621 0 5 13
a 1312 615 0 3 50
a 1312 193 0 3 32
a 1312 2519 0 2 34
a 1312 1121 0 7 4
a 1312 202 0 4 15
a 1312 1142 0 1 44
a 1312 965 0 5 30
a 1312 1986 0 6 33
a 1312 752 0 7 15
a 1312 1179 0 5 1
a 1312 2307 0 7 19
a 1312 1143 0 3 17
a 1316 2482 0 495 50
a 1316 816 0 1 3
a 1316 1625 0 7 1
a 1316 2034 0 7 49
a 1316 37 0 10 11
a 1316 1414 0 6 9
a 1316 2492 0 6 31
a 1316 611 0 10 18
a 1316 1586 0 8 9
a 1316 281 0 8 3
a 1334 2069 0 495 18
a 1334 2912 0 4 40
a 1334 374 0 3 47
a 1334 1757 0 4 44
a 1334 1521 0 6 18
a 1334 2202 0 7 39
a 1334 1467 0 4 4
a 1334 1842 0 3 7
a 1334 1787 0 6 48
a 1334 2599 0 2 15
a 1334 1328 0 10 46
a 1334 2931 0 2 24
a 1334 1155 0 6 22
a 1334 369 0 7 16
a 1334 922 0 10 36
a 1334 396 0 3 32
a 1334 665 0 5 33
a 1355 1655 0 495 17
a 1355 2004 0 6 28
a 1355 2500 0 5 27
a 1355 1807 0 4 29
a 1355 2882 0 8 21
a 1355 1738 0 9 50
a 1355 2865 0 6 4
a 1374 1281 0 495 8
a 1374 431 0 10 5
a 1374 2151 0 10 17
a 1374 159 0 6 4
a 1378 1823 0 495 34
a 1378 970 0 2 3
a 1378 1368 0 8 15
a 1378 288 0 3 22
a 1378 814 0 1 37
a 1378 2512 0 2 15
a 1378 2237 0 9 46
a 1378 446 0 6 20
a 1378 2396 0 1 46
a 1414 2485 0 495 50
a 1414 2593 0 2 48
a 1414 982 0 3 2
a 1414 1622 0 8 48
a 1414 2645 0 10 40
a 1414 1371 0 3 23
a 1414 811 0 5 49
a 1414 2207 0 6 23
a 1414 808 0 9 49
a 1414 1136 0 10 35
a 1486 1665 0 495 50
a 1486 142 0 7 27
a 1495 2116 0 495 50
a 1495 2564 0 9 18
a 1495 16 0 9 16
a 1495 1507 0 8 41
a 1495 2977 0 5 32
a 1495 1458 0 4 11
a 1499 2851 0 495 50
a 1499 852 0 8 41
a 1523 1312 0 495 44
a 1523 2424 0 10 16
a 1523 178 0 5 50
a 1523 899 0 5 48
a 1523 2236 0 5 50
a 1533 538 0 495 50
a 1533 1753 0 7 4
a 1533 2785 0 9 30
a 1533 249 0 9 44
a 1533 1245 0 5 18
a 1533 2550 0 5 1
a 1533 621 0 9 1
a 1533 1790 0 9 14
a 1533 2904 0 7 34
a 1533 1019 0 7 18
a 1533 2732 0 7 38
a 1533 1357 0 9 7
a 1583 2118 0 495 50
a 1583 363 0 3 19
a 1583 105 0 8 13
a 1583 2221 0 10 40
a 1583 1030 0 10 10
a 1583 501 0 9 19
a 1583 491 0 5 10
a 1583 1625 0 1 40
a 1583 1253 0 3 31
a 1583 2087 0 3 2
a 1583 1945 0 10 35
a 1595 2165 0 495 50
a 1595 2580 0 2 45
a 1595 1181 0 7 21
a 1595 829 0 8 9
a 1595 536 0 4 30
a 1595 682 0 5 32
a 1595 2837 0 6 43
a 1595 333 0 10 30
a 1595 868 0 3 24
a 1595 2238 0 3 21
a 1595 2763 0 9 41
a 1595 100 0 1 8
a 1600 103 0 495 50
a 1600 148 0 5 8
a 1600 236 0 10 21
a 1600 2679 0 6 32
a 1600 1963 0 5 29
a 1600 1921 0 4 40
a 1600 1776 0 10 45
a 1600 83 0 10 39
a 1600 1217 0 1 30
a 1600 901 0 4 14
a 1600 2403 0 2 6
a 1600 960 0 1 12
a 1600 1892 0 2 47
a 1600 1680 0 1 13
a 1600 717 0 1 4
a 1600 160 0 5 42
a 1600 2939 0 4 12
a 1605 2708 0 495 50
a 1605 152 0 10 22
a 1605 447 0 2 32
a 1605 545 0 3 9
a 1605 1721 0 5 41
a 1605 180 0 10 44
a 1605 1687 0 1 48
a 1605 2581 0 2 48
a 1605 1296 0 5 47
a 1605 1428 0 5 50
a 1605 441 0 4 30
a 1605 331 0 8 2
a 1617 970 0 495 11
a 1617 1605 0 3 29
a 1617 91 0 8 13
a 1617 424 0 8 30
a 1617 1685 0 3 41
a 1617 1503 0 4 46
a 1617 287 0 6 45
a 1617 2749 0 7 28
a 1647 420 0 495 50
a 1647 1071 0 1 26
a 1647 1526 0 5 50
a 1647 1110 0 8 18
a 1647 2041 0 6 8
a 1647 415 0 4 27
a 1647 147 0 7 3
a 1647 998 0 5 9
a 1647 1321 0 6 3
a 1647 1797 0 2 32
a 1647 1406 0 6 20
a 1647 1289 0 3 43
a 1647 2170 0 5 41
a 1647 1080 0 5 28
a 1647 450 0 5 24
a 1647 866 0 10 39
a 1655 769 0 495 46
a 1655 2793 0 1 37
a 1655 2020 0 5 22
a 1655 1902 0 6 14
a 1655 1833 0 8 29
a 1655 880 0 5 46
a 1655 2431 0 7 3
a 1655 876 0 4 40
a 1655 2483 0 9 42
a 1655 63 0 7 5
a 1656 1233 0 495 41
a 1656 2703 0 5 32
a 1656 2590 0 3 42
a 1656 472 0 9 42
a 1656 1885 0 8 8
a 1656 729 0 3 7
a 1656 2062 0 4 18
a 1656 2678 0 7 1
a 1656 2479 0 6 20
a 1656 2546 0 4 43
a 1665 2164 0 495 50
a 1665 1548 0 5 18
a 1665 2209 0 5 18
a 1665 1317 0 6 30
a 1665 873 0 9 25
a 1665 2368 0 7 32
a 1665 1766 0 6 1
a 1665 1152 0 4 20
a 1665 1386 0 8 33
a 1665 2587 0 5 13
a 1665 808 0 9 21
a 1665 155 0 1 32
a 1665 2723 0 4 38
a 1665 1291 0 8 6
a 1665 2862 0 5 7
a 1666 523 0 495 17
a 1666 1483 0 10 47
a 1666 2285 0 5 12
a 1666 2442 0 2 5
a 1666 1356 0 9 23
a 1666 2981 0 3 5
a 1666 2305 0 7 40
a 1669 1583 0 495 50
a 1669 1673 0 4 3
a 1669 790 0 9 20
a 1669 80 0 4 19
a 1669 2675 0 9 22
a 1669 1959 0 9 49
a 1669 690 0 4 21
a 1669 2712 0 6 33
a 1669 356 0 7 2
a 1674 288 0 495 50
a 1674 1296 0 8 41
a 1674 2042 0 7 7
a 1674 124 0 6 5
a 1674 1657 0 2 19
a 1676 2954 0 495 4
a 1676 1970 0 1 45
a 1676 1754 0 9 9
a 1676 2269 0 3 14
a 1676 2647 0 1 16
a 1676 188 0 3 13
a 1676 382 0 2 33
a 1676 2072 0 8 25
a 1676 1164 0 10 23
a 1676 968 0 10 29
a 1676 940 0 9 6
a 1676 2541 0 2 16
a 1690 118 0 495 24
a 1690 2123 0 5 27
a 1690 1994 0 9 38
a 1690 1957 0 3 29
a 1690 1946 0 5 26
a 1690 2980 0 2 48
a 1690 2816 0 7 11
a 1709 2885 0 495 4
a 1709 2742 0 5 24
a 1709 2776 0 3 31
a 1709 1339 0 1 16
a 1709 2913 0 5 16
a 1709 760 0 1 38
a 1709 214 0 1 50
a 1709 1454 0 7 48
a 1709 1361 0 10 33
a 1713 1903 0 495 45
a 1713 2691 0 9 24
a 1713 2145 0 7 13
a 1713 1890 0 5 33
a 1713 136 0 5 32
a 1713 764 0 9 33
a 1713 71 0 2 26
a 1713 2170 0 1 21
a 1713 36 0 10 30
a 1713 2164 0 4 40
a 1713 2339 0 4 32
a 1713 2159 0 7 13
a 1713 2359 0 3 49
a 1713 2689 0 4 30
a 1740 47 0 495 50
a 1740 94 0 9 12
a 1740 2814 0 5 8
a 1740 2584 0 1 21
a 1740 1183 0 8 41
a 1740 235 0 1 12
a 1740 1622 0 10 26
a 1740 2936 0 3 8
a 1740 268 0 3 8
a 1740 2636 0 2 40
a 1740 1109 0 1 49
a 1740 821 0 4 34
a 1740 1761 0 2 44
a 1740 606 0 4 42
a 1740 678 0 3 17
a 1740 1126 0 9 2
a 1790 1713 0 495 43
a 1790 714 0 5 1
a 1790 2991 0 1 39
a 1790 2894 0 3 19
a 1790 2279 0 6 2
a 1790 2629 0 2 39
a 1790 2415 0 6 38
a 1790 737 0 4 22
a 1790 623 0 7 43
a 1790 1365 0 6 19
a 1790 512 0 1 50
a 1790 2165 0 7 5
a 1790 1599 0 2 49
a 1790 1679 0 1 44
a 1790 2934 0 10 33
a 1790 485 0 6 18
a 1790 1661 0 1 27
a 1791 337 0 495 8
a 1791 2305 0 5 16
a 1791 1605 0 8 40
a 1791 2594 0 10 5
a 1791 1313 0 8 14
a 1791 2199 0 9 36
a 1791 2169 0 5 49
a 1791 728 0 4 40
a 1798 2202 0 495 32
a 1798 1371 0 3 49
a 1823 2566 0 495 12
a 1823 343 0 1 41
a 1823 2739 0 8 12
a 1823 659 0 3 7
a 1823 991 0 9 17
a 1823 558 0 1 19
a 1823 2646 0 9 28
a 1823 2018 0 10 41
a 1823 75 0 5 15
a 1823 2432 0 8 13
a 1823 1747 0 9 24
a 1823 25 0 4 9
a 1823 66 0 6 42
a 1832 1292 0 495 50
a 1832 2582 0 4 16
a 1832 1367 0 4 49
a 1832 2309 0 4 38
a 1851 1316 0 495 50
a 1851 277 0 7 45
a 1863 2607 0 495 17
a 1863 2662 0 6 11
a 1863 174 0 4 37
a 1863 746 0 6 5
a 1863 2172 0 3 42
a 1863 2007 0 7 25
a 1863 1493 0 10 9
a 1863 1232 0 1 11
a 1863 2593 0 5 3
a 1863 1384 0 6 35
a 1868 1958 0 495 37
a 1868 1451 0 6 45
a 1868 1735 0 10 23
a 1868 2576 0 9 37
a 1868 2303 0 2 45
a 1868 1446 0 10 8
a 1868 2380 0 9 26
a 1868 2708 0 7 33
a 1868 211 0 10 37
a 1868 142 0 4 4
a 1868 913 0 6 33
a 1903 2295 0 495 37
a 1903 635 0 1 16
a 1903 679 0 7 10
a 1903 2995 0 8 34
a 1903 29 0 6 27
a 1903 287 0 2 13
a 1903 667 0 2 43
a 1903 2380 0 6 32
a 1903 2951 0 4 12
a 1903 1879 0 4 14
a 1903 590 0 4 33
a 1903 3000 0 3 7
a 1903 528 0 4 29
a 1913 1043 0 495 44
a 1913 939 0 3 3
a 1913 522 0 7 17
a 1913 360 0 8 39
a 1913 1242 0 10 10
a 1913 40 0 5 23
a 1913 1734 0 6 39
a 1913 2238 0 6 13
a 1913 43 0 10 24
a 1917 62 0 495 43
a 1917 901 0 6 20
a 1917 653 0 8 12
a 1917 850 0 8 25
a 1917 1445 0 8 17
a 1917 475 0 3 15
a 1917 2925 0 6 35
a 1917 2488 0 8 37
a 1917 1870 0 5 11
a 1917 1886 0 1 43
a 1917 119 0 9 6
a 1917 1038 0 9 30
a 1917 1443 0 6 37
a 1953 1851 0 495 48
a 1953 168 0 1 18
a 1953 798 0 5 40
a 1953 917 0 2 11
a 1953 271 0 7 23
a 1953 1689 0 1 5
a 1953 2253 0 5 4
a 1953 600 0 1 33
a 1953 1277 0 6 19
a 1958 2481 0 495 24
a 1958 1244 0 3 50
a 1958 654 0 10 38
a 1958 916 0 5 7
a 1958 1541 0 8 35
a 1958 2008 0 10 13
a 1958 133 0 1 12
a 1958 2092 0 3 20
a 1958 709 0 4 13
a 1958 1381 0 10 7
a 1958 2219 0 6 49
a 1958 1786 0 9 48
a 1964 1690 0 495 18
a 1964 1700 0 9 27
a 1964 2272 0 2 49
a 1964 1285 0 10 7
a 1964 2319 0 5 34
a 1964 399 0 10 7
a 1964 1729 0 2 37
a 1964 1555 0 7 28
a 1964 2269 0 9 8
a 1964 2117 0 7 26
a 1964 490 0 6 49
a 1964 2543 0 2 1
a 1964 643 0 5 42
a 1964 2282 0 2 50
a 1964 2265 0 7 16
a 1964 2469 0 3 26
a 1964 215 0 9 22
a 1964 1867 0 7 45
a 2035 1088 0 495 20
a 2035 2228 0 5 41
a 2035 1758 0 8 50
a 2035 1585 0 9 20
a 2035 887 0 1 42
a 2035 1029 0 2 48
a 2035 719 0 10 12
a 2035 2669 0 5 29
a 2035 2085 0 4 28
a 2035 636 0 5 15
a 2035 2481 0 4 17
a 2036 2628 0 495 24
a 2036 1008 0 7 36
a 2036 1870 0 3 40
a 2036 357 0 2 21
a 2036 2181 0 6 34
a 2036 1423 0 3 37
a 2048 117 0 495 50
a 2048 51 0 8 49
a 2048 550 0 3 42
a 2048 1360 0 5 33
a 2048 369 0 3 12
a 2048 101 0 10 27
a 2048 2966 0 8 34
a 2048 2122 0 7 46
a 2048 1240 0 8 40
a 2048 1656 0 7 4
a 2048 602 0 3 16
a 2063 310 0 495 50
a 2063 2514 0 5 35
a 2063 797 0 1 11
a 2063 1562 0 9 6
a 2063 1866 0 10 15
a 2063 2964 0 1 44
a 2063 908 0 9 15
a 2066 1709 0 495 47
a 2066 1489 0 6 28
a 2066 64 0 2 14
a 2066 1292 0 2 39
a 2069 2197 0 495 50
a 2069 2310 0 5 26
a 2069 244 0 5 22
a 2069 572 0 7 45
a 2083 2063 0 495 50
a 2083 48 0 6 6
a 2083 87 0 3 42
a 2083 1002 0 6 21
a 2083 378 0 6 19
a 2083 762 0 10 31
a 2083 2075 0 8 31
a 2083 1780 0 8 5
a 2083 1503 0 1 50
a 2083 103 0 10 43
a 2083 1440 0 3 11
a 2083 218 0 1 21
a 2083 1537 0 4 16
a 2083 794 0 8 32
a 2083 2713 0 10 37
a 2083 1887 0 3 34
a 2099 60 0 495 50
a 2099 2506 0 1 5
a 2099 600 0 6 15
a 2099 1303 0 4 8
a 2099 1699 0 1 5
a 2099 800 0 10 16
a 2099 1562 0 10 11
a 2099 2171 0 4 24
a 2099 144 0 6 38
a 2099 2003 0 3 9
a 2099 1539 0 5 38
a 2099 1408 0 5 7
a 2099 115 0 1 38
a 2099 2974 0 7 4
a 2099 2064 0 1 18
a 2108 900 0 495 50
a 2108 2567 0 1 15
a 2108 927 0 3 1
a 2108 1130 0 2 47
a 2108 954 0 3 14
a 2108 2008 0 8 10
a 2116 30 0 495 49
a 2116 2206 0 6 49
a 2116 2840 0 7 37
a 2116 2309 0 5 32
a 2116 1042 0 4 25
a 2116 2798 0 8 1
a 2116 2655 0 3 43
a 2116 424 0 3 1
a 2116 733 0 10 25
a 2116 1437 0 8 43
a 2116 2888 0 10 49
a 2116 2745 0 6 6
a 2116 318 0 7 38
a 2118 2794 0 495 4
a 2118 1518 0 6 35
a 2118 296 0 9 3
a 2118 1871 0 9 21
a 2118 1865 0 7 33
a 2118 796 0 7 32
a 2118 2471 0 10 24
a 2118 892 0 4 32
a 2118 371 0 7 30
a 2118 2830 0 1 41
a 2123 782 0 495 50
a 2123 1546 0 10 6
a 2123 1367 0 9 30
a 2123 307 0 4 42
a 2123 26 0 2 1
a 2129 1355 0 495 34
a 2129 2703 0 3 33
a 2129 2190 0 9 20
a 2129 2606 0 10 7
a 2129 2058 0 2 48
a 2129 1836 0 3 28
a 2129 1794 0 3 22
a 2129 1553 0 4 12
a 2129 307 0 8 46
a 2129 2467 0 2 2
a 2129 129 0 9 32
a 2129 2934 0 10 17
a 2129 984 0 10 20
a 2129 2013 0 5 13
a 2129 829 0 6 29
a 2129 622 0 4 32
a 2129 1374 0 4 7
a 2151 2099 0 495 27
a 2151 2305 0 8 26
a 2151 1704 0 3 22
a 2151 1925 0 9 46
a 2151 2047 0 3 39
a 2151 976 0 8 30
a 2151 115 0 3 20
a 2151 1104 0 4 40
a 2151 1438 0 5 35
a 2151 1760 0 1 47
a 2151 219 0 9 28
a 2151 1990 0 3 10
a 2151 2482 0 3 33
a 2151 1624 0 9 47
a 2151 329 0 5 41
a 2164 465 0 495 50
a 2164 1018 0 4 1
a 2164 88 0 3 42
a 2164 1282 0 2 46
a 2164 2959 0 7 12
a 2164 1768 0 1 19
a 2164 312 0 9 47
a 2164 2314 0 3 41
a 2164 2633 0 3 43
a 2164 888 0 4 14
a 2164 2051 0 7 17
a 2164 1152 0 9 20
a 2164 1387 0 10 17
a 2164 1444 0 6 7
a 2165 1148 0 495 8
a 2165 1663 0 3 2
a 2165 2470 0 2 6
a 2165 222 0 7 32
a 2165 2556 0 8 37
a 2165 255 0 3 33
a 2165 1145 0 4 2
a 2165 303 0 1 19
a 2165 1356 0 5 30
a 2165 1198 0 10 33
a 2165 1625 0 4 17
a 2165 1490 0 5 5
a 2165 2955 0 5 6
a 2165 2156 0 3 5
a 2165 463 0 10 38
a 2165 2223 0 6 50
a 2165 849 0 3 18
a 2165 2592 0 9 22
a 2169 106 0 495 50
a 2169 634 0 10 45
a 2169 2303 0 4 1
a 2169 2822 0 1 42
a 2169 1819 0 6 33
a 2170 1204 0 495 50
a 2170 589 0 7 34
a 2170 941 0 8 21
a 2170 1673 0 8 11
a 2170 2521 0 4 2
a 2170 2677 0 5 26
a 2170 419 0 9 15
a 2170 2293 0 4 6
a 2170 868 0 7 7
a 2170 2649 0 8 18
a 2170 2295 0 6 11
a 2187 2199 0 495 41
a 2187 1225 0 3 41
a 2187 2305 0 9 5
a 2187 795 0 4 48
a 2187 1395 0 1 18
a 2187 1033 0 10 37
a 2187 1770 0 3 46
a 2187 79 0 9 3
a 2187 56 0 2 36
a 2187 2704 0 10 1
a 2187 2316 0 7 10
a 2187 2555 0 9 10
a 2187 1982 0 7 41
a 2187 2394 0 7 16
a 2187 597 0 8 7
a 2187 1184 0 9 3
a 2197 2394 0 495 50
a 2197 2728 0 9 43
a 2197 2595 0 3 11
a 2197 1766 0 8 7
a 2197 876 0 6 24
a 2197 2549 0 1 23
a 2197 2187 0 8 31
a 2197 69 0 7 23
a 2197 2496 0 10 39
a 2197 380 0 5 15
a 2197 652 0 7 28
a 2197 42 0 3 11
a 2197 635 0 3 43
a 2197 2184 0 7 39
a 2197 927 0 8 34
a 2199 1964 0 495 24
a 2199 104 0 10 2
a 2199 1299 0 5 37
a 2199 1260 0 9 27
a 2199 1524 0 1 3
a 2199 830 0 7 13
a 2199 637 0 3 38
a 2199 361 0 4 33
a 2199 2750 0 2 8
a 2199 445 0 9 50
a 2199 157 0 6 50
a 2199 1050 0 10 24
a 2199 2022 0 6 27
a 2199 2096 0 6 3
a 2199 2184 0 6 3
a 2202 112 0 495 48
a 2202 2646 0 4 23
a 2202 605 0 3 13
a 2202 1781 0 7 33
a 2202 1414 0 9 45
a 2202 794 0 9 16
a 2202 2765 0 1 49
a 2202 2435 0 5 32
a 2202 229 0 4 38
a 2210 1868 0 495 50
a 2210 2005 0 1 4
a 2212 2372 0 495 4
a 2212 686 0 5 20
a 2212 1654 0 5 28
a 2212 1206 0 6 17
a 2212 1572 0 9 49
a 2212 2153 0 10 44
a 2212 341 0 6 35
a 2212 1310 0 6 39
a 2212 404 0 6 48
a 2268 1183 0 495 31
a 2268 1337 0 6 30
a 2268 1823 0 7 13
a 2268 2370 0 9 16
a 2268 2899 0 8 33
a 2268 2371 0 7 44
a 2268 2092 0 7 32
a 2268 755 0 10 9
a 2268 2851 0 4 42
a 2268 2862 0 3 13
a 2268 813 0 9 21
a 2268 1069 0 9 2
a 2268 1494 0 8 46
a 2268 2927 0 3 42
a 2268 1755 0 3 9
a 2268 2879 0 2 10
a 2268 544 0 10 19
a 2268 451 0 6 40
a 2295 1595 0 495 50
a 2295 796 0 5 34
a 2295 909 0 10 10
a 2295 1374 0 4 46
a 2295 1664 0 6 48
a 2295 688 0 2 32
a 2295 1601 0 8 26
a 2295 2680 0 4 35
a 2295 693 0 10 33
a 2295 2538 0 1 13
a 2317 2510 0 495 45
a 2317 1987 0 7 14
a 2317 2833 0 6 38
a 2346 97 0 495 9
a 2346 1407 0 6 3
a 2346 2538 0 6 19
a 2346 1680 0 9 19
a 2346 801 0 5 8
a 2346 372 0 9 28
a 2346 2105 0 5 19
a 2346 140 0 2 36
a 2346 60 0 1 26
a 2346 1363 0 1 20
a 2346 622 0 2 1
a 2346 367 0 9 13
a 2349 629 0 495 50
a 2349 2395 0 10 17
a 2349 1831 0 3 37
a 2349 1076 0 8 45
a 2349 807 0 10 20
a 2349 558 0 3 50
a 2349 1343 0 9 23
a 2349 990 0 2 32
a 2349 1333 0 6 36
a 2349 922 0 8 39
a 2349 1145 0 8 37
a 2372 2736 0 495 50
a 2372 1292 0 2 34
a 2372 2150 0 3 36
a 2372 1980 0 2 39
a 2372 2276 0 4 49
a 2372 961 0 5 9
a 2372 2713 0 6 29
a 2372 1024 0 5 48
a 2372 2976 0 8 48
a 2372 114 0 2 17
a 2372 2184 0 8 29
a 2372 2809 0 10 2
a 2394 1165 0 495 13
a 2394 1662 0 4 2
a 2394 202 0 9 31
a 2394 2752 0 8 13
a 2394 19 0 10 47
a 2394 341 0 1 13
a 2394 115 0 4 31
a 2403 1037 0 495 50
a 2403 524 0 8 20
a 2403 2382 0 10 39
a 2403 1023 0 4 33
a 2403 1301 0 6 26
a 2403 503 0 5 7
a 2403 415 0 1 43
a 2403 2081 0 4 23
a 2403 2155 0 7 17
a 2403 2537 0 10 14
a 2403 2721 0 1 40
a 2403 2657 0 7 28
a 2403 418 0 5 33
a 2403 829 0 6 26
a 2403 2717 0 10 16
a 2425 276 0 495 45
a 2425 2717 0 8 32
a 2425 2229 0 10 3
a 2428 783 0 495 24
a 2428 2123 0 2 49
a 2428 1972 0 4 47
a 2428 403 0 6 34
a 2428 1829 0 9 31
a 2428 1022 0 7 29
a 2428 114 0 1 41
a 2428 2251 0 6 12
a 2428 1962 0 7 18
a 2428 1350 0 2 16
a 2428 1960 0 6 43
a 2428 916 0 5 10
a 2428 2975 0 3 27
a 2428 2644 0 4 2
a 2428 1206 0 6 35
a 2428 2868 0 4 49
a 2428 857 0 8 4
a 2428 298 0 2 34
a 2464 126 0 495 50
a 2464 737 0 8 42
a 2464 2422 0 3 20
a 2464 1422 0 4 26
a 2464 1557 0 5 12
a 2464 2362 0 7 18
a 2464 2809 0 2 5
a 2464 2634 0 4 4
a 2464 933 0 10 14
a 2464 2611 0 5 24
a 2464 182 0 3 31
a 2464 2900 0 4 38
a 2481 2066 0 495 16
a 2481 1492 0 5 46
a 2481 886 0 5 34
a 2481 448 0 6 13
a 2481 1361 0 6 45
a 2481 326 0 5 3
a 2481 2777 0 3 37
a 2481 2566 0 2 33
a 2482 2700 0 495 50
a 2482 1578 0 6 13
a 2482 2173 0 2 19
a 2482 2786 0 5 7
a 2482 1771 0 4 30
a 2482 461 0 6 8
a 2482 2937 0 6 20
a 2482 665 0 9 19
a 2482 404 0 7 9
a 2482 1034 0 2 25
a 2482 2707 0 7 25
a 2482 2891 0 3 10
a 2485 317 0 495 46
a 2485 1444 0 8 41
a 2485 1372 0 8 26
a 2485 2785 0 1 3
a 2485 142 0 6 9
a 2485 1551 0 2 27
a 2485 86 0 9 37
a 2485 1073 0 8 22
a 2485 940 0 4 18
a 2485 2553 0 1 3
a 2485 114 0 9 33
a 2485 2952 0 10 31
a 2485 1480 0 9 46
a 2485 1249 0 7 37
a 2485 1786 0 8 29
a 2485 2658 0 10 13
a 2510 744 0 495 50
a 2510 1357 0 1 16
a 2510 429 0 1 19
a 2510 1030 0 7 25
a 2510 1411 0 2 40
a 2510 1124 0 7 26
a 2510 486 0 9 48
a 2510 1592 0 9 14
a 2510 146 0 5 33
a 2510 1219 0 10 42
a 2510 1390 0 3 23
a 2510 347 0 6 33
a 2510 2679 0 1 41
a 2510 965 0 1 28
a 2546 2916 0 495 50
a 2546 2446 0 8 22
a 2546 1360 0 2 16
a 2546 1687 0 2 21
a 2546 1788 0 10 4
a 2546 1486 0 1 1
a 2557 1605 0 495 50
a 2557 1637 0 9 9
a 2557 2658 0 5 30
a 2557 792 0 1 32
a 2557 2559 0 7 12
a 2557 2906 0 4 41
a 2557 2484 0 5 42
a 2557 2747 0 5 48
a 2557 410 0 5 30
a 2565 1033 0 495 10
a 2565 1985 0 5 10
a 2565 1708 0 9 28
a 2565 1132 0 5 21
a 2565 1360 0 1 5
a 2565 2713 0 1 3
a 2565 277 0 7 21
a 2565 2740 0 8 34
a 2565 2855 0 9 25
a 2565 1101 0 8 14
a 2566 954 0 495 19
a 2566 2086 0 8 45
a 2566 1441 0 5 3
a 2581 233 0 495 50
a 2581 895 0 1 47
a 2581 2871 0 6 22
a 2581 2008 0 3 35
a 2581 597 0 1 5
a 2581 2613 0 1 7
a 2581 753 0 6 26
a 2581 2131 0 7 5
a 2581 1687 0 1 7
a 2581 2777 0 7 6
a 2602 1674 0 495 35
a 2602 2863 0 5 43
a 2602 499 0 6 3
a 2602 466 0 3 13
a 2602 795 0 1 18
a 2602 1957 0 3 35
a 2602 1629 0 9 12
a 2602 2911 0 2 4
a 2602 197 0 9 18
a 2602 2461 0 4 30
a 2602 683 0 8 25
a 2602 474 0 1 31
a 2602 1380 0 7 43
a 2602 224 0 5 39
a 2602 2312 0 2 30
a 2602 1549 0 5 31
a 2602 676 0 2 18
a 2607 2346 0 495 46
a 2607 854 0 9 13
a 2609 1279 0 495 21
a 2609 2187 0 1 30
a 2609 2277 0 6 49
a 2609 1878 0 3 25
a 2609 1129 0 1 28
a 2609 1897 0 1 8
a 2609 478 0 8 23
a 2609 1817 0 9 44
a 2609 2490 0 1 8
a 2609 626 0 4 34
a 2609 2920 0 2 28
a 2609 430 0 3 33
a 2609 2481 0 10 36
a 2620 278 0 495 9
a 2620 491 0 8 39
a 2620 912 0 4 12
a 2620 1559 0 7 21
a 2628 387 0 495 50
a 2628 971 0 4 13
a 2628 112 0 1 6
a 2628 1812 0 9 33
a 2628 430 0 2 1
a 2628 1938 0 4 18
a 2628 719 0 2 33
a 2628 1966 0 1 47
a 2628 1020 0 9 21
a 2628 2536 0 3 38
a 2628 1984 0 3 48
a 2628 1089 0 6 49
a 2636 2349 0 495 50
a 2636 1375 0 6 5
a 2636 161 0 3 9
a 2643 1832 0 495 50
a 2643 2664 0 7 22
a 2643 356 0 9 18
a 2643 2224 0 5 47
a 2643 1430 0 2 33
a 2643 2600 0 4 32
a 2655 1669 0 495 29
a 2655 2175 0 7 42
a 2655 40 0 7 32
a 2655 2218 0 4 40
a 2655 1835 0 1 3
a 2655 1334 0 10 27
a 2655 1695 0 9 4
a 2655 688 0 2 40
a 2655 2679 0 2 9
a 2655 679 0 2 46
a 2655 560 0 7 2
a 2655 2283 0 9 4
a 2655 1224 0 10 43
a 2699 297 0 495 46
a 2699 432 0 5 30
a 2699 1335 0 7 19
a 2700 196 0 495 49
a 2700 1113 0 2 43
a 2700 2300 0 5 29
a 2700 1906 0 1 46
a 2700 1422 0 4 13
a 2700 179 0 4 12
a 2700 986 0 3 40
a 2700 717 0 1 41
a 2700 581 0 2 16
a 2700 1827 0 10 33
a 2700 1770 0 3 47
a 2708 221 0 495 50
a 2708 1243 0 2 29
a 2708 2272 0 1 21
a 2708 2357 0 3 10
a 2708 647 0 6 6
a 2708 549 0 2 15
a 2708 2465 0 10 44
a 2708 2954 0 2 28
a 2708 897 0 8 17
a 2708 2709 0 1 3
a 2708 2305 0 8 35
a 2708 1764 0 5 37
a 2708 1338 0 10 42
a 2708 609 0 10 18
a 2708 606 0 8 38
a 2708 380 0 9 24
a 2720 1374 0 495 31
a 2720 1212 0 7 32
a 2736 2036 0 495 42
a 2736 2296 0 2 2
a 2736 2363 0 6 31
a 2736 1995 0 10 42
a 2736 2943 0 6 32
a 2736 265 0 1 40
a 2736 114 0 6 4
a 2736 739 0 4 12
a 2794 2986 0 495 50
a 2794 489 0 495 50
a 2794 1949 0 9 26
a 2794 1680 0 2 2
a 2801 1110 0 495 50
a 2801 1781 0 1 24
a 2801 2687 0 3 14
a 2801 1748 0 5 12
a 2801 2487 0 1 41
a 2801 2907 0 8 32
a 2801 2454 0 2 2
a 2801 1362 0 6 29
a 2801 2795 0 3 19
a 2801 969 0 2 1
a 2801 1063 0 4 18
a 2801 2112 0 10 23
a 2801 1164 0 8 13
a 2801 872 0 2 46
a 2851 2720 0 495 16
a 2851 2951 0 6 21
a 2851 1857 0 6 28
a 2851 1832 0 5 43
a 2851 1196 0 4 41
a 2851 2568 0 8 39
a 2851 1812 0 5 14
a 2885 2801 0 495 38
a 2885 2219 0 10 27
a 2885 121 0 5 17
a 2885 1427 0 8 7
a 2885 2884 0 5 4
a 2885 1180 0 8 44
a 2885 252 0 9 36
a 2885 2937 0 2 50
a 2885 1746 0 8 31
a 2885 353 0 3 45
a 2885 1747 0 5 27
a 2885 987 0 7 14
a 2885 1096 0 10 27
a 2885 2206 0 2 20
a 2885 2341 0 3 4
a 2892 1523 0 495 37
a 2892 622 0 4 4
a 2892 66 0 2 27
a 2892 1283 0 3 29
a 2892 648 0 9 36
a 2892 672 0 6 26
a 2892 1641 0 6 15
a 2892 1216 0 1 12
a 2892 2209 0 3 13
a 2892 2937 0 10 10
a 2897 2991 0 495 50
a 2897 802 0 8 26
a 2897 437 0 7 30
a 2897 2439 0 6 14
a 2897 90 0 1 2
a 2897 491 0 8 29
a 2897 653 0 2 17
a 2900 1486 0 495 50
a 2900 1688 0 8 17
a 2900 241 0 2 47
a 2900 2152 0 9 15
a 2916 1791 0 495 12
a 2916 1214 0 4 4
a 2916 2281 0 6 7
a 2916 970 0 4 13
a 2916 2337 0 8 46
a 2916 149 0 7 50
a 2916 931 0 8 30
a 2916 2642 0 5 21
a 2916 1344 0 5 2
a 2916 2309 0 2 20
a 2916 566 0 4 1
a 2916 1300 0 1 18
a 2916 1122 0 10 44
a 2916 778 0 5 3
a 2916 1545 0 3 25
a 2916 2686 0 2 28
a 2934 2609 0 495 50
a 2934 984 0 4 36
a 2934 1433 0 9 24
a 2934 408 0 7 21
a 2934 2133 0 8 37
a 2934 2972 0 8 45
a 2934 1093 0 4 46
a 2934 2000 0 2 50
a 2949 2699 0 495 50
a 2949 1875 0 2 35
a 2949 485 0 5 40
a 2949 622 0 9 50
a 2949 841 0 2 29
a 2949 1200 0 3 3
a 2949 256 0 9 16
a 2949 801 0 9 19
a 2949 434 0 9 34
a 2949 2274 0 3 22
a 2954 1533 0 495 39
a 2954 1833 0 4 11
a 2954 1029 0 5 20
a 2954 2123 0 1 26
a 2954 2462 0 6 33
a 2954 1804 0 1 10
a 2954 142 0 6 45
a 2954 2321 0 3 23
a 2954 2747 0 6 29
a 2964 623 0 495 50
a 2964 1389 0 3 12
a 2964 787 0 7 46
a 2964 700 0 3 39
a 2964 2352 0 8 41
a 2964 480 0 5 21
a 2964 682 0 5 13
a 2964 1567 0 6 34
a 2974 2981 0 495 28
a 2974 2047 0 4 7
a 2981 1740 0 495 50
a 2981 1815 0 9 26
a 2981 1818 0 1 45
a 2981 1324 0 9 13
a 2981 2275 0 3 31
a 2981 95 0 10 28
a 2981 1637 0 4 26
a 2981 326 0 2 16
a 2981 2674 0 1 13
a 8 2228 0 380 15
a 8 1152 0 3 22
a 8 2359 0 3 6
a 8 50 0 4 36
a 8 1057 0 7 4
a 8 2261 0 2 12
a 39 1153 0 380 50
a 39 2904 0 4 10
a 39 1285 0 8 11
a 57 613 0 380 50
a 57 2603 0 2 49
a 57 2805 0 1 27
a 57 1903 0 10 34
a 57 1767 0 10 34
a 57 1717 0 2 43
a 57 578 0 6 37
a 57 1282 0 5 50
a 57 2121 0 10 28
a 57 2024 0 5 1
a 57 2289 0 7 25
a 85 1556 0 380 39
a 85 2925 0 8 1
a 85 2325 0 5 41
a 85 2528 0 10 35
a 85 1515 0 8 8
a 85 2571 0 9 42
a 85 139 0 1 45
a 85 59 0 8 40
a 85 1981 0 9 19
a 85 927 0 4 48
a 85 2592 0 6 7
a 85 2013 0 2 16
a 85 520 0 1 6
a 85 1617 0 9 29
a 85 2910 0 6 23
a 92 645 0 380 50
a 92 2116 0 2 29
a 92 2687 0 3 37
a 92 2958 0 3 46
a 92 2808 0 2 16
a 92 1555 0 2 34
a 92 2104 0 7 43
a 92 585 0 7 39
a 95 2816 0 380 14
a 95 996 0 8 22
a 95 1024 0 10 28
a 95 2433 0 10 39
a 95 1792 0 6 3
a 95 1192 0 3 36
a 95 154 0 7 27
a 95 1225 0 1 20
a 95 1336 0 5 21
a 95 869 0 1 18
a 95 1571 0 3 7
a 95 744 0 10 33
a 95 1154 0 9 27
a 109 1072 0 380 50
a 109 366 0 7 4
a 109 1316 0 8 33
a 109 1025 0 9 43
a 109 2333 0 10 23
a 109 1508 0 6 48
a 109 2577 0 2 26
a 109 579 0 8 45
a 109 1359 0 6 27
a 109 1403 0 1 10
a 109 1885 0 5 34
a 109 2383 0 5 19
a 109 1902 0 10 12
a 109 2077 0 3 42
a 109 1854 0 1 25
a 109 1087 0 3 10
a 115 1859 0 380 50
a 115 1338 0 2 44
a 115 316 0 3 19
a 115 2063 0 10 48
a 115 403 0 7 46
a 115 351 0 6 32
a 115 882 0 4 9
a 115 917 0 9 18
a 115 2006 0 4 32
a 115 2282 0 2 44
a 115 2515 0 1 14
a 115 1224 0 4 13
a 119 2095 0 380 3
a 119 939 0 6 22
a 119 2043 0 3 21
a 119 458 0 6 3
a 119 2964 0 6 42
a 119 140 0 10 38
a 119 169 0 6 45
a 119 241 0 9 5
a 119 1849 0 4 14
a 119 1677 0 8 30
a 119 1170 0 6 2
a 124 2234 0 380 4
a 124 993 0 5 27
a 124 2931 0 4 44
a 133 2948 0 380 27
a 133 1431 0 9 44
a 133 2258 0 6 35
a 133 1069 0 8 14
a 133 808 0 6 32
a 133 405 0 8 13
a 133 417 0 7 11
a 133 2241 0 1 4
a 160 2306 0 380 22
a 160 1810 0 9 10
a 160 2954 0 1 9
a 160 423 0 5 10
a 160 2695 0 2 11
a 160 1030 0 6 3
a 160 984 0 6 50
a 160 2628 0 3 47
a 160 2118 0 7 15
a 160 2553 0 8 26
a 160 67 0 8 24
a 160 43 0 4 34
a 160 2163 0 2 42
a 160 2051 0 2 27
a 194 2906 0 380 14
a 194 426 0 2 24
a 194 883 0 6 36
a 194 2510 0 1 29
a 194 431 0 8 34
a 194 1142 0 5 43
a 194 2710 0 6 22
a 194 1602 0 4 9
a 194 1071 0 7 22
a 194 841 0 6 1
a 194 52 0 2 46
a 194 1713 0 3 42
a 194 282 0 8 17
a 194 1656 0 6 20
a 194 823 0 5 21
a 224 1291 0 380 35
a 224 2099 0 2 38
a 224 2335 0 3 41
a 224 740 0 3 17
a 224 206 0 6 31
a 224 1409 0 7 1
a 224 36 0 4 50
a 227 2600 0 380 50
a 227 1420 0 6 32
a 266 1011 0 380 42
a 266 1728 0 4 16
a 266 1782 0 6 35
a 266 800 0 7 5
a 266 1230 0 7 15
a 266 2574 0 10 30
a 266 2621 0 2 48
a 266 435 0 9 3
a 266 2162 0 9 35
a 266 2158 0 4 4
a 266 2683 0 3 18
a 266 184 0 3 8
a 266 2019 0 4 2
a 266 1081 0 6 44
a 266 28 0 6 33
a 266 537 0 7 13
a 266 378 0 1 7
a 266 2128 0 4 43
a 273 687 0 380 23
a 273 205 0 4 40
a 273 1023 0 10 42
a 273 2216 0 9 21
a 306 95 0 380 50
a 306 2862 0 10 42
a 306 466 0 7 28
a 306 163 0 10 5
a 306 269 0 7 45
a 306 1472 0 10 33
a 306 945 0 9 3
a 306 885 0 3 36
a 322 1451 0 380 50
a 322 473 0 5 10
a 322 114 0 8 10
a 322 1641 0 5 24
a 322 1322 0 2 9
a 322 1034 0 6 19
a 322 1137 0 6 41
a 322 1800 0 8 19
a 322 599 0 9 9
a 322 1168 0 2 20
a 322 2247 0 7 35
a 322 1856 0 10 48
a 322 1607 0 9 5
a 322 463 0 4 17
a 322 22 0 1 31
a 322 1428 0 9 18
a 322 2249 0 7 42
a 346 575 0 380 47
a 346 2840 0 1 8
a 346 745 0 10 3
a 346 2435 0 5 40
a 346 2038 0 8 16
a 346 2969 0 7 27
a 346 1032 0 7 25
a 346 2620 0 9 44
a 346 111 0 5 48
a 346 1547 0 6 42
a 346 1364 0 8 34
a 346 685 0 7 24
a 346 988 0 2 26
a 369 1927 0 380 50
a 369 1168 0 3 2
a 369 1714 0 5 42
a 369 430 0 5 50
a 369 1137 0 9 2
a 369 1234 0 10 20
a 369 1912 0 9 35
a 369 1815 0 5 43
a 369 1916 0 5 37
a 369 1237 0 4 28
a 393 1320 0 380 5
a 393 2110 0 1 2
a 393 746 0 7 19
a 393 451 0 10 27
a 393 782 0 9 11
a 393 60 0 9 18
a 393 524 0 9 27
a 425 684 0 380 34
a 425 2119 0 10 31
a 453 1621 0 380 50
a 453 887 0 1 50
a 453 387 0 7 33
a 453 1344 0 8 15
a 453 2644 0 9 26
a 469 972 0 380 13
a 469 206 0 3 16
a 469 92 0 7 22
a 469 2919 0 10 23
a 469 1481 0 10 25
a 469 180 0 8 7
a 469 1635 0 10 30
a 469 2388 0 2 8
a 469 2573 0 6 44
a 469 2808 0 10 44
a 469 41 0 7 50
a 469 2892 0 4 6
a 469 2926 0 4 26
a 469 549 0 8 20
a 469 191 0 2 19
a 469 649 0 5 27
a 469 687 0 6 1
a 469 826 0 1 30
a 481 2561 0 380 50
a 481 1457 0 2 36
a 481 2524 0 4 3
a 481 395 0 4 31
a 481 2191 0 8 50
a 481 2051 0 3 11
a 481 1526 0 3 20
a 481 1788 0 10 6
a 528 2337 0 380 50
a 528 1314 0 9 45
a 528 1014 0 2 20
a 528 1962 0 10 32
a 528 2402 0 9 31
a 528 1153 0 8 32
a 528 2082 0 7 16
a 528 746 0 4 31
a 528 1645 0 10 48
a 528 464 0 7 37
a 528 821 0 6 24
a 528 427 0 5 7
a 528 298 0 9 33
a 528 1785 0 9 14
a 528 824 0 8 12
a 528 581 0 4 18
a 528 1513 0 2 4
a 528 1478 0 10 1
a 567 306 0 380 23
a 567 164 0 3 8
a 567 1741 0 1 46
a 567 773 0 7 25
a 567 196 0 2 37
a 567 935 0 1 30
a 567 703 0 5 4
a 567 984 0 3 7
a 567 528 0 1 24
a 567 20 0 5 10
a 570 617 0 380 50
a 570 1444 0 2 17
a 570 1407 0 4 21
a 570 1538 0 7 39
a 570 1882 0 9 46
a 570 1231 0 8 10
a 570 1673 0 3 29
a 570 1688 0 3 10
a 570 1753 0 8 49
a 570 1809 0 4 42
a 570 2117 0 6 28
a 572 194 0 380 50
a 572 2776 0 8 39
a 572 2698 0 5 7
a 572 1672 0 3 22
a 572 2003 0 7 16
a 572 2171 0 3 4
a 572 2614 0 7 32
a 572 2254 0 3 12
a 572 2627 0 1 40
a 572 1818 0 4 42
a 572 2121 0 10 15
a 572 1956 0 9 15
a 575 937 0 380 50
a 575 842 0 8 30
a 583 2717 0 380 50
a 583 2813 0 2 13
a 583 912 0 4 21
a 583 2848 0 10 24
a 583 347 0 7 1
a 583 1149 0 5 12
a 583 1630 0 4 34
a 583 242 0 10 3
a 583 2469 0 6 5
a 583 2721 0 5 12
a 601 1623 0 380 50
a 601 1069 0 1 12
a 601 1510 0 5 15
a 601 2481 0 2 29
a 601 2549 0 3 21
a 601 2690 0 5 19
a 601 2617 0 9 45
a 613 2979 0 380 22
a 613 53 0 9 43
a 613 504 0 3 14
a 613 2222 0 5 4
a 613 2813 0 3 20
a 613 1885 0 8 33
a 613 2854 0 7 24
a 613 1642 0 9 41
a 613 2155 0 1 47
a 613 1160 0 8 16
a 613 663 0 9 3
a 613 568 0 2 28
a 613 1337 0 4 33
a 613 350 0 2 30
a 613 2311 0 8 2
a 613 401 0 3 35
a 613 2329 0 4 20
a 617 2969 0 380 50
a 617 1841 0 3 35
a 617 2000 0 7 20
a 617 2732 0 2 5
a 617 1053 0 2 9
a 617 2126 0 3 7
a 617 2806 0 2 15
a 617 1808 0 9 43
a 617 2328 0 6 7
a 617 1851 0 5 43
a 617 2760 0 2 36
a 617 736 0 3 43
a 617 1888 0 5 22
a 617 2688 0 3 49
a 617 2365 0 4 15
a 617 2826 0 1 44
a 617 410 0 1 14
a 645 2141 0 380 3
a 645 2201 0 1 23
a 645 1252 0 10 30
a 645 151 0 4 8
a 645 32 0 10 49
a 645 2513 0 5 13
a 645 2740 0 3 4
a 645 1295 0 4 38
a 668 133 0 380 35
a 668 2555 0 3 31
a 684 2545 0 380 7
a 684 2391 0 4 11
a 684 2969 0 3 48
a 684 471 0 1 2
a 684 2458 0 5 16
a 684 546 0 10 44
a 684 2466 0 7 33
a 684 286 0 9 1
a 684 220 0 7 6
a 684 857 0 1 22
a 684 700 0 9 29
a 684 2470 0 1 43
a 684 1989 0 5 29
a 687 802 0 380 50
a 687 2081 0 1 44
a 687 474 0 1 14
a 687 1972 0 2 15
a 716 2090 0 380 50
a 716 755 0 8 38
a 719 860 0 380 50
a 719 954 0 8 39
a 719 227 0 2 47
a 719 233 0 8 6
a 719 1766 0 1 4
a 719 742 0 6 50
a 719 2299 0 3 43
a 719 1218 0 7 10
a 719 546 0 9 23
a 719 669 0 8 43
a 719 2767 0 6 13
a 719 583 0 10 13
a 719 59 0 4 32
a 719 2479 0 4 24
a 719 2826 0 7 42
a 719 2130 0 5 27
a 719 305 0 6 38
a 720 39 0 380 50
a 720 415 0 1 5
a 720 2901 0 8 41
a 720 1578 0 2 3
a 720 1585 0 6 26
a 728 2293 0 380 50
a 728 1766 0 10 34
a 728 605 0 8 40
a 728 1489 0 6 21
a 728 753 0 8 35
a 762 2674 0 380 50
a 762 2511 0 3 10
a 762 2900 0 8 49
a 762 2219 0 6 48
a 762 1720 0 2 2
a 762 34 0 2 22
a 762 570 0 10 24
a 762 868 0 3 32
a 802 572 0 380 39
a 802 522 0 2 45
a 802 2893 0 1 46
a 802 1074 0 4 11
a 802 517 0 8 50
a 802 1582 0 7 8
a 802 688 0 7 3
a 802 35 0 9 43
a 802 1173 0 1 43
a 802 2984 0 9 34
a 807 1404 0 380 50
a 807 2291 0 2 10
a 807 1060 0 2 31
a 807 177 0 1 20
a 807 264 0 1 13
a 807 1266 0 10 47
a 807 494 0 1 32
a 813 1246 0 380 8
a 813 2986 0 10 47
a 813 781 0 4 40
a 813 1992 0 8 33
a 814 1820 0 380 50
a 814 882 0 3 43
a 814 702 0 9 28
a 814 1336 0 6 20
a 814 2316 0 2 3
a 814 2600 0 1 6
a 814 2626 0 3 27
a 830 807 0 380 1
a 830 2938 0 3 11
a 830 1473 0 1 8
a 830 306 0 1 12
a 830 688 0 4 42
a 830 948 0 1 37
a 830 579 0 7 13
a 830 2470 0 1 1
a 830 1680 0 9 34
a 843 85 0 380 47
a 843 2004 0 3 36
a 843 1335 0 3 45
a 843 1264 0 6 21
a 850 932 0 380 10
a 850 1938 0 10 36
a 850 542 0 9 50
a 860 2789 0 380 50
a 860 2989 0 6 17
a 860 865 0 9 12
a 860 1492 0 4 21
a 860 1020 0 8 33
a 860 318 0 2 34
a 860 2063 0 8 2
a 860 1030 0 3 16
a 860 994 0 2 39
a 860 1648 0 6 14
a 860 2203 0 1 21
a 860 2977 0 5 41
a 860 647 0 10 30
a 920 2759 0 380 48
a 920 153 0 4 20
a 920 837 0 10 21
a 932 1994 0 380 50
a 932 1345 0 4 26
a 932 2376 0 1 29
a 932 1930 0 8 29
a 932 1663 0 10 39
a 932 1373 0 7 16
a 932 2710 0 10 44
a 932 477 0 9 17
a 932 1674 0 10 41
a 932 1057 0 4 38
a 932 1581 0 3 49
a 932 1969 0 4 44
a 932 1577 0 3 1
a 932 1609 0 2 33
a 932 1113 0 7 3
a 932 2273 0 8 18
a 932 2636 0 8 40
a 932 2555 0 1 26
a 937 1371 0 380 29
a 937 2299 0 2 17
a 937 1596 0 3 47
a 937 414 0 1 2
a 937 2189 0 9 38
a 937 2396 0 6 11
a 937 2197 0 3 22
a 937 2933 0 10 5
a 937 1658 0 5 46
a 937 439 0 6 30
a 937 1951 0 3 50
a 937 1304 0 7 25
a 937 1803 0 4 40
a 937 2085 0 2 7
a 937 20 0 6 16
a 947 1926 0 380 45
a 947 2621 0 3 20
a 947 2193 0 10 10
a 947 2873 0 3 41
a 947 2586 0 2 11
a 947 2940 0 6 44
a 947 1912 0 10 41
a 947 2593 0 10 11
a 947 547 0 4 25
a 947 99 0 1 14
a 947 2095 0 8 4
a 947 159 0 5 45
a 947 1564 0 5 15
a 947 315 0 10 38
a 947 789 0 4 17
a 947 2714 0 9 38
a 953 2735 0 380 41
a 953 594 0 7 1
a 953 2462 0 5 38
a 953 807 0 2 23
a 953 1937 0 1 38
a 953 1511 0 4 3
a 971 1831 0 380 50
a 971 125 0 3 33
a 971 199 0 8 49
a 971 2090 0 1 40
a 971 2844 0 3 12
a 972 1367 0 380 50
a 972 270 0 10 41
a 978 2299 0 380 18
a 978 1250 0 6 27
a 978 202 0 5 21
a 978 1929 0 9 31
a 978 648 0 5 47
a 978 2478 0 5 35
a 978 706 0 9 36
a 978 2351 0 5 30
a 978 716 0 9 3
a 978 635 0 1 11
a 978 1920 0 2 20
a 978 2355 0 7 25
a 978 2524 0 3 4
a 978 2965 0 9 24
a 978 2579 0 7 35
a 978 1677 0 6 37
a 978 1317 0 8 27
a 978 1971 0 9 45
a 1009 1635 0 380 50
a 1009 2294 0 4 23
a 1009 1120 0 6 2
a 1009 2289 0 5 46
a 1009 886 0 5 6
a 1009 1234 0 1 42
a 1009 1675 0 7 38
a 1009 1745 0 10 49
a 1009 1829 0 7 15
a 1009 488 0 1 29
a 1009 2388 0 6 40
a 1009 2069 0 1 47
a 1009 2839 0 1 37
a 1009 826 0 10 30
a 1011 947 0 380 27
a 1011 1308 0 6 30
a 1011 2215 0 10 5
a 1011 79 0 7 43
a 1011 2586 0 9 18
a 1011 1861 0 1 13
a 1011 225 0 7 34
a 1011 580 0 4 37
a 1011 2245 0 8 9
a 1011 627 0 3 32
a 1011 779 0 8 46
a 1011 600 0 1 33
a 1011 265 0 8 16
a 1011 2615 0 6 48
a 1011 2161 0 1 22
a 1016 1074 0 380 50
a 1016 992 0 10 26
a 1016 1289 0 6 14
a 1022 2842 0 380 45
a 1022 1841 0 6 39
a 1022 2951 0 3 24
a 1022 1215 0 8 26
a 1069 2418 0 380 25
a 1069 1724 0 6 7
a 1069 2809 0 9 19
a 1069 2081 0 4 33
a 1069 43 0 8 21
a 1069 313 0 3 20
a 1069 2994 0 8 43
a 1069 200 0 10 16
a 1069 2611 0 9 24
a 1069 1727 0 9 42
a 1069 1439 0 5 3
a 1069 1974 0 9 50
a 1069 2080 0 9 3
a 1069 2284 0 2 28
a 1069 433 0 7 1
a 1069 1935 0 4 20
a 1069 1029 0 3 4
a 1069 2552 0 9 14
a 1072 2080 0 380 50
a 1072 2529 0 6 38
a 1072 1496 0 4 7
a 1072 1982 0 3 10
a 1074 762 0 380 17
a 1074 459 0 10 1
a 1074 2764 0 5 9
a 1074 1949 0 6 31
a 1079 1442 0 380 5
a 1079 1283 0 1 38
a 1079 860 0 10 29
a 1079 18 0 2 19
a 1079 253 0 9 39
a 1079 2501 0 2 17
a 1089 273 0 380 8
a 1089 2609 0 10 46
a 1089 485 0 3 46
a 1089 987 0 1 32
a 1089 2180 0 8 35
a 1089 942 0 7 15
a 1089 944 0 8 35
a 1089 1335 0 6 49
a 1096 2704 0 380 29
a 1096 994 0 7 7
a 1096 2884 0 5 17
a 1096 2665 0 9 13
a 1102 1435 0 380 50
a 1102 1625 0 4 15
a 1102 2946 0 6 28
a 1102 2549 0 1 47
a 1102 315 0 6 22
a 1102 1838 0 5 25
a 1102 177 0 8 50
a 1102 2362 0 2 33
a 1102 1339 0 3 29
a 1102 1491 0 7 47
a 1102 1382 0 5 39
a 1133 322 0 380 50
a 1133 2153 0 9 19
a 1133 1176 0 4 37
a 1133 1785 0 8 28
a 1133 2862 0 10 38
a 1133 2385 0 2 46
a 1133 720 0 8 30
a 1133 1810 0 1 13
a 1133 2705 0 8 22
a 1133 2998 0 4 39
a 1133 1059 0 5 22
a 1133 2398 0 6 8
a 1133 740 0 5 8
a 1133 2112 0 5 23
a 1133 461 0 5 11
a 1133 831 0 2 43
a 1153 1069 0 380 50
a 1153 2048 0 7 14
a 1153 1664 0 4 10
a 1153 569 0 2 22
a 1153 1326 0 10 45
a 1153 996 0 9 42
a 1153 2267 0 9 25
a 1153 2295 0 3 26
a 1153 1860 0 10 30
a 1153 1275 0 3 20
a 1153 1724 0 2 47
a 1153 1963 0 2 1
a 1153 1306 0 4 7
a 1153 1138 0 2 48
a 1153 1199 0 5 46
a 1166 2102 0 380 4
a 1166 428 0 10 39
a 1166 2815 0 1 42
a 1166 821 0 5 28
a 1166 2370 0 4 8
a 1166 724 0 8 26
a 1166 1076 0 5 18
a 1166 70 0 8 19
a 1166 2206 0 10 40
a 1166 1265 0 4 17
a 1166 1764 0 1 47
a 1166 2467 0 5 23
a 1166 2078 0 5 34
a 1200 2780 0 380 50
a 1200 2610 0 5 29
a 1200 922 0 5 49
a 1200 408 0 9 25
a 1201 1016 0 380 38
a 1201 1146 0 8 33
a 1201 81 0 4 12
a 1201 1537 0 6 6
a 1201 2220 0 1 50
a 1201 404 0 7 10
a 1201 656 0 2 33
a 1201 353 0 10 1
a 1201 1187 0 3 4
a 1201 2451 0 2 24
a 1201 1913 0 4 12
a 1201 1540 0 1 36
a 1201 478 0 6 11
a 1202 1687 0 380 18
a 1202 161 0 3 45
a 1202 2143 0 10 34
a 1202 759 0 6 28
a 1202 1142 0 8 19
a 1202 2363 0 7 47
a 1202 936 0 3 17
a 1202 2759 0 9 17
a 1202 264 0 2 44
a 1202 2501 0 1 47
a 1202 1387 0 3 26
a 1202 1944 0 1 42
a 1202 453 0 5 9
a 1202 2948 0 6 25
a 1202 2878 0 7 48
a 1202 887 0 3 33
a 1202 2818 0 10 43
a 1203 1399 0 380 50
a 1203 1650 0 3 41
a 1203 2137 0 9 15
a 1203 1069 0 5 44
a 1203 2078 0 8 46
a 1217 2316 0 380 37
a 1217 220 0 9 26
a 1217 460 0 10 22
a 1217 1452 0 4 42
a 1217 684 0 9 25
a 1217 2935 0 6 44
a 1217 2155 0 9 24
a 1217 2621 0 6 16
a 1217 1948 0 3 7
a 1222 813 0 380 11
a 1222 209 0 9 33
a 1222 1274 0 1 44
a 1222 529 0 5 13
a 1222 2346 0 6 35
a 1222 101 0 6 48
a 1222 505 0 10 13
a 1222 2083 0 4 42
a 1222 1684 0 7 31
a 1222 1928 0 5 28
a 1222 2685 0 10 14
a 1222 1341 0 3 20
a 1222 444 0 4 39
a 1222 987 0 8 6
a 1222 2608 0 4 2
a 1222 344 0 6 15
a 1222 1762 0 2 18
a 1222 2197 0 3 38
a 1246 2861 0 380 50
a 1246 1312 0 1 50
a 1246 1602 0 1 22
a 1246 765 0 8 43
a 1246 376 0 1 31
a 1246 557 0 1 35
a 1246 469 0 2 46
a 1246 565 0 10 30
a 1246 225 0 2 48
a 1246 737 0 9 46
a 1248 1102 0 380 50
a 1248 1622 0 10 50
a 1248 2773 0 10 11
a 1284 1767 0 380 41
a 1284 2056 0 8 17
a 1284 869 0 1 37
a 1284 380 0 1 13
a 1284 1883 0 3 31
a 1284 588 0 2 10
a 1284 1926 0 1 1
a 1284 294 0 6 32
a 1284 2359 0 9 48
a 1284 1260 0 3 38
a 1284 802 0 8 14
a 1284 2959 0 8 21
a 1284 1136 0 9 45
a 1284 1506 0 6 5
a 1284 1244 0 7 8
a 1284 510 0 8 25
a 1284 1210 0 4 34
a 1285 1844 0 380 11
a 1285 1798 0 1 20
a 1285 1903 0 4 36
a 1285 720 0 10 9
a 1285 2008 0 10 7
a 1285 2251 0 1 25
a 1285 1942 0 4 34
a 1285 468 0 7 42
a 1285 1310 0 2 22
a 1285 1430 0 9 26
a 1285 1190 0 3 8
a 1291 2783 0 380 35
a 1291 1323 0 5 15
a 1291 1412 0 1 35
a 1291 135 0 8 28
a 1291 2515 0 8 33
a 1291 1778 0 3 24
a 1314 2055 0 380 50
a 1314 2001 0 4 25
a 1314 1853 0 6 30
a 1314 1114 0 1 25
a 1314 1598 0 6 42
a 1320 2319 0 380 19
a 1320 383 0 4 10
a 1320 2452 0 2 1
a 1320 2734 0 9 6
a 1320 46 0 10 44
a 1320 2451 0 5 23
a 1367 2391 0 380 48
a 1367 1878 0 1 2
a 1367 2839 0 7 44
a 1371 1009 0 380 38
a 1371 1208 0 7 13
a 1371 329 0 3 46
a 1371 2313 0 1 18
a 1371 1737 0 8 9
a 1371 1650 0 8 20
a 1371 1352 0 9 19
a 1371 1055 0 7 2
a 1371 2355 0 2 24
a 1371 1184 0 3 13
a 1371 1956 0 1 8
a 1384 843 0 380 50
a 1384 1327 0 2 45
a 1384 2639 0 6 9
a 1384 2546 0 5 30
a 1395 2598 0 380 50
a 1395 1462 0 3 15
a 1395 2216 0 5 8
a 1395 1698 0 6 3
a 1395 1606 0 5 47
a 1395 2587 0 7 4
a 1395 595 0 4 31
a 1395 1461 0 5 9
a 1399 2812 0 380 50
a 1399 493 0 5 28
a 1399 254 0 10 47
a 1399 2823 0 10 26
a 1399 548 0 6 14
a 1399 2518 0 2 42
a 1399 2659 0 1 30
a 1399 49 0 10 8
a 1399 1528 0 8 12
a 1399 2136 0 6 16
a 1404 227 0 380 50
a 1404 2180 0 7 43
a 1404 2509 0 8 31
a 1412 1079 0 380 2
a 1412 360 0 2 13
a 1412 160 0 10 50
a 1412 1697 0 5 4
a 1412 2414 0 3 22
a 1412 1279 0 9 32
a 1412 1771 0 4 7
a 1412 966 0 9 24
a 1412 345 0 6 35
a 1429 1663 0 380 50
a 1429 379 0 5 18
a 1429 299 0 2 26
a 1429 1633 0 10 49
a 1429 1192 0 7 1
a 1429 1293 0 3 37
a 1429 1941 0 2 20
a 1435 570 0 380 50
a 1435 29 0 6 29
a 1435 503 0 1 5
a 1435 2046 0 5 31
a 1442 2952 0 380 50
a 1442 354 0 4 13
a 1442 1461 0 4 27
a 1442 2021 0 3 32
a 1442 453 0 1 26
a 1442 2960 0 3 34
a 1442 2671 0 1 3
a 1442 1195 0 1 24
a 1442 1509 0 8 33
a 1442 2711 0 3 44
a 1442 808 0 3 7
a 1442 1375 0 9 48
a 1442 2108 0 2 23
a 1451 2386 0 380 50
a 1451 2951 0 1 11
a 1451 2231 0 1 48
a 1451 357 0 1 42
a 1451 350 0 8 35
a 1451 2578 0 8 50
a 1478 528 0 380 25
a 1478 1283 0 9 1
a 1478 2831 0 7 6
a 1478 936 0 5 46
a 1478 1336 0 6 25
a 1478 1708 0 1 16
a 1478 532 0 1 16
a 1478 2625 0 3 45
a 1478 1914 0 9 8
a 1478 2824 0 7 35
a 1517 2446 0 380 32
a 1517 2993 0 380 41
a 1517 1985 0 4 22
a 1517 2150 0 7 31
a 1517 377 0 5 40
a 1517 326 0 8 50
a 1528 2281 0 380 14
a 1528 2208 0 1 23
a 1528 289 0 6 33
a 1528 2900 0 8 32
a 1528 199 0 9 42
a 1528 2582 0 9 28
a 1528 562 0 9 20
a 1528 1999 0 6 26
a 1528 524 0 6 41
a 1547 2207 0 380 47
a 1547 1621 0 4 12
a 1547 330 0 10 14
a 1547 1394 0 9 20
a 1556 160 0 380 5
a 1556 2073 0 3 23
a 1556 915 0 3 37
a 1556 1051 0 10 48
a 1556 631 0 5 16
a 1556 2924 0 6 9
a 1556 634 0 10 15
a 1556 805 0 7 8
a 1556 433 0 10 33
a 1556 1422 0 3 20
a 1556 2705 0 9 50
a 1556 1429 0 1 27
a 1556 1097 0 8 40
a 1556 1725 0 9 10
a 1556 2891 0 8 11
a 1556 1513 0 7 11
a 1556 183 0 7 36
a 1564 1528 0 380 27
a 1564 855 0 3 26
a 1564 250 0 8 44
a 1564 2574 0 3 23
a 1564 1795 0 9 28
a 1564 2787 0 7 19
a 1564 2534 0 7 20
a 1564 1446 0 10 26
a 1564 1553 0 2 44
a 1588 57 0 380 47
a 1588 279 0 5 36
a 1588 1515 0 7 19
a 1588 1765 0 7 39
a 1588 623 0 9 8
a 1588 308 0 7 4
a 1588 71 0 2 3
a 1588 2197 0 4 15
a 1588 116 0 7 15
a 1588 2453 0 4 47
a 1588 2454 0 5 21
a 1590 1314 0 380 44
a 1590 2231 0 6 45
a 1590 64 0 3 12
a 1590 385 0 9 42
a 1590 1010 0 2 15
a 1590 1726 0 5 48
a 1590 1377 0 5 43
a 1590 1464 0 7 36
a 1590 1916 0 1 35
a 1590 500 0 9 45
a 1590 1058 0 9 21
a 1590 2530 0 6 14
a 1590 871 0 6 39
a 1590 2624 0 4 32
a 1590 1624 0 7 12
a 1590 1363 0 6 28
a 1590 787 0 4 50
a 1590 1961 0 3 28
a 1602 720 0 380 50
a 1602 2267 0 8 40
a 1602 1006 0 7 23
a 1602 2614 0 6 22
a 1602 2292 0 5 4
a 1602 637 0 5 5
a 1602 1615 0 7 36
a 1621 814 0 380 50
a 1621 621 0 2 20
a 1621 1744 0 1 40
a 1621 2269 0 6 2
a 1621 2359 0 8 11
a 1621 1602 0 9 37
a 1621 269 0 4 18
a 1621 2096 0 4 50
a 1621 1124 0 6 47
a 1621 819 0 7 25
a 1623 124 0 380 50
a 1623 2913 0 3 30
a 1623 338 0 9 17
a 1623 2101 0 4 1
a 1623 2659 0 5 40
a 1623 2222 0 10 10
a 1623 1645 0 1 6
a 1623 724 0 2 45
a 1623 874 0 3 4
a 1623 2293 0 7 31
a 1623 378 0 1 6
a 1623 385 0 6 44
a 1623 210 0 5 18
a 1623 1132 0 6 32
a 1623 2018 0 5 40
a 1623 419 0 10 21
a 1623 61 0 6 35
a 1623 1528 0 10 50
a 1635 2205 0 380 14
a 1635 2133 0 4 1
a 1635 1844 0 5 5
a 1635 1453 0 10 42
a 1635 1038 0 6 41
a 1635 2565 0 4 21
a 1635 392 0 1 23
a 1635 1436 0 5 6
a 1635 934 0 2 13
a 1635 1331 0 4 37
a 1635 814 0 10 11
a 1635 2676 0 1 28
a 1635 1814 0 1 21
a 1635 1971 0 2 5
a 1635 1353 0 10 29
a 1635 90 0 2 26
a 1635 2272 0 5 19
a 1635 1143 0 7 27
a 1663 266 0 380 50
a 1663 426 0 2 40
a 1663 2622 0 4 18
a 1663 1529 0 3 12
a 1663 134 0 6 12
a 1687 2500 0 380 50
a 1687 217 0 9 14
a 1687 1965 0 4 30
a 1687 1718 0 1 19
a 1687 1119 0 3 15
a 1687 2346 0 7 46
a 1687 488 0 9 11
a 1687 1622 0 5 4
a 1687 194 0 9 38
a 1687 474 0 10 44
a 1687 2030 0 4 4
a 1687 229 0 5 16
a 1687 2018 0 9 31
a 1704 2504 0 380 50
a 1704 1850 0 1 25
a 1767 2994 0 380 50
a 1767 2049 0 9 30
a 1767 737 0 1 1
a 1767 1703 0 9 49
a 1767 2661 0 5 14
a 1767 2798 0 10 11
a 1767 215 0 9 10
a 1767 2491 0 6 20
a 1767 1811 0 2 39
a 1767 60 0 6 47
a 1767 2037 0 4 8
a 1767 2972 0 2 34
a 1767 2568 0 7 4
a 1767 438 0 8 21
a 1767 1776 0 7 33
a 1767 1174 0 5 37
a 1778 1429 0 380 50
a 1778 1147 0 9 38
a 1778 2758 0 8 42
a 1778 209 0 5 43
a 1778 2030 0 9 28
a 1778 2719 0 1 11
a 1778 913 0 5 33
a 1778 1295 0 9 24
a 1778 1371 0 1 16
a 1778 2079 0 1 20
a 1778 662 0 4 43
a 1778 2670 0 6 36
a 1778 380 0 5 12
a 1778 1189 0 6 30
a 1778 1611 0 2 26
a 1778 2072 0 4 13
a 1778 534 0 10 26
a 1778 2800 0 7 39
a 1793 453 0 380 4
a 1793 2416 0 7 7
a 1793 2499 0 7 16
a 1793 612 0 5 50
a 1793 1757 0 4 35
a 1797 1547 0 380 32
a 1797 547 0 7 13
a 1797 1143 0 2 37
a 1797 1047 0 2 42
a 1797 2783 0 9 38
a 1797 923 0 6 44
a 1797 2580 0 1 11
a 1797 1706 0 10 25
a 1797 2022 0 8 37
a 1797 1859 0 6 43
a 1797 848 0 10 33
a 1797 1385 0 8 40
a 1797 1106 0 5 11
a 1797 734 0 3 27
a 1820 1133 0 380 50
a 1820 2087 0 3 32
a 1820 1227 0 2 26
a 1820 677 0 9 19
a 1820 2210 0 7 35
a 1820 1763 0 2 49
a 1820 2793 0 3 25
a 1820 1380 0 3 11
a 1820 1998 0 9 39
a 1820 2612 0 5 23
a 1820 2949 0 5 4
a 1827 2395 0 380 50
a 1827 563 0 7 46
a 1827 2106 0 10 14
a 1827 345 0 8 11
a 1827 636 0 9 32
a 1827 1730 0 2 38
a 1827 1295 0 4 31
a 1827 2994 0 4 44
a 1831 920 0 380 50
a 1831 106 0 3 14
a 1831 1860 0 5 34
a 1831 359 0 10 47
a 1831 1953 0 10 27
a 1831 623 0 5 30
a 1831 2516 0 7 14
a 1831 2561 0 9 13
a 1831 2161 0 10 16
a 1831 1175 0 1 33
a 1831 1208 0 9 4
a 1831 2488 0 7 44
a 1831 2197 0 1 48
a 1831 716 0 7 9
a 1831 2748 0 10 15
a 1831 1291 0 10 19
a 1844 1166 0 380 26
a 1844 1057 0 8 48
a 1844 1483 0 4 34
a 1844 2567 0 2 11
a 1844 273 0 4 50
a 1844 1982 0 4 45
a 1844 446 0 5 35
a 1844 625 0 3 7
a 1844 2470 0 8 46
a 1844 1321 0 10 11
a 1844 2427 0 6 47
a 1844 951 0 4 48
a 1844 860 0 10 36
a 1859 346 0 380 10
a 1859 2443 0 7 7
a 1859 1614 0 8 43
a 1859 1937 0 7 47
a 1859 1280 0 6 48
a 1859 1301 0 6 19
a 1859 408 0 1 31
a 1859 2683 0 4 23
a 1859 1715 0 1 19
a 1859 2472 0 10 45
a 1859 1837 0 3 1
a 1859 1754 0 1 10
a 1859 2620 0 8 20
a 1859 2478 0 4 5
a 1878 728 0 380 50
a 1878 2704 0 4 50
a 1878 1762 0 10 23
a 1878 1592 0 2 9
a 1878 2617 0 9 14
a 1905 2292 0 380 39
a 1905 142 0 10 36
a 1926 1588 0 380 50
a 1926 335 0 7 28
a 1926 1212 0 4 39
a 1926 586 0 10 38
a 1926 2090 0 9 39
a 1926 2407 0 2 11
a 1926 346 0 10 5
a 1926 2958 0 4 41
a 1926 2112 0 1 25
a 1926 556 0 8 40
a 1926 982 0 9 4
a 1926 2990 0 8 40
a 1926 1837 0 2 5
a 1926 516 0 4 24
a 1926 2299 0 7 22
a 1926 2460 0 10 11
a 1926 300 0 1 25
a 1927 1202 0 380 50
a 1927 161 0 4 39
a 1927 1404 0 8 21
a 1927 2670 0 9 24
a 1927 1276 0 5 49
a 1927 2473 0 6 44
a 1927 2159 0 5 14
a 1927 1998 0 5 11
a 1927 2803 0 2 29
a 1927 1142 0 2 8
a 1939 1793 0 380 1
a 1939 711 0 4 42
a 1939 1723 0 1 40
a 1939 497 0 5 46
a 1939 362 0 5 37
a 1939 816 0 4 17
a 1939 2706 0 6 18
a 1939 1083 0 9 38
a 1939 2209 0 8 49
a 1950 109 0 380 27
a 1950 1766 0 3 8
a 1950 1084 0 6 11
a 1950 2414 0 3 13
a 1950 2029 0 8 46
a 1950 2411 0 7 28
a 1950 1844 0 9 33
a 1950 2113 0 4 45
a 1950 1065 0 2 49
a 1954 850 0 380 50
a 1954 1521 0 5 30
a 1954 1327 0 10 35
a 1954 1660 0 10 1
a 1954 2887 0 5 3
a 1954 763 0 8 40
a 1954 1526 0 1 17
a 1954 1678 0 8 34
a 1954 452 0 1 11
a 1954 1239 0 8 22
a 1954 2558 0 10 47
a 1954 2087 0 4 24
a 1954 2278 0 4 22
a 1954 2911 0 5 8
a 1968 1022 0 380 49
a 1968 2988 0 3 33
a 1968 2494 0 9 44
a 1968 1453 0 1 22
a 1981 92 0 380 50
a 1981 527 0 5 33
a 1981 403 0 3 23
a 1981 359 0 10 13
a 1994 1797 0 380 50
a 1994 356 0 7 47
a 1994 354 0 9 19
a 1994 673 0 10 13
a 1994 787 0 5 10
a 1994 1655 0 9 40
a 1994 2324 0 8 47
a 1994 2379 0 6 33
a 1994 2701 0 7 13
a 1994 1638 0 7 19
a 1994 40 0 3 6
a 1994 1376 0 3 22
a 1994 380 0 3 46
a 1994 882 0 2 16
a 2055 1939 0 380 4
a 2055 49 0 10 16
a 2055 2821 0 9 16
a 2055 689 0 7 19
a 2055 997 0 10 32
a 2055 2078 0 9 8
a 2055 2726 0 4 31
a 2055 923 0 9 27
a 2055 672 0 5 41
a 2055 812 0 7 44
a 2055 557 0 6 3
a 2055 2860 0 7 41
a 2055 2433 0 2 41
a 2055 675 0 6 28
a 2055 2190 0 8 10
a 2055 355 0 9 33
a 2055 1958 0 1 38
a 2062 1564 0 380 50
a 2062 2389 0 1 39
a 2062 988 0 10 13
a 2062 998 0 1 49
a 2062 2905 0 8 41
a 2062 2271 0 7 37
a 2062 2740 0 1 29
a 2062 2834 0 6 23
a 2062 2547 0 1 39
a 2062 1241 0 7 35
a 2062 2744 0 7 35
a 2062 2693 0 8 15
a 2062 1041 0 7 11
a 2062 673 0 3 4
a 2062 2977 0 7 2
a 2080 1827 0 380 29
a 2080 1447 0 4 13
a 2080 1480 0 6 37
a 2080 415 0 7 50
a 2080 527 0 2 13
a 2080 1432 0 5 16
a 2080 1681 0 6 42
a 2080 912 0 3 35
a 2080 2443 0 9 43
a 2090 2955 0 380 18
a 2090 1635 0 4 22
a 2090 1835 0 3 4
a 2090 2749 0 3 50
a 2090 992 0 10 13
a 2095 1384 0 380 13
a 2095 370 0 6 6
a 2095 2480 0 8 36
a 2095 1870 0 1 6
a 2095 2290 0 7 39
a 2095 177 0 8 46
a 2095 1702 0 10 27
a 2095 733 0 9 33
a 2095 531 0 9 50
a 2095 120 0 8 26
a 2095 1981 0 6 37
a 2095 2035 0 1 34
a 2095 1175 0 1 10
a 2095 787 0 2 23
a 2095 2527 0 3 50
a 2102 1284 0 380 8
a 2102 2297 0 9 16
a 2102 2602 0 1 10
a 2102 2725 0 4 42
a 2102 226 0 4 40
a 2102 2964 0 3 18
a 2102 662 0 2 23
a 2102 2713 0 7 48
a 2102 1124 0 10 19
a 2102 2949 0 10 27
a 2102 286 0 5 45
a 2102 1997 0 10 43
a 2102 822 0 9 20
a 2102 2428 0 4 6
a 2102 1617 0 4 46
a 2102 1529 0 5 48
a 2102 472 0 9 10
a 2102 2808 0 9 26
a 2135 1968 0 380 18
a 2135 704 0 10 24
a 2135 767 0 4 38
a 2140 2153 0 380 49
a 2140 1540 0 2 6
a 2140 347 0 3 35
a 2140 1701 0 10 5
a 2140 1991 0 9 4
a 2140 53 0 1 26
a 2140 1981 0 1 37
a 2140 1383 0 1 20
a 2140 894 0 2 29
a 2140 200 0 4 14
a 2140 2624 0 4 37
a 2140 2509 0 8 36
a 2140 345 0 8 41
a 2140 1001 0 7 42
a 2140 2113 0 8 13
a 2140 2027 0 8 1
a 2140 1891 0 6 21
a 2140 892 0 5 10
a 2141 115 0 380 50
a 2141 1953 0 9 28
a 2153 2541 0 380 50
a 2153 1291 0 8 10
a 2153 1405 0 4 8
a 2153 1705 0 10 50
a 2155 2690 0 380 50
a 2155 1603 0 9 2
a 2155 2787 0 6 30
a 2155 1399 0 1 37
a 2155 2813 0 6 26
a 2155 623 0 2 16
a 2155 426 0 10 42
a 2155 1640 0 4 9
a 2155 2683 0 2 28
a 2155 1333 0 5 18
a 2155 2709 0 1 8
a 2155 1931 0 1 37
a 2155 83 0 3 8
a 2155 1241 0 4 19
a 2205 119 0 380 29
a 2205 599 0 3 43
a 2205 1416 0 9 40
a 2205 1909 0 5 28
a 2205 2887 0 9 10
a 2205 2784 0 1 28
a 2205 1415 0 10 7
a 2205 2653 0 7 45
a 2205 2594 0 7 12
a 2205 595 0 5 4
a 2205 2608 0 9 25
a 2205 2467 0 1 37
a 2205 2869 0 3 43
a 2207 2931 0 380 48
a 2207 1611 0 7 10
a 2207 1074 0 8 7
a 2207 197 0 1 14
a 2207 1326 0 5 27
a 2207 1898 0 5 40
a 2213 425 0 380 50
a 2213 2608 0 7 23
a 2213 237 0 3 22
a 2213 2175 0 1 2
a 2228 469 0 380 50
a 2228 2342 0 6 49
a 2228 2834 0 10 10
a 2234 1517 0 380 50
a 2234 2291 0 10 13
a 2281 601 0 380 50
a 2281 441 0 4 30
a 2281 1763 0 6 18
a 2292 393 0 380 50
a 2292 702 0 9 38
a 2292 2029 0 5 1
a 2292 514 0 5 44
a 2292 1071 0 6 48
a 2292 479 0 3 21
a 2292 2786 0 9 42
a 2292 1067 0 6 17
a 2292 346 0 3 21
a 2292 853 0 3 6
a 2292 242 0 5 23
a 2292 1472 0 4 40
a 2292 2493 0 6 42
a 2292 767 0 2 21
a 2292 2660 0 6 44
a 2292 2367 0 6 39
a 2292 316 0 10 5
a 2293 2615 0 380 50
a 2293 1193 0 10 6
a 2293 2954 0 6 27
a 2293 2304 0 4 40
a 2293 46 0 5 39
a 2293 1190 0 9 36
a 2293 2855 0 10 11
a 2293 508 0 5 40
a 2293 1205 0 3 32
a 2293 1767 0 2 9
a 2293 1985 0 5 6
a 2293 308 0 8 24
a 2293 2097 0 5 15
a 2293 1229 0 2 21
a 2293 2516 0 3 8
a 2293 642 0 7 30
a 2293 2392 0 9 44
a 2299 668 0 380 50
a 2299 461 0 2 19
a 2299 2174 0 10 46
a 2299 1146 0 10 28
a 2299 1880 0 6 41
a 2299 133 0 3 42
a 2306 2062 0 380 50
a 2306 603 0 4 20
a 2306 2553 0 6 18
a 2306 2607 0 9 7
a 2306 2227 0 7 8
a 2306 2877 0 6 23
a 2306 466 0 9 38
a 2306 294 0 2 41
a 2316 1590 0 380 35
a 2316 1634 0 5 3
a 2316 1267 0 3 41
a 2316 2515 0 7 10
a 2316 505 0 6 38
a 2316 1348 0 9 48
a 2316 299 0 7 46
a 2316 916 0 1 49
a 2316 2636 0 5 24
a 2316 1823 0 2 20
a 2316 1669 0 7 16
a 2316 1483 0 6 20
a 2316 762 0 7 16
a 2316 1940 0 10 28
a 2316 1027 0 1 7
a 2316 107 0 5 22
a 2316 702 0 9 24
a 2316 671 0 4 8
a 2319 1217 0 380 50
a 2319 1231 0 3 13
a 2319 1532 0 6 48
a 2319 155 0 6 36
a 2319 1417 0 5 32
a 2319 403 0 4 3
a 2319 1391 0 7 28
a 2319 912 0 6 10
a 2319 2907 0 1 8
a 2319 2308 0 2 7
a 2335 1203 0 380 50
a 2335 186 0 2 16
a 2335 2391 0 3 34
a 2335 2047 0 1 1
a 2335 2175 0 2 6
a 2335 959 0 2 13
a 2335 1219 0 2 38
a 2335 634 0 9 47
a 2335 2195 0 7 19
a 2335 483 0 7 15
a 2335 938 0 1 31
a 2335 1244 0 9 26
a 2335 2934 0 6 45
a 2335 884 0 3 34
a 2335 1075 0 3 34
a 2335 2537 0 2 46
a 2335 1867 0 4 25
a 2337 1248 0 380 21
a 2337 1879 0 2 21
a 2337 956 0 9 48
a 2355 1878 0 380 47
a 2355 2412 0 5 42
a 2355 1988 0 10 23
a 2355 2854 0 7 34
a 2355 1049 0 1 9
a 2355 1955 0 5 28
a 2355 1646 0 10 4
a 2355 413 0 5 31
a 2355 2348 0 10 35
a 2355 1330 0 8 42
a 2355 1353 0 1 18
a 2355 583 0 2 26
a 2355 675 0 1 25
a 2355 2054 0 5 22
a 2355 191 0 10 15
a 2362 1222 0 380 50
a 2362 2797 0 6 31
a 2362 60 0 9 21
a 2362 1407 0 5 4
a 2362 2017 0 9 8
a 2362 944 0 4 32
a 2362 1128 0 8 26
a 2362 1130 0 7 33
a 2362 796 0 10 48
a 2368 2135 0 380 50
a 2368 2007 0 2 25
a 2368 240 0 8 43
a 2368 2309 0 4 37
a 2368 643 0 1 33
a 2368 559 0 5 22
a 2368 2672 0 4 25
a 2368 1674 0 1 36
a 2368 970 0 4 21
a 2368 98 0 1 24
a 2368 471 0 9 26
a 2368 2038 0 9 13
a 2368 1150 0 7 34
a 2368 2424 0 7 6
a 2368 693 0 7 39
a 2375 2709 0 380 11
a 2375 2106 0 7 32
a 2386 2140 0 380 50
a 2386 550 0 8 5
a 2386 388 0 3 26
a 2386 25 0 10 45
a 2386 2302 0 9 47
a 2386 2050 0 10 48
a 2386 2582 0 7 49
a 2386 2879 0 2 25
a 2386 603 0 10 40
a 2386 2869 0 9 38
a 2386 741 0 1 32
a 2391 2375 0 380 44
a 2391 868 0 2 44
a 2391 252 0 10 13
a 2391 599 0 7 30
a 2391 1430 0 6 49
a 2391 83 0 4 49
a 2391 20 0 6 4
a 2391 2052 0 4 2
a 2391 1411 0 7 35
a 2391 142 0 1 19
a 2391 2411 0 6 27
a 2391 2377 0 1 6
a 2391 439 0 6 38
a 2391 519 0 1 46
a 2395 2213 0 380 50
a 2395 931 0 3 25
a 2395 1175 0 1 39
a 2395 896 0 1 7
a 2395 228 0 8 44
a 2395 1303 0 8 43
a 2418 1704 0 380 50
a 2418 1609 0 9 37
a 2418 2395 0 2 48
a 2418 437 0 1 1
a 2418 313 0 5 42
a 2418 1345 0 9 20
a 2418 1132 0 6 11
a 2418 2871 0 9 48
a 2418 427 0 10 38
a 2418 82 0 1 19
a 2418 1271 0 6 1
a 2418 685 0 2 17
a 2418 1328 0 10 47
a 2418 865 0 10 6
a 2418 401 0 7 8
a 2418 2506 0 6 38
a 2418 2800 0 8 7
a 2418 1287 0 2 27
a 2446 1905 0 380 50
a 2446 46 0 3 24
a 2446 2019 0 10 21
a 2446 432 0 8 42
a 2446 2121 0 3 46
a 2446 2978 0 6 3
a 2446 634 0 10 34
a 2446 79 0 5 18
a 2446 1356 0 10 16
a 2446 206 0 5 34
a 2446 2653 0 2 47
a 2446 2149 0 10 49
a 2446 360 0 9 14
a 2446 1952 0 5 40
a 2446 1167 0 1 9
a 2446 2527 0 5 14
a 2446 2608 0 4 34
a 2500 953 0 380 50
a 2500 151 0 5 15
a 2500 2554 0 2 38
a 2500 2198 0 4 4
a 2500 1567 0 5 37
a 2500 415 0 10 29
a 2500 201 0 2 12
a 2504 224 0 380 50
a 2504 351 0 6 11
a 2504 2718 0 1 1
a 2504 891 0 3 34
a 2504 1320 0 7 47
a 2504 2362 0 7 9
a 2504 921 0 10 12
a 2504 2531 0 3 47
a 2504 907 0 8 35
a 2504 2587 0 9 33
a 2504 1228 0 9 47
a 2504 1652 0 7 34
a 2504 1568 0 9 21
a 2504 2897 0 9 18
a 2504 2982 0 5 39
a 2541 2638 0 380 8
a 2541 1128 0 6 48
a 2541 2174 0 10 32
a 2541 279 0 9 46
a 2541 59 0 8 10
a 2541 2250 0 5 3
a 2541 1613 0 2 49
a 2541 2979 0 7 36
a 2541 1720 0 2 48
a 2541 2401 0 7 42
a 2541 1596 0 8 29
a 2541 346 0 4 28
a 2541 381 0 8 21
a 2541 587 0 6 47
a 2541 152 0 10 6
a 2545 1285 0 380 33
a 2545 1599 0 9 27
a 2545 1609 0 3 12
a 2545 1752 0 1 29
a 2545 1051 0 2 42
a 2545 1684 0 4 50
a 2545 1975 0 7 48
a 2561 1950 0 380 21
a 2561 2347 0 5 25
a 2561 2154 0 5 10
a 2561 1783 0 7 1
a 2561 1166 0 5 29
a 2561 308 0 5 48
a 2561 174 0 1 7
a 2561 1937 0 9 34
a 2561 1654 0 8 20
a 2561 504 0 1 45
a 2561 629 0 7 1
a 2598 369 0 380 20
a 2598 2237 0 5 50
a 2598 1619 0 10 13
a 2598 790 0 8 6
a 2598 2709 0 2 21
a 2598 386 0 9 41
a 2598 537 0 8 36
a 2598 355 0 10 28
a 2598 1516 0 3 39
a 2598 1640 0 6 23
a 2598 1418 0 10 30
a 2598 31 0 7 48
a 2598 540 0 1 10
a 2598 2621 0 6 28
a 2600 1981 0 380 50
a 2600 1850 0 6 30
a 2600 2815 0 6 7
a 2600 2650 0 10 9
a 2600 867 0 10 2
a 2600 240 0 1 38
a 2600 2224 0 6 4
a 2600 2165 0 8 7
a 2600 1451 0 9 50
a 2600 797 0 5 43
a 2613 2362 0 380 33
a 2613 1996 0 10 17
a 2613 2068 0 5 38
a 2613 1686 0 9 15
a 2613 1495 0 5 45
a 2613 1804 0 9 35
a 2613 1673 0 5 32
a 2613 2556 0 2 24
a 2615 2155 0 380 24
a 2615 554 0 6 30
a 2615 2940 0 7 3
a 2615 2976 0 6 45
a 2615 2303 0 7 12
a 2615 2971 0 3 13
a 2615 1391 0 1 26
a 2615 1392 0 3 46
a 2615 1339 0 6 13
a 2615 2939 0 4 3
a 2615 2924 0 5 45
a 2615 355 0 9 45
a 2615 1665 0 9 27
a 2615 2711 0 3 34
a 2615 2320 0 2 37
a 2615 1328 0 4 5
a 2638 1201 0 380 50
a 2638 708 0 3 29
a 2638 92 0 6 48
a 2638 193 0 8 48
a 2638 735 0 6 33
a 2638 1194 0 4 45
a 2638 1308 0 5 10
a 2638 571 0 5 46
a 2638 746 0 6 24
a 2658 978 0 380 3
a 2658 659 0 3 32
a 2658 885 0 2 25
a 2658 1739 0 8 49
a 2674 481 0 380 50
a 2674 259 0 5 46
a 2674 286 0 10 14
a 2674 2487 0 9 29
a 2674 1468 0 4 24
a 2674 2197 0 2 13
a 2674 1743 0 3 24
a 2674 632 0 10 26
a 2674 145 0 9 31
a 2690 567 0 380 50
a 2690 2574 0 10 2
a 2690 1237 0 8 5
a 2690 805 0 3 23
a 2690 1756 0 4 44
a 2690 1639 0 4 33
a 2690 1870 0 2 6
a 2690 2397 0 8 4
a 2690 2400 0 3 5
a 2704 1478 0 380 50
a 2704 2821 0 7 23
a 2704 521 0 9 37
a 2704 2577 0 9 34
a 2709 1089 0 380 50
a 2709 337 0 10 36
a 2709 133 0 3 15
a 2709 445 0 2 43
a 2709 776 0 2 13
a 2709 797 0 7 38
a 2709 37 0 9 19
a 2709 1425 0 10 7
a 2709 300 0 1 28
a 2709 1413 0 5 29
a 2709 2867 0 3 47
a 2709 2486 0 1 1
a 2709 2525 0 4 50
a 2709 2070 0 10 26
a 2709 737 0 10 31
a 2709 2657 0 9 50
a 2709 1026 0 2 4
a 2709 1378 0 2 1
a 2717 2335 0 380 16
a 2717 694 0 7 24
a 2717 202 0 4 20
a 2717 1223 0 9 35
a 2717 1457 0 4 26
a 2717 217 0 7 28
a 2717 2010 0 3 6
a 2717 2130 0 4 20
a 2717 2959 0 2 15
a 2717 2609 0 2 34
a 2717 2889 0 8 32
a 2717 1299 0 9 30
a 2717 1311 0 2 29
a 2717 259 0 9 11
a 2717 2567 0 6 41
a 2726 1395 0 380 50
a 2726 490 0 6 42
a 2735 1200 0 380 3
a 2735 2466 0 10 27
a 2735 1147 0 6 42
a 2735 1730 0 4 2
a 2735 1560 0 2 31
a 2735 185 0 8 7
a 2759 716 0 380 50
a 2759 2890 0 8 20
a 2780 1602 0 380 50
a 2780 729 0 10 36
a 2780 2901 0 6 17
a 2780 2707 0 2 33
a 2780 253 0 9 46
a 2780 658 0 2 13
a 2780 1922 0 9 27
a 2780 2615 0 8 13
a 2780 415 0 4 33
a 2780 865 0 1 31
a 2780 2071 0 8 36
a 2780 1659 0 10 7
a 2780 2949 0 6 42
a 2780 2255 0 2 46
a 2780 1552 0 10 48
a 2780 282 0 6 1
a 2780 183 0 9 10
a 2783 719 0 380 50
a 2783 255 0 3 2
a 2783 120 0 3 7
a 2783 2351 0 8 15
a 2789 830 0 380 50
a 2789 1487 0 1 20
a 2789 2828 0 2 39
a 2789 1560 0 9 32
a 2789 2076 0 1 50
a 2789 1867 0 10 40
a 2789 161 0 9 46
a 2789 792 0 8 7
a 2789 51 0 6 2
a 2789 1886 0 4 13
a 2812 2613 0 380 50
a 2812 1565 0 9 38
a 2812 957 0 1 17
a 2816 2879 0 380 20
a 2816 953 0 4 1
a 2842 971 0 380 50
a 2842 1890 0 6 17
a 2842 28 0 10 33
a 2842 901 0 9 5
a 2842 2321 0 8 10
a 2842 1662 0 5 40
a 2842 1697 0 9 38
a 2842 2311 0 1 10
a 2842 2198 0 9 9
a 2842 1163 0 7 42
a 2842 627 0 7 1
a 2842 2234 0 8 27
a 2842 2033 0 8 8
a 2842 1793 0 8 11
a 2842 2719 0 9 1
a 2842 2413 0 6 49
a 2861 2726 0 380 12
a 2861 2039 0 3 21
a 2861 1898 0 2 22
a 2861 1412 0 6 38
a 2861 1524 0 8 36
a 2861 1619 0 4 44
a 2861 194 0 3 41
a 2879 1412 0 380 50
a 2879 1263 0 4 26
a 2879 880 0 3 5
a 2906 1778 0 380 37
a 2906 2443 0 8 12
a 2931 583 0 380 50
a 2931 1120 0 9 25
a 2931 1397 0 3 2
a 2931 1468 0 7 9
a 2931 989 0 4 17
a 2931 1349 0 5 49
a 2931 2438 0 5 17
a 2931 1052 0 3 42
a 2931 2308 0 9 7
a 2931 1552 0 10 9
a 2948 2368 0 380 47
a 2948 1008 0 6 33
a 2948 2009 0 8 38
a 2948 38 0 2 44
a 2952 1096 0 380 5
a 2952 1748 0 10 44
a 2952 2593 0 4 9
a 2952 2207 0 6 9
a 2952 2080 0 10 38
a 2952 676 0 1 11
a 2955 2355 0 380 37
a 2955 77 0 8 43
a 2955 628 0 5 13
a 2955 489 0 3 50
a 2955 743 0 8 21
a 2955 1148 0 9 34
a 2955 2773 0 2 41
a 2969 1954 0 380 50
a 2969 1624 0 7 9
a 2969 2690 0 5 46
a 2969 1751 0 2 18
a 2969 1994 0 10 6
a 2969 171 0 1 29
a 2969 417 0 1 18
a 2969 1022 0 10 12
a 2969 298 0 3 8
a 2969 1904 0 6 3
a 2969 2675 0 8 24
a 2969 330 0 10 50
a 2969 2445 0 1 43
a 2969 2577 0 10 5
a 2969 1863 0 7 43
a 2979 2658 0 380 12
a 2979 606 0 3 39
a 2979 2981 0 1 33
a 2979 1777 0 5 10
a 2979 1791 0 1 24
a 9 1725 0 241 22
a 9 1056 0 1 10
a 9 1030 0 10 13
a 9 1867 0 1 22
a 9 1833 0 5 34
a 9 690 0 9 36
a 29 691 0 241 50
a 29 1974 0 6 1
a 29 417 0 6 24
a 29 1782 0 10 25
a 29 430 0 1 26
a 29 449 0 6 5
a 29 1937 0 10 6
a 29 1462 0 6 22
a 29 1876 0 5 29
a 29 1912 0 2 23
a 29 2249 0 9 44
a 29 1227 0 10 50
a 29 2255 0 10 41
a 44 1341 0 241 50
a 44 2037 0 1 33
a 44 198 0 5 48
a 44 306 0 3 37
a 44 2020 0 8 30
a 44 1456 0 10 9
a 44 1835 0 10 29
a 44 1587 0 8 40
a 44 1699 0 1 44
a 44 172 0 4 34
a 44 200 0 1 33
a 44 1769 0 9 19
a 44 2277 0 5 19
a 44 1060 0 8 1
a 67 2366 0 241 50
a 67 2264 0 6 18
a 79 755 0 241 46
a 79 614 0 4 13
a 79 2731 0 4 31
a 79 1408 0 5 33
a 79 564 0 1 29
a 79 2630 0 4 2
a 79 2753 0 1 21
a 79 1324 0 3 24
a 79 2279 0 8 30
a 79 1596 0 6 43
a 79 640 0 7 6
a 79 514 0 7 26
a 79 2456 0 3 48
a 84 724 0 241 14
a 84 555 0 8 42
a 84 2270 0 3 24
a 91 242 0 241 2
a 91 2668 0 6 45
a 91 2613 0 9 25
a 91 1507 0 1 29
a 91 270 0 4 12
a 91 1713 0 3 9
a 91 1786 0 10 20
a 91 2330 0 6 15
a 91 83 0 2 38
a 91 2039 0 6 46
a 91 1003 0 7 47
a 91 1956 0 1 13
a 91 1678 0 10 31
a 91 2338 0 3 15
a 107 1671 0 241 35
a 107 180 0 8 47
a 107 2022 0 3 16
a 107 1183 0 2 11
a 107 945 0 6 34
a 107 2583 0 6 38
a 107 656 0 1 7
a 107 741 0 4 8
a 107 1535 0 3 14
a 107 2420 0 2 10
a 110 848 0 241 50
a 110 2129 0 1 30
a 110 631 0 7 18
a 110 1641 0 10 27
a 110 663 0 1 13
a 110 48 0 5 46
a 110 2492 0 3 38
a 110 567 0 4 41
a 110 1874 0 8 47
a 141 1990 0 241 50
a 141 38 0 9 40
a 141 2911 0 1 35
a 141 2802 0 10 14
a 141 1106 0 6 26
a 141 2345 0 10 27
a 141 2928 0 4 34
a 141 680 0 7 23
a 141 1229 0 10 27
a 141 1580 0 7 42
a 183 107 0 241 50
a 183 1618 0 2 28
a 183 1990 0 2 23
a 183 2670 0 1 25
a 183 1632 0 4 1
a 205 1612 0 241 1
a 205 68 0 6 38
a 205 23 0 4 6
a 205 388 0 8 22
a 205 2805 0 9 11
a 205 794 0 9 10
a 205 2109 0 8 17
a 205 2083 0 5 47
a 205 370 0 2 8
a 205 2447 0 9 28
a 205 2237 0 5 21
a 205 489 0 4 23
a 228 2562 0 241 8
a 228 980 0 7 34
a 237 1589 0 241 37
a 237 2502 0 8 36
a 237 2949 0 7 8
a 237 2939 0 6 15
a 237 822 0 1 49
a 237 1366 0 7 8
a 238 237 0 241 50
a 238 779 0 5 36
a 238 1374 0 8 42
a 238 299 0 5 49
a 238 2029 0 3 14
a 241 2132 0 241 50
a 241 2813 0 4 13
a 241 1409 0 8 31
a 241 1349 0 6 27
a 241 2455 0 4 41
a 241 2357 0 4 29
a 241 244 0 4 7
a 241 1678 0 9 38
a 242 2103 0 241 20
a 242 387 0 8 23
a 242 3000 0 2 8
a 242 25 0 3 9
a 242 2694 0 5 5
a 242 2296 0 2 48
a 242 2662 0 5 3
a 242 1196 0 7 7
a 242 440 0 6 13
a 242 840 0 7 45
a 242 218 0 9 4
a 242 1401 0 7 24
a 242 2345 0 9 43
a 242 2515 0 7 50
a 242 491 0 10 49
a 242 299 0 7 23
a 242 598 0 5 17
a 242 1678 0 3 7
a 286 2037 0 241 42
a 286 433 0 2 3
a 295 522 0 241 38
a 295 2340 0 8 49
a 295 366 0 3 37
a 301 732 0 241 50
a 301 858 0 9 39
a 301 827 0 2 36
a 301 2831 0 6 30
a 301 2068 0 2 24
a 301 1848 0 8 2
a 315 1274 0 241 17
a 315 22 0 4 34
a 315 366 0 10 22
a 315 1887 0 6 26
a 315 2586 0 10 17
a 315 587 0 10 8
a 315 96 0 4 40
a 315 938 0 9 11
a 315 395 0 4 9
a 315 2464 0 6 29
a 315 978 0 1 27
a 315 1352 0 3 39
a 315 2411 0 9 41
a 315 942 0 3 31
a 315 2597 0 3 12
a 316 1684 0 241 32
a 316 2883 0 7 45
a 316 2395 0 10 43
a 316 2592 0 8 41
a 316 1803 0 7 8
a 316 1708 0 4 26
a 316 2535 0 8 2
a 316 2172 0 6 29
a 316 1594 0 6 43
a 316 2568 0 10 49
a 316 1229 0 5 13
a 316 1832 0 9 14
a 321 2353 0 241 23
a 321 2508 0 8 29
a 321 1714 0 9 41
a 321 203 0 9 16
a 321 1751 0 2 16
a 321 1224 0 6 2
a 321 2642 0 1 46
a 321 174 0 7 44
a 321 2144 0 4 20
a 321 2523 0 3 37
a 321 107 0 4 41
a 321 1276 0 9 12
a 321 791 0 9 2
a 321 562 0 3 45
a 321 1060 0 10 42
a 321 1152 0 3 18
a 321 709 0 3 37
a 326 205 0 241 8
a 326 2072 0 3 3
a 326 2117 0 3 34
a 326 2879 0 7 17
a 326 1503 0 8 50
a 326 2622 0 7 14
a 326 86 0 6 7
a 339 1776 0 241 50
a 339 422 0 4 23
a 339 2319 0 6 41
a 339 1973 0 10 26
a 339 2253 0 9 20
a 339 2423 0 5 26
a 339 1561 0 6 16
a 339 2165 0 1 19
a 339 1980 0 5 21
a 339 1804 0 5 40
a 339 2127 0 1 11
a 349 2188 0 241 43
a 349 1948 0 3 3
a 349 2395 0 2 22
a 349 621 0 5 3
a 349 1407 0 10 49
a 349 1390 0 8 32
a 349 2326 0 6 4
a 363 2667 0 241 49
a 363 1271 0 1 14
a 363 1348 0 1 24
a 363 949 0 2 36
a 363 2099 0 5 36
a 363 2791 0 6 20
a 363 2915 0 3 17
a 363 69 0 9 20
a 363 1862 0 4 49
a 363 737 0 7 3
a 363 281 0 10 15
a 363 2804 0 2 4
a 363 2279 0 5 36
a 363 566 0 10 35
a 372 2971 0 241 49
a 372 1373 0 5 16
a 397 1162 0 241 50
a 397 222 0 8 50
a 397 76 0 8 3
a 397 1192 0 2 47
a 397 2169 0 5 29
a 431 1163 0 241 24
a 431 549 0 2 43
a 431 761 0 8 23
a 434 775 0 241 50
a 434 1836 0 8 28
a 446 2591 0 241 50
a 446 2208 0 9 48
a 446 1587 0 10 32
a 446 676 0 2 5
a 446 2106 0 6 31
a 446 1153 0 5 22
a 446 1748 0 4 2
a 446 131 0 9 44
a 446 2817 0 10 5
a 446 854 0 2 37
a 446 480 0 10 13
a 461 994 0 241 12
a 461 670 0 7 27
a 461 2022 0 6 33
a 461 2215 0 5 15
a 461 1843 0 4 23
a 461 132 0 1 34
a 461 2427 0 2 21
a 461 2149 0 3 12
a 461 1284 0 9 3
a 461 2393 0 9 36
a 461 1565 0 3 44
a 461 2443 0 7 44
a 461 226 0 6 1
a 461 2120 0 10 36
a 461 2189 0 9 19
a 462 552 0 241 50
a 462 1403 0 3 19
a 462 325 0 7 25
a 462 1551 0 8 19
a 462 2395 0 7 18
a 462 1889 0 5 7
a 462 2951 0 9 7
a 462 193 0 5 48
a 462 1974 0 7 36
a 462 1615 0 10 2
a 462 1999 0 4 30
a 462 1317 0 6 38
a 462 215 0 8 41
a 462 151 0 9 45
a 462 2474 0 8 16
a 462 898 0 2 23
a 467 2960 0 241 6
a 467 2651 0 8 7
a 467 2356 0 1 15
a 467 1685 0 6 3
a 467 1621 0 9 36
a 467 1011 0 6 43
a 467 572 0 3 43
a 467 2892 0 3 30
a 467 2770 0 10 19
a 483 723 0 241 26
a 483 2155 0 5 23
a 483 679 0 10 50
a 522 1997 0 241 42
a 522 2838 0 1 12
a 522 164 0 9 23
a 522 2320 0 10 41
a 522 214 0 10 19
a 522 718 0 4 33
a 522 799 0 4 12
a 522 269 0 9 29
a 522 1019 0 3 16
a 522 1022 0 7 35
a 522 2510 0 3 28
a 552 991 0 241 18
a 552 2750 0 10 15
a 552 2530 0 2 24
a 564 863 0 241 50
a 564 1612 0 10 5
a 564 25 0 5 9
a 564 2672 0 4 12
a 619 110 0 241 50
a 619 29 0 8 39
a 619 304 0 2 15
a 619 1228 0 7 7
a 619 2245 0 5 49
a 632 1692 0 241 50
a 632 2493 0 4 13
a 632 180 0 7 41
a 632 1720 0 5 16
a 632 849 0 9 4
a 632 2165 0 2 15
a 648 2046 0 241 23
a 648 1026 0 3 20
a 648 2798 0 4 28
a 648 2007 0 8 40
a 648 2308 0 6 37
a 648 1175 0 1 48
a 648 1776 0 9 43
a 648 454 0 8 28
a 648 336 0 7 30
a 671 2558 0 241 3
a 671 138 0 5 48
a 671 2198 0 1 39
a 671 226 0 10 38
a 671 1675 0 8 46
a 671 266 0 2 44
a 671 1180 0 10 43
a 671 2580 0 6 26
a 671 2183 0 2 22
a 671 1779 0 8 11
a 671 547 0 6 46
a 671 1235 0 10 34
a 671 516 0 6 45
a 671 97 0 7 14
a 691 1302 0 241 49
a 691 2221 0 1 25
a 691 1039 0 9 3
a 694 981 0 241 50
a 694 2565 0 2 13
a 694 2178 0 7 30
a 694 182 0 3 30
a 694 350 0 3 10
a 694 1958 0 9 40
a 694 1883 0 6 4
a 700 694 0 241 50
a 700 937 0 1 37
a 700 240 0 3 40
a 700 2391 0 2 20
a 700 1672 0 1 41
a 700 705 0 8 17
a 700 531 0 2 39
a 700 1162 0 9 28
a 700 2556 0 3 37
a 700 27 0 6 5
a 700 2369 0 6 18
a 700 1616 0 5 9
a 700 1827 0 10 1
a 700 243 0 5 43
a 723 1737 0 241 24
a 723 1110 0 10 29
a 723 1855 0 9 28
a 723 1251 0 10 40
a 723 1394 0 9 50
a 723 399 0 2 46
a 724 301 0 241 50
a 724 2771 0 2 22
a 724 1387 0 2 7
a 724 126 0 3 25
a 724 2421 0 6 21
a 724 1406 0 9 40
a 724 1247 0 1 12
a 724 2456 0 10 13
a 724 1154 0 7 46
a 732 1769 0 241 8
a 732 1177 0 5 3
a 732 793 0 6 7
a 732 635 0 2 26
a 732 902 0 4 9
a 732 1672 0 4 31
a 732 429 0 2 6
a 732 1391 0 2 40
a 732 1962 0 8 20
a 732 1490 0 8 21
a 732 2180 0 10 16
a 732 1142 0 3 50
a 732 2158 0 4 27
a 732 1771 0 2 4
a 738 2918 0 241 50
a 738 541 0 4 41
a 738 2889 0 2 14
a 738 1428 0 4 3
a 738 1391 0 10 38
a 738 21 0 10 31
a 738 305 0 6 4
a 755 397 0 241 42
a 755 216 0 7 39
a 755 928 0 3 20
a 755 2222 0 3 44
a 755 2929 0 4 14
a 755 1317 0 9 3
a 755 894 0 7 17
a 755 973 0 4 49
a 755 1224 0 6 19
a 755 1072 0 6 16
a 755 2357 0 1 37
a 755 2647 0 6 46
a 755 462 0 8 25
a 755 1921 0 5 29
a 755 1797 0 1 34
a 755 1530 0 1 50
a 755 2426 0 6 2
a 755 1004 0 6 18
a 766 316 0 241 19
a 766 1328 0 8 23
a 775 1449 0 241 50
a 775 528 0 2 45
a 775 163 0 10 39
a 775 1137 0 1 35
a 775 220 0 10 39
a 775 596 0 9 48
a 775 2679 0 5 45
a 775 2034 0 9 10
a 775 2785 0 10 4
a 799 2261 0 241 50
a 799 1775 0 3 49
a 799 499 0 1 11
a 799 2355 0 6 39
a 799 2722 0 8 42
a 799 769 0 10 40
a 816 1757 0 241 50
a 816 919 0 5 36
a 816 1584 0 8 50
a 816 2313 0 3 2
a 816 2668 0 5 26
a 816 2872 0 7 42
a 816 1569 0 9 23
a 816 2514 0 6 24
a 816 2691 0 6 7
a 816 146 0 8 50
a 836 2702 0 241 50
a 836 322 0 1 9
a 836 1400 0 1 11
a 836 826 0 3 45
a 836 476 0 1 9
a 836 2841 0 9 29
a 836 1769 0 3 29
a 836 960 0 4 7
a 836 1979 0 8 26
a 836 2422 0 7 27
a 836 696 0 2 12
a 836 2256 0 8 12
a 836 2804 0 2 30
a 836 796 0 6 43
a 836 2072 0 6 22
a 836 132 0 8 24
a 840 2988 0 241 50
a 840 473 0 9 45
a 848 1354 0 241 50
a 848 925 0 10 35
a 848 1262 0 2 5
a 848 2954 0 8 17
a 848 1291 0 2 17
a 848 1563 0 10 10
a 848 2398 0 1 2
a 848 2726 0 6 1
a 857 1264 0 241 50
a 857 539 0 10 23
a 857 505 0 9 24
a 857 2572 0 7 28
a 857 2328 0 8 48
a 857 1556 0 9 46
a 857 1522 0 2 50
a 857 877 0 1 13
a 857 2575 0 4 15
a 857 1554 0 7 9
a 863 44 0 241 3
a 863 2299 0 6 33
a 863 989 0 8 13
a 863 2171 0 3 25
a 863 2853 0 5 8
a 863 1606 0 9 25
a 863 2347 0 1 34
a 863 2976 0 7 3
a 863 2579 0 8 12
a 880 2758 0 241 43
a 880 983 0 3 48
a 880 1036 0 7 15
a 880 2640 0 3 45
a 880 2172 0 5 41
a 880 1457 0 8 31
a 880 2518 0 7 47
a 880 724 0 9 18
a 880 2813 0 3 16
a 880 1874 0 5 19
a 880 2779 0 10 6
a 880 1680 0 6 15
a 880 67 0 1 49
a 880 2890 0 7 31
a 880 200 0 8 11
a 880 1087 0 2 41
a 880 1104 0 4 2
a 880 2615 0 10 27
a 894 1277 0 241 39
a 894 2475 0 5 49
a 894 640 0 5 40
a 894 1239 0 10 40
a 894 1666 0 1 23
a 894 1274 0 9 46
a 894 1824 0 6 4
a 894 2467 0 7 35
a 894 2311 0 8 28
a 894 1501 0 7 46
a 919 1458 0 241 50
a 919 1042 0 2 15
a 919 1404 0 7 10
a 919 1356 0 2 34
a 919 1171 0 9 40
a 919 2688 0 5 15
a 919 1747 0 8 48
a 919 297 0 5 35
a 919 2358 0 9 15
a 919 2592 0 5 47
a 919 415 0 3 45
a 919 1574 0 1 45
a 919 44 0 9 14
a 919 1765 0 6 27
a 919 326 0 9 35
a 922 1936 0 241 12
a 922 60 0 7 16
a 922 1485 0 9 21
a 922 1867 0 3 22
a 922 1907 0 6 6
a 922 2251 0 6 24
a 922 632 0 3 2
a 922 2534 0 1 4
a 922 688 0 4 43
a 922 1151 0 9 27
a 922 2825 0 5 28
a 922 29 0 9 17
a 922 2302 0 9 45
a 922 1453 0 5 19
a 922 1199 0 2 15
a 922 1838 0 2 7
a 934 1894 0 241 40
a 934 1851 0 2 38
a 934 77 0 10 44
a 934 2550 0 7 1
a 934 1721 0 8 10
a 934 2114 0 6 31
a 934 2964 0 3 49
a 934 565 0 3 26
a 934 2621 0 4 9
a 934 440 0 8 33
a 934 2369 0 2 3
a 934 1052 0 7 18
a 934 401 0 5 21
a 934 1764 0 10 31
a 934 744 0 3 1
a 981 2985 0 241 40
a 981 1200 0 8 26
a 991 241 0 241 50
a 991 2660 0 2 1
a 991 318 0 1 25
a 991 1033 0 1 38
a 991 765 0 8 12
a 991 2468 0 4 47
a 991 2718 0 8 24
a 991 1871 0 4 40
a 991 247 0 3 30
a 994 1339 0 241 50
a 994 2515 0 9 33
a 994 2661 0 9 29
a 994 1993 0 5 42
a 1015 295 0 241 50
a 1015 246 0 1 39
a 1015 2561 0 10 36
a 1015 2059 0 2 17
a 1015 255 0 9 22
a 1015 1077 0 5 32
a 1015 711 0 3 33
a 1015 557 0 6 33
a 1015 409 0 6 2
a 1015 370 0 9 42
a 1015 338 0 5 47
a 1015 1948 0 7 26
a 1015 868 0 9 24
a 1015 877 0 7 40
a 1015 355 0 3 13
a 1034 321 0 241 29
a 1034 2964 0 3 8
a 1034 2725 0 5 13
a 1034 1859 0 3 28
a 1034 103 0 10 28
a 1034 1878 0 7 43
a 1034 2376 0 6 26
a 1034 2717 0 7 50
a 1034 1316 0 4 43
a 1034 2038 0 4 8
a 1034 1452 0 10 25
a 1034 617 0 8 32
a 1034 68 0 3 28
a 1060 1368 0 241 14
a 1060 641 0 8 6
a 1060 795 0 7 4
a 1060 616 0 2 37
a 1060 2011 0 3 10
a 1060 2294 0 8 3
a 1060 2759 0 1 17
a 1061 2456 0 241 50
a 1061 1753 0 5 39
a 1061 1452 0 6 34
a 1064 431 0 241 50
a 1064 1067 0 2 48
a 1064 2399 0 10 16
a 1064 142 0 5 48
a 1064 1461 0 6 38
a 1064 204 0 7 34
a 1144 326 0 241 11
a 1144 917 0 6 32
a 1144 2610 0 2 7
a 1144 2156 0 8 31
a 1144 629 0 10 34
a 1144 531 0 3 13
a 1144 1189 0 6 23
a 1150 1792 0 241 30
a 1150 727 0 10 40
a 1150 250 0 10 10
a 1150 940 0 9 24
a 1150 1176 0 8 38
a 1150 2407 0 1 18
a 1150 1086 0 5 34
a 1150 2053 0 9 32
a 1150 1766 0 1 26
a 1150 292 0 4 30
a 1150 2531 0 4 9
a 1150 2052 0 10 30
a 1150 2107 0 3 10
a 1150 1369 0 7 3
a 1150 1348 0 9 18
a 1150 2491 0 1 46
a 1162 339 0 241 50
a 1162 2161 0 1 43
a 1162 2287 0 5 18
a 1162 853 0 10 34
a 1162 574 0 6 45
a 1162 473 0 5 40
a 1162 2139 0 8 43
a 1162 78 0 5 46
a 1162 1508 0 5 48
a 1162 1024 0 1 48
a 1163 2696 0 241 50
a 1163 1362 0 9 30
a 1163 2214 0 8 41
a 1163 1061 0 10 39
a 1163 1221 0 8 25
a 1163 2719 0 4 45
a 1163 2080 0 10 50
a 1163 2586 0 8 49
a 1163 1644 0 2 36
a 1163 1646 0 8 42
a 1163 172 0 5 11
a 1163 1485 0 10 9
a 1184 648 0 241 2
a 1184 197 0 6 4
a 1184 1867 0 3 25
a 1184 380 0 9 14
a 1194 2920 0 241 50
a 1194 801 0 7 43
a 1194 2947 0 2 30
a 1194 456 0 1 26
a 1194 1450 0 7 29
a 1194 1071 0 7 6
a 1194 1443 0 1 31
a 1194 2341 0 5 47
a 1194 112 0 3 44
a 1194 1120 0 1 49
a 1194 1976 0 2 13
a 1194 108 0 9 14
a 1194 2227 0 2 17
a 1194 1644 0 1 19
a 1194 638 0 4 48
a 1194 2249 0 3 39
a 1226 1349 0 241 37
a 1226 2187 0 1 29
a 1226 2233 0 10 25
a 1226 823 0 3 26
a 1226 2711 0 3 18
a 1255 2578 0 241 10
a 1255 2854 0 2 19
a 1255 429 0 8 41
a 1255 1928 0 10 31
a 1255 1228 0 3 31
a 1255 652 0 10 45
a 1255 1513 0 3 12
a 1255 2924 0 10 25
a 1255 2247 0 5 37
a 1255 1880 0 9 22
a 1255 1239 0 3 50
a 1255 2561 0 7 44
a 1264 799 0 241 50
a 1264 1666 0 1 16
a 1264 1558 0 1 26
a 1264 2751 0 3 25
a 1264 392 0 3 48
a 1264 2297 0 10 46
a 1264 2554 0 10 9
a 1264 2658 0 1 6
a 1264 2699 0 9 21
a 1264 1077 0 2 36
a 1264 2817 0 1 40
a 1264 2915 0 4 10
a 1264 2837 0 2 12
a 1264 1297 0 4 14
a 1264 280 0 10 47
a 1264 2381 0 6 48
a 1264 927 0 3 14
a 1264 1209 0 3 13
a 1274 1405 0 241 14
a 1274 1070 0 1 9
a 1274 2815 0 1 11
a 1274 2213 0 1 16
a 1274 1587 0 2 38
a 1274 1470 0 10 46
a 1274 113 0 3 45
a 1274 1968 0 3 15
a 1274 1609 0 9 36
a 1274 826 0 3 5
a 1274 2379 0 1 44
a 1274 1905 0 6 26
a 1274 582 0 5 20
a 1274 1385 0 2 8
a 1277 79 0 241 37
a 1277 1792 0 3 39
a 1277 189 0 2 2
a 1277 696 0 8 29
a 1302 619 0 241 15
a 1302 1795 0 10 47
a 1302 2919 0 7 7
a 1302 1007 0 7 19
a 1302 2056 0 9 35
a 1302 1921 0 3 17
a 1302 2274 0 4 32
a 1302 200 0 9 13
a 1302 401 0 6 45
a 1302 199 0 8 34
a 1302 2087 0 5 48
a 1302 1046 0 2 31
a 1302 2945 0 10 14
a 1302 503 0 7 19
a 1322 1683 0 241 39
a 1322 2976 0 8 44
a 1322 228 0 1 9
a 1322 1933 0 10 36
a 1322 2702 0 4 40
a 1339 919 0 241 50
a 1339 154 0 1 27
a 1339 2192 0 7 38
a 1339 2054 0 3 8
a 1339 1659 0 6 21
a 1339 978 0 3 25
a 1339 1185 0 7 33
a 1339 440 0 7 26
a 1341 349 0 241 49
a 1341 1916 0 6 10
a 1341 2586 0 10 48
a 1341 2054 0 10 23
a 1349 632 0 241 31
a 1349 62 0 5 43
a 1349 2745 0 6 32
a 1349 1426 0 5 39
a 1349 2442 0 4 9
a 1349 966 0 1 38
a 1349 2947 0 8 37
a 1349 2746 0 7 13
a 1349 1704 0 6 49
a 1349 1331 0 2 27
a 1349 1382 0 3 44
a 1349 2912 0 8 16
a 1349 241 0 5 13
a 1349 2797 0 1 17
a 1349 106 0 3 46
a 1349 2781 0 7 27
a 1349 2602 0 1 11
a 1354 1226 0 241 50
a 1354 517 0 4 38
a 1354 1585 0 9 47
a 1354 2610 0 7 41
a 1354 1371 0 7 15
a 1354 2310 0 5 11
a 1354 357 0 1 19
a 1354 1024 0 10 3
a 1354 2141 0 8 43
a 1354 2179 0 3 28
a 1354 974 0 7 36
a 1354 1747 0 5 12
a 1354 655 0 1 29
a 1368 434 0 241 29
a 1368 1006 0 4 34
a 1368 2998 0 4 17
a 1405 816 0 241 50
a 1405 2573 0 10 27
a 1405 2344 0 9 29
a 1405 2799 0 4 11
a 1405 1797 0 2 48
a 1405 872 0 7 39
a 1405 490 0 10 2
a 1405 49 0 3 17
a 1405 2720 0 5 26
a 1405 1668 0 10 1
a 1405 1529 0 6 40
a 1405 2010 0 6 8
a 1449 2322 0 241 50
a 1449 2924 0 1 7
a 1449 265 0 5 16
a 1449 1693 0 10 22
a 1449 2530 0 9 25
a 1449 616 0 5 11
a 1449 1049 0 3 18
a 1449 2506 0 5 41
a 1449 2693 0 1 48
a 1449 2051 0 7 37
a 1449 950 0 1 49
a 1449 1514 0 9 9
a 1449 2799 0 8 1
a 1449 1750 0 9 30
a 1449 2059 0 8 15
a 1449 1822 0 2 43
a 1458 840 0 241 50
a 1458 2552 0 10 11
a 1458 1723 0 4 24
a 1458 1542 0 6 15
a 1458 2164 0 1 34
a 1458 1489 0 2 2
a 1458 1687 0 10 35
a 1458 562 0 8 5
a 1458 2889 0 4 5
a 1458 2044 0 8 4
a 1458 193 0 1 1
a 1458 2791 0 6 7
a 1458 1247 0 3 37
a 1458 52 0 4 8
a 1458 1236 0 5 32
a 1458 355 0 1 23
a 1466 2015 0 241 2
a 1466 2472 0 3 27
a 1466 1570 0 1 6
a 1466 2214 0 10 36
a 1466 1422 0 1 38
a 1466 340 0 7 16
a 1466 773 0 6 25
a 1466 738 0 4 19
a 1466 2833 0 6 10
a 1466 1030 0 3 50
a 1466 1930 0 3 10
a 1466 2577 0 6 47
a 1466 2790 0 7 9
a 1466 2551 0 8 26
a 1466 1379 0 6 13
a 1466 1176 0 4 11
a 1466 1471 0 4 32
a 1466 2707 0 6 10
a 1502 1912 0 241 20
a 1502 2058 0 8 19
a 1502 263 0 8 32
a 1502 2348 0 10 4
a 1502 1884 0 1 27
a 1502 2885 0 4 10
a 1502 1932 0 7 11
a 1502 2906 0 3 38
a 1502 881 0 7 25
a 1502 1515 0 5 10
a 1502 1690 0 7 6
a 1502 1888 0 10 20
a 1522 2540 0 241 50
a 1522 690 0 6 3
a 1522 1669 0 3 30
a 1562 238 0 241 48
a 1562 2532 0 8 15
a 1562 316 0 2 16
a 1562 2647 0 5 22
a 1562 2885 0 10 46
a 1562 1512 0 5 20
a 1562 2202 0 6 26
a 1562 333 0 7 8
a 1562 1122 0 4 31
a 1562 2843 0 4 9
a 1562 1926 0 3 16
a 1589 2010 0 241 50
a 1589 586 0 10 36
a 1589 1316 0 2 8
a 1589 2948 0 3 13
a 1589 2194 0 2 13
a 1589 1629 0 4 18
a 1589 1458 0 1 14
a 1589 145 0 9 18
a 1589 2704 0 6 16
a 1589 2296 0 8 43
a 1589 2240 0 8 48
a 1589 1277 0 10 30
a 1589 1955 0 2 33
a 1589 1942 0 6 29
a 1589 2519 0 8 21
a 1589 2663 0 10 32
a 1612 2841 0 241 50
a 1612 2382 0 2 19
a 1612 2319 0 9 17
a 1612 159 0 9 26
a 1612 70 0 7 10
a 1612 1657 0 1 21
a 1612 131 0 10 45
a 1612 501 0 7 36
a 1612 1503 0 4 17
a 1612 1409 0 4 49
a 1612 2700 0 3 48
a 1612 973 0 8 39
a 1612 939 0 9 14
a 1612 2850 0 7 48
a 1612 316 0 5 35
a 1612 452 0 5 33
a 1612 845 0 6 47
a 1619 29 0 241 42
a 1619 170 0 2 43
a 1619 1263 0 7 9
a 1619 745 0 4 27
a 1619 921 0 7 50
a 1619 687 0 9 41
a 1619 756 0 4 47
a 1619 2314 0 4 14
a 1619 2359 0 7 13
a 1619 751 0 9 2
a 1648 2406 0 241 49
a 1648 1802 0 5 13
a 1648 1107 0 9 38
a 1648 1046 0 10 16
a 1648 401 0 7 48
a 1648 421 0 1 46
a 1648 1265 0 10 34
a 1648 77 0 5 27
a 1648 590 0 1 14
a 1648 481 0 10 44
a 1648 2548 0 10 20
a 1648 1691 0 7 36
a 1648 2678 0 3 38
a 1648 2955 0 9 33
a 1671 700 0 241 40
a 1671 2441 0 10 23
a 1671 413 0 8 1
a 1671 529 0 6 29
a 1671 1554 0 3 29
a 1671 2987 0 2 28
a 1671 227 0 5 50
a 1671 133 0 10 26
a 1671 2729 0 7 46
a 1671 16 0 4 3
a 1671 425 0 9 30
a 1671 448 0 1 50
a 1671 1658 0 4 4
a 1671 2046 0 4 17
a 1671 2919 0 5 43
a 1671 2101 0 9 47
a 1671 223 0 7 22
a 1671 1481 0 2 20
a 1683 2297 0 241 49
a 1683 2995 0 5 15
a 1683 1610 0 6 47
a 1683 658 0 1 43
a 1683 92 0 6 38
a 1683 2159 0 6 1
a 1683 2795 0 2 39
a 1683 754 0 1 47
a 1683 2090 0 1 2
a 1683 2733 0 7 49
a 1683 2430 0 4 44
a 1683 2436 0 8 7
a 1683 2142 0 1 5
a 1683 1628 0 10 1
a 1683 1281 0 2 38
a 1683 2798 0 7 21
a 1683 79 0 6 22
a 1683 1223 0 1 10
a 1684 1875 0 241 50
a 1684 125 0 2 37
a 1684 2490 0 6 2
a 1684 524 0 5 14
a 1684 701 0 9 8
a 1684 1966 0 10 2
a 1684 2006 0 6 41
a 1684 2330 0 4 25
a 1684 1843 0 9 21
a 1684 1179 0 9 11
a 1684 652 0 3 23
a 1684 1030 0 9 26
a 1684 1432 0 8 4
a 1684 330 0 4 25
a 1684 2014 0 9 45
a 1684 1874 0 10 48
a 1684 1407 0 7 47
a 1692 228 0 241 50
a 1692 281 0 5 38
a 1692 2850 0 1 50
a 1707 2815 0 241 50
a 1707 2809 0 7 31
a 1707 1151 0 10 2
a 1715 462 0 241 35
a 1715 1182 0 5 7
a 1715 2160 0 1 34
a 1715 698 0 8 23
a 1715 1061 0 1 34
a 1715 1215 0 1 37
a 1725 2832 0 241 50
a 1725 2861 0 2 14
a 1725 2005 0 6 44
a 1725 126 0 6 40
a 1725 2875 0 7 17
a 1725 2808 0 10 39
a 1725 2094 0 5 23
a 1725 687 0 10 24
a 1737 671 0 241 50
a 1737 1937 0 6 15
a 1737 1402 0 6 25
a 1757 1928 0 241 50
a 1757 1635 0 5 21
a 1769 2341 0 241 50
a 1769 595 0 6 25
a 1769 1748 0 3 1
a 1769 2937 0 8 38
a 1769 2310 0 6 13
a 1769 779 0 8 24
a 1769 2484 0 7 45
a 1776 2843 0 241 50
a 1776 447 0 6 48
a 1776 1583 0 5 10
a 1776 1761 0 2 22
a 1776 2826 0 3 7
a 1776 2358 0 4 48
a 1776 2857 0 7 48
a 1776 1217 0 8 44
a 1776 2910 0 2 42
a 1776 2904 0 1 27
a 1776 2263 0 3 1
a 1776 2070 0 10 29
a 1776 2103 0 8 36
a 1776 1110 0 4 16
a 1776 926 0 8 35
a 1792 738 0 241 3
a 1792 84 0 4 30
a 1792 36 0 9 7
a 1792 681 0 6 16
a 1792 958 0 6 32
a 1792 2464 0 3 33
a 1792 474 0 7 29
a 1792 2995 0 7 38
a 1795 1522 0 241 50
a 1795 2001 0 1 26
a 1795 1433 0 5 21
a 1795 1142 0 8 28
a 1795 1020 0 6 17
a 1795 2426 0 8 13
a 1795 2210 0 3 9
a 1795 2025 0 2 31
a 1795 2165 0 7 36
a 1795 822 0 1 37
a 1795 461 0 4 2
a 1795 2274 0 9 43
a 1795 1303 0 4 25
a 1821 1015 0 241 50
a 1821 1830 0 6 3
a 1821 1302 0 7 43
a 1821 1455 0 5 1
a 1821 2728 0 10 28
a 1821 978 0 6 20
a 1821 1812 0 4 10
a 1821 2594 0 10 44
a 1821 2339 0 9 7
a 1821 2620 0 3 49
a 1821 1372 0 9 3
a 1830 315 0 241 36
a 1830 1994 0 9 38
a 1830 406 0 8 33
a 1830 2783 0 4 43
a 1830 1669 0 5 13
a 1830 2754 0 3 35
a 1830 1071 0 7 28
a 1830 2338 0 1 19
a 1830 3000 0 8 26
a 1830 1983 0 4 10
a 1830 1412 0 3 39
a 1830 950 0 7 22
a 1830 884 0 6 23
a 1830 2014 0 9 16
a 1830 1765 0 1 40
a 1837 934 0 241 24
a 1837 823 0 5 39
a 1837 883 0 1 24
a 1837 101 0 1 14
a 1837 2051 0 9 45
a 1837 1577 0 1 16
a 1837 1429 0 3 28
a 1837 2642 0 8 19
a 1837 1304 0 5 48
a 1837 716 0 10 22
a 1837 1590 0 9 48
a 1875 483 0 241 28
a 1875 429 0 3 19
a 1875 2489 0 3 3
a 1875 1839 0 10 19
a 1875 2972 0 6 4
a 1875 2623 0 10 4
a 1875 2785 0 8 22
a 1875 2589 0 8 18
a 1875 1351 0 6 16
a 1875 2140 0 10 31
a 1875 200 0 8 5
a 1875 673 0 3 26
a 1894 372 0 241 50
a 1894 2684 0 3 7
a 1894 1009 0 3 50
a 1894 1124 0 6 23
a 1894 2577 0 1 33
a 1894 891 0 8 39
a 1894 2942 0 6 18
a 1894 1814 0 6 15
a 1894 856 0 7 25
a 1894 2122 0 2 40
a 1894 1806 0 8 19
a 1912 1144 0 241 50
a 1912 899 0 9 46
a 1912 671 0 4 17
a 1912 1571 0 1 5
a 1912 1776 0 7 14
a 1912 2559 0 6 38
a 1912 1068 0 8 50
a 1912 1892 0 1 8
a 1912 2303 0 8 17
a 1912 2470 0 6 43
a 1912 1968 0 6 35
a 1912 1159 0 10 23
a 1912 1240 0 1 11
a 1912 2483 0 10 29
a 1912 1592 0 9 42
a 1912 1374 0 3 48
a 1912 281 0 2 12
a 1912 2011 0 7 42
a 1916 836 0 241 50
a 1916 1066 0 8 17
a 1916 1846 0 1 7
a 1916 2014 0 5 49
a 1916 2049 0 5 6
a 1916 2097 0 5 3
a 1916 2532 0 2 23
a 1916 767 0 3 7
a 1916 672 0 7 40
a 1916 1557 0 9 22
a 1916 100 0 8 12
a 1928 1795 0 241 26
a 1928 686 0 7 2
a 1928 968 0 5 27
a 1928 1000 0 6 22
a 1928 1610 0 3 47
a 1928 2238 0 4 27
a 1928 2570 0 9 48
a 1928 60 0 6 45
a 1928 1493 0 7 9
a 1936 2245 0 241 20
a 1936 735 0 5 6
a 1936 1471 0 5 3
a 1936 816 0 8 31
a 1936 2848 0 10 19
a 1936 215 0 7 43
a 1946 2553 0 241 13
a 1946 1054 0 2 15
a 1946 2145 0 3 40
a 1946 2902 0 9 16
a 1946 2438 0 7 10
a 1946 264 0 2 19
a 1984 766 0 241 31
a 1984 2789 0 3 29
a 1984 1064 0 1 28
a 1984 2896 0 2 22
a 1984 274 0 1 10
a 1984 1890 0 8 16
a 1984 2405 0 2 28
a 1984 580 0 2 34
a 1984 49 0 10 28
a 1984 831 0 4 15
a 1990 1061 0 241 33
a 1990 1577 0 2 41
a 1990 1271 0 9 44
a 1993 2572 0 241 50
a 1993 2578 0 3 39
a 1993 2650 0 8 4
a 1993 2840 0 7 48
a 1993 2854 0 7 26
a 1993 2561 0 5 22
a 1993 207 0 7 24
a 1993 2788 0 10 14
a 1993 192 0 7 8
a 1993 2759 0 5 29
a 1993 1394 0 1 42
a 1993 1100 0 7 29
a 1993 2092 0 9 6
a 1993 1890 0 2 22
a 1993 2143 0 7 7
a 1993 474 0 3 16
a 1997 1562 0 241 50
a 1997 2092 0 5 12
a 1997 2682 0 1 2
a 1997 817 0 5 43
a 1997 472 0 6 36
a 1997 1189 0 7 29
a 1997 2394 0 4 10
a 1997 1353 0 7 32
a 1997 2791 0 1 45
a 1997 2050 0 2 33
a 1997 109 0 10 31
a 1997 750 0 7 19
a 1997 2695 0 8 49
a 1997 1671 0 6 4
a 1997 1390 0 1 34
a 1997 147 0 8 19
a 1997 519 0 9 44
a 2010 1984 0 241 50
a 2010 2607 0 4 38
a 2010 2344 0 5 50
a 2010 791 0 1 27
a 2010 1340 0 4 31
a 2010 2541 0 2 27
a 2010 2362 0 5 23
a 2010 2859 0 8 26
a 2015 1194 0 241 50
a 2015 1730 0 10 43
a 2015 2146 0 10 30
a 2037 1322 0 241 3
a 2037 1220 0 8 5
a 2037 1086 0 1 26
a 2037 2360 0 7 14
a 2037 1019 0 1 30
a 2037 1746 0 4 42
a 2037 428 0 5 26
a 2037 20 0 1 40
a 2037 2975 0 6 2
a 2037 1133 0 8 25
a 2037 938 0 5 13
a 2037 1053 0 9 27
a 2037 1424 0 8 9
a 2037 1770 0 5 26
a 2037 693 0 6 7
a 2037 1052 0 10 25
a 2037 744 0 6 14
a 2046 2725 0 241 13
a 2046 917 0 8 11
a 2046 2211 0 3 45
a 2100 363 0 241 7
a 2100 2578 0 7 44
a 2100 1338 0 10 43
a 2100 2147 0 5 40
a 2100 2760 0 1 10
a 2100 2905 0 3 7
a 2100 2228 0 8 1
a 2100 2773 0 8 22
a 2100 309 0 5 47
a 2103 1648 0 241 6
a 2103 2807 0 1 9
a 2103 1439 0 5 28
a 2103 1549 0 1 21
a 2103 1561 0 4 14
a 2103 2506 0 4 19
a 2103 507 0 7 46
a 2103 1939 0 8 37
a 2103 1128 0 7 16
a 2103 2666 0 6 42
a 2103 2085 0 8 27
a 2103 297 0 3 36
a 2103 846 0 10 41
a 2103 2327 0 2 38
a 2132 467 0 241 50
a 2132 2336 0 5 22
a 2132 1029 0 2 34
a 2132 2571 0 7 27
a 2132 2561 0 2 6
a 2132 2352 0 7 35
a 2132 2452 0 4 26
a 2132 1106 0 2 4
a 2132 456 0 1 45
a 2132 2842 0 8 13
a 2132 2617 0 10 13
a 2132 1978 0 1 5
a 2150 286 0 241 50
a 2150 2847 0 7 28
a 2150 831 0 2 34
a 2150 1640 0 1 32
a 2150 1011 0 2 26
a 2150 2677 0 6 27
a 2150 947 0 4 40
a 2150 1206 0 6 17
a 2150 568 0 2 43
a 2150 1284 0 7 19
a 2150 2049 0 2 2
a 2150 1420 0 8 12
a 2159 1184 0 241 4
a 2159 1312 0 7 18
a 2159 1634 0 10 32
a 2159 1352 0 8 33
a 2159 151 0 7 39
a 2159 1346 0 6 50
a 2159 562 0 6 17
a 2159 451 0 3 17
a 2159 319 0 2 41
a 2159 1984 0 8 27
a 2159 2713 0 6 33
a 2159 973 0 3 3
a 2159 2857 0 5 23
a 2159 1620 0 3 36
a 2183 461 0 241 50
a 2183 1639 0 9 24
a 2183 896 0 10 29
a 2183 1285 0 1 31
a 2188 1821 0 241 17
a 2188 999 0 6 12
a 2245 1255 0 241 28
a 2245 392 0 9 48
a 2245 832 0 4 5
a 2245 2819 0 8 13
a 2245 1176 0 8 32
a 2245 36 0 6 11
a 2245 786 0 10 46
a 2245 749 0 8 26
a 2245 1290 0 3 29
a 2261 1946 0 241 42
a 2261 1020 0 1 27
a 2261 1530 0 10 36
a 2261 1870 0 7 13
a 2261 697 0 10 39
a 2261 165 0 5 13
a 2261 2384 0 9 9
a 2261 91 0 5 45
a 2261 1230 0 10 16
a 2261 2402 0 8 41
a 2261 1305 0 8 32
a 2261 2674 0 4 41
a 2261 2640 0 7 31
a 2261 883 0 1 11
a 2261 83 0 3 34
a 2261 2007 0 8 12
a 2261 775 0 4 28
a 2261 587 0 7 2
a 2279 84 0 241 10
a 2279 1052 0 4 49
a 2279 2760 0 4 41
a 2279 2316 0 2 26
a 2279 997 0 6 17
a 2279 943 0 5 20
a 2279 684 0 9 36
a 2279 1003 0 2 1
a 2279 1438 0 1 31
a 2279 853 0 4 39
a 2279 2447 0 9 16
a 2279 1604 0 6 12
a 2279 1827 0 5 41
a 2279 2761 0 3 18
a 2279 796 0 5 9
a 2279 2446 0 8 23
a 2279 772 0 1 10
a 2297 2313 0 241 50
a 2297 1738 0 8 24
a 2297 1945 0 6 6
a 2297 2238 0 5 48
a 2297 1412 0 3 34
a 2297 2489 0 10 43
a 2297 2819 0 9 2
a 2297 597 0 4 24
a 2297 2030 0 3 38
a 2313 2733 0 241 50
a 2313 2967 0 2 14
a 2313 416 0 5 20
a 2313 1328 0 9 29
a 2313 950 0 3 22
a 2313 411 0 4 48
a 2313 1815 0 4 20
a 2313 2068 0 10 44
a 2313 2025 0 4 36
a 2313 1341 0 2 26
a 2313 1767 0 4 7
a 2313 759 0 8 42
a 2313 1133 0 4 24
a 2313 91 0 7 12
a 2313 2324 0 1 17
a 2313 59 0 9 5
a 2313 850 0 6 12
a 2313 1240 0 2 37
a 2322 2379 0 241 50
a 2322 2646 0 3 18
a 2322 1008 0 6 42
a 2322 1106 0 10 3
a 2322 1224 0 9 34
a 2322 1207 0 1 35
a 2322 1444 0 5 29
a 2322 341 0 3 34
a 2322 261 0 8 21
a 2322 298 0 9 16
a 2322 1854 0 2 37
a 2322 1675 0 9 47
a 2322 1819 0 6 39
a 2322 1952 0 3 1
a 2341 2365 0 241 50
a 2341 1592 0 1 50
a 2341 982 0 3 46
a 2341 977 0 8 6
a 2341 844 0 1 26
a 2341 2902 0 2 34
a 2341 1370 0 1 6
a 2341 1178 0 2 36
a 2341 1191 0 10 2
a 2353 1619 0 241 8
a 2353 2145 0 9 20
a 2353 2045 0 8 18
a 2353 1233 0 1 15
a 2365 1916 0 241 28
a 2365 1927 0 5 35
a 2365 2538 0 8 28
a 2365 923 0 7 5
a 2366 1993 0 241 48
a 2366 2931 0 9 18
a 2366 2380 0 3 12
a 2366 2284 0 5 30
a 2366 1047 0 9 25
a 2366 2227 0 2 48
a 2366 2320 0 2 19
a 2366 706 0 2 3
a 2366 1856 0 1 1
a 2366 1024 0 7 31
a 2366 522 0 8 46
a 2366 2538 0 9 23
a 2366 2851 0 1 29
a 2366 535 0 8 7
a 2379 564 0 241 50
a 2379 2673 0 1 47
a 2379 949 0 5 42
a 2379 576 0 6 26
a 2379 773 0 6 14
a 2379 1305 0 2 33
a 2379 1881 0 3 5
a 2379 1311 0 1 7
a 2379 921 0 3 5
a 2379 728 0 6 40
a 2379 1850 0 9 20
a 2379 2555 0 7 39
a 2379 60 0 6 23
a 2379 626 0 8 47
a 2379 467 0 5 13
a 2379 339 0 6 42
a 2379 1350 0 6 3
a 2406 894 0 241 50
a 2406 1971 0 6 27
a 2406 2030 0 2 49
a 2406 2782 0 2 7
a 2406 2353 0 7 40
a 2406 194 0 1 41
a 2406 2251 0 2 7
a 2406 681 0 2 19
a 2406 248 0 2 27
a 2406 2027 0 10 10
a 2406 105 0 1 20
a 2406 1884 0 10 49
a 2406 2289 0 4 30
a 2406 1861 0 10 12
a 2406 679 0 5 47
a 2435 141 0 241 50
a 2435 2920 0 10 45
a 2435 1142 0 8 44
a 2435 2474 0 9 8
a 2435 2528 0 7 3
a 2435 622 0 2 2
a 2435 1774 0 9 14
a 2435 2980 0 5 10
a 2435 2621 0 1 25
a 2435 328 0 2 35
a 2435 1424 0 7 50
a 2435 577 0 10 24
a 2435 953 0 1 8
a 2435 1296 0 2 29
a 2435 617 0 6 35
a 2435 832 0 3 2
a 2435 1109 0 8 43
a 2456 67 0 241 50
a 2456 581 0 8 39
a 2456 1006 0 6 46
a 2456 899 0 5 29
a 2456 1115 0 10 34
a 2456 334 0 10 20
a 2456 93 0 5 10
a 2456 1195 0 10 26
a 2456 2162 0 9 49
a 2456 1350 0 1 43
a 2456 2549 0 2 18
a 2456 1399 0 5 36
a 2456 836 0 6 38
a 2456 1616 0 7 34
a 2456 926 0 4 32
a 2456 388 0 9 18
a 2456 2643 0 3 48
a 2456 1475 0 6 45
a 2487 1064 0 241 50
a 2487 2981 0 7 41
a 2487 2676 0 6 39
a 2487 2345 0 10 43
a 2487 798 0 1 20
a 2487 2347 0 8 10
a 2487 648 0 8 24
a 2487 132 0 5 34
a 2487 1540 0 3 49
a 2487 441 0 8 35
a 2539 2722 0 241 17
a 2539 80 0 10 39
a 2539 834 0 9 23
a 2539 2520 0 7 2
a 2539 822 0 3 12
a 2539 311 0 4 13
a 2539 2305 0 5 28
a 2539 446 0 7 39
a 2539 1198 0 7 29
a 2539 966 0 9 3
a 2539 294 0 2 48
a 2539 451 0 6 6
a 2539 858 0 5 3
a 2539 2610 0 10 16
a 2539 225 0 10 39
a 2539 2115 0 7 22
a 2540 1707 0 241 50
a 2540 2253 0 3 3
a 2540 589 0 5 44
a 2540 1176 0 5 40
a 2540 1719 0 8 3
a 2550 1837 0 241 11
a 2550 1967 0 10 38
a 2550 2432 0 9 15
a 2550 2904 0 7 33
a 2550 1359 0 6 35
a 2550 2927 0 3 36
a 2550 1854 0 6 29
a 2550 1247 0 5 35
a 2550 1340 0 6 22
a 2550 1910 0 10 15
a 2553 2814 0 241 50
a 2553 1051 0 3 32
a 2553 2151 0 1 34
a 2553 666 0 1 22
a 2553 225 0 10 16
a 2553 2997 0 4 5
a 2553 1781 0 7 5
a 2553 2902 0 8 9
a 2558 857 0 241 50
a 2558 49 0 8 50
a 2558 2705 0 6 27
a 2558 2036 0 8 48
a 2558 256 0 1 28
a 2558 2521 0 6 18
a 2558 1905 0 5 43
a 2562 2653 0 241 36
a 2562 2378 0 6 4
a 2562 1103 0 6 26
a 2562 2872 0 6 44
a 2562 1922 0 1 20
a 2562 1371 0 4 18
a 2562 2150 0 4 32
a 2562 940 0 1 36
a 2562 639 0 2 14
a 2562 1395 0 5 40
a 2562 829 0 8 26
a 2562 2052 0 6 46
a 2562 761 0 5 17
a 2562 1758 0 5 31
a 2562 927 0 7 28
a 2570 2100 0 241 50
a 2570 878 0 1 22
a 2570 531 0 5 42
a 2570 1978 0 8 5
a 2570 2976 0 8 29
a 2570 2773 0 3 38
a 2570 2667 0 8 48
a 2570 2526 0 2 19
a 2570 2153 0 1 42
a 2570 907 0 9 18
a 2570 2494 0 9 1
a 2570 1962 0 3 9
a 2570 2166 0 1 3
a 2570 2016 0 7 9
a 2570 2611 0 8 15
a 2572 446 0 241 50
a 2572 2117 0 10 31
a 2572 1887 0 7 38
a 2572 122 0 10 30
a 2572 39 0 7 27
a 2572 472 0 7 30
a 2572 1516 0 4 25
a 2572 2405 0 1 7
a 2572 46 0 10 10
a 2572 1002 0 5 43
a 2572 2108 0 2 3
a 2572 213 0 2 45
a 2572 1892 0 6 22
a 2572 1440 0 9 12
a 2578 1034 0 241 25
a 2578 1298 0 3 29
a 2578 222 0 7 23
a 2578 1277 0 7 47
a 2578 656 0 5 17
a 2578 1934 0 9 38
a 2591 2831 0 241 50
a 2591 338 0 3 24
a 2591 1095 0 9 31
a 2591 1321 0 10 41
a 2591 2604 0 4 36
a 2591 1353 0 4 38
a 2591 413 0 7 15
a 2591 1473 0 4 29
a 2591 713 0 4 19
a 2591 1811 0 7 21
a 2591 1269 0 1 15
a 2591 2790 0 7 27
a 2591 1752 0 8 20
a 2591 2867 0 10 39
a 2653 880 0 241 50
a 2653 189 0 10 31
a 2653 733 0 2 35
a 2667 183 0 241 50
a 2667 2132 0 8 15
a 2667 2157 0 6 20
a 2667 2459 0 7 35
a 2667 1726 0 1 20
a 2667 1188 0 9 5
a 2667 2232 0 2 29
a 2667 1877 0 1 5
a 2667 2457 0 4 12
a 2667 211 0 10 21
a 2667 1349 0 5 44
a 2691 922 0 241 50
a 2691 2080 0 7 42
a 2691 1209 0 6 33
a 2691 2955 0 6 41
a 2691 2355 0 9 34
a 2691 1161 0 9 34
a 2691 2282 0 8 6
a 2696 2435 0 241 15
a 2696 320 0 6 22
a 2696 1931 0 2 7
a 2696 1111 0 6 50
a 2696 2428 0 3 36
a 2696 1118 0 1 40
a 2702 1830 0 241 50
a 2702 2633 0 7 13
a 2702 970 0 8 42
a 2702 2449 0 9 1
a 2722 2150 0 241 50
a 2722 2859 0 10 38
a 2722 2381 0 9 16
a 2722 217 0 1 29
a 2722 2903 0 10 31
a 2722 113 0 2 22
a 2722 1998 0 3 1
a 2725 2942 0 241 39
a 2725 2799 0 7 37
a 2725 611 0 8 2
a 2725 1143 0 2 11
a 2725 279 0 3 50
a 2725 2429 0 7 50
a 2725 1850 0 5 37
a 2725 2174 0 8 31
a 2725 1485 0 9 42
a 2725 2125 0 6 5
a 2725 1835 0 7 3
a 2725 965 0 10 6
a 2725 980 0 8 43
a 2733 1466 0 241 50
a 2733 364 0 2 20
a 2733 2525 0 1 29
a 2733 341 0 7 48
a 2733 613 0 1 13
a 2733 205 0 6 18
a 2733 1330 0 3 33
a 2733 1962 0 4 35
a 2733 1552 0 1 23
a 2733 1639 0 7 26
a 2733 811 0 1 14
a 2733 1569 0 8 43
a 2733 2881 0 1 37
a 2733 756 0 3 21
a 2758 2790 0 241 50
a 2758 125 0 1 21
a 2758 1372 0 10 49
a 2790 2487 0 241 37
a 2790 1166 0 1 14
a 2790 1868 0 5 48
a 2790 1401 0 6 1
a 2790 1312 0 6 12
a 2790 1576 0 5 15
a 2790 328 0 2 6
a 2790 209 0 6 14
a 2790 2387 0 8 38
a 2790 2882 0 5 13
a 2790 2930 0 10 30
a 2790 2944 0 3 14
a 2790 1752 0 7 5
a 2790 2594 0 1 21
a 2790 261 0 5 22
a 2790 578 0 8 13
a 2814 2691 0 241 37
a 2814 2258 0 8 33
a 2814 2607 0 1 32
a 2814 2209 0 2 28
a 2814 2290 0 10 50
a 2814 335 0 5 33
a 2814 1358 0 2 35
a 2814 2231 0 5 50
a 2814 1058 0 10 46
a 2814 2925 0 10 40
a 2814 1985 0 10 26
a 2815 1060 0 241 22
a 2815 2666 0 4 14
a 2815 1019 0 2 32
a 2815 2224 0 1 37
a 2815 809 0 3 32
a 2815 22 0 6 37
a 2815 1024 0 9 49
a 2831 1502 0 241 38
a 2831 2821 0 10 32
a 2831 2948 0 6 6
a 2831 580 0 10 50
a 2831 2920 0 10 19
a 2831 1490 0 2 9
a 2831 2706 0 2 8
a 2831 203 0 5 22
a 2831 341 0 4 30
a 2831 85 0 5 17
a 2831 943 0 10 49
a 2831 2746 0 4 9
a 2831 861 0 1 31
a 2832 2570 0 241 50
a 2832 1701 0 4 14
a 2832 675 0 8 45
a 2832 2335 0 9 30
a 2832 1160 0 9 26
a 2832 2321 0 9 14
a 2841 2961 0 241 50
a 2841 135 0 5 17
a 2841 2466 0 3 33
a 2841 731 0 1 14
a 2841 316 0 3 5
a 2841 147 0 8 14
a 2841 2008 0 9 38
a 2841 952 0 2 2
a 2841 1887 0 5 4
a 2841 2957 0 3 45
a 2843 1150 0 241 50
a 2843 2966 0 1 27
a 2843 2516 0 4 38
a 2843 2929 0 3 22
a 2918 2183 0 241 50
a 2918 2385 0 5 25
a 2918 1442 0 5 36
a 2918 2082 0 6 42
a 2918 1045 0 5 10
a 2918 2650 0 9 38
a 2918 2685 0 2 10
a 2918 506 0 6 42
a 2920 2279 0 241 7
a 2920 2449 0 9 41
a 2920 2518 0 9 36
a 2920 531 0 3 8
a 2920 2170 0 5 24
a 2920 356 0 7 33
a 2920 647 0 4 20
a 2920 259 0 9 17
a 2920 2991 0 3 9
a 2920 2346 0 3 7
a 2920 935 0 7 21
a 2920 1326 0 1 42
a 2942 91 0 241 50
a 2942 822 0 5 50
a 2942 1850 0 8 4
a 2942 2049 0 3 13
a 2942 1694 0 4 48
a 2942 768 0 6 20
a 2942 672 0 2 37
a 2942 1085 0 2 11
a 2942 868 0 4 33
a 2942 2881 0 10 38
a 2942 464 0 4 18
a 2942 1484 0 5 30
a 2942 378 0 4 29
a 2960 2539 0 241 5
a 2960 2999 0 241 9
a 2960 1746 0 8 45
a 2960 242 0 4 36
a 2960 1739 0 4 22
a 2960 1139 0 8 38
a 2960 2536 0 8 7
a 2960 1349 0 4 28
a 2960 1950 0 3 10
a 2960 1607 0 9 8
a 2960 2187 0 10 32
a 2960 1853 0 1 31
a 2961 2159 0 241 50
a 2961 1281 0 9 19
a 2961 2682 0 3 31
a 2961 2250 0 10 38
a 2961 1690 0 1 28
a 2961 554 0 10 20
a 2961 811 0 3 27
a 2961 1790 0 4 36
a 2961 789 0 1 11
a 2961 1488 0 3 25
a 2961 686 0 9 16
a 2961 435 0 6 43
a 2961 433 0 8 12
a 2961 2027 0 3 1
a 2961 1752 0 5 37
a 2961 1448 0 6 18
a 2961 2142 0 7 13
a 2971 1715 0 241 7
a 2971 16 0 3 43
a 2971 2152 0 3 17
a 2971 1792 0 9 28
a 2971 528 0 2 50
a 2971 905 0 2 15
a 2971 1326 0 7 41
a 2971 731 0 5 42
a 2971 1036 0 3 49
a 2971 1304 0 4 8
a 2971 2145 0 8 46
a 2985 2550 0 241 16
a 2985 69 0 6 48
a 2985 1699 0 6 17
a 2985 1857 0 9 46
a 2985 2679 0 9 14
a 2985 2336 0 7 21
a 2985 879 0 7 47
a 2985 806 0 1 19
a 2985 1527 0 5 21
a 2985 836 0 10 39
a 10 1250 0 221 50
a 10 530 0 6 33
a 10 1055 0 4 42
a 10 2899 0 4 7
a 10 2222 0 5 15
a 10 2734 0 3 31
a 10 1530 0 3 22
a 10 1163 0 6 27
a 10 2493 0 2 19
a 10 1692 0 1 6
a 10 494 0 4 19
a 10 231 0 6 16
a 10 1099 0 10 10
a 10 2827 0 1 17
a 32 2768 0 221 50
a 32 2350 0 3 7
a 32 1886 0 6 19
a 32 49 0 3 28
a 32 1486 0 10 27
a 33 1152 0 221 50
a 33 234 0 5 13
a 33 717 0 2 26
a 33 1217 0 2 9
a 33 2352 0 8 47
a 33 2128 0 8 48
a 33 2500 0 7 42
a 33 268 0 2 40
a 33 2803 0 8 7
a 33 811 0 10 2
a 33 1653 0 9 37
a 33 1999 0 9 27
a 33 2176 0 7 26
a 33 1528 0 3 17
a 48 1659 0 221 50
a 48 1767 0 8 33
a 48 861 0 6 36
a 48 894 0 9 28
a 48 2801 0 1 50
a 48 1627 0 2 48
a 48 376 0 6 36
a 48 1518 0 7 18
a 48 2539 0 6 20
a 48 2981 0 10 11
a 48 883 0 5 30
a 72 1688 0 221 50
a 72 1427 0 6 43
a 72 1308 0 6 48
a 72 1555 0 6 2
a 72 1952 0 3 7
a 72 2649 0 1 50
a 72 2766 0 8 36
a 72 1288 0 6 49
a 72 1152 0 9 24
a 72 686 0 10 48
a 72 285 0 1 44
a 72 588 0 3 20
a 72 820 0 3 3
a 72 534 0 5 16
a 114 1853 0 221 50
a 114 495 0 7 23
a 114 2671 0 10 7
a 114 2180 0 9 26
a 114 1340 0 2 2
a 114 2645 0 7 4
a 114 2430 0 6 41
a 114 708 0 7 45
a 114 2767 0 9 16
a 114 1665 0 3 28
a 114 2389 0 1 8
a 114 756 0 6 38
a 116 2756 0 221 50
a 116 2919 0 9 50
a 116 1781 0 1 49
a 116 622 0 7 37
a 116 2103 0 8 37
a 116 2067 0 8 1
a 116 2991 0 10 4
a 116 2036 0 3 27
a 116 1819 0 6 14
a 116 1913 0 1 33
a 116 221 0 5 44
a 116 2515 0 6 23
a 116 2065 0 2 38
a 116 1836 0 4 4
a 127 2022 0 221 6
a 127 2421 0 4 45
a 127 52 0 1 18
a 127 2726 0 9 9
a 127 702 0 9 14
a 127 230 0 2 4
a 127 2156 0 4 43
a 127 382 0 7 42
a 127 498 0 9 17
a 127 73 0 1 8
a 127 225 0 6 37
a 127 615 0 4 5
a 127 768 0 6 20
a 127 967 0 7 27
a 158 422 0 221 21
a 158 2819 0 2 43
a 158 2370 0 10 43
a 158 1351 0 3 36
a 158 1811 0 10 19
a 158 2710 0 8 31
a 158 765 0 3 11
a 158 2855 0 8 6
a 158 48 0 4 23
a 158 124 0 2 49
a 163 2149 0 221 31
a 163 759 0 9 7
a 163 1894 0 3 24
a 163 1870 0 7 50
a 163 190 0 9 13
a 163 287 0 1 21
a 163 1259 0 3 8
a 163 2952 0 10 31
a 163 2829 0 4 47
a 163 35 0 10 25
a 163 1893 0 4 27
a 163 488 0 4 47
a 163 1214 0 8 22
a 163 495 0 9 39
a 163 1062 0 3 1
a 171 2804 0 221 50
a 171 1238 0 9 43
a 171 2060 0 3 8
a 171 435 0 4 48
a 171 2664 0 9 34
a 171 2098 0 8 27
a 171 1755 0 7 16
a 171 1150 0 2 49
a 171 1244 0 8 21
a 171 907 0 3 23
a 171 2153 0 3 26
a 171 2440 0 7 20
a 171 556 0 2 34
a 171 1478 0 7 6
a 180 33 0 221 50
a 180 2208 0 1 3
a 180 1162 0 3 4
a 180 1878 0 5 16
a 180 2379 0 5 40
a 180 2973 0 1 2
a 180 2061 0 4 16
a 180 1127 0 5 2
a 210 770 0 221 10
a 210 1050 0 7 27
a 210 2716 0 5 7
a 210 2146 0 8 20
a 210 22 0 6 45
a 210 623 0 5 26
a 210 1450 0 10 42
a 213 2354 0 221 7
a 213 1405 0 1 18
a 213 939 0 8 28
a 213 363 0 10 22
a 213 1432 0 8 32
a 213 2031 0 9 39
a 215 1738 0 221 30
a 215 991 0 3 13
a 215 517 0 8 16
a 215 2995 0 10 8
a 215 791 0 3 10
a 215 1631 0 5 10
a 215 2971 0 5 41
a 215 2259 0 9 49
a 215 1273 0 10 15
a 215 1062 0 1 1
a 215 2871 0 1 12
a 215 2109 0 8 25
a 215 1543 0 2 17
a 215 2865 0 6 37
a 215 2116 0 7 44
a 215 586 0 3 14
a 244 990 0 221 24
a 244 2734 0 5 12
a 244 1463 0 2 9
a 244 1638 0 3 5
a 244 1291 0 6 15
a 252 1538 0 221 50
a 252 1432 0 3 27
a 252 1517 0 10 32
a 252 1468 0 9 27
a 252 1362 0 7 9
a 252 2283 0 3 29
a 252 2268 0 6 9
a 252 144 0 3 1
a 252 566 0 9 21
a 252 629 0 3 9
a 260 319 0 221 14
a 260 480 0 1 5
a 260 309 0 4 27
a 260 450 0 3 25
a 260 341 0 5 35
a 260 1154 0 1 42
a 260 2345 0 3 23
a 260 370 0 3 11
a 260 1599 0 4 13
a 260 486 0 1 10
a 260 2333 0 3 44
a 261 1986 0 221 50
a 261 1776 0 10 25
a 261 2567 0 10 44
a 261 2340 0 4 13
a 261 1849 0 7 30
a 261 854 0 4 18
a 261 210 0 7 33
a 261 1582 0 10 50
a 261 2174 0 7 28
a 262 899 0 221 50
a 262 1676 0 10 7
a 262 622 0 1 38
a 262 672 0 3 48
a 262 1142 0 5 11
a 262 1054 0 10 29
a 262 2368 0 8 50
a 262 469 0 2 34
a 262 1060 0 7 45
a 262 2046 0 1 11
a 262 2420 0 6 50
a 262 2665 0 5 16
a 262 2013 0 9 42
a 262 1399 0 2 37
a 280 2215 0 221 2
a 280 743 0 7 4
a 280 1852 0 8 25
a 280 1194 0 7 19
a 280 1968 0 7 6
a 280 1930 0 5 38
a 280 411 0 4 29
a 283 457 0 221 40
a 283 2415 0 9 50
a 283 2748 0 10 46
a 283 1861 0 8 37
a 283 2787 0 9 7
a 283 2494 0 1 21
a 283 306 0 6 19
a 283 1779 0 6 26
a 283 2172 0 10 25
a 283 2437 0 2 25
a 283 2280 0 8 4
a 287 1717 0 221 50
a 287 2027 0 10 44
a 287 1089 0 6 50
a 287 2493 0 5 46
a 287 1247 0 5 32
a 287 600 0 5 2
a 287 2143 0 2 2
a 302 287 0 221 50
a 302 2325 0 8 2
a 302 210 0 2 18
a 302 17 0 1 26
a 302 1071 0 5 32
a 302 2260 0 6 48
a 302 466 0 9 50
a 302 1473 0 2 45
a 302 1774 0 7 42
a 302 697 0 1 46
a 302 2143 0 8 8
a 302 2620 0 1 35
a 318 1584 0 221 15
a 318 261 0 7 11
a 318 140 0 2 42
a 318 550 0 7 50
a 318 122 0 7 6
a 318 1308 0 7 24
a 318 2821 0 1 37
a 318 2171 0 10 36
a 318 2611 0 9 13
a 318 127 0 4 35
a 319 1668 0 221 19
a 319 1679 0 8 25
a 319 522 0 10 18
a 319 1686 0 7 11
a 319 71 0 4 24
a 319 2702 0 10 10
a 319 338 0 4 12
a 319 1169 0 3 6
a 319 2258 0 6 39
a 319 2542 0 4 29
a 319 1240 0 1 8
a 319 932 0 5 43
a 319 1700 0 10 17
a 327 1773 0 221 23
a 327 2975 0 3 45
a 327 2079 0 9 8
a 327 2424 0 5 3
a 327 1678 0 7 34
a 327 2772 0 9 2
a 327 2485 0 10 25
a 327 2474 0 7 38
a 327 505 0 1 13
a 327 1320 0 6 8
a 327 1399 0 7 31
a 327 2709 0 3 20
a 327 2978 0 2 18
a 327 2222 0 1 3
a 327 2632 0 8 47
a 327 484 0 7 5
a 327 901 0 3 20
a 335 1925 0 221 5
a 335 881 0 4 28
a 335 2729 0 10 33
a 335 985 0 4 43
a 335 718 0 5 41
a 335 2006 0 8 36
a 368 842 0 221 36
a 368 2731 0 5 29
a 368 2151 0 8 39
a 377 72 0 221 50
a 377 2145 0 10 10
a 377 246 0 8 28
a 377 788 0 3 12
a 377 1299 0 6 3
a 377 2334 0 2 49
a 377 2898 0 5 5
a 377 1327 0 7 10
a 377 423 0 4 13
a 377 2332 0 7 43
a 377 301 0 8 26
a 377 194 0 6 34
a 402 1156 0 221 50
a 402 1678 0 2 36
a 402 2864 0 10 36
a 402 2960 0 7 23
a 402 738 0 5 41
a 402 1732 0 9 50
a 402 2360 0 2 44
a 402 2218 0 3 17
a 402 1330 0 4 41
a 402 121 0 8 31
a 402 2669 0 4 16
a 402 2436 0 10 23
a 402 2392 0 1 6
a 402 924 0 7 34
a 402 1416 0 4 4
a 402 1153 0 7 44
a 402 2724 0 9 43
a 402 2415 0 9 44
a 412 2614 0 221 11
a 412 1765 0 10 12
a 412 2281 0 8 17
a 412 330 0 2 41
a 412 2786 0 7 21
a 412 819 0 4 32
a 418 2380 0 221 50
a 418 1226 0 5 10
a 418 2822 0 5 15
a 418 1248 0 8 11
a 418 742 0 7 20
a 418 785 0 8 37
a 418 2067 0 8 23
a 418 2755 0 5 19
a 418 2818 0 1 50
a 418 2430 0 1 28
a 418 669 0 9 29
a 418 1606 0 5 28
a 418 1810 0 1 13
a 419 2871 0 221 50
a 419 1825 0 3 16
a 419 1474 0 3 23
a 419 2287 0 2 6
a 419 1775 0 5 43
a 419 1405 0 8 32
a 419 2699 0 4 46
a 419 2663 0 4 48
a 419 296 0 3 48
a 419 2370 0 1 22
a 419 2697 0 8 32
a 422 1225 0 221 31
a 422 2461 0 10 27
a 422 2804 0 9 45
a 457 163 0 221 50
a 457 2219 0 1 26
a 457 923 0 7 25
a 457 185 0 3 24
a 457 2579 0 10 37
a 457 563 0 2 13
a 457 1905 0 9 7
a 457 158 0 4 46
a 457 1111 0 6 30
a 480 1691 0 221 50
a 480 1134 0 6 23
a 480 1641 0 3 2
a 480 1941 0 4 22
a 480 1697 0 2 16
a 480 1948 0 2 9
a 480 736 0 2 11
a 480 803 0 7 44
a 493 2427 0 221 50
a 493 2085 0 8 1
a 493 949 0 10 33
a 493 595 0 4 47
a 493 889 0 6 40
a 493 746 0 6 24
a 493 1042 0 7 20
a 493 1147 0 1 37
a 493 2182 0 6 26
a 493 2716 0 7 37
a 493 352 0 4 22
a 493 2121 0 3 13
a 493 1537 0 1 25
a 493 2422 0 2 30
a 493 2545 0 6 9
a 493 2952 0 2 34
a 493 2517 0 9 1
a 493 1292 0 8 7
a 496 1170 0 221 44
a 496 1230 0 3 42
a 496 2983 0 10 9
a 498 1439 0 221 50
a 498 1536 0 2 35
a 498 2754 0 5 26
a 498 135 0 5 26
a 498 1830 0 10 10
a 498 326 0 10 41
a 498 926 0 4 42
a 498 2760 0 8 42
a 498 1955 0 4 43
a 498 2492 0 9 1
a 508 1240 0 221 50
a 508 188 0 1 49
a 508 742 0 10 49
a 508 2834 0 8 32
a 508 2078 0 10 11
a 508 1552 0 4 29
a 508 2617 0 2 20
a 508 2000 0 9 47
a 508 680 0 8 44
a 508 451 0 9 15
a 508 1848 0 1 47
a 508 1809 0 5 31
a 508 2535 0 10 9
a 537 2604 0 221 14
a 537 2340 0 6 47
a 537 2017 0 4 11
a 544 616 0 221 50
a 544 2446 0 6 22
a 544 1294 0 7 25
a 544 2238 0 4 27
a 544 2727 0 2 4
a 544 2933 0 9 30
a 544 2942 0 3 33
a 544 2130 0 2 26
a 544 310 0 1 47
a 544 957 0 1 13
a 545 1560 0 221 25
a 545 1633 0 1 29
a 576 1160 0 221 50
a 576 771 0 5 6
a 576 738 0 3 10
a 576 2532 0 6 50
a 600 2959 0 221 50
a 600 2218 0 5 30
a 600 3000 0 8 4
a 600 828 0 6 8
a 600 136 0 10 42
a 600 411 0 7 10
a 600 740 0 7 48
a 600 1260 0 7 37
a 600 2431 0 10 1
a 600 786 0 9 48
a 616 2599 0 221 50
a 616 1381 0 2 39
a 630 1332 0 221 50
a 630 1150 0 5 33
a 630 1944 0 2 27
a 630 1503 0 8 42
a 631 709 0 221 50
a 631 2070 0 8 9
a 631 2001 0 8 10
a 631 718 0 9 44
a 631 2130 0 2 22
a 631 1145 0 2 48
a 631 1388 0 4 45
a 631 653 0 3 2
a 631 1280 0 1 14
a 631 329 0 7 49
a 644 2476 0 221 50
a 644 745 0 8 33
a 644 1170 0 10 10
a 644 410 0 9 37
a 644 1974 0 7 18
a 644 1421 0 6 6
a 644 1465 0 4 50
a 644 1850 0 4 20
a 644 448 0 7 32
a 644 1050 0 10 17
a 644 2969 0 3 19
a 644 973 0 2 11
a 647 1380 0 221 50
a 647 1055 0 1 23
a 647 176 0 8 31
a 647 1726 0 5 13
a 647 1727 0 3 49
a 647 1872 0 3 5
a 647 1677 0 4 37
a 647 2373 0 9 33
a 647 1499 0 1 17
a 647 1907 0 9 9
a 647 377 0 2 17
a 647 1254 0 8 38
a 647 88 0 4 41
a 647 2968 0 6 37
a 647 2136 0 3 33
a 647 2190 0 6 4
a 647 1888 0 10 7
a 649 2648 0 221 50
a 649 87 0 10 20
a 649 1455 0 10 26
a 649 2875 0 3 49
a 649 2850 0 2 25
a 664 2889 0 221 50
a 664 1186 0 3 5
a 664 374 0 3 37
a 664 2678 0 10 39
a 664 1430 0 5 38
a 664 1310 0 4 42
a 664 1319 0 1 13
a 664 749 0 9 32
a 664 2759 0 6 4
a 664 2557 0 3 14
a 664 1985 0 8 43
a 664 876 0 1 38
a 664 2381 0 3 5
a 664 2918 0 4 32
a 664 360 0 7 28
a 664 553 0 6 10
a 664 2838 0 8 12
a 664 850 0 4 47
a 709 808 0 221 50
a 709 2143 0 4 21
a 709 753 0 3 29
a 709 1559 0 9 41
a 709 63 0 3 8
a 709 2469 0 5 1
a 709 1241 0 1 40
a 709 123 0 7 46
a 709 1333 0 4 27
a 709 2617 0 6 43
a 709 929 0 5 35
a 709 2769 0 6 36
a 709 1501 0 9 46
a 709 895 0 3 23
a 709 105 0 8 22
a 709 1097 0 4 21
a 709 251 0 7 40
a 729 2032 0 221 9
a 729 1091 0 2 50
a 729 2966 0 3 2
a 729 1943 0 7 46
a 729 2090 0 1 37
a 729 1604 0 7 35
a 729 2432 0 1 37
a 729 470 0 9 32
a 729 670 0 10 12
a 745 1154 0 221 37
a 745 1618 0 7 28
a 745 1532 0 3 36
a 745 1070 0 2 16
a 745 1305 0 9 22
a 745 2353 0 10 6
a 745 2949 0 8 35
a 745 1754 0 8 32
a 757 1772 0 221 50
a 757 2189 0 10 36
a 757 2474 0 1 24
a 757 516 0 5 24
a 757 189 0 1 27
a 757 2353 0 9 16
a 757 2982 0 10 34
a 757 2899 0 6 45
a 757 1003 0 8 45
a 757 1106 0 9 20
a 757 1081 0 7 42
a 757 1774 0 6 10
a 757 1282 0 2 29
a 757 1563 0 3 27
a 757 2829 0 10 19
a 757 367 0 9 21
a 757 459 0 1 12
a 770 2560 0 221 32
a 770 1744 0 5 29
a 770 1144 0 8 1
a 770 529 0 6 30
a 770 505 0 3 19
a 770 2472 0 6 40
a 771 2632 0 221 35
a 771 1827 0 2 45
a 771 2788 0 5 6
a 771 553 0 9 22
a 771 1527 0 7 5
a 771 1272 0 10 15
a 771 2093 0 9 21
a 771 2438 0 1 24
a 771 2963 0 10 26
a 771 2894 0 9 3
a 771 968 0 1 9
a 771 446 0 10 44
a 771 2579 0 1 23
a 771 2342 0 2 23
a 771 914 0 9 40
a 798 2206 0 221 50
a 798 2237 0 10 7
a 798 1216 0 6 38
a 798 870 0 4 32
a 798 2344 0 3 33
a 798 2947 0 3 40
a 798 2111 0 2 34
a 798 821 0 10 42
a 798 2770 0 2 14
a 798 2744 0 5 8
a 798 1813 0 8 14
a 798 2403 0 8 36
a 798 1100 0 10 27
a 808 862 0 221 50
a 808 2390 0 1 11
a 808 865 0 5 23
a 808 459 0 5 48
a 808 2462 0 6 16
a 808 1362 0 5 37
a 808 86 0 3 17
a 808 2437 0 1 46
a 808 2047 0 8 40
a 808 506 0 9 39
a 808 2626 0 2 13
a 808 833 0 8 11
a 811 757 0 221 50
a 811 2922 0 7 17
a 811 2469 0 1 33
a 820 2899 0 221 50
a 820 1889 0 2 32
a 820 1226 0 3 7
a 820 2569 0 9 10
a 820 2525 0 3 10
a 820 2796 0 9 12
a 842 2013 0 221 38
a 842 1423 0 4 46
a 842 2561 0 10 9
a 842 815 0 8 4
a 842 2019 0 2 39
a 842 251 0 10 45
a 842 2348 0 8 6
a 842 1021 0 6 19
a 858 368 0 221 37
a 858 2747 0 5 18
a 858 1964 0 8 46
a 858 2466 0 9 8
a 858 1093 0 3 23
a 858 2581 0 1 35
a 858 244 0 1 12
a 862 2626 0 221 50
a 862 1553 0 6 18
a 862 2930 0 3 1
a 862 1568 0 10 14
a 862 1193 0 8 31
a 862 1157 0 5 23
a 862 2925 0 3 22
a 862 1186 0 10 22
a 862 2733 0 5 44
a 862 2812 0 8 29
a 862 734 0 6 16
a 862 48 0 1 14
a 862 99 0 6 45
a 862 1073 0 7 34
a 862 2895 0 4 30
a 881 2719 0 221 50
a 881 852 0 3 20
a 881 362 0 3 25
a 886 544 0 221 50
a 886 1776 0 2 16
a 886 2876 0 3 1
a 886 1544 0 8 34
a 886 596 0 3 43
a 886 521 0 8 33
a 886 299 0 10 9
a 886 1802 0 4 25
a 886 2065 0 5 40
a 886 900 0 2 39
a 886 1853 0 2 26
a 886 1493 0 6 26
a 886 1293 0 6 32
a 886 585 0 6 20
a 896 215 0 221 50
a 896 184 0 10 11
a 896 2003 0 5 29
a 896 1007 0 9 43
a 896 1590 0 5 34
a 899 2200 0 221 50
a 899 1068 0 5 31
a 899 2327 0 6 13
a 899 1845 0 9 22
a 899 2252 0 2 44
a 899 1985 0 8 44
a 899 1811 0 4 37
a 899 314 0 1 40
a 899 1088 0 9 33
a 899 1804 0 1 3
a 899 2598 0 3 50
a 899 684 0 8 48
a 899 990 0 2 29
a 899 1098 0 8 47
a 899 1080 0 1 43
a 899 2560 0 4 9
a 899 643 0 5 24
a 906 2767 0 221 12
a 906 1712 0 5 15
a 906 902 0 9 30
a 906 2106 0 2 37
a 906 2571 0 3 40
a 906 756 0 9 33
a 906 1255 0 9 9
a 906 1980 0 2 33
a 906 2472 0 5 40
a 906 1102 0 2 17
a 906 1030 0 10 22
a 906 1293 0 3 14
a 906 1100 0 5 14
a 906 135 0 1 37
a 910 2833 0 221 5
a 910 1326 0 7 35
a 910 1178 0 1 41
a 910 2983 0 8 23
a 910 1999 0 2 23
a 910 2263 0 3 41
a 910 1910 0 9 16
a 910 939 0 10 25
a 910 790 0 5 4
a 910 2473 0 2 32
a 910 979 0 6 15
a 910 1738 0 8 13
a 910 2155 0 7 23
a 910 932 0 2 17
a 910 55 0 5 5
a 910 763 0 2 25
a 942 1876 0 221 50
a 942 2396 0 7 10
a 942 734 0 8 35
a 942 2356 0 1 48
a 942 911 0 5 16
a 942 327 0 6 22
a 942 2873 0 1 20
a 942 2927 0 8 23
a 942 143 0 9 24
a 942 182 0 4 40
a 942 290 0 5 50
a 942 417 0 10 37
a 942 623 0 6 11
a 942 1077 0 9 25
a 942 2714 0 6 37
a 990 158 0 221 50
a 990 1362 0 10 9
a 990 2484 0 3 37
a 990 1128 0 10 50
a 990 1077 0 1 46
a 990 1738 0 4 17
a 990 2478 0 2 15
a 990 752 0 1 21
a 990 1431 0 2 39
a 990 2266 0 7 20
a 990 2316 0 5 28
a 990 2222 0 7 16
a 1115 1720 0 221 50
a 1115 2647 0 10 27
a 1115 2565 0 5 46
a 1115 1592 0 9 50
a 1115 509 0 5 24
a 1115 2792 0 1 19
a 1115 2491 0 8 2
a 1115 1453 0 3 11
a 1115 1753 0 4 50
a 1115 2736 0 8 3
a 1115 737 0 5 45
a 1145 2798 0 221 48
a 1145 2656 0 9 38
a 1145 1712 0 5 50
a 1145 1431 0 2 39
a 1152 419 0 221 50
a 1152 747 0 2 27
a 1152 1543 0 1 35
a 1152 1471 0 7 47
a 1152 1748 0 8 11
a 1152 628 0 9 11
a 1152 526 0 5 20
a 1152 2085 0 5 2
a 1152 588 0 1 33
a 1152 1242 0 8 27
a 1152 804 0 6 26
a 1152 2632 0 8 50
a 1152 54 0 8 21
a 1152 1651 0 2 48
a 1152 2627 0 1 19
a 1154 906 0 221 50
a 1154 2001 0 7 6
a 1154 2290 0 3 21
a 1154 599 0 2 44
a 1154 2805 0 5 39
a 1154 188 0 2 29
a 1154 229 0 9 9
a 1154 2230 0 1 27
a 1154 499 0 10 43
a 1156 2594 0 221 50
a 1156 445 0 10 33
a 1156 2507 0 1 47
a 1156 1751 0 6 21
a 1156 2012 0 7 30
a 1156 495 0 3 41
a 1156 199 0 1 17
a 1156 1764 0 2 8
a 1156 97 0 6 1
a 1156 2208 0 3 18
a 1156 2307 0 10 49
a 1156 81 0 1 12
a 1156 1182 0 6 16
a 1156 504 0 3 18
a 1156 1146 0 7 46
a 1156 1757 0 4 12
a 1156 640 0 9 26
a 1160 1115 0 221 36
a 1160 1990 0 4 1
a 1160 599 0 3 40
a 1160 2842 0 7 45
a 1160 1482 0 3 6
a 1160 658 0 1 48
a 1160 2425 0 6 34
a 1160 1342 0 10 31
a 1170 2270 0 221 50
a 1170 2776 0 3 18
a 1170 1475 0 2 6
a 1170 1406 0 4 34
a 1170 1256 0 3 28
a 1170 646 0 6 33
a 1170 1595 0 3 17
a 1170 1182 0 9 2
a 1170 550 0 8 27
a 1209 2473 0 221 50
a 1209 2532 0 1 49
a 1209 1642 0 3 6
a 1209 772 0 7 17
a 1209 2172 0 10 24
a 1209 2624 0 6 10
a 1225 2246 0 221 39
a 1225 1823 0 8 12
a 1225 1670 0 8 3
a 1225 2404 0 10 6
a 1225 2267 0 5 10
a 1225 260 0 9 4
a 1225 1688 0 6 18
a 1225 1838 0 4 30
a 1225 386 0 2 5
a 1225 2556 0 5 11
a 1225 56 0 3 49
a 1225 922 0 9 35
a 1225 497 0 2 41
a 1225 1988 0 10 18
a 1225 2774 0 5 22
a 1225 2561 0 1 47
a 1225 1140 0 9 3
a 1234 2144 0 221 3
a 1234 1108 0 1 15
a 1234 950 0 5 34
a 1240 1949 0 221 9
a 1240 622 0 7 34
a 1240 1295 0 10 14
a 1240 1436 0 4 7
a 1240 1954 0 6 46
a 1240 2594 0 8 22
a 1240 2541 0 1 2
a 1240 1567 0 4 50
a 1240 2890 0 6 10
a 1240 1668 0 1 35
a 1240 2158 0 5 38
a 1240 1242 0 7 35
a 1244 2177 0 221 50
a 1244 1799 0 4 46
a 1244 2216 0 5 38
a 1244 1043 0 5 42
a 1244 566 0 8 5
a 1244 764 0 2 46
a 1244 1441 0 2 20
a 1244 198 0 5 26
a 1244 1762 0 6 28
a 1244 1722 0 9 15
a 1244 1250 0 9 50
a 1244 2274 0 3 42
a 1244 1085 0 2 45
a 1244 2694 0 5 27
a 1244 1587 0 5 7
a 1250 2972 0 221 46
a 1250 1695 0 6 44
a 1250 2740 0 4 25
a 1250 2628 0 10 21
a 1250 668 0 10 11
a 1250 2914 0 1 13
a 1250 2354 0 4 20
a 1250 332 0 2 16
a 1250 573 0 1 50
a 1250 2929 0 8 31
a 1250 1037 0 7 9
a 1250 2952 0 3 37
a 1250 1549 0 1 5
a 1250 2124 0 6 19
a 1250 734 0 5 23
a 1250 1480 0 1 23
a 1260 881 0 221 50
a 1260 37 0 7 22
a 1260 2656 0 9 6
a 1260 1799 0 4 19
a 1260 2747 0 6 23
a 1260 1109 0 5 23
a 1260 528 0 2 6
a 1260 1667 0 5 37
a 1260 1819 0 10 49
a 1260 1213 0 9 40
a 1260 2346 0 4 44
a 1260 2176 0 5 23
a 1260 1642 0 1 8
a 1260 1833 0 4 9
a 1260 1099 0 6 15
a 1267 1999 0 221 42
a 1267 75 0 1 44
a 1267 1271 0 6 49
a 1267 2451 0 6 49
a 1290 1962 0 221 6
a 1290 2229 0 1 48
a 1290 2109 0 4 37
a 1290 858 0 9 6
a 1290 2025 0 5 14
a 1290 2536 0 4 30
a 1290 1702 0 7 1
a 1290 710 0 7 45
a 1290 1145 0 10 14
a 1290 2013 0 3 28
a 1332 2161 0 221 50
a 1332 1380 0 8 26
a 1332 981 0 8 19
a 1380 1290 0 221 19
a 1380 1091 0 1 28
a 1380 1645 0 10 14
a 1380 1843 0 10 32
a 1380 676 0 7 1
a 1380 899 0 10 26
a 1380 436 0 7 45
a 1380 766 0 3 17
a 1380 1322 0 8 40
a 1380 1234 0 8 27
a 1400 886 0 221 17
a 1400 1940 0 8 38
a 1400 284 0 10 14
a 1400 293 0 4 49
a 1400 2699 0 7 34
a 1400 2391 0 5 24
a 1400 1590 0 8 43
a 1400 2508 0 10 25
a 1400 1262 0 9 19
a 1400 2691 0 6 39
a 1400 2845 0 5 4
a 1400 1660 0 4 2
a 1400 141 0 9 36
a 1400 1597 0 3 39
a 1400 201 0 10 50
a 1400 2384 0 2 36
a 1400 1943 0 10 36
a 1400 2632 0 10 21
a 1406 2181 0 221 21
a 1406 815 0 10 36
a 1406 2162 0 1 35
a 1406 225 0 1 26
a 1406 232 0 1 5
a 1406 1748 0 1 13
a 1406 2428 0 3 29
a 1406 1367 0 7 45
a 1406 1877 0 5 8
a 1406 505 0 7 38
a 1406 1790 0 1 4
a 1406 839 0 10 37
a 1406 971 0 9 35
a 1406 687 0 1 3
a 1406 242 0 7 17
a 1406 2842 0 9 4
a 1406 596 0 8 18
a 1410 260 0 221 18
a 1410 1550 0 8 39
a 1410 769 0 8 26
a 1410 2822 0 1 21
a 1410 684 0 3 15
a 1410 176 0 4 33
a 1410 1056 0 1 11
a 1410 2116 0 10 17
a 1410 1648 0 5 46
a 1410 507 0 3 50
a 1410 2910 0 8 19
a 1410 1992 0 6 25
a 1410 1190 0 7 10
a 1410 1269 0 5 25
a 1410 1881 0 5 11
a 1410 2413 0 4 28
a 1415 1260 0 221 44
a 1415 972 0 8 50
a 1415 1385 0 5 14
a 1415 2476 0 7 38
a 1415 643 0 5 16
a 1415 727 0 1 38
a 1415 1576 0 4 49
a 1415 214 0 8 7
a 1415 2574 0 8 47
a 1415 436 0 4 25
a 1417 493 0 221 48
a 1417 844 0 1 2
a 1417 76 0 4 9
a 1417 2719 0 7 7
a 1417 381 0 9 12
a 1417 86 0 7 28
a 1417 2065 0 1 33
a 1417 914 0 10 5
a 1417 513 0 3 23
a 1417 353 0 2 40
a 1417 516 0 4 14
a 1417 2185 0 1 45
a 1417 1919 0 4 33
a 1417 193 0 3 10
a 1417 1734 0 7 26
a 1417 746 0 3 2
a 1439 2853 0 221 35
a 1439 1802 0 1 2
a 1439 215 0 8 3
a 1439 1293 0 8 2
a 1439 1874 0 6 41
a 1439 698 0 1 46
a 1439 362 0 2 13
a 1446 280 0 221 50
a 1446 2142 0 8 2
a 1446 155 0 6 39
a 1446 383 0 10 47
a 1446 735 0 7 26
a 1446 2819 0 6 42
a 1446 1165 0 3 14
a 1446 1524 0 7 42
a 1446 2871 0 10 46
a 1446 354 0 7 1
a 1446 260 0 9 43
a 1446 1724 0 3 35
a 1446 667 0 4 43
a 1446 1245 0 8 26
a 1446 54 0 5 46
a 1446 808 0 4 50
a 1446 2067 0 5 47
a 1446 1910 0 4 8
a 1538 647 0 221 44
a 1538 2303 0 5 1
a 1538 315 0 10 30
a 1538 2683 0 9 25
a 1543 664 0 221 50
a 1543 2711 0 10 34
a 1543 2373 0 7 46
a 1543 1584 0 1 20
a 1543 112 0 5 13
a 1543 1406 0 8 28
a 1543 952 0 7 8
a 1543 1360 0 10 26
a 1543 2000 0 8 49
a 1543 62 0 5 11
a 1545 252 0 221 46
a 1545 2219 0 6 33
a 1545 2450 0 7 28
a 1545 1104 0 8 42
a 1545 346 0 1 32
a 1545 2060 0 9 50
a 1545 729 0 8 14
a 1560 2836 0 221 50
a 1560 2145 0 1 11
a 1560 2771 0 9 5
a 1560 2966 0 4 31
a 1560 348 0 4 9
a 1560 1756 0 9 3
a 1560 839 0 8 7
a 1560 518 0 10 46
a 1560 2125 0 1 43
a 1560 630 0 2 32
a 1560 667 0 4 22
a 1560 2113 0 10 2
a 1560 26 0 7 30
a 1561 820 0 221 40
a 1561 1660 0 2 38
a 1561 2585 0 4 21
a 1561 2713 0 10 11
a 1561 802 0 9 20
a 1561 2806 0 8 22
a 1561 2324 0 8 2
a 1561 1092 0 3 43
a 1561 2219 0 8 26
a 1561 286 0 4 41
a 1561 400 0 2 13
a 1584 2238 0 221 20
a 1584 325 0 9 38
a 1584 2884 0 8 18
a 1584 1924 0 5 22
a 1584 2906 0 3 5
a 1584 2151 0 4 3
a 1584 2713 0 6 4
a 1584 252 0 10 21
a 1584 2822 0 6 49
a 1584 2589 0 5 24
a 1584 1793 0 5 19
a 1598 2220 0 221 50
a 1598 1979 0 10 3
a 1598 640 0 3 23
a 1598 2243 0 8 42
a 1598 2892 0 8 47
a 1598 2931 0 2 24
a 1598 2898 0 9 37
a 1598 2987 0 6 23
a 1598 2346 0 9 21
a 1598 2045 0 3 29
a 1598 2088 0 8 47
a 1598 2126 0 3 42
a 1598 1107 0 3 10
a 1598 1418 0 1 5
a 1603 2530 0 221 50
a 1603 815 0 5 7
a 1603 1432 0 5 7
a 1603 2773 0 2 46
a 1603 1473 0 1 45
a 1603 2149 0 9 42
a 1603 2240 0 6 17
a 1603 609 0 6 26
a 1603 2305 0 6 16
a 1603 342 0 9 42
a 1603 1464 0 9 48
a 1603 1591 0 2 4
a 1603 598 0 8 11
a 1603 2205 0 5 18
a 1603 1758 0 4 16
a 1625 1417 0 221 37
a 1625 279 0 2 13
a 1625 2299 0 5 26
a 1625 2408 0 3 26
a 1633 2909 0 221 34
a 1633 337 0 6 47
a 1633 1114 0 4 37
a 1633 122 0 8 10
a 1633 2484 0 10 14
a 1633 2622 0 6 17
a 1633 2014 0 1 16
a 1633 2456 0 3 24
a 1633 2929 0 6 37
a 1633 1932 0 2 18
a 1633 2047 0 10 18
a 1633 1441 0 8 2
a 1633 1676 0 5 36
a 1636 283 0 221 50
a 1636 1870 0 3 33
a 1636 159 0 8 21
a 1636 356 0 10 16
a 1636 258 0 1 49
a 1636 2500 0 3 7
a 1636 1730 0 9 29
a 1636 95 0 8 45
a 1636 179 0 8 11
a 1659 2865 0 221 50
a 1659 401 0 8 20
a 1659 2914 0 1 33
a 1659 2079 0 1 28
a 1659 1678 0 9 2
a 1668 2903 0 221 44
a 1668 308 0 5 44
a 1668 47 0 3 25
a 1668 1418 0 5 38
a 1668 1906 0 8 36
a 1668 842 0 5 26
a 1668 2889 0 9 3
a 1668 1842 0 6 37
a 1668 2182 0 4 39
a 1668 239 0 2 6
a 1668 2762 0 10 15
a 1668 248 0 3 4
a 1668 1589 0 7 44
a 1668 1498 0 4 42
a 1675 496 0 221 50
a 1675 1264 0 4 18
a 1675 2609 0 10 49
a 1675 1125 0 1 44
a 1675 1058 0 4 6
a 1675 1627 0 2 40
a 1675 226 0 8 29
a 1675 1764 0 10 3
a 1675 1695 0 9 45
a 1675 80 0 5 50
a 1675 2781 0 1 18
a 1675 299 0 7 16
a 1688 2479 0 221 50
a 1688 1461 0 3 45
a 1688 417 0 10 6
a 1688 1703 0 1 39
a 1688 2844 0 9 39
a 1688 766 0 2 39
a 1688 1868 0 8 32
a 1691 2507 0 221 33
a 1691 804 0 4 12
a 1717 1400 0 221 16
a 1717 1644 0 2 29
a 1717 2723 0 7 1
a 1717 1144 0 3 37
a 1717 2745 0 10 9
a 1717 1334 0 5 18
a 1717 1833 0 5 39
a 1717 2445 0 3 39
a 1717 565 0 7 1
a 1717 2394 0 10 35
a 1717 2077 0 7 32
a 1717 1656 0 3 39
a 1717 2775 0 9 6
a 1720 1415 0 221 14
a 1720 2065 0 3 10
a 1720 215 0 9 3
a 1738 1267 0 221 50
a 1738 2072 0 8 5
a 1738 1340 0 6 28
a 1738 1787 0 9 4
a 1738 1720 0 4 17
a 1738 702 0 5 1
a 1738 1534 0 6 8
a 1738 2386 0 10 22
a 1738 607 0 1 5
a 1738 2410 0 8 10
a 1738 2932 0 2 25
a 1738 2784 0 6 26
a 1738 2606 0 7 44
a 1738 2581 0 7 45
a 1738 1403 0 4 44
a 1738 2122 0 4 15
a 1738 585 0 9 12
a 1738 2764 0 6 8
a 1772 1633 0 221 39
a 1772 1324 0 1 50
a 1772 327 0 5 10
a 1772 1242 0 3 20
a 1773 2661 0 221 50
a 1773 2271 0 10 18
a 1773 1105 0 3 1
a 1773 2402 0 1 9
a 1773 3000 0 3 18
a 1773 795 0 2 22
a 1773 2066 0 7 10
a 1773 1719 0 2 4
a 1773 336 0 8 13
a 1773 1042 0 10 47
a 1773 1612 0 5 2
a 1779 1209 0 221 50
a 1779 2022 0 9 14
a 1779 1159 0 6 2
a 1779 1921 0 6 18
a 1779 2784 0 10 27
a 1853 910 0 221 50
a 1853 2939 0 7 22
a 1853 1818 0 3 42
a 1853 777 0 2 24
a 1853 359 0 7 35
a 1853 2469 0 1 2
a 1853 481 0 1 50
a 1853 2452 0 5 7
a 1853 445 0 9 49
a 1853 441 0 10 10
a 1870 116 0 221 8
a 1870 1377 0 9 17
a 1870 2767 0 1 8
a 1870 2777 0 4 4
a 1870 2220 0 9 23
a 1876 418 0 221 50
a 1876 1784 0 10 12
a 1876 1257 0 6 13
a 1876 424 0 5 32
a 1876 240 0 6 2
a 1876 1995 0 3 19
a 1889 811 0 221 50
a 1889 495 0 8 19
a 1889 1922 0 6 31
a 1889 541 0 5 50
a 1889 2714 0 10 33
a 1889 1692 0 2 34
a 1889 918 0 3 45
a 1895 2073 0 221 5
a 1895 2540 0 2 32
a 1895 171 0 5 20
a 1895 881 0 1 4
a 1895 1967 0 8 31
a 1895 1599 0 6 27
a 1895 48 0 8 36
a 1895 2607 0 10 17
a 1895 305 0 9 17
a 1895 937 0 9 5
a 1895 1397 0 1 28
a 1895 2572 0 10 17
a 1895 1900 0 5 16
a 1895 509 0 6 45
a 1895 1203 0 4 41
a 1895 837 0 5 20
a 1895 2664 0 9 28
a 1895 2187 0 3 44
a 1923 631 0 221 50
a 1923 1707 0 2 4
a 1923 2715 0 6 28
a 1923 1459 0 1 7
a 1923 1441 0 6 13
a 1925 2242 0 221 22
a 1925 1149 0 3 7
a 1925 1932 0 5 32
a 1925 2966 0 10 34
a 1925 314 0 8 31
a 1925 278 0 4 44
a 1925 379 0 9 47
a 1925 1110 0 10 9
a 1925 1641 0 3 3
a 1944 729 0 221 50
a 1944 1958 0 6 5
a 1944 1495 0 10 13
a 1949 2006 0 221 50
a 1949 2045 0 7 7
a 1949 606 0 2 42
a 1949 1885 0 2 20
a 1949 2545 0 5 35
a 1949 2932 0 10 19
a 1949 846 0 7 47
a 1949 1579 0 10 24
a 1949 2069 0 3 25
a 1949 17 0 7 27
a 1949 1699 0 5 3
a 1949 2204 0 3 13
a 1949 1955 0 1 7
a 1949 1719 0 9 41
a 1949 2756 0 8 13
a 1949 311 0 10 27
a 1949 1871 0 5 47
a 1949 2626 0 4 43
a 1962 600 0 221 8
a 1962 760 0 3 48
a 1962 1806 0 7 34
a 1962 1712 0 9 10
a 1962 797 0 3 11
a 1962 1997 0 10 26
a 1962 968 0 2 45
a 1962 1028 0 10 25
a 1962 2421 0 7 41
a 1962 2023 0 7 9
a 1986 2890 0 221 16
a 1986 1419 0 9 35
a 1986 1208 0 6 42
a 1986 342 0 2 39
a 1999 244 0 221 26
a 1999 2078 0 10 24
a 1999 618 0 7 28
a 1999 1612 0 10 16
a 1999 1002 0 2 50
a 1999 471 0 9 47
a 1999 1751 0 10 5
a 1999 417 0 10 30
a 1999 2019 0 8 28
a 1999 1013 0 9 10
a 2006 2252 0 221 50
a 2006 2780 0 2 10
a 2006 2208 0 6 30
a 2013 2192 0 221 20
a 2013 1296 0 9 28
a 2013 2771 0 1 43
a 2013 507 0 1 23
a 2013 794 0 2 21
a 2013 2980 0 7 22
a 2013 103 0 9 43
a 2013 2826 0 6 6
a 2013 1798 0 5 49
a 2013 1471 0 4 34
a 2013 1467 0 8 22
a 2013 1702 0 2 43
a 2013 1040 0 4 38
a 2013 704 0 2 1
a 2013 2995 0 5 23
a 2013 1882 0 7 1
a 2022 412 0 221 15
a 2022 1846 0 10 19
a 2022 2096 0 9 45
a 2022 271 0 10 46
a 2022 2947 0 9 8
a 2022 2537 0 7 8
a 2022 2254 0 10 45
a 2022 510 0 5 48
a 2022 1433 0 9 45
a 2022 105 0 4 49
a 2022 1526 0 8 30
a 2022 2298 0 4 16
a 2022 240 0 9 45
a 2022 792 0 7 2
a 2022 2746 0 9 12
a 2022 151 0 6 41
a 2022 2635 0 10 9
a 2032 402 0 221 50
a 2032 2178 0 4 40
a 2032 2537 0 6 9
a 2032 589 0 6 22
a 2032 1336 0 7 23
a 2032 357 0 3 40
a 2032 795 0 1 25
a 2032 2327 0 1 26
a 2032 2780 0 4 45
a 2032 1688 0 6 16
a 2032 2276 0 6 35
a 2073 1545 0 221 47
a 2073 2176 0 3 11
a 2073 1307 0 8 31
a 2073 1875 0 5 25
a 2089 1944 0 221 50
a 2089 120 0 6 40
a 2089 392 0 2 34
a 2089 2956 0 8 47
a 2089 1633 0 9 34
a 2093 1543 0 221 50
a 2093 2648 0 7 19
a 2093 2160 0 6 10
a 2093 728 0 8 19
a 2093 427 0 3 12
a 2093 523 0 4 27
a 2093 2105 0 4 12
a 2093 1486 0 7 2
a 2093 2133 0 1 17
a 2093 1753 0 7 47
a 2093 1710 0 2 4
a 2093 908 0 7 50
a 2093 472 0 6 2
a 2093 1208 0 10 18
a 2093 1745 0 5 49
a 2093 570 0 9 40
a 2093 781 0 4 29
a 2144 630 0 221 50
a 2144 2224 0 4 12
a 2144 1043 0 7 37
a 2144 2705 0 1 35
a 2144 1987 0 2 8
a 2144 1728 0 5 2
a 2149 498 0 221 30
a 2149 970 0 9 13
a 2149 1328 0 7 21
a 2149 2469 0 1 7
a 2149 1296 0 6 42
a 2149 1064 0 6 37
a 2149 1391 0 3 33
a 2149 1935 0 1 5
a 2149 670 0 6 43
a 2156 745 0 221 50
a 2156 2150 0 10 31
a 2156 2735 0 10 26
a 2156 2921 0 8 12
a 2156 1233 0 5 38
a 2156 1450 0 10 27
a 2156 2998 0 3 16
a 2156 310 0 7 30
a 2156 2340 0 8 48
a 2156 2920 0 6 41
a 2156 996 0 8 49
a 2156 1921 0 7 23
a 2156 2613 0 4 16
a 2156 1630 0 1 7
a 2161 2454 0 221 50
a 2161 1283 0 6 10
a 2161 2915 0 10 26
a 2161 1455 0 7 5
a 2161 1285 0 3 44
a 2161 2221 0 2 36
a 2177 2683 0 221 50
a 2177 234 0 1 29
a 2177 2274 0 7 22
a 2177 443 0 4 44
a 2177 1866 0 9 1
a 2177 1529 0 8 39
a 2177 516 0 4 44
a 2177 1279 0 4 41
a 2177 1431 0 1 25
a 2177 1041 0 7 28
a 2177 2273 0 5 16
a 2177 772 0 6 33
a 2181 896 0 221 50
a 2181 2668 0 10 15
a 2181 924 0 2 43
a 2181 2461 0 4 15
a 2181 421 0 5 31
a 2181 1410 0 3 11
a 2181 2712 0 9 40
a 2181 1485 0 6 47
a 2181 2196 0 3 37
a 2192 318 0 221 16
a 2192 2745 0 1 13
a 2192 1739 0 7 4
a 2200 1145 0 221 12
a 2200 1300 0 4 1
a 2200 1512 0 8 15
a 2200 388 0 2 10
a 2200 29 0 3 23
a 2200 160 0 1 29
a 2200 1919 0 6 12
a 2200 2876 0 8 17
a 2200 1786 0 2 20
a 2200 1744 0 4 10
a 2200 1537 0 3 14
a 2200 1914 0 3 22
a 2200 1579 0 3 35
a 2200 70 0 5 28
a 2200 2820 0 1 8
a 2206 2621 0 221 50
a 2206 2154 0 3 46
a 2215 302 0 221 50
a 2215 1626 0 1 37
a 2215 508 0 7 41
a 2215 2129 0 7 50
a 2215 2628 0 3 4
a 2215 843 0 5 44
a 2215 953 0 6 36
a 2215 1868 0 9 23
a 2215 2872 0 10 5
a 2215 471 0 9 46
a 2215 728 0 7 23
a 2215 2121 0 10 12
a 2220 1889 0 221 50
a 2220 1759 0 2 3
a 2220 2175 0 5 4
a 2220 2985 0 8 40
a 2220 626 0 8 49
a 2220 2013 0 6 7
a 2220 2285 0 9 3
a 2220 2306 0 9 16
a 2220 715 0 9 9
a 2220 2844 0 4 35
a 2238 2996 0 221 50
a 2238 358 0 8 12
a 2238 294 0 9 36
a 2238 1486 0 8 10
a 2238 2033 0 9 23
a 2238 2754 0 10 15
a 2238 111 0 8 37
a 2238 977 0 7 40
a 2238 1292 0 10 32
a 2238 94 0 8 9
a 2238 269 0 5 47
a 2238 1720 0 4 1
a 2238 892 0 8 42
a 2238 59 0 1 6
a 2242 127 0 221 24
a 2242 1872 0 4 26
a 2242 1967 0 4 45
a 2242 1164 0 1 4
a 2242 2561 0 6 1
a 2242 379 0 7 38
a 2242 837 0 3 23
a 2242 262 0 1 13
a 2242 1221 0 6 5
a 2242 147 0 7 35
a 2242 768 0 7 21
a 2244 537 0 221 39
a 2244 2129 0 9 8
a 2244 2178 0 6 38
a 2244 1512 0 4 18
a 2244 1177 0 1 49
a 2244 2720 0 2 22
a 2246 2089 0 221 50
a 2246 2439 0 8 36
a 2246 1846 0 5 4
a 2246 2367 0 9 27
a 2246 421 0 4 30
a 2246 486 0 7 47
a 2246 819 0 1 15
a 2246 2385 0 2 25
a 2246 1069 0 7 16
a 2246 682 0 6 46
a 2246 1634 0 2 11
a 2246 269 0 10 4
a 2252 262 0 221 50
a 2252 2818 0 8 16
a 2270 171 0 221 50
a 2270 203 0 7 32
a 2270 1173 0 1 21
a 2270 804 0 5 19
a 2270 135 0 7 36
a 2270 2054 0 1 44
a 2270 1975 0 6 34
a 2270 2265 0 10 4
a 2270 2025 0 5 35
a 2270 2071 0 5 46
a 2270 830 0 5 3
a 2309 1234 0 221 50
a 2309 2577 0 8 45
a 2309 955 0 5 35
a 2309 111 0 8 22
a 2309 307 0 6 12
a 2320 2529 0 221 36
a 2320 1692 0 6 34
a 2320 1741 0 5 45
a 2320 2542 0 4 10
a 2354 858 0 221 50
a 2354 346 0 10 6
a 2354 823 0 7 27
a 2354 1197 0 8 49
a 2354 158 0 2 9
a 2369 576 0 221 17
a 2369 596 0 6 46
a 2369 358 0 8 10
a 2369 1667 0 9 4
a 2369 373 0 8 31
a 2369 451 0 1 5
a 2369 497 0 6 47
a 2369 2990 0 2 32
a 2369 2102 0 3 13
a 2369 947 0 2 46
a 2369 696 0 7 48
a 2369 1911 0 5 24
a 2369 1313 0 9 24
a 2369 37 0 8 10
a 2369 2033 0 1 40
a 2369 1960 0 1 46
a 2369 2098 0 10 13
a 2369 553 0 6 28
a 2380 1446 0 221 9
a 2380 1332 0 7 44
a 2380 824 0 10 38
a 2380 1414 0 9 2
a 2380 1966 0 8 48
a 2380 2279 0 2 28
a 2380 2972 0 3 3
a 2380 1172 0 3 33
a 2380 904 0 8 14
a 2380 419 0 7 46
a 2380 2182 0 3 25
a 2380 1730 0 3 28
a 2380 1918 0 9 8
a 2380 614 0 3 17
a 2380 1226 0 1 9
a 2427 2309 0 221 50
a 2427 2594 0 7 36
a 2431 210 0 221 13
a 2431 1345 0 9 18
a 2431 453 0 4 25
a 2431 1071 0 3 2
a 2431 1137 0 6 49
a 2431 1718 0 3 21
a 2431 2450 0 5 47
a 2431 1288 0 2 32
a 2431 2562 0 2 49
a 2431 1503 0 5 38
a 2431 1725 0 7 41
a 2431 1651 0 5 5
a 2454 1895 0 221 50
a 2454 2339 0 3 12
a 2454 1896 0 9 21
a 2454 1309 0 10 46
a 2454 1041 0 5 15
a 2454 2290 0 2 3
a 2454 1794 0 10 34
a 2454 2074 0 5 33
a 2454 2335 0 5 32
a 2454 2418 0 10 9
a 2454 993 0 3 4
a 2454 883 0 3 20
a 2473 1598 0 221 12
a 2473 2141 0 2 26
a 2473 1852 0 8 27
a 2473 1543 0 5 48
a 2473 2346 0 6 10
a 2473 1122 0 6 3
a 2473 1266 0 1 30
a 2473 1276 0 8 16
a 2473 2323 0 8 46
a 2473 1636 0 8 44
a 2473 797 0 1 14
a 2473 483 0 3 49
a 2473 2049 0 6 15
a 2473 2041 0 5 11
a 2473 944 0 2 20
a 2473 46 0 6 1
a 2473 1926 0 9 10
a 2476 48 0 221 31
a 2476 1213 0 8 11
a 2476 2015 0 1 4
a 2476 1314 0 10 20
a 2476 406 0 1 10
a 2476 701 0 1 5
a 2479 2156 0 221 50
a 2479 126 0 1 23
a 2479 1569 0 3 50
a 2479 267 0 7 7
a 2479 1985 0 4 17
a 2479 1006 0 8 45
a 2494 649 0 221 50
a 2494 203 0 5 24
a 2494 248 0 9 19
a 2494 596 0 8 44
a 2494 2035 0 9 34
a 2494 1632 0 3 12
a 2494 2227 0 8 38
a 2494 150 0 9 14
a 2494 2067 0 1 40
a 2494 298 0 6 17
a 2494 897 0 3 34
a 2494 2339 0 5 19
a 2507 545 0 221 43
a 2507 2278 0 4 2
a 2507 791 0 9 11
a 2507 813 0 4 21
a 2507 39 0 2 14
a 2507 2398 0 3 9
a 2507 343 0 5 36
a 2507 414 0 3 50
a 2507 2830 0 1 4
a 2507 1437 0 2 31
a 2507 192 0 7 3
a 2521 2760 0 221 50
a 2521 2091 0 5 38
a 2521 2489 0 1 33
a 2521 1502 0 9 48
a 2521 1386 0 6 26
a 2521 1348 0 5 2
a 2521 748 0 1 36
a 2529 1561 0 221 23
a 2529 2483 0 2 35
a 2529 1432 0 4 32
a 2529 2700 0 8 8
a 2529 1336 0 7 22
a 2530 1675 0 221 50
a 2530 290 0 6 9
a 2530 790 0 4 6
a 2530 1038 0 9 10
a 2530 2146 0 7 43
a 2530 1186 0 9 1
a 2530 1184 0 5 39
a 2530 2565 0 6 20
a 2530 107 0 6 26
a 2530 1994 0 10 40
a 2560 2844 0 221 23
a 2560 1460 0 10 38
a 2560 2347 0 10 26
a 2560 1108 0 1 50
a 2560 1245 0 3 43
a 2560 2164 0 4 40
a 2560 1512 0 4 13
a 2560 2218 0 4 15
a 2560 1043 0 4 44
a 2560 1434 0 1 22
a 2560 2220 0 1 39
a 2560 1304 0 9 18
a 2560 2023 0 6 26
a 2560 2691 0 7 36
a 2560 732 0 9 33
a 2560 1279 0 4 4
a 2594 180 0 221 50
a 2594 2170 0 4 42
a 2594 449 0 7 48
a 2594 1487 0 9 45
a 2594 909 0 1 29
a 2594 2131 0 10 7
a 2594 1792 0 2 13
a 2594 256 0 6 43
a 2594 1000 0 2 38
a 2594 2959 0 10 39
a 2594 259 0 10 5
a 2594 480 0 10 31
a 2594 251 0 10 22
a 2594 1082 0 3 14
a 2594 2825 0 10 41
a 2594 2800 0 6 31
a 2594 2612 0 1 30
a 2596 32 0 221 44
a 2596 627 0 4 40
a 2596 2126 0 4 40
a 2596 504 0 2 45
a 2596 904 0 1 1
a 2596 2220 0 7 50
a 2596 1812 0 7 12
a 2596 644 0 6 50
a 2596 2012 0 9 14
a 2596 2758 0 8 15
a 2596 2855 0 7 19
a 2596 389 0 5 8
a 2599 2431 0 221 50
a 2599 2128 0 2 44
a 2599 1381 0 7 48
a 2599 1843 0 5 3
a 2599 500 0 2 30
a 2599 469 0 5 16
a 2599 1439 0 3 15
a 2599 1905 0 8 46
a 2599 1485 0 10 37
a 2604 114 0 221 50
a 2604 84 0 10 12
a 2604 236 0 9 5
a 2604 134 0 3 3
a 2604 1944 0 10 15
a 2604 766 0 3 29
a 2604 767 0 9 5
a 2604 2681 0 2 31
a 2604 2797 0 10 42
a 2604 655 0 6 37
a 2604 1558 0 9 30
a 2611 2904 0 221 50
a 2611 469 0 2 48
a 2611 1187 0 1 10
a 2611 896 0 4 18
a 2611 1123 0 9 21
a 2611 2407 0 4 39
a 2611 1919 0 8 4
a 2611 1634 0 10 31
a 2611 2721 0 8 8
a 2611 698 0 2 39
a 2611 1613 0 4 1
a 2611 1723 0 6 10
a 2611 1522 0 6 2
a 2611 2115 0 10 12
a 2611 1712 0 5 19
a 2611 1724 0 2 9
a 2611 2137 0 10 23
a 2611 1605 0 10 14
a 2614 644 0 221 45
a 2614 316 0 4 42
a 2614 2550 0 2 24
a 2614 867 0 2 48
a 2614 166 0 7 21
a 2614 600 0 8 21
a 2614 630 0 4 17
a 2614 2318 0 5 45
a 2614 783 0 7 10
a 2614 2047 0 8 19
a 2621 1923 0 221 50
a 2621 1248 0 10 42
a 2621 2398 0 7 17
a 2621 1589 0 5 40
a 2621 1870 0 4 43
a 2621 2934 0 8 32
a 2626 2766 0 221 11
a 2626 1186 0 8 8
a 2626 862 0 4 36
a 2626 1593 0 8 32
a 2626 1053 0 8 19
a 2626 906 0 8 40
a 2626 340 0 5 12
a 2626 2553 0 4 19
a 2626 407 0 9 19
a 2626 1553 0 5 31
a 2626 1298 0 9 31
a 2626 1217 0 6 50
a 2626 2361 0 8 8
a 2626 1377 0 9 39
a 2632 261 0 221 17
a 2632 1228 0 6 17
a 2632 638 0 3 50
a 2632 2975 0 2 19
a 2632 1289 0 5 23
a 2632 837 0 9 12
a 2632 2065 0 7 9
a 2648 335 0 221 26
a 2648 316 0 6 47
a 2648 969 0 1 12
a 2648 1581 0 4 48
a 2648 1043 0 3 33
a 2648 1980 0 3 48
a 2648 1411 0 3 49
a 2648 715 0 6 9
a 2648 1389 0 5 48
a 2648 1319 0 2 33
a 2648 414 0 4 14
a 2661 1779 0 221 20
a 2661 2215 0 3 40
a 2661 1961 0 10 30
a 2661 352 0 3 27
a 2661 2196 0 3 7
a 2661 2868 0 4 45
a 2661 591 0 9 26
a 2661 1594 0 2 39
a 2670 1603 0 221 50
a 2670 419 0 8 7
a 2670 2321 0 8 47
a 2670 2841 0 6 49
a 2670 1643 0 10 33
a 2670 973 0 9 33
a 2670 1881 0 9 9
a 2670 113 0 10 38
a 2670 743 0 8 41
a 2683 2611 0 221 50
a 2683 2214 0 3 23
a 2683 2180 0 8 5
a 2683 2524 0 7 13
a 2683 2184 0 8 27
a 2683 71 0 3 48
a 2683 2815 0 5 50
a 2683 2601 0 9 28
a 2683 1766 0 3 2
a 2683 1839 0 8 36
a 2683 1290 0 10 34
a 2683 350 0 2 39
a 2683 652 0 7 23
a 2683 2175 0 6 8
a 2683 1525 0 3 8
a 2683 2395 0 9 22
a 2719 2963 0 221 50
a 2719 2948 0 3 27
a 2752 798 0 221 50
a 2752 2825 0 3 31
a 2752 2529 0 8 13
a 2752 510 0 7 39
a 2752 1968 0 10 46
a 2752 125 0 6 19
a 2752 84 0 1 34
a 2752 2305 0 5 16
a 2752 139 0 3 42
a 2752 853 0 9 46
a 2752 601 0 10 29
a 2752 2148 0 3 50
a 2752 186 0 3 12
a 2752 2578 0 1 7
a 2752 2516 0 2 38
a 2756 327 0 221 7
a 2756 2256 0 5 23
a 2756 1467 0 10 5
a 2756 165 0 10 7
a 2756 1037 0 8 33
a 2756 2420 0 3 5
a 2756 1792 0 3 42
a 2756 974 0 6 31
a 2756 2132 0 4 39
a 2756 493 0 2 23
a 2756 837 0 6 26
a 2760 1406 0 221 50
a 2760 1306 0 3 34
a 2766 2670 0 221 7
a 2766 1068 0 8 33
a 2766 1232 0 3 19
a 2766 2035 0 7 20
a 2766 256 0 8 29
a 2766 1296 0 3 18
a 2766 789 0 5 39
a 2766 1863 0 5 44
a 2767 2596 0 221 47
a 2767 1843 0 9 24
a 2767 2096 0 4 4
a 2767 816 0 1 37
a 2767 693 0 6 14
a 2767 2868 0 4 47
a 2767 885 0 2 6
a 2767 858 0 4 35
a 2767 442 0 4 23
a 2767 28 0 7 19
a 2767 1887 0 10 35
a 2767 124 0 10 23
a 2767 634 0 1 6
a 2768 2494 0 221 50
a 2768 511 0 9 45
a 2768 1648 0 9 11
a 2768 2030 0 1 27
a 2768 752 0 6 45
a 2798 1636 0 221 13
a 2798 2986 0 221 44
a 2798 1673 0 7 5
a 2798 1580 0 7 11
a 2798 484 0 2 29
a 2798 957 0 10 44
a 2798 968 0 3 35
a 2798 519 0 3 46
a 2804 2320 0 221 50
a 2804 1240 0 8 17
a 2804 1986 0 2 10
a 2804 248 0 5 4
a 2804 1775 0 3 8
a 2804 2190 0 4 16
a 2804 1041 0 7 33
a 2804 2304 0 4 46
a 2804 130 0 2 33
a 2804 371 0 3 34
a 2804 2339 0 5 28
a 2833 213 0 221 39
a 2833 2298 0 4 22
a 2833 1322 0 7 29
a 2833 1843 0 7 31
a 2833 1167 0 6 16
a 2833 797 0 3 29
a 2833 2133 0 4 5
a 2833 2125 0 1 40
a 2833 2242 0 3 12
a 2833 1972 0 10 6
a 2833 1300 0 9 47
a 2833 739 0 4 9
a 2833 2415 0 2 44
a 2833 196 0 2 18
a 2833 2682 0 9 6
a 2833 357 0 6 21
a 2833 1963 0 1 47
a 2833 2101 0 3 48
a 2836 2752 0 221 50
a 2836 838 0 10 2
a 2836 1992 0 5 17
a 2836 1464 0 2 30
a 2836 2921 0 2 47
a 2836 1354 0 5 8
a 2836 2447 0 6 39
a 2836 520 0 8 21
a 2836 420 0 8 49
a 2836 2309 0 10 4
a 2836 2380 0 10 27
a 2836 2577 0 2 17
a 2836 765 0 10 33
a 2836 633 0 1 21
a 2836 2777 0 2 26
a 2844 377 0 221 12
a 2844 46 0 8 17
a 2844 637 0 2 36
a 2844 1272 0 6 31
a 2844 483 0 3 5
a 2844 2533 0 5 17
a 2844 2290 0 3 13
a 2844 2081 0 5 24
a 2853 1625 0 221 50
a 2853 1325 0 9 36
a 2853 18 0 3 28
a 2853 790 0 5 5
a 2853 478 0 10 26
a 2853 2995 0 8 48
a 2853 439 0 9 20
a 2853 1495 0 9 36
a 2853 2416 0 8 34
a 2853 2135 0 7 33
a 2853 442 0 5 10
a 2853 409 0 3 4
a 2865 1410 0 221 49
a 2865 282 0 4 11
a 2865 786 0 2 20
a 2865 512 0 8 9
a 2865 2739 0 9 42
a 2865 1818 0 2 26
a 2865 1487 0 2 22
a 2865 2638 0 5 6
a 2871 942 0 221 50
a 2871 975 0 10 2
a 2871 2747 0 2 36
a 2871 840 0 6 41
a 2871 2010 0 10 35
a 2871 55 0 2 20
a 2871 2722 0 9 6
a 2871 2909 0 7 32
a 2889 1244 0 221 50
a 2889 972 0 2 40
a 2889 2471 0 1 46
a 2890 2369 0 221 17
a 2890 2971 0 10 17
a 2890 322 0 3 17
a 2890 727 0 6 38
a 2890 2240 0 2 5
a 2899 508 0 221 50
a 2899 1425 0 5 33
a 2899 462 0 8 11
a 2899 402 0 3 35
a 2903 1870 0 221 50
a 2903 2024 0 10 3
a 2903 2366 0 10 39
a 2903 406 0 5 34
a 2903 1803 0 1 37
a 2903 2844 0 1 18
a 2904 480 0 221 36
a 2904 205 0 7 40
a 2904 2481 0 7 39
a 2904 610 0 9 15
a 2904 1563 0 10 13
a 2904 1854 0 5 43
a 2904 605 0 2 8
a 2904 1573 0 7 44
a 2904 2346 0 6 46
a 2904 2462 0 1 33
a 2909 2244 0 221 50
a 2909 2394 0 6 26
a 2909 2752 0 10 40
a 2909 2163 0 7 18
a 2909 659 0 7 15
a 2959 2521 0 221 39
a 2959 684 0 8 48
a 2959 1427 0 1 50
a 2963 2093 0 221 18
a 2963 1237 0 7 46
a 2963 771 0 7 21
a 2963 2115 0 8 24
a 2963 623 0 3 37
a 2963 216 0 9 24
a 2963 1049 0 3 1
a 2963 1911 0 1 23
a 2963 1662 0 5 9
a 2963 1933 0 3 26
a 2963 1735 0 8 10
a 2963 2782 0 7 4
a 2963 164 0 10 36
a 2972 771 0 221 11
a 2972 1672 0 10 35
a 2972 1660 0 6 35
a 2972 1673 0 1 25
a 2972 413 0 3 2
a 2972 355 0 4 41
a 11 1991 0 814 50
a 11 2896 0 10 21
a 11 497 0 4 24
a 11 610 0 3 19
a 11 2148 0 10 41
a 11 48 0 8 15
a 11 2563 0 4 22
a 11 1910 0 6 15
a 11 2146 0 9 27
a 11 2684 0 10 31
a 11 193 0 7 35
a 17 1328 0 814 50
a 17 1175 0 3 15
a 17 1745 0 6 22
a 17 159 0 1 34
a 17 1755 0 4 43
a 17 1259 0 10 33
a 17 1341 0 2 4
a 20 229 0 814 16
a 20 1496 0 7 22
a 20 2526 0 2 8
a 20 703 0 6 49
a 20 700 0 6 10
a 20 709 0 4 32
a 20 1440 0 7 30
a 20 2681 0 10 11
a 20 1512 0 10 46
a 20 2689 0 2 43
a 20 833 0 6 26
a 20 737 0 6 22
a 20 2635 0 4 46
a 93 2447 0 814 50
a 93 629 0 2 22
a 93 1778 0 1 38
a 93 357 0 6 2
a 93 569 0 7 48
a 93 319 0 4 36
a 93 988 0 9 32
a 93 2926 0 8 29
a 93 25 0 8 47
a 93 496 0 5 15
a 94 162 0 814 4
a 94 2486 0 7 17
a 94 1495 0 8 3
a 94 71 0 1 18
a 94 2915 0 6 18
a 111 2184 0 814 11
a 111 2623 0 7 9
a 111 1205 0 4 13
a 162 780 0 814 50
a 162 2012 0 10 7
a 175 1947 0 814 50
a 175 803 0 5 46
a 175 1668 0 5 49
a 175 1595 0 8 45
a 175 2795 0 7 37
a 175 188 0 9 16
a 175 609 0 9 29
a 190 1608 0 814 47
a 190 1403 0 6 8
a 190 1576 0 5 27
a 190 372 0 9 2
a 190 305 0 9 19
a 190 2110 0 5 38
a 190 1164 0 8 12
a 190 17 0 5 33
a 190 731 0 9 19
a 190 205 0 10 26
a 201 2172 0 814 50
a 201 2043 0 2 25
a 201 1686 0 3 11
a 201 2295 0 3 15
a 201 2408 0 8 49
a 201 1580 0 2 38
a 201 590 0 5 41
a 201 2575 0 4 13
a 201 1826 0 9 49
a 201 282 0 6 7
a 201 1414 0 6 2
a 201 2623 0 5 11
a 201 2448 0 4 8
a 201 844 0 3 35
a 201 1177 0 6 35
a 201 1317 0 6 27
a 201 1376 0 4 15
a 201 1199 0 7 8
a 216 2895 0 814 50
a 216 72 0 8 8
a 216 1128 0 6 33
a 216 2042 0 10 26
a 216 2907 0 4 40
a 216 2137 0 1 15
a 216 587 0 4 26
a 216 1237 0 9 6
a 216 2127 0 1 12
a 216 2788 0 2 4
a 216 1938 0 3 23
a 216 400 0 4 44
a 216 2227 0 10 6
a 216 1447 0 3 42
a 216 638 0 8 43
a 216 1046 0 1 27
a 229 1989 0 814 24
a 229 2788 0 6 16
a 229 600 0 7 37
a 229 2225 0 9 27
a 229 2864 0 6 43
a 229 2541 0 1 16
a 231 1961 0 814 50
a 231 2342 0 8 41
a 231 2325 0 6 18
a 246 300 0 814 50
a 246 462 0 1 3
a 246 178 0 5 17
a 246 1731 0 5 28
a 246 2720 0 8 29
a 246 2762 0 4 2
a 246 1826 0 3 46
a 246 1623 0 5 7
a 246 1581 0 5 5
a 246 2912 0 6 40
a 246 2561 0 7 22
a 246 2750 0 8 36
a 246 2926 0 4 13
a 246 1639 0 10 18
a 263 1105 0 814 50
a 263 1546 0 10 21
a 263 224 0 5 25
a 263 1115 0 4 1
a 263 1095 0 10 13
a 264 2449 0 814 50
a 264 370 0 8 7
a 264 1214 0 10 8
a 264 2431 0 9 33
a 264 2095 0 2 45
a 264 838 0 5 3
a 264 416 0 6 22
a 264 535 0 4 42
a 264 64 0 7 4
a 264 1731 0 10 28
a 264 563 0 1 5
a 264 491 0 9 47
a 264 1405 0 8 50
a 264 2762 0 4 28
a 264 65 0 9 20
a 264 2586 0 6 50
a 264 1393 0 3 11
a 265 2042 0 814 34
a 265 333 0 10 14
a 265 241 0 4 40
a 300 1437 0 814 6
a 300 1651 0 5 39
a 300 1523 0 6 50
a 303 785 0 814 12
a 303 853 0 9 12
a 303 1436 0 3 31
a 303 1170 0 10 23
a 303 2278 0 9 31
a 307 568 0 814 50
a 307 2549 0 5 20
a 307 1747 0 2 28
a 350 246 0 814 4
a 350 484 0 6 33
a 350 2626 0 4 1
a 350 849 0 3 32
a 350 1609 0 2 43
a 350 538 0 1 5
a 350 305 0 9 20
a 350 1118 0 1 38
a 350 1683 0 3 33
a 350 2504 0 9 19
a 350 696 0 4 33
a 350 1600 0 7 37
a 350 1917 0 10 33
a 350 1114 0 6 20
a 352 1275 0 814 50
a 352 250 0 8 28
a 380 2901 0 814 47
a 380 1560 0 10 22
a 444 548 0 814 50
a 444 1465 0 5 5
a 444 1916 0 6 46
a 444 1802 0 5 45
a 444 1102 0 4 48
a 444 2120 0 7 31
a 444 1139 0 1 21
a 444 1530 0 4 4
a 444 791 0 9 38
a 444 403 0 6 12
a 444 521 0 7 29
a 444 1658 0 2 21
a 445 2145 0 814 23
a 445 1011 0 8 35
a 445 2910 0 6 2
a 445 1124 0 3 12
a 445 584 0 8 1
a 445 2102 0 5 3
a 445 685 0 4 15
a 445 703 0 10 19
a 455 1020 0 814 50
a 455 1615 0 4 27
a 455 1737 0 1 30
a 455 2672 0 9 18
a 455 524 0 5 46
a 455 1683 0 5 30
a 455 381 0 9 8
a 455 2444 0 2 26
a 455 722 0 1 45
a 455 877 0 2 7
a 455 2147 0 9 32
a 455 2480 0 9 49
a 455 2126 0 2 41
a 455 351 0 3 48
a 491 853 0 814 2
a 491 1366 0 10 45
a 491 2453 0 7 6
a 491 413 0 2 32
a 491 2749 0 7 25
a 491 1774 0 9 4
a 491 618 0 3 20
a 503 1890 0 814 50
a 503 1134 0 3 49
a 529 1289 0 814 17
a 529 574 0 5 5
a 529 2827 0 3 5
a 548 607 0 814 16
a 548 596 0 8 2
a 548 1948 0 5 4
a 548 2821 0 9 28
a 548 1378 0 1 13
a 548 2830 0 8 23
a 548 629 0 6 6
a 548 1857 0 3 12
a 548 2367 0 5 23
a 548 2945 0 4 5
a 560 1520 0 814 50
a 560 2230 0 1 19
a 560 2952 0 10 5
a 560 1983 0 6 18
a 560 255 0 8 23
a 560 1502 0 5 17
a 560 323 0 8 46
a 560 2454 0 2 13
a 560 2190 0 2 2
a 560 2786 0 5 20
a 560 1658 0 9 8
a 560 1223 0 2 36
a 560 2252 0 4 11
a 560 1621 0 10 32
a 560 404 0 1 45
a 560 1789 0 7 23
a 568 1173 0 814 28
a 568 2783 0 3 33
a 568 1213 0 8 46
a 580 1220 0 814 37
a 580 340 0 9 24
a 580 1355 0 10 20
a 580 728 0 3 45
a 580 2101 0 10 6
a 580 1647 0 10 41
a 580 1194 0 3 37
a 580 1261 0 1 5
a 580 2827 0 7 14
a 580 2960 0 1 21
a 580 813 0 2 46
a 580 1087 0 3 24
a 580 1766 0 6 44
a 580 2110 0 2 8
a 580 2116 0 9 18
a 580 2104 0 5 30
a 580 2868 0 7 22
a 580 1530 0 5 21
a 607 503 0 814 50
a 607 2491 0 6 49
a 607 876 0 1 49
a 607 977 0 10 42
a 607 2447 0 2 17
a 607 2134 0 2 41
a 607 1371 0 4 47
a 607 994 0 10 19
a 607 1310 0 1 11
a 607 1204 0 4 12
a 608 950 0 814 50
a 608 2804 0 10 19
a 608 1894 0 9 21
a 608 1187 0 5 24
a 608 949 0 9 28
a 608 2741 0 4 39
a 608 810 0 9 47
a 614 2524 0 814 49
a 614 2425 0 9 7
a 614 1036 0 8 40
a 614 1519 0 7 1
a 614 1756 0 6 33
a 614 355 0 6 1
a 614 2001 0 8 40
a 614 2554 0 4 33
a 614 2954 0 8 33
a 614 2342 0 8 11
a 625 1358 0 814 50
a 625 2013 0 1 13
a 625 684 0 3 16
a 625 1777 0 5 12
a 635 2822 0 814 50
a 635 882 0 10 6
a 635 103 0 10 39
a 635 2826 0 6 4
a 666 2984 0 814 50
a 666 1173 0 10 3
a 666 476 0 9 1
a 666 902 0 3 36
a 666 1479 0 8 49
a 666 45 0 10 46
a 666 691 0 4 49
a 666 1341 0 5 11
a 666 1759 0 7 50
a 666 720 0 9 44
a 666 2619 0 3 21
a 666 727 0 10 43
a 666 2373 0 3 1
a 666 1833 0 7 40
a 666 1641 0 3 7
a 666 2043 0 1 18
a 680 1896 0 814 47
a 680 2300 0 9 17
a 680 1750 0 7 9
a 680 1131 0 4 17
a 680 2095 0 8 30
a 680 1189 0 1 3
a 680 1637 0 4 49
a 680 2429 0 5 44
a 680 2175 0 6 3
a 680 2469 0 1 32
a 680 867 0 2 44
a 680 2049 0 6 35
a 680 463 0 8 6
a 680 2533 0 5 20
a 680 2752 0 7 10
a 680 1236 0 10 44
a 680 514 0 3 5
a 707 444 0 814 26
a 707 2116 0 4 5
a 707 543 0 3 5
a 707 1658 0 2 15
a 739 20 0 814 50
a 739 2813 0 10 40
a 739 2802 0 7 25
a 739 2128 0 4 4
a 739 2886 0 2 17
a 739 2366 0 7 4
a 739 938 0 8 22
a 739 914 0 4 24
a 739 957 0 5 38
a 739 2722 0 1 8
a 739 1308 0 10 8
a 739 192 0 4 8
a 739 2159 0 3 5
a 739 2239 0 6 39
a 739 489 0 8 41
a 739 806 0 3 31
a 749 2284 0 814 49
a 749 1611 0 10 9
a 749 665 0 2 42
a 749 1996 0 5 43
a 749 845 0 8 12
a 749 1989 0 9 33
a 749 1476 0 5 15
a 749 88 0 1 31
a 749 1089 0 2 27
a 749 896 0 9 31
a 749 1517 0 8 27
a 749 2224 0 7 10
a 749 270 0 5 1
a 780 2474 0 814 21
a 780 1478 0 8 9
a 780 863 0 6 43
a 780 2689 0 10 14
a 780 798 0 3 25
a 780 1921 0 2 35
a 780 720 0 6 36
a 780 76 0 8 39
a 780 2561 0 1 20
a 780 2558 0 8 40
a 780 933 0 9 20
a 780 2622 0 10 34
a 780 323 0 3 26
a 780 972 0 8 46
a 780 240 0 10 3
a 781 951 0 814 50
a 781 1324 0 2 32
a 785 201 0 814 50
a 785 1067 0 10 45
a 785 1547 0 3 27
a 785 2000 0 1 49
a 785 2247 0 2 45
a 785 2941 0 5 2
a 785 2048 0 1 5
a 785 2346 0 5 29
a 785 2763 0 2 27
a 785 1611 0 6 50
a 785 987 0 1 45
a 785 1688 0 8 32
a 785 1474 0 6 36
a 785 357 0 10 33
a 792 1922 0 814 50
a 792 2151 0 6 1
a 792 2967 0 7 3
a 792 2859 0 9 29
a 792 2666 0 2 44
a 792 1349 0 6 28
a 792 1429 0 4 48
a 792 76 0 5 47
a 792 2108 0 6 39
a 792 1102 0 3 50
a 792 1691 0 8 25
a 792 1575 0 1 16
a 792 2318 0 5 33
a 792 2704 0 2 12
a 792 794 0 4 5
a 792 1281 0 10 24
a 837 1755 0 814 50
a 837 2799 0 8 26
a 837 1823 0 5 20
a 837 2395 0 6 32
a 837 2795 0 7 26
a 837 731 0 2 29
a 837 1639 0 3 32
a 837 2300 0 5 36
a 846 2221 0 814 50
a 846 608 0 7 19
a 846 1333 0 6 45
a 846 928 0 5 36
a 846 1547 0 2 37
a 846 2391 0 8 41
a 846 1268 0 2 19
a 846 2290 0 2 23
a 846 2334 0 10 47
a 846 661 0 9 40
a 846 749 0 9 12
a 846 2298 0 7 44
a 846 432 0 5 20
a 846 1100 0 4 44
a 846 238 0 5 27
a 846 156 0 6 14
a 846 2251 0 7 37
a 853 666 0 814 4
a 853 1483 0 9 21
a 853 2401 0 1 26
a 853 590 0 2 43
a 853 1186 0 3 15
a 853 2579 0 2 27
a 853 1858 0 2 26
a 853 2691 0 8 2
a 853 348 0 8 12
a 867 1099 0 814 43
a 867 988 0 5 29
a 867 2381 0 9 28
a 867 1962 0 6 43
a 867 2459 0 2 48
a 867 2038 0 3 24
a 876 1732 0 814 50
a 876 2953 0 4 6
a 876 2243 0 8 13
a 876 1624 0 1 9
a 876 2449 0 4 6
a 876 1623 0 2 12
a 876 953 0 3 23
a 876 1190 0 7 25
a 876 1530 0 10 45
a 876 841 0 7 42
a 876 2128 0 3 20
a 876 1429 0 10 6
a 876 2983 0 5 32
a 876 2523 0 3 20
a 876 2171 0 2 42
a 901 1067 0 814 50
a 901 2456 0 1 40
a 901 968 0 8 45
a 901 1906 0 2 34
a 940 1532 0 814 20
a 940 2828 0 2 45
a 940 1167 0 3 47
a 946 1076 0 814 14
a 946 1799 0 6 30
a 946 586 0 1 36
a 946 2684 0 3 23
a 946 1175 0 5 28
a 946 481 0 3 1
a 946 540 0 1 27
a 946 2126 0 6 50
a 946 2032 0 5 22
a 946 1336 0 8 7
a 946 2064 0 8 38
a 946 21 0 7 42
a 946 98 0 3 44
a 946 2530 0 5 11
a 946 1346 0 2 50
a 946 664 0 6 33
a 950 1397 0 814 28
a 950 2002 0 5 5
a 950 1645 0 5 26
a 950 2683 0 5 10
a 950 314 0 9 50
a 950 2246 0 8 37
a 950 376 0 9 34
a 950 1816 0 3 27
a 950 1759 0 1 47
a 950 374 0 10 34
a 950 2668 0 10 12
a 950 2585 0 6 45
a 950 1674 0 1 39
a 950 330 0 7 40
a 950 1310 0 2 21
a 950 672 0 4 47
a 951 680 0 814 14
a 951 1729 0 2 39
a 951 407 0 5 18
a 951 445 0 3 49
a 951 1333 0 1 8
a 951 2458 0 9 36
a 951 99 0 2 22
a 951 1411 0 6 42
a 951 2604 0 8 47
a 951 957 0 7 29
a 951 2843 0 2 50
a 951 1122 0 7 44
a 951 290 0 5 26
a 997 1822 0 814 24
a 997 1851 0 3 18
a 997 2854 0 5 23
a 997 1884 0 3 20
a 997 2396 0 6 3
a 997 2425 0 6 29
a 997 1015 0 9 29
a 997 604 0 2 17
a 997 468 0 5 48
a 997 798 0 2 10
a 997 1637 0 3 31
a 1008 2017 0 814 37
a 1008 2670 0 1 47
a 1008 2503 0 1 15
a 1008 861 0 6 35
a 1008 961 0 6 29
a 1008 152 0 1 28
a 1008 1285 0 4 32
a 1008 176 0 10 44
a 1008 2141 0 1 10
a 1008 2825 0 10 13
a 1008 2389 0 6 34
a 1008 1428 0 10 29
a 1008 1883 0 3 49
a 1008 632 0 3 19
a 1008 1802 0 6 29
a 1020 946 0 814 48
a 1020 2437 0 10 40
a 1020 864 0 1 36
a 1020 1687 0 1 17
a 1020 665 0 10 10
a 1020 1739 0 5 25
a 1020 1852 0 9 14
a 1020 2624 0 9 40
a 1020 2578 0 8 6
a 1020 2685 0 5 36
a 1020 481 0 8 19
a 1020 1515 0 7 23
a 1020 1332 0 5 41
a 1020 570 0 4 11
a 1020 306 0 1 21
a 1053 1433 0 814 50
a 1053 2252 0 2 44
a 1053 610 0 3 33
a 1053 1148 0 2 48
a 1053 1160 0 9 40
a 1053 1794 0 9 24
a 1053 2165 0 3 46
a 1057 2748 0 814 29
a 1057 374 0 10 43
a 1057 1129 0 2 2
a 1057 1276 0 9 21
a 1067 2229 0 814 50
a 1067 2578 0 2 28
a 1067 82 0 8 39
a 1067 1431 0 10 15
a 1067 1502 0 6 35
a 1067 1381 0 1 23
a 1067 229 0 10 40
a 1067 1721 0 6 2
a 1067 797 0 7 25
a 1067 1499 0 9 47
a 1067 947 0 6 43
a 1067 300 0 1 44
a 1067 2789 0 5 28
a 1067 2417 0 10 38
a 1076 303 0 814 45
a 1076 1460 0 4 5
a 1076 1541 0 6 19
a 1076 1917 0 3 4
a 1076 340 0 1 36
a 1099 2838 0 814 50
a 1099 1305 0 9 23
a 1099 2260 0 9 38
a 1105 2248 0 814 22
a 1105 665 0 4 41
a 1105 1812 0 3 42
a 1105 2362 0 6 22
a 1108 2739 0 814 50
a 1108 298 0 5 36
a 1108 1558 0 3 48
a 1108 1228 0 1 4
a 1108 448 0 5 38
a 1108 1244 0 6 25
a 1108 2172 0 2 42
a 1108 2183 0 6 34
a 1108 2950 0 3 41
a 1108 2182 0 6 30
a 1108 895 0 9 16
a 1108 2767 0 4 1
a 1113 580 0 814 3
a 1113 2352 0 3 47
a 1113 1570 0 4 15
a 1113 58 0 2 39
a 1113 1161 0 9 23
a 1113 2144 0 6 26
a 1113 187 0 10 26
a 1113 136 0 3 39
a 1113 1237 0 5 41
a 1113 1568 0 5 49
a 1113 787 0 5 26
a 1113 2494 0 5 32
a 1113 2375 0 9 24
a 1113 911 0 5 22
a 1113 1218 0 9 16
a 1113 189 0 2 13
a 1113 489 0 1 7
a 1113 584 0 6 35
a 1117 1307 0 814 50
a 1117 2601 0 10 22
a 1117 1689 0 6 49
a 1117 875 0 8 27
a 1117 369 0 1 8
a 1117 1038 0 3 26
a 1117 879 0 8 21
a 1117 179 0 9 45
a 1117 1489 0 7 1
a 1117 130 0 6 37
a 1117 803 0 8 5
a 1117 2157 0 3 2
a 1117 643 0 4 30
a 1143 1108 0 814 6
a 1143 671 0 9 30
a 1143 1145 0 5 34
a 1143 203 0 3 16
a 1143 889 0 2 45
a 1143 1151 0 8 2
a 1143 1019 0 4 26
a 1143 1242 0 5 43
a 1143 1937 0 6 33
a 1143 2965 0 5 31
a 1143 2200 0 5 8
a 1173 231 0 814 50
a 1173 181 0 5 7
a 1173 1491 0 2 45
a 1173 2436 0 3 48
a 1173 98 0 8 8
a 1173 176 0 1 50
a 1173 1572 0 1 34
a 1173 1186 0 5 47
a 1173 884 0 2 26
a 1173 126 0 9 28
a 1173 311 0 9 4
a 1173 2272 0 5 27
a 1173 1289 0 2 46
a 1173 587 0 10 26
a 1173 2508 0 2 37
a 1214 2491 0 814 50
a 1214 2834 0 7 14
a 1214 1001 0 7 34
a 1214 1399 0 5 48
a 1214 95 0 6 50
a 1214 29 0 10 20
a 1214 1923 0 9 36
a 1214 1847 0 3 10
a 1214 2604 0 9 28
a 1214 1247 0 5 35
a 1214 900 0 4 1
a 1220 707 0 814 50
a 1220 154 0 1 7
a 1220 2932 0 6 19
a 1220 2633 0 9 6
a 1220 717 0 4 43
a 1220 17 0 2 6
a 1231 1337 0 814 42
a 1231 2777 0 4 38
a 1231 1300 0 1 39
a 1231 2932 0 2 46
a 1231 401 0 10 47
a 1231 582 0 10 32
a 1231 2803 0 9 5
a 1231 2459 0 10 14
a 1231 528 0 8 7
a 1231 700 0 6 9
a 1231 364 0 6 44
a 1231 2729 0 7 19
a 1231 2788 0 9 30
a 1275 1428 0 814 24
a 1275 117 0 1 23
a 1275 2615 0 6 40
a 1275 1583 0 4 34
a 1275 151 0 5 6
a 1275 866 0 3 25
a 1275 1082 0 10 27
a 1275 618 0 4 19
a 1275 2403 0 1 42
a 1275 1427 0 3 37
a 1275 2653 0 3 32
a 1275 2609 0 3 4
a 1275 2489 0 6 26
a 1275 1059 0 1 37
a 1289 2742 0 814 50
a 1289 225 0 3 44
a 1289 2384 0 5 33
a 1289 1768 0 1 48
a 1289 2995 0 2 22
a 1289 165 0 1 25
a 1289 2868 0 5 50
a 1289 939 0 4 37
a 1289 2649 0 8 40
a 1307 901 0 814 16
a 1307 2602 0 2 18
a 1307 2182 0 3 24
a 1307 1667 0 6 21
a 1307 2776 0 7 43
a 1307 1501 0 4 21
a 1307 2797 0 2 7
a 1307 1329 0 2 40
a 1307 1299 0 3 45
a 1307 2656 0 2 12
a 1307 340 0 7 30
a 1307 1782 0 2 18
a 1307 1682 0 10 24
a 1328 1885 0 814 10
a 1328 877 0 8 35
a 1328 2131 0 1 18
a 1328 2557 0 7 36
a 1328 2791 0 10 21
a 1337 380 0 814 13
a 1337 2862 0 1 7
a 1337 2014 0 5 36
a 1337 905 0 8 32
a 1337 699 0 1 11
a 1337 2851 0 2 7
a 1337 2527 0 9 39
a 1337 1870 0 4 40
a 1337 2651 0 8 4
a 1337 2953 0 9 3
a 1337 88 0 3 48
a 1337 829 0 8 13
a 1337 2969 0 7 33
a 1358 1565 0 814 50
a 1358 2263 0 8 47
a 1358 2316 0 2 45
a 1358 2265 0 1 18
a 1358 1073 0 8 12
a 1358 2735 0 9 1
a 1358 2586 0 9 36
a 1361 2740 0 814 18
a 1361 2269 0 4 13
a 1361 2081 0 9 8
a 1361 1507 0 10 43
a 1361 2553 0 2 34
a 1397 635 0 814 50
a 1397 538 0 2 30
a 1397 1662 0 9 40
a 1397 1645 0 7 43
a 1397 1982 0 3 34
a 1397 1122 0 7 30
a 1397 1699 0 6 34
a 1426 1620 0 814 31
a 1426 1915 0 3 19
a 1426 1138 0 4 18
a 1428 1745 0 814 26
a 1428 1278 0 4 15
a 1428 1329 0 4 23
a 1428 999 0 1 23
a 1428 2053 0 8 24
a 1428 2227 0 7 47
a 1428 1287 0 10 20
a 1428 1953 0 7 28
a 1428 200 0 4 2
a 1428 1432 0 5 18
a 1428 256 0 3 2
a 1428 1426 0 2 47
a 1428 1090 0 9 12
a 1430 1057 0 814 50
a 1430 329 0 8 46
a 1430 1937 0 1 18
a 1430 796 0 3 22
a 1430 44 0 6 39
a 1430 1255 0 2 13
a 1430 478 0 8 18
a 1433 2764 0 814 19
a 1433 661 0 10 38
a 1433 1206 0 5 22
a 1433 2808 0 4 33
a 1433 445 0 5 15
a 1433 2280 0 9 39
a 1433 2600 0 3 29
a 1433 2943 0 9 19
a 1433 2564 0 5 49
a 1433 2036 0 10 31
a 1433 141 0 8 34
a 1433 218 0 8 33
a 1433 2582 0 3 35
a 1433 1253 0 10 47
a 1433 2361 0 4 18
a 1433 1651 0 4 36
a 1433 920 0 6 49
a 1437 455 0 814 50
a 1437 2437 0 7 34
a 1456 1510 0 814 20
a 1456 1003 0 4 19
a 1476 2914 0 814 19
a 1476 482 0 2 33
a 1476 655 0 10 31
a 1476 52 0 4 18
a 1476 284 0 1 31
a 1476 2900 0 3 50
a 1476 775 0 6 37
a 1476 1892 0 8 34
a 1476 2875 0 7 17
a 1476 696 0 4 4
a 1476 994 0 8 20
a 1476 369 0 1 32
a 1476 231 0 5 24
a 1476 2268 0 9 26
a 1476 2626 0 5 8
a 1476 1368 0 8 16
a 1476 727 0 9 33
a 1482 837 0 814 50
a 1482 1551 0 1 42
a 1482 1056 0 5 28
a 1482 318 0 8 28
a 1482 521 0 8 7
a 1482 459 0 2 30
a 1482 2585 0 8 25
a 1482 2084 0 1 28
a 1482 384 0 9 11
a 1482 506 0 5 13
a 1482 2967 0 9 16
a 1482 562 0 10 3
a 1510 1698 0 814 49
a 1510 2848 0 5 15
a 1510 780 0 5 23
a 1510 1373 0 5 28
a 1510 127 0 9 9
a 1510 842 0 8 30
a 1510 79 0 2 38
a 1510 2191 0 5 41
a 1510 537 0 7 35
a 1510 2868 0 8 36
a 1510 317 0 2 22
a 1510 2322 0 9 31
a 1510 2684 0 8 34
a 1510 2881 0 5 13
a 1510 1137 0 8 25
a 1510 69 0 8 39
a 1510 2185 0 7 5
a 1520 1521 0 814 27
a 1520 606 0 3 17
a 1520 2114 0 9 26
a 1520 1060 0 3 19
a 1520 1199 0 8 24
a 1520 175 0 6 10
a 1520 445 0 9 33
a 1520 2241 0 3 50
a 1521 2338 0 814 50
a 1521 1982 0 1 48
a 1521 1178 0 5 20
a 1521 2403 0 3 18
a 1521 1959 0 8 40
a 1521 1630 0 6 13
a 1521 1211 0 7 20
a 1521 325 0 10 19
a 1521 2324 0 7 15
a 1521 1485 0 4 46
a 1521 188 0 8 20
a 1521 798 0 1 32
a 1521 2659 0 5 15
a 1524 2411 0 814 4
a 1524 2616 0 1 6
a 1524 2210 0 8 30
a 1524 2385 0 4 1
a 1524 115 0 2 38
a 1524 347 0 4 35
a 1524 2761 0 1 50
a 1532 1872 0 814 35
a 1532 1902 0 5 17
a 1532 922 0 7 39
a 1532 508 0 4 22
a 1532 2714 0 7 35
a 1532 1706 0 4 7
a 1532 2548 0 9 47
a 1532 2764 0 4 1
a 1532 2711 0 8 16
a 1532 2529 0 9 27
a 1532 1257 0 5 45
a 1532 2728 0 7 1
a 1534 1482 0 814 7
a 1534 1050 0 8 15
a 1534 1146 0 10 35
a 1534 2392 0 6 25
a 1534 958 0 3 27
a 1534 778 0 9 24
a 1534 1115 0 10 36
a 1534 725 0 7 24
a 1534 2863 0 8 44
a 1557 1866 0 814 29
a 1557 924 0 4 48
a 1557 947 0 3 2
a 1557 694 0 5 6
a 1565 350 0 814 50
a 1565 327 0 10 26
a 1591 940 0 814 19
a 1591 2768 0 6 15
a 1591 422 0 4 49
a 1591 2491 0 4 14
a 1591 2268 0 7 19
a 1591 283 0 4 2
a 1591 971 0 10 50
a 1591 81 0 10 32
a 1591 1047 0 8 16
a 1591 2579 0 3 24
a 1591 2634 0 3 10
a 1591 1174 0 7 23
a 1591 2583 0 8 8
a 1591 473 0 3 19
a 1608 93 0 814 39
a 1608 2904 0 5 11
a 1608 1223 0 8 24
a 1608 1009 0 7 29
a 1608 2741 0 6 15
a 1608 1606 0 9 26
a 1608 1468 0 1 5
a 1608 2950 0 6 22
a 1608 2699 0 6 40
a 1608 2506 0 5 16
a 1608 1532 0 1 26
a 1608 2657 0 6 29
a 1608 297 0 6 1
a 1608 2432 0 1 9
a 1608 485 0 7 19
a 1608 45 0 2 50
a 1620 997 0 814 50
a 1620 2663 0 9 3
a 1620 2092 0 5 26
a 1620 866 0 8 28
a 1620 1116 0 5 6
a 1620 1300 0 6 19
a 1620 1402 0 10 17
a 1620 2319 0 9 49
a 1620 888 0 5 47
a 1620 1847 0 3 20
a 1620 965 0 6 14
a 1620 1344 0 1 12
a 1620 1085 0 6 28
a 1620 1978 0 4 26
a 1620 2819 0 7 46
a 1643 445 0 814 50
a 1643 2175 0 1 25
a 1643 2117 0 7 50
a 1643 1244 0 10 29
a 1643 1042 0 4 19
a 1643 1717 0 2 5
a 1643 2761 0 9 23
a 1643 1129 0 3 46
a 1643 1970 0 10 34
a 1643 2345 0 10 45
a 1643 1065 0 7 30
a 1660 2484 0 814 33
a 1660 844 0 1 10
a 1660 2233 0 1 10
a 1660 2519 0 7 28
a 1678 1361 0 814 37
a 1678 1753 0 5 6
a 1678 2568 0 3 48
a 1678 632 0 5 12
a 1678 1683 0 7 21
a 1678 2511 0 10 23
a 1678 2704 0 2 9
a 1678 51 0 10 45
a 1678 338 0 10 18
a 1678 552 0 2 10
a 1678 706 0 1 15
a 1698 749 0 814 50
a 1698 2214 0 3 47
a 1698 66 0 8 28
a 1698 2379 0 8 43
a 1698 854 0 4 44
a 1698 2453 0 10 12
a 1698 883 0 10 14
a 1698 977 0 7 23
a 1698 2032 0 1 44
a 1698 1783 0 2 13
a 1698 154 0 6 30
a 1698 421 0 2 29
a 1698 2231 0 8 4
a 1698 2767 0 6 5
a 1698 25 0 9 46
a 1732 2663 0 814 36
a 1732 2998 0 814 45
a 1732 22 0 1 27
a 1732 1170 0 10 46
a 1732 2260 0 2 22
a 1732 1556 0 2 48
a 1732 2407 0 2 12
a 1732 806 0 5 20
a 1732 2221 0 1 23
a 1732 499 0 9 15
a 1744 2982 0 814 50
a 1744 84 0 2 43
a 1744 670 0 5 39
a 1744 435 0 2 43
a 1744 1133 0 6 29
a 1744 1516 0 9 22
a 1744 1553 0 2 25
a 1744 2212 0 8 39
a 1744 2701 0 1 21
a 1744 316 0 9 5
a 1744 1856 0 1 34
a 1744 226 0 10 40
a 1745 1799 0 814 50
a 1745 2563 0 4 33
a 1745 2271 0 5 6
a 1745 43 0 8 25
a 1745 1090 0 5 31
a 1745 410 0 1 26
a 1745 1179 0 8 19
a 1745 2408 0 8 23
a 1748 1678 0 814 50
a 1748 2916 0 5 39
a 1748 487 0 5 10
a 1748 1374 0 2 24
a 1748 861 0 10 17
a 1748 1156 0 6 1
a 1751 1867 0 814 46
a 1751 1062 0 8 28
a 1751 395 0 10 35
a 1751 2134 0 7 31
a 1751 1253 0 3 28
a 1751 255 0 1 16
a 1751 2030 0 2 37
a 1751 1780 0 8 50
a 1751 2085 0 1 27
a 1751 1149 0 3 35
a 1755 352 0 814 50
a 1755 1742 0 8 24
a 1755 444 0 8 12
a 1755 2368 0 2 12
a 1755 2971 0 9 25
a 1755 367 0 8 44
a 1755 747 0 7 47
a 1755 797 0 8 44
a 1755 425 0 9 30
a 1755 2022 0 3 4
a 1755 2657 0 9 46
a 1755 1013 0 5 34
a 1755 2802 0 10 6
a 1783 625 0 814 50
a 1783 2435 0 5 44
a 1783 2881 0 8 16
a 1783 1059 0 2 38
a 1783 2232 0 8 37
a 1783 926 0 7 43
a 1783 2776 0 5 49
a 1783 1492 0 10 8
a 1799 2486 0 814 50
a 1799 2235 0 1 20
a 1799 2652 0 8 44
a 1799 2147 0 7 30
a 1799 1004 0 9 5
a 1799 579 0 8 24
a 1799 371 0 4 14
a 1799 1588 0 3 49
a 1799 692 0 10 16
a 1799 2606 0 3 15
a 1799 1395 0 9 2
a 1799 2511 0 7 11
a 1799 2919 0 6 44
a 1799 1977 0 10 13
a 1799 2579 0 6 21
a 1799 2598 0 10 16
a 1799 1526 0 9 34
a 1817 307 0 814 48
a 1817 2313 0 10 16
a 1817 679 0 6 34
a 1817 787 0 8 37
a 1817 195 0 8 1
a 1817 1581 0 10 38
a 1817 516 0 3 5
a 1817 1171 0 2 24
a 1817 2891 0 7 25
a 1817 2148 0 10 21
a 1817 403 0 10 11
a 1817 160 0 8 12
a 1817 1658 0 4 2
a 1817 2223 0 4 49
a 1817 2320 0 9 47
a 1817 2071 0 3 6
a 1817 867 0 3 21
a 1822 1524 0 814 50
a 1822 746 0 5 46
a 1856 1751 0 814 29
a 1856 1850 0 1 49
a 1856 885 0 10 36
a 1856 317 0 3 9
a 1856 2789 0 6 43
a 1856 2886 0 7 38
a 1856 1961 0 4 27
a 1856 806 0 8 31
a 1856 2001 0 8 27
a 1856 1114 0 3 49
a 1856 1124 0 2 22
a 1856 1502 0 3 28
a 1856 861 0 4 26
a 1856 2087 0 1 11
a 1856 2983 0 8 7
a 1856 2793 0 5 12
a 1856 243 0 9 44
a 1866 2034 0 814 50
a 1866 1700 0 2 28
a 1866 2120 0 9 42
a 1866 2347 0 2 39
a 1866 955 0 3 20
a 1866 1392 0 3 35
a 1866 1143 0 4 47
a 1866 797 0 7 19
a 1866 90 0 9 14
a 1866 79 0 3 11
a 1866 2212 0 1 34
a 1866 2830 0 1 14
a 1866 1578 0 8 20
a 1866 334 0 9 26
a 1866 2165 0 10 49
a 1866 1624 0 8 19
a 1867 2905 0 814 50
a 1867 999 0 3 27
a 1867 2264 0 5 29
a 1867 2751 0 5 7
a 1867 1196 0 7 16
a 1867 790 0 8 43
a 1867 2303 0 7 48
a 1867 1160 0 4 6
a 1867 2594 0 5 50
a 1867 1347 0 4 19
a 1867 2468 0 7 25
a 1872 264 0 814 3
a 1872 819 0 4 11
a 1872 1217 0 1 11
a 1872 2294 0 2 35
a 1872 2701 0 6 43
a 1872 837 0 7 41
a 1872 1362 0 1 8
a 1872 2076 0 6 17
a 1872 1403 0 7 21
a 1872 2138 0 3 2
a 1872 2262 0 4 21
a 1872 2476 0 9 14
a 1872 1457 0 5 14
a 1872 2977 0 9 32
a 1872 1883 0 9 50
a 1872 1881 0 8 5
a 1885 1113 0 814 34
a 1885 1886 0 4 20
a 1885 1021 0 4 20
a 1885 2510 0 5 4
a 1890 2676 0 814 36
a 1890 625 0 4 6
a 1890 2525 0 1 36
a 1896 2028 0 814 50
a 1896 1678 0 9 45
a 1896 1159 0 8 17
a 1896 1493 0 4 33
a 1896 690 0 8 30
a 1896 1478 0 9 6
a 1896 2410 0 2 25
a 1896 72 0 6 43
a 1896 1545 0 6 18
a 1896 992 0 9 2
a 1922 1660 0 814 41
a 1922 2845 0 7 19
a 1922 46 0 2 20
a 1922 458 0 5 16
a 1940 2705 0 814 24
a 1940 1544 0 9 21
a 1940 1569 0 3 50
a 1940 1551 0 8 29
a 1940 2493 0 2 11
a 1940 2953 0 2 29
a 1940 1652 0 7 40
a 1940 2774 0 9 42
a 1940 549 0 6 16
a 1940 2552 0 8 44
a 1940 2030 0 9 2
a 1940 844 0 9 44
a 1947 2499 0 814 50
a 1947 1034 0 8 8
a 1947 915 0 9 35
a 1947 2383 0 6 31
a 1947 2915 0 7 27
a 1947 751 0 10 22
a 1947 817 0 4 4
a 1947 29 0 4 10
a 1947 876 0 3 9
a 1947 49 0 9 25
a 1947 823 0 8 7
a 1947 78 0 3 41
a 1961 1231 0 814 50
a 1961 2395 0 5 23
a 1961 809 0 1 49
a 1961 2303 0 2 43
a 1961 1114 0 5 50
a 1961 1261 0 6 4
a 1961 2468 0 6 6
a 1961 1952 0 8 48
a 1961 1438 0 4 46
a 1961 1529 0 4 28
a 1961 2470 0 4 17
a 1961 513 0 5 2
a 1989 2862 0 814 50
a 1989 1788 0 7 10
a 1989 2971 0 4 44
a 1989 2564 0 9 17
a 1989 1473 0 1 50
a 1989 628 0 2 38
a 1989 251 0 6 33
a 1989 897 0 6 33
a 1989 192 0 1 20
a 1989 667 0 8 12
a 1991 1008 0 814 50
a 1991 2380 0 7 21
a 1991 2311 0 1 49
a 1991 2759 0 3 35
a 1991 89 0 4 22
a 2017 560 0 814 14
a 2017 1057 0 7 31
a 2017 2455 0 3 45
a 2017 1392 0 5 9
a 2017 1576 0 7 3
a 2017 1461 0 4 22
a 2017 245 0 4 9
a 2017 496 0 4 24
a 2017 1002 0 3 20
a 2028 1557 0 814 50
a 2028 110 0 5 10
a 2028 584 0 1 37
a 2028 1861 0 7 14
a 2028 34 0 10 3
a 2028 2603 0 2 9
a 2028 2648 0 8 35
a 2028 1415 0 9 27
a 2028 1158 0 7 14
a 2028 1347 0 2 22
a 2028 199 0 8 37
a 2028 751 0 10 28
a 2028 1701 0 5 31
a 2028 596 0 10 46
a 2034 1940 0 814 38
a 2034 2610 0 8 15
a 2034 768 0 8 35
a 2034 2452 0 6 5
a 2034 36 0 9 22
a 2034 240 0 5 50
a 2034 2432 0 10 26
a 2034 206 0 9 4
a 2034 643 0 2 45
a 2034 1688 0 1 11
a 2034 2865 0 6 11
a 2034 1826 0 8 7
a 2042 175 0 814 13
a 2042 586 0 3 6
a 2042 2835 0 8 22
a 2042 349 0 6 10
a 2050 2283 0 814 42
a 2050 696 0 5 34
a 2050 2236 0 1 27
a 2050 92 0 7 35
a 2050 1148 0 4 5
a 2050 2167 0 1 32
a 2050 1345 0 2 34
a 2050 1064 0 4 10
a 2050 2519 0 4 22
a 2050 2689 0 6 25
a 2050 451 0 6 12
a 2050 2451 0 5 5
a 2050 174 0 8 16
a 2096 1856 0 814 50
a 2096 1340 0 1 10
a 2096 780 0 2 2
a 2096 867 0 3 28
a 2096 1724 0 10 26
a 2096 2292 0 4 22
a 2096 619 0 5 35
a 2096 48 0 5 19
a 2096 681 0 5 22
a 2096 2476 0 3 18
a 2096 52 0 4 22
a 2096 1337 0 10 35
a 2101 2605 0 814 50
a 2101 303 0 10 11
a 2101 1545 0 7 20
a 2101 1229 0 9 30
a 2101 219 0 7 11
a 2101 1432 0 6 28
a 2101 1368 0 7 49
a 2101 1533 0 9 35
a 2101 1985 0 9 33
a 2101 598 0 3 44
a 2101 561 0 4 49
a 2101 2830 0 4 8
a 2101 1843 0 2 41
a 2101 2627 0 7 42
a 2101 2535 0 4 43
a 2101 1217 0 6 46
a 2101 1486 0 9 20
a 2101 2512 0 6 45
a 2145 876 0 814 50
a 2145 1574 0 4 9
a 2145 1993 0 1 13
a 2145 2669 0 10 32
a 2145 2988 0 5 5
a 2145 2090 0 1 18
a 2145 536 0 4 35
a 2145 715 0 5 42
a 2145 776 0 10 9
a 2145 2851 0 6 13
a 2145 2251 0 7 16
a 2145 1239 0 8 20
a 2145 2398 0 5 1
a 2145 850 0 6 20
a 2145 854 0 6 49
a 2145 2387 0 9 9
a 2172 2991 0 814 26
a 2172 1456 0 4 20
a 2172 1470 0 2 42
a 2172 2248 0 8 7
a 2172 1599 0 10 44
a 2172 2613 0 9 45
a 2172 1126 0 10 32
a 2172 2509 0 9 9
a 2172 579 0 3 49
a 2172 2463 0 9 5
a 2184 263 0 814 43
a 2184 330 0 10 8
a 2184 2800 0 9 42
a 2184 2648 0 10 47
a 2184 833 0 6 26
a 2184 1336 0 8 35
a 2184 1924 0 4 33
a 2184 1667 0 1 19
a 2184 1039 0 5 15
a 2184 1567 0 3 36
a 2184 2809 0 6 40
a 2184 1339 0 7 8
a 2184 265 0 1 28
a 2184 1853 0 6 48
a 2184 694 0 5 3
a 2184 2290 0 9 36
a 2184 471 0 9 25
a 2216 2101 0 814 50
a 2216 2540 0 6 12
a 2216 2103 0 6 42
a 2216 1217 0 10 11
a 2216 2249 0 10 49
a 2216 2129 0 1 25
a 2216 1511 0 7 14
a 2216 1582 0 2 13
a 2216 2478 0 5 4
a 2216 796 0 4 42
a 2216 2287 0 5 20
a 2221 867 0 814 7
a 2221 927 0 7 1
a 2221 2447 0 9 23
a 2221 2957 0 7 7
a 2225 2583 0 814 12
a 2225 1550 0 8 13
a 2225 2802 0 3 27
a 2225 1830 0 10 31
a 2229 2441 0 814 50
a 2229 144 0 5 5
a 2229 2520 0 3 48
a 2229 1581 0 2 17
a 2229 2615 0 1 3
a 2229 1622 0 6 26
a 2248 2556 0 814 50
a 2248 2241 0 8 7
a 2248 1188 0 8 3
a 2248 2304 0 3 9
a 2248 117 0 8 15
a 2248 2434 0 3 31
a 2248 2960 0 5 45
a 2248 2242 0 5 47
a 2248 2204 0 10 44
a 2248 987 0 7 1
a 2248 2851 0 8 32
a 2248 1325 0 6 33
a 2248 419 0 2 31
a 2248 2097 0 1 43
a 2248 822 0 10 5
a 2283 2908 0 814 6
a 2283 2363 0 6 8
a 2283 1638 0 6 3
a 2283 887 0 7 19
a 2283 1777 0 2 34
a 2283 2651 0 4 13
a 2283 90 0 6 21
a 2284 1817 0 814 50
a 2284 2882 0 6 35
a 2284 909 0 5 36
a 2284 1262 0 8 34
a 2284 2794 0 4 23
a 2284 145 0 1 19
a 2284 297 0 1 8
a 2284 2662 0 6 33
a 2284 2974 0 8 38
a 2284 1004 0 1 33
a 2284 766 0 8 18
a 2284 1054 0 2 24
a 2284 603 0 4 31
a 2284 899 0 9 32
a 2284 2888 0 9 24
a 2284 636 0 1 6
a 2284 2437 0 5 3
a 2284 1334 0 6 17
a 2338 781 0 814 50
a 2338 1452 0 9 24
a 2338 2043 0 6 43
a 2338 2579 0 7 36
a 2338 1135 0 8 35
a 2338 615 0 2 26
a 2338 338 0 1 43
a 2338 1267 0 4 20
a 2338 2054 0 9 16
a 2338 1967 0 4 30
a 2338 2130 0 7 31
a 2338 717 0 10 1
a 2338 1362 0 1 8
a 2389 1643 0 814 23
a 2389 283 0 6 15
a 2389 2317 0 5 33
a 2389 2177 0 10 41
a 2389 2229 0 6 34
a 2389 1176 0 8 16
a 2389 2044 0 6 24
a 2399 2781 0 814 24
a 2399 1431 0 6 4
a 2399 1142 0 5 20
a 2399 2508 0 8 24
a 2399 872 0 5 28
a 2399 1220 0 9 46
a 2399 947 0 1 26
a 2399 742 0 6 26
a 2399 639 0 4 6
a 2400 614 0 814 7
a 2400 2263 0 8 17
a 2400 1286 0 10 25
a 2400 302 0 2 4
a 2400 1075 0 3 39
a 2400 1191 0 1 2
a 2400 2487 0 8 12
a 2400 1257 0 7 32
a 2400 2605 0 9 39
a 2400 2171 0 6 44
a 2400 1435 0 6 12
a 2400 894 0 2 22
a 2400 2939 0 8 16
a 2400 1342 0 9 34
a 2400 2299 0 3 25
a 2411 2973 0 814 47
a 2411 2241 0 3 18
a 2411 1445 0 6 43
a 2411 1194 0 4 25
a 2411 651 0 2 6
a 2411 1280 0 1 23
a 2411 1452 0 6 15
a 2411 721 0 10 36
a 2411 2589 0 10 1
a 2411 110 0 2 39
a 2411 2694 0 9 47
a 2411 2464 0 5 13
a 2411 33 0 7 33
a 2411 1542 0 9 38
a 2411 1034 0 7 46
a 2411 1352 0 9 28
a 2411 2446 0 7 50
a 2423 491 0 814 50
a 2423 1377 0 10 27
a 2423 2330 0 7 43
a 2423 2867 0 7 1
a 2423 399 0 7 26
a 2423 177 0 5 1
a 2423 1561 0 9 41
a 2423 1203 0 3 26
a 2423 1351 0 10 46
a 2423 1069 0 5 31
a 2423 1876 0 2 48
a 2423 543 0 6 4
a 2441 1534 0 814 36
a 2441 2183 0 7 12
a 2441 172 0 9 21
a 2441 965 0 1 42
a 2441 2869 0 4 7
a 2441 1703 0 1 44
a 2447 111 0 814 50
a 2447 2783 0 5 15
a 2447 1597 0 7 16
a 2447 1470 0 10 21
a 2447 837 0 4 38
a 2447 470 0 8 14
a 2449 190 0 814 50
a 2449 791 0 10 41
a 2449 2443 0 2 15
a 2457 846 0 814 38
a 2457 1219 0 8 35
a 2457 1195 0 8 28
a 2474 2096 0 814 43
a 2474 1193 0 10 17
a 2474 2417 0 4 47
a 2474 1678 0 1 24
a 2474 2182 0 10 31
a 2474 2366 0 9 33
a 2474 1745 0 7 27
a 2474 2243 0 8 21
a 2474 1927 0 7 46
a 2474 2297 0 4 12
a 2474 683 0 3 17
a 2474 172 0 6 33
a 2474 787 0 1 36
a 2474 73 0 8 43
a 2474 2988 0 5 47
a 2474 93 0 5 10
a 2484 1426 0 814 50
a 2484 2686 0 10 38
a 2484 2055 0 7 37
a 2484 1633 0 10 46
a 2484 882 0 5 16
a 2484 17 0 6 47
a 2484 2406 0 1 28
a 2484 1609 0 4 35
a 2486 2423 0 814 50
a 2486 1464 0 2 16
a 2486 1424 0 4 44
a 2486 1075 0 8 27
a 2486 896 0 6 22
a 2486 2610 0 4 33
a 2486 2631 0 5 34
a 2486 1061 0 3 12
a 2486 1369 0 5 19
a 2486 2487 0 2 8
a 2486 2178 0 1 24
a 2486 1640 0 3 43
a 2486 2748 0 7 14
a 2486 1723 0 5 12
a 2486 1228 0 3 26
a 2486 1427 0 6 17
a 2488 1117 0 814 12
a 2488 1469 0 8 29
a 2488 704 0 7 5
a 2488 1719 0 9 39
a 2488 2720 0 7 16
a 2488 1402 0 8 42
a 2488 2655 0 2 33
a 2488 2847 0 3 40
a 2488 1558 0 10 15
a 2488 1108 0 10 37
a 2488 1045 0 2 36
a 2488 2155 0 8 25
a 2488 2797 0 10 40
a 2488 2298 0 10 32
a 2488 489 0 7 38
a 2488 1077 0 9 31
a 2491 739 0 814 50
a 2491 154 0 2 44
a 2491 1606 0 1 27
a 2499 1456 0 814 43
a 2499 1210 0 2 46
a 2499 1216 0 2 5
a 2499 2313 0 1 50
a 2524 1053 0 814 50
a 2524 460 0 1 13
a 2524 2007 0 3 41
a 2524 815 0 7 23
a 2524 2367 0 4 11
a 2524 20 0 2 23
a 2524 1459 0 5 37
a 2524 587 0 7 40
a 2524 1015 0 1 41
a 2524 1371 0 9 11
a 2524 2666 0 5 2
a 2524 1826 0 2 10
a 2524 1737 0 7 6
a 2524 1252 0 6 42
a 2524 2866 0 5 23
a 2524 2100 0 10 31
a 2556 1214 0 814 50
a 2556 2821 0 5 22
a 2556 2993 0 2 49
a 2556 1084 0 9 12
a 2556 2426 0 5 17
a 2556 462 0 4 25
a 2556 2791 0 9 16
a 2556 2574 0 7 33
a 2556 809 0 3 1
a 2583 1748 0 814 43
a 2583 2440 0 10 50
a 2583 662 0 1 7
a 2583 688 0 2 9
a 2583 2141 0 10 46
a 2605 94 0 814 50
a 2605 2313 0 5 26
a 2605 1383 0 5 8
a 2605 575 0 7 50
a 2605 553 0 4 33
a 2650 1430 0 814 2
a 2650 418 0 4 34
a 2650 516 0 1 5
a 2650 1742 0 9 21
a 2663 2216 0 814 26
a 2663 1822 0 6 26
a 2663 2238 0 9 27
a 2663 287 0 3 14
a 2663 787 0 8 32
a 2663 1012 0 6 12
a 2663 802 0 10 6
a 2676 2400 0 814 50
a 2676 1610 0 6 36
a 2676 70 0 7 35
a 2676 1348 0 2 37
a 2676 2158 0 5 17
a 2676 2224 0 7 1
a 2676 722 0 5 6
a 2676 532 0 9 34
a 2705 529 0 814 50
a 2705 482 0 9 35
a 2705 1991 0 2 15
a 2705 2598 0 2 30
a 2705 67 0 1 5
a 2705 2827 0 9 19
a 2705 1041 0 4 16
a 2739 2650 0 814 50
a 2739 2602 0 8 45
a 2739 2015 0 1 6
a 2739 1351 0 5 9
a 2739 1033 0 8 34
a 2739 2067 0 9 38
a 2739 1685 0 3 38
a 2739 2872 0 1 13
a 2739 1084 0 1 10
a 2740 2941 0 814 15
a 2740 355 0 7 46
a 2740 1719 0 1 35
a 2740 2081 0 6 11
a 2740 1286 0 4 43
a 2740 1098 0 10 17
a 2740 251 0 1 50
a 2740 465 0 5 8
a 2740 347 0 3 39
a 2740 2023 0 3 30
a 2742 1591 0 814 50
a 2742 2332 0 5 10
a 2742 1154 0 10 19
a 2748 2488 0 814 50
a 2748 1928 0 8 48
a 2764 265 0 814 50
a 2764 28 0 5 24
a 2764 1115 0 4 25
a 2764 1398 0 8 31
a 2764 637 0 6 25
a 2764 287 0 4 42
a 2764 2394 0 5 41
a 2764 63 0 1 21
a 2764 383 0 2 34
a 2764 798 0 5 35
a 2764 29 0 5 23
a 2764 810 0 8 38
a 2764 2247 0 9 9
a 2764 2637 0 6 2
a 2781 1476 0 814 50
a 2781 2560 0 9 47
a 2822 17 0 814 50
a 2822 2479 0 3 48
a 2822 27 0 2 35
a 2822 1537 0 2 35
a 2822 147 0 8 7
a 2822 1916 0 6 28
a 2822 693 0 7 17
a 2822 1985 0 9 16
a 2822 615 0 5 24
a 2822 338 0 7 28
a 2838 1744 0 814 45
a 2838 625 0 5 6
a 2838 1106 0 2 22
a 2838 2776 0 6 22
a 2838 1180 0 9 40
a 2838 2490 0 6 46
a 2838 287 0 4 2
a 2838 2356 0 4 17
a 2838 2087 0 7 17
a 2838 1701 0 10 11
a 2838 534 0 3 3
a 2838 299 0 6 20
a 2838 2228 0 7 38
a 2838 2205 0 2 32
a 2838 964 0 6 47
a 2838 2218 0 2 31
a 2862 216 0 814 50
a 2862 1303 0 6 40
a 2862 108 0 5 38
a 2862 1966 0 9 1
a 2862 2581 0 6 5
a 2862 1154 0 8 36
a 2862 282 0 10 29
a 2862 2293 0 10 43
a 2862 2458 0 8 16
a 2862 2806 0 9 11
a 2862 834 0 5 37
a 2862 989 0 5 1
a 2862 919 0 10 30
a 2862 1457 0 3 27
a 2895 2898 0 814 50
a 2895 1730 0 7 26
a 2895 456 0 4 14
a 2895 2467 0 1 27
a 2895 253 0 5 36
a 2895 1728 0 7 50
a 2898 2050 0 814 3
a 2898 915 0 3 29
a 2898 1308 0 2 8
a 2898 1409 0 9 3
a 2898 2841 0 6 49
a 2898 1969 0 8 34
a 2898 2662 0 8 48
a 2898 104 0 8 34
a 2898 82 0 7 2
a 2898 1351 0 2 8
a 2898 434 0 9 38
a 2898 1315 0 2 9
a 2898 804 0 8 36
a 2898 336 0 1 1
a 2898 2159 0 3 20
a 2898 2162 0 4 30
a 2898 433 0 1 11
a 2901 1143 0 814 50
a 2901 303 0 8 28
a 2901 143 0 2 14
a 2901 1215 0 7 5
a 2901 1564 0 3 47
a 2901 1063 0 7 4
a 2901 1491 0 4 34
a 2901 292 0 10 21
a 2901 2409 0 5 30
a 2905 1783 0 814 24
a 2905 1393 0 7 29
a 2905 2957 0 2 3
a 2905 791 0 5 9
a 2905 2669 0 8 47
a 2905 801 0 5 29
a 2905 2520 0 1 39
a 2905 1529 0 7 27
a 2905 31 0 4 12
a 2905 2070 0 9 18
a 2905 485 0 3 25
a 2905 2308 0 4 27
a 2905 1037 0 9 40
a 2905 1275 0 2 15
a 2905 939 0 8 28
a 2905 1904 0 9 46
a 2905 387 0 5 10
a 2905 1555 0 8 42
a 2908 2225 0 814 10
a 2908 1798 0 8 37
a 2908 1662 0 5 31
a 2908 2511 0 2 26
a 2908 1757 0 8 6
a 2908 902 0 9 48
a 2908 668 0 4 3
a 2908 447 0 9 3
a 2908 1308 0 9 17
a 2908 2993 0 4 42
a 2908 2557 0 2 39
a 2908 920 0 8 20
a 2908 1268 0 5 5
a 2908 622 0 4 5
a 2914 608 0 814 48
a 2914 2654 0 5 19
a 2914 1163 0 6 47
a 2914 1628 0 2 44
a 2914 582 0 7 3
a 2914 342 0 3 6
a 2914 2627 0 8 10
a 2914 2272 0 7 4
a 2914 594 0 8 3
a 2914 2917 0 4 3
a 2914 1399 0 7 46
a 2914 2807 0 6 41
a 2914 2657 0 3 10
a 2914 121 0 5 33
a 2941 792 0 814 44
a 2941 1095 0 8 7
a 2973 2457 0 814 42
a 2973 1487 0 3 45
a 2973 1558 0 3 17
a 2973 1621 0 7 28
a 2973 1043 0 6 31
a 2973 1287 0 5 24
a 2973 2548 0 4 15
a 2973 843 0 8 14
a 2982 2399 0 814 50
a 2982 1181 0 6 39
a 2982 2478 0 8 6
a 2982 798 0 5 22
a 2982 1973 0 1 17
a 2984 2389 0 814 50
a 2984 1066 0 2 42
a 2984 1957 0 4 9
a 2984 248 0 9 3
a 2984 2751 0 9 47
a 2984 783 0 4 32
a 2984 625 0 9 5
a 2984 2627 0 5 16
a 2984 2753 0 9 47
a 2984 1852 0 7 39
a 2984 2152 0 6 38
a 2984 843 0 6 31
a 2984 2730 0 8 18
a 2984 251 0 7 27
a 2984 1319 0 7 33
a 2984 1823 0 5 50
a 12 725 0 453 50
a 12 2258 0 7 14
a 12 406 0 6 49
a 12 2399 0 7 34
a 12 2869 0 2 11
a 12 1800 0 7 18
a 12 1666 0 10 46
a 12 2989 0 4 1
a 12 2268 0 9 23
a 12 545 0 2 31
a 12 1798 0 2 6
a 12 1840 0 4 22
a 12 1260 0 5 13
a 35 2921 0 453 22
a 35 1777 0 9 5
a 35 1368 0 5 18
a 35 935 0 8 28
a 35 920 0 7 1
a 35 2215 0 4 17
a 35 1769 0 7 1
a 35 486 0 9 17
a 35 2564 0 10 5
a 35 2800 0 8 28
a 35 1114 0 9 37
a 35 643 0 1 12
a 75 2352 0 453 50
a 75 935 0 10 37
a 75 2882 0 5 49
a 75 234 0 4 18
a 75 2609 0 10 43
a 75 1658 0 5 43
a 75 2529 0 6 6
a 75 1573 0 1 4
a 75 723 0 8 11
a 75 2047 0 8 29
a 75 1458 0 4 19
a 75 1920 0 5 19
a 75 2009 0 2 36
a 86 569 0 453 50
a 86 1103 0 6 22
a 86 958 0 10 24
a 86 2867 0 5 30
a 88 2698 0 453 41
a 88 1146 0 1 41
a 88 1003 0 7 1
a 88 1949 0 7 5
a 88 2463 0 4 20
a 88 662 0 7 47
a 88 2906 0 9 48
a 88 899 0 2 26
a 88 376 0 8 22
a 88 1582 0 10 4
a 88 2335 0 9 17
a 88 2386 0 1 4
a 88 2617 0 5 40
a 90 1952 0 453 50
a 90 2185 0 9 23
a 90 736 0 7 47
a 90 27 0 6 45
a 90 2096 0 4 38
a 90 398 0 9 1
a 90 1980 0 8 4
a 90 2509 0 1 30
a 90 1578 0 4 32
a 90 1615 0 8 14
a 98 2198 0 453 26
a 98 1023 0 2 15
a 99 1146 0 453 46
a 99 1537 0 6 14
a 99 568 0 5 18
a 99 942 0 4 32
a 99 849 0 5 40
a 99 2970 0 9 9
a 99 1580 0 9 29
a 99 1979 0 2 17
a 99 2860 0 3 31
a 99 1498 0 4 42
a 99 1562 0 8 38
a 99 2708 0 9 45
a 99 1126 0 7 41
a 99 971 0 5 7
a 99 2524 0 9 10
a 99 1195 0 3 25
a 99 95 0 7 18
a 100 159 0 453 50
a 100 912 0 5 43
a 100 2143 0 9 48
a 100 1353 0 3 36
a 100 2133 0 5 32
a 100 2601 0 6 18
a 100 1173 0 1 45
a 100 2772 0 3 11
a 100 2499 0 10 29
a 100 1686 0 7 3
a 100 931 0 2 7
a 100 566 0 7 37
a 100 325 0 10 39
a 100 1853 0 7 39
a 100 1790 0 4 16
a 100 1022 0 10 27
a 100 1032 0 10 27
a 100 970 0 7 44
a 129 329 0 453 50
a 129 2868 0 9 29
a 129 1178 0 9 36
a 129 1495 0 6 30
a 129 1120 0 9 46
a 132 2630 0 453 37
a 132 1408 0 1 25
a 132 1629 0 1 33
a 132 1875 0 2 34
a 132 751 0 7 50
a 132 2820 0 9 25
a 132 572 0 6 8
a 132 328 0 2 47
a 132 2773 0 4 33
a 132 922 0 10 35
a 132 1778 0 10 4
a 132 2785 0 8 49
a 132 613 0 4 41
a 132 1401 0 4 35
a 137 2344 0 453 36
a 137 751 0 6 16
a 137 2034 0 1 42
a 137 312 0 6 42
a 137 2541 0 2 18
a 137 2577 0 4 9
a 137 2628 0 3 23
a 137 1967 0 3 5
a 137 2399 0 5 16
a 137 1795 0 2 4
a 137 2013 0 4 8
a 137 230 0 3 38
a 137 1888 0 8 38
a 137 2790 0 3 49
a 137 175 0 10 2
a 140 2223 0 453 18
a 140 2422 0 2 29
a 140 2695 0 4 38
a 140 1257 0 6 46
a 140 1962 0 6 18
a 140 2773 0 9 23
a 140 2078 0 5 27
a 140 1281 0 1 46
a 140 1526 0 2 47
a 159 804 0 453 50
a 159 2508 0 8 40
a 159 38 0 5 9
a 159 1392 0 3 1
a 159 1146 0 9 49
a 159 1059 0 3 7
a 159 2915 0 2 6
a 200 1124 0 453 50
a 200 642 0 1 14
a 200 153 0 9 40
a 200 314 0 2 32
a 200 2041 0 2 19
a 200 459 0 7 19
a 200 2974 0 2 9
a 200 1647 0 9 34
a 200 2692 0 8 33
a 200 2205 0 5 41
a 200 1326 0 3 50
a 234 2364 0 453 50
a 234 947 0 9 19
a 234 1260 0 10 39
a 234 1109 0 8 37
a 234 2905 0 1 11
a 234 130 0 9 15
a 234 625 0 7 3
a 234 1515 0 1 35
a 234 467 0 1 11
a 234 1162 0 1 19
a 234 670 0 9 44
a 234 1255 0 1 7
a 234 2960 0 4 8
a 234 2693 0 5 34
a 234 1038 0 5 28
a 234 2932 0 3 36
a 236 2824 0 453 46
a 236 711 0 5 14
a 236 449 0 8 28
a 236 1975 0 5 6
a 236 2931 0 6 31
a 236 601 0 10 42
a 236 658 0 9 16
a 236 1852 0 1 12
a 236 595 0 7 42
a 236 1814 0 3 11
a 236 729 0 1 40
a 236 1575 0 5 26
a 236 830 0 1 5
a 236 1965 0 7 43
a 236 27 0 4 46
a 236 1494 0 8 40
a 236 1076 0 7 6
a 324 137 0 453 6
a 324 311 0 4 33
a 324 1703 0 6 1
a 324 850 0 9 9
a 324 2291 0 2 4
a 324 1972 0 3 36
a 324 1274 0 3 8
a 324 1587 0 3 21
a 324 2232 0 5 33
a 324 2304 0 7 43
a 324 2613 0 8 8
a 324 1616 0 10 30
a 324 2381 0 6 41
a 324 2028 0 8 47
a 329 622 0 453 50
a 329 1756 0 6 15
a 329 1456 0 10 14
a 329 1856 0 2 18
a 345 1555 0 453 50
a 345 1391 0 2 11
a 345 596 0 2 32
a 345 2098 0 1 49
a 345 2486 0 8 21
a 345 2228 0 5 17
a 345 2618 0 6 19
a 364 1930 0 453 38
a 364 1135 0 8 12
a 364 1787 0 7 46
a 364 389 0 1 35
a 364 59 0 7 12
a 364 1241 0 6 29
a 382 1453 0 453 8
a 382 2535 0 5 7
a 382 560 0 5 24
a 409 551 0 453 34
a 409 2401 0 5 45
a 409 67 0 3 31
a 409 1300 0 8 4
a 409 1304 0 9 43
a 409 420 0 7 5
a 409 1416 0 10 8
a 497 1654 0 453 50
a 497 2891 0 8 2
a 497 2330 0 6 33
a 497 2169 0 7 5
a 497 326 0 6 2
a 497 1740 0 10 39
a 497 1160 0 8 28
a 497 2860 0 9 17
a 497 1668 0 7 30
a 497 1719 0 6 29
a 497 591 0 2 48
a 497 601 0 7 3
a 497 2191 0 10 21
a 497 764 0 6 11
a 507 1343 0 453 24
a 507 2856 0 7 17
a 507 2505 0 3 50
a 507 1234 0 2 46
a 507 2451 0 5 13
a 507 160 0 3 39
a 507 57 0 5 49
a 507 81 0 6 9
a 507 2693 0 3 46
a 507 179 0 8 6
a 507 2587 0 10 24
a 507 790 0 6 49
a 507 45 0 8 46
a 507 491 0 8 39
a 507 2903 0 4 6
a 507 1346 0 4 17
a 507 2514 0 3 46
a 507 2793 0 6 27
a 510 75 0 453 31
a 510 517 0 1 45
a 510 1098 0 1 19
a 510 1930 0 10 6
a 510 87 0 10 38
a 510 2312 0 4 15
a 516 1945 0 453 50
a 516 2271 0 8 19
a 516 632 0 7 47
a 516 246 0 1 2
a 516 2421 0 8 7
a 516 185 0 7 14
a 516 749 0 9 9
a 516 1346 0 8 33
a 516 2850 0 10 14
a 516 2668 0 3 30
a 516 2086 0 6 28
a 549 1630 0 453 50
a 549 1374 0 4 46
a 549 2166 0 3 23
a 549 910 0 9 49
a 549 63 0 4 10
a 549 1349 0 5 33
a 549 2011 0 5 36
a 549 1235 0 10 9
a 549 1466 0 1 16
a 549 1814 0 6 46
a 549 2845 0 8 26
a 551 2257 0 453 50
a 551 393 0 1 47
a 551 2754 0 1 21
a 551 31 0 7 2
a 551 1811 0 9 36
a 551 2244 0 4 14
a 551 27 0 4 24
a 551 1716 0 4 38
a 551 2767 0 5 40
a 551 2658 0 5 2
a 551 1815 0 6 50
a 551 2893 0 1 35
a 551 1417 0 3 33
a 551 2183 0 8 40
a 551 731 0 1 35
a 551 668 0 1 8
a 569 35 0 453 42
a 569 1945 0 6 30
a 569 2447 0 8 9
a 569 276 0 10 35
a 569 1655 0 2 1
a 569 2417 0 7 30
a 569 2067 0 3 31
a 569 1276 0 2 11
a 569 2290 0 5 12
a 569 2616 0 1 47
a 569 2565 0 6 25
a 569 2584 0 9 36
a 569 1784 0 2 48
a 569 1545 0 3 1
a 569 1536 0 1 5
a 569 889 0 3 25
a 586 1066 0 453 50
a 586 2096 0 10 13
a 586 1557 0 6 21
a 586 539 0 5 43
a 586 326 0 6 8
a 586 346 0 1 3
a 586 108 0 4 29
a 586 1616 0 2 27
a 586 2393 0 2 21
a 586 2876 0 2 2
a 586 2500 0 10 12
a 586 2966 0 1 13
a 586 77 0 5 31
a 586 2043 0 4 22
a 586 2089 0 8 28
a 586 2112 0 8 28
a 622 1826 0 453 50
a 622 516 0 1 22
a 622 2428 0 2 27
a 622 236 0 4 1
a 622 2297 0 8 7
a 622 393 0 3 5
a 622 63 0 4 34
a 622 2106 0 10 5
a 622 1904 0 7 46
a 622 232 0 8 37
a 622 1153 0 6 4
a 622 1850 0 8 41
a 622 1936 0 8 27
a 622 620 0 2 14
a 622 2624 0 2 13
a 633 1693 0 453 50
a 633 2238 0 8 45
a 633 2654 0 1 9
a 633 79 0 3 19
a 633 1934 0 9 37
a 633 2490 0 8 40
a 633 2504 0 7 37
a 633 2657 0 5 40
a 633 2460 0 1 32
a 633 2547 0 7 49
a 633 791 0 1 2
a 633 2270 0 8 24
a 633 2939 0 3 26
a 633 2737 0 1 45
a 633 402 0 2 35
a 633 2472 0 6 27
a 633 1292 0 3 50
a 636 99 0 453 50
a 636 2942 0 3 50
a 636 2360 0 3 39
a 636 298 0 3 49
a 636 284 0 4 8
a 636 2802 0 3 1
a 636 192 0 8 6
a 636 2632 0 6 36
a 636 2783 0 3 5
a 636 890 0 2 41
a 636 2895 0 5 26
a 636 225 0 6 30
a 636 1898 0 7 17
a 636 540 0 9 3
a 636 2249 0 5 29
a 657 234 0 453 50
a 657 497 0 9 9
a 657 2012 0 1 14
a 657 843 0 8 40
a 657 2659 0 9 30
a 657 2361 0 10 31
a 657 258 0 10 49
a 662 916 0 453 50
a 662 922 0 9 16
a 662 2376 0 2 33
a 662 2764 0 4 38
a 662 1169 0 3 38
a 662 655 0 1 33
a 662 391 0 2 7
a 662 2419 0 5 9
a 662 637 0 7 24
a 662 1528 0 4 28
a 663 1908 0 453 50
a 663 1205 0 2 15
a 663 959 0 10 22
a 663 1187 0 7 35
a 663 2413 0 7 49
a 663 2779 0 8 16
a 663 1947 0 6 29
a 663 2791 0 5 27
a 663 497 0 5 14
a 663 2457 0 7 15
a 663 2022 0 3 40
a 663 2624 0 7 24
a 663 689 0 8 31
a 663 808 0 9 32
a 663 2501 0 4 18
a 663 2181 0 9 47
a 704 2390 0 453 50
a 704 2229 0 6 28
a 704 695 0 6 42
a 704 494 0 8 48
a 704 1562 0 10 6
a 704 1052 0 7 28
a 704 526 0 10 11
a 725 1100 0 453 50
a 725 2685 0 5 18
a 725 455 0 10 13
a 725 1806 0 8 43
a 725 1984 0 6 33
a 767 662 0 453 50
a 767 2852 0 10 6
a 767 1961 0 3 48
a 767 2376 0 4 20
a 767 465 0 2 13
a 767 2583 0 2 50
a 767 811 0 6 46
a 767 1953 0 10 47
a 767 1026 0 3 41
a 767 1544 0 3 39
a 767 286 0 2 13
a 767 961 0 3 47
a 767 927 0 1 49
a 767 351 0 6 25
a 767 1626 0 10 27
a 767 2818 0 9 5
a 767 2055 0 1 22
a 767 293 0 1 31
a 768 140 0 453 15
a 768 717 0 9 24
a 768 1630 0 6 45
a 768 2245 0 6 15
a 768 1021 0 1 49
a 768 2705 0 6 8
a 768 1922 0 3 13
a 768 1957 0 9 4
a 768 2084 0 7 11
a 768 175 0 9 45
a 768 2220 0 8 37
a 768 795 0 3 16
a 768 1084 0 3 32
a 768 597 0 7 19
a 790 1045 0 453 23
a 790 2727 0 6 12
a 790 1290 0 5 36
a 790 1038 0 7 44
a 790 1503 0 1 39
a 790 886 0 10 2
a 790 481 0 9 5
a 790 496 0 10 7
a 790 1316 0 1 42
a 790 2365 0 6 49
a 803 1987 0 453 37
a 803 2010 0 6 31
a 803 1089 0 6 36
a 803 1007 0 4 10
a 803 2512 0 8 23
a 803 664 0 6 41
a 803 316 0 9 6
a 803 22 0 2 47
a 803 1684 0 4 16
a 803 997 0 5 42
a 803 2828 0 9 8
a 803 47 0 8 10
a 803 2352 0 10 18
a 803 1974 0 6 15
a 804 2105 0 453 14
a 804 1082 0 7 36
a 804 143 0 9 42
a 804 1444 0 3 12
a 804 642 0 7 17
a 804 1670 0 1 7
a 804 252 0 5 45
a 804 2682 0 9 23
a 804 767 0 1 31
a 804 738 0 6 28
a 804 35 0 6 37
a 804 2946 0 5 27
a 804 474 0 7 7
a 804 351 0 2 40
a 825 2864 0 453 50
a 825 1642 0 2 49
a 825 821 0 9 48
a 825 2217 0 5 29
a 825 2316 0 8 34
a 825 615 0 5 45
a 825 2406 0 4 16
a 825 199 0 3 50
a 825 2486 0 10 16
a 825 2243 0 4 30
a 825 766 0 3 36
a 825 572 0 1 24
a 825 2678 0 3 16
a 825 117 0 5 15
a 825 36 0 8 42
a 825 2750 0 6 8
a 825 831 0 7 39
a 832 2919 0 453 50
a 832 996 0 10 19
a 832 1447 0 1 36
a 832 593 0 10 5
a 832 480 0 6 5
a 832 499 0 4 41
a 832 705 0 4 32
a 832 776 0 4 28
a 832 2229 0 1 28
a 832 916 0 7 6
a 832 2227 0 8 13
a 832 1958 0 9 43
a 832 1136 0 3 45
a 832 570 0 10 31
a 849 1468 0 453 32
a 849 2436 0 4 14
a 849 706 0 10 50
a 849 21 0 3 47
a 849 1903 0 3 33
a 849 90 0 3 24
a 849 697 0 2 29
a 849 1954 0 4 42
a 849 2976 0 4 1
a 849 2773 0 3 13
a 849 2341 0 3 46
a 849 685 0 3 26
a 849 1490 0 5 6
a 849 405 0 7 44
a 849 1582 0 1 40
a 849 249 0 6 23
a 849 231 0 3 5
a 856 2117 0 453 50
a 856 2743 0 8 12
a 856 2779 0 2 46
a 856 2755 0 7 2
a 856 404 0 2 47
a 856 2851 0 7 39
a 856 100 0 8 39
a 856 2255 0 9 29
a 856 1654 0 1 26
a 856 2628 0 9 6
a 856 360 0 7 24
a 856 2448 0 2 28
a 856 1805 0 2 16
a 856 1933 0 6 2
a 856 2810 0 5 47
a 856 427 0 2 35
a 856 368 0 4 38
a 902 2255 0 453 25
a 902 547 0 7 18
a 902 2532 0 4 50
a 902 954 0 10 34
a 902 1957 0 3 12
a 902 2727 0 6 6
a 902 2513 0 9 14
a 902 1097 0 10 15
a 902 2872 0 6 47
a 916 2823 0 453 42
a 916 2815 0 8 4
a 916 1047 0 2 35
a 916 2674 0 6 35
a 936 993 0 453 35
a 936 508 0 2 17
a 936 127 0 4 27
a 936 195 0 7 16
a 960 1824 0 453 50
a 960 1788 0 6 14
a 960 1134 0 2 26
a 960 2671 0 7 23
a 960 2118 0 10 43
a 960 2766 0 4 19
a 960 351 0 2 28
a 960 2203 0 8 47
a 960 1628 0 7 22
a 960 726 0 7 3
a 960 1683 0 1 15
a 960 2785 0 3 36
a 960 2357 0 10 16
a 993 1552 0 453 50
a 993 1860 0 5 13
a 993 2137 0 6 33
a 993 401 0 4 14
a 999 1711 0 453 37
a 999 2586 0 7 13
a 999 835 0 3 4
a 999 1622 0 5 26
a 999 2151 0 9 32
a 999 1380 0 10 20
a 999 2900 0 4 31
a 999 2811 0 10 22
a 999 1284 0 8 16
a 999 1772 0 7 38
a 999 1434 0 3 19
a 999 424 0 8 35
a 999 1151 0 8 35
a 999 1326 0 6 48
a 999 1982 0 7 41
a 999 121 0 1 5
a 999 2962 0 3 30
a 999 1556 0 7 42
a 1014 2657 0 453 50
a 1014 1360 0 6 47
a 1014 2301 0 2 22
a 1014 2209 0 9 34
a 1014 494 0 1 8
a 1028 1979 0 453 33
a 1028 2954 0 6 30
a 1028 2461 0 4 23
a 1028 1929 0 2 38
a 1028 2486 0 1 20
a 1028 1684 0 9 5
a 1028 744 0 9 23
a 1028 2800 0 10 38
a 1028 2186 0 10 21
a 1028 2611 0 9 33
a 1028 2446 0 7 13
a 1028 740 0 9 49
a 1028 1932 0 2 22
a 1032 86 0 453 50
a 1032 2597 0 10 18
a 1032 124 0 1 14
a 1032 2448 0 8 34
a 1032 2871 0 9 30
a 1032 2764 0 7 13
a 1032 2351 0 9 49
a 1032 1351 0 5 21
a 1032 2316 0 8 23
a 1032 2199 0 6 36
a 1032 2876 0 2 41
a 1032 930 0 5 35
a 1032 1105 0 2 19
a 1032 912 0 2 45
a 1032 601 0 1 45
a 1045 1907 0 453 36
a 1045 1140 0 4 22
a 1052 88 0 453 2
a 1052 2208 0 10 31
a 1052 1284 0 5 2
a 1052 1875 0 8 47
a 1052 575 0 9 17
a 1052 1269 0 6 35
a 1059 2230 0 453 50
a 1059 1188 0 6 40
a 1059 257 0 2 38
a 1059 1383 0 9 48
a 1059 1587 0 9 36
a 1059 1398 0 3 3
a 1059 302 0 5 46
a 1059 1908 0 5 36
a 1059 1154 0 10 23
a 1066 1734 0 453 50
a 1066 339 0 9 1
a 1066 1132 0 2 1
a 1068 2840 0 453 18
a 1068 243 0 8 37
a 1068 2295 0 6 20
a 1068 2313 0 1 34
a 1068 2701 0 4 38
a 1068 1158 0 9 33
a 1068 1553 0 9 15
a 1068 2697 0 2 16
a 1068 2882 0 9 10
a 1068 1419 0 2 17
a 1068 1396 0 10 2
a 1068 3000 0 5 19
a 1068 2561 0 4 18
a 1075 960 0 453 50
a 1075 455 0 7 10
a 1075 2456 0 10 25
a 1075 483 0 1 8
a 1075 925 0 4 15
a 1075 1974 0 8 26
a 1075 1272 0 5 42
a 1075 2466 0 7 39
a 1075 1654 0 2 45
a 1075 284 0 6 14
a 1075 903 0 5 28
a 1075 2172 0 9 21
a 1075 1555 0 9 1
a 1075 844 0 3 48
a 1075 1637 0 10 24
a 1075 1034 0 8 45
a 1075 685 0 8 29
a 1100 1784 0 453 40
a 1100 1291 0 7 19
a 1100 654 0 3 20
a 1100 1488 0 1 26
a 1100 2889 0 10 12
a 1100 446 0 1 9
a 1120 2535 0 453 28
a 1120 869 0 9 41
a 1120 2858 0 9 48
a 1120 817 0 3 33
a 1120 1491 0 7 5
a 1120 2716 0 3 25
a 1120 1335 0 10 43
a 1120 733 0 2 25
a 1120 2279 0 7 3
a 1120 2741 0 9 14
a 1120 1273 0 2 14
a 1120 945 0 1 43
a 1120 2415 0 8 9
a 1122 832 0 453 50
a 1122 1403 0 8 48
a 1122 514 0 1 14
a 1122 1241 0 1 30
a 1124 2072 0 453 8
a 1124 1178 0 3 21
a 1124 1099 0 10 29
a 1124 1826 0 10 45
a 1124 1944 0 10 2
a 1124 1612 0 8 36
a 1124 2548 0 5 17
a 1124 1063 0 9 36
a 1124 372 0 9 49
a 1132 200 0 453 11
a 1132 2075 0 6 49
a 1132 792 0 10 9
a 1132 383 0 2 18
a 1132 268 0 9 50
a 1132 2010 0 1 28
a 1132 1149 0 6 43
a 1132 1441 0 10 43
a 1132 2995 0 1 10
a 1132 2532 0 7 30
a 1132 2197 0 1 28
a 1132 2425 0 2 20
a 1132 46 0 6 49
a 1132 294 0 7 23
a 1132 409 0 5 8
a 1146 1796 0 453 41
a 1146 1290 0 10 4
a 1146 1411 0 4 28
a 1146 149 0 4 47
a 1146 1586 0 10 17
a 1146 678 0 10 17
a 1146 188 0 2 27
a 1146 50 0 3 33
a 1146 2847 0 6 46
a 1146 1423 0 7 32
a 1146 1321 0 8 28
a 1146 226 0 7 26
a 1146 2032 0 4 25
a 1146 892 0 2 19
a 1146 148 0 3 43
a 1146 2136 0 3 17
a 1146 1923 0 9 47
a 1198 1888 0 453 13
a 1198 626 0 1 45
a 1198 383 0 1 21
a 1198 1390 0 3 27
a 1198 2440 0 2 22
a 1198 792 0 7 17
a 1198 2099 0 5 44
a 1198 508 0 9 24
a 1198 1304 0 2 41
a 1198 927 0 7 2
a 1198 673 0 1 3
a 1198 1959 0 8 1
a 1198 1383 0 10 3
a 1198 1448 0 7 18
a 1198 299 0 10 25
a 1198 1606 0 9 4
a 1198 2735 0 1 35
a 1208 1336 0 453 50
a 1208 2752 0 7 28
a 1208 710 0 3 38
a 1208 949 0 10 6
a 1208 1578 0 10 37
a 1235 2272 0 453 50
a 1235 1596 0 10 20
a 1235 514 0 8 49
a 1235 2702 0 5 4
a 1235 2719 0 8 19
a 1235 1189 0 5 6
a 1235 1975 0 7 43
a 1235 1024 0 1 32
a 1235 956 0 5 6
a 1235 265 0 4 31
a 1235 2747 0 6 48
a 1278 2154 0 453 19
a 1278 450 0 9 5
a 1278 2724 0 3 8
a 1300 1452 0 453 50
a 1300 2637 0 2 22
a 1300 2803 0 8 29
a 1300 240 0 1 31
a 1300 2031 0 3 40
a 1300 41 0 9 48
a 1300 2630 0 6 42
a 1300 2976 0 10 43
a 1300 2270 0 10 2
a 1300 726 0 4 1
a 1319 1235 0 453 23
a 1319 1387 0 10 46
a 1319 418 0 10 37
a 1319 2516 0 4 15
a 1319 112 0 10 26
a 1319 251 0 5 32
a 1319 914 0 9 37
a 1319 1194 0 3 18
a 1319 2463 0 2 23
a 1319 271 0 7 40
a 1319 2478 0 5 22
a 1319 2418 0 9 1
a 1325 2549 0 453 50
a 1325 1221 0 2 30
a 1325 261 0 8 12
a 1325 149 0 6 2
a 1325 2342 0 2 4
a 1325 1023 0 3 6
a 1325 2411 0 7 4
a 1325 1755 0 7 19
a 1336 1770 0 453 50
a 1336 341 0 9 9
a 1336 2750 0 2 28
a 1336 2065 0 4 7
a 1336 1733 0 10 20
a 1336 2136 0 5 10
a 1343 768 0 453 50
a 1343 511 0 4 24
a 1343 1636 0 4 11
a 1348 129 0 453 50
a 1348 246 0 3 5
a 1348 29 0 10 17
a 1348 1631 0 10 7
a 1348 656 0 10 10
a 1348 2333 0 2 43
a 1348 1273 0 1 35
a 1348 2800 0 3 8
a 1348 752 0 4 44
a 1348 2059 0 1 50
a 1348 2501 0 8 31
a 1348 45 0 8 25
a 1348 2921 0 6 43
a 1348 202 0 10 8
a 1348 2568 0 2 14
a 1348 1108 0 10 11
a 1348 429 0 1 15
a 1348 830 0 9 31
a 1364 2929 0 453 16
a 1364 2842 0 8 21
a 1364 497 0 8 45
a 1364 2826 0 8 17
a 1364 2714 0 4 28
a 1364 2525 0 9 28
a 1364 434 0 9 36
a 1364 585 0 9 17
a 1364 1377 0 1 35
a 1364 970 0 7 5
a 1401 1122 0 453 42
a 1401 299 0 5 9
a 1401 344 0 7 35
a 1401 2954 0 3 50
a 1401 951 0 5 4
a 1401 875 0 9 27
a 1401 699 0 3 45
a 1401 1338 0 9 24
a 1401 1198 0 1 24
a 1401 442 0 9 26
a 1401 1763 0 4 25
a 1401 1052 0 10 2
a 1401 2209 0 3 2
a 1401 1266 0 4 50
a 1401 2604 0 9 33
a 1401 1616 0 9 28
a 1421 510 0 453 4
a 1421 2734 0 4 2
a 1421 2543 0 4 46
a 1421 1332 0 10 43
a 1421 2630 0 2 25
a 1421 2027 0 7 36
a 1421 1130 0 6 5
a 1421 680 0 4 48
a 1421 2819 0 5 37
a 1421 1512 0 5 1
a 1421 711 0 9 33
a 1421 759 0 2 18
a 1421 1201 0 5 8
a 1421 1647 0 7 17
a 1421 2776 0 2 4
a 1438 1348 0 453 20
a 1438 1918 0 10 40
a 1438 574 0 7 19
a 1438 488 0 10 29
a 1438 1083 0 1 15
a 1438 36 0 9 36
a 1438 1677 0 9 14
a 1438 2188 0 3 36
a 1438 1023 0 6 30
a 1438 253 0 7 42
a 1438 891 0 7 36
a 1438 242 0 1 42
a 1438 434 0 9 6
a 1438 757 0 6 40
a 1438 991 0 9 16
a 1438 933 0 1 21
a 1438 631 0 2 42
a 1438 2449 0 7 41
a 1452 1278 0 453 50
a 1452 1471 0 10 15
a 1452 985 0 7 42
a 1452 2311 0 2 47
a 1452 295 0 2 43
a 1452 1923 0 6 14
a 1452 1261 0 7 23
a 1452 398 0 7 17
a 1452 2344 0 1 49
a 1453 1120 0 453 14
a 1453 218 0 6 29
a 1453 1446 0 5 48
a 1453 1973 0 4 38
a 1453 2211 0 7 25
a 1453 1928 0 2 16
a 1453 2730 0 4 8
a 1453 1032 0 8 43
a 1453 2578 0 2 41
a 1453 2706 0 2 45
a 1453 1560 0 10 7
a 1453 511 0 3 34
a 1453 2528 0 7 11
a 1453 2285 0 6 15
a 1453 615 0 8 48
a 1453 2975 0 3 36
a 1453 2995 0 1 48
a 1462 657 0 453 50
a 1462 1859 0 7 34
a 1462 998 0 8 22
a 1462 331 0 4 42
a 1462 1639 0 2 7
a 1462 469 0 9 29
a 1462 470 0 9 35
a 1462 1275 0 8 9
a 1462 444 0 10 21
a 1462 807 0 2 26
a 1462 724 0 6 21
a 1462 723 0 6 12
a 1462 283 0 6 13
a 1462 2880 0 10 28
a 1462 2513 0 3 43
a 1467 1834 0 453 50
a 1467 947 0 8 10
a 1467 2250 0 2 42
a 1467 2829 0 4 22
a 1468 1300 0 453 27
a 1468 2314 0 3 42
a 1468 1713 0 3 6
a 1468 2413 0 1 14
a 1468 476 0 10 22
a 1468 2089 0 7 20
a 1468 170 0 5 11
a 1468 1838 0 6 27
a 1468 2208 0 8 37
a 1468 1763 0 2 5
a 1468 283 0 9 46
a 1468 1158 0 7 38
a 1468 281 0 4 1
a 1468 2120 0 6 37
a 1468 2914 0 7 38
a 1501 1566 0 453 50
a 1501 1835 0 10 49
a 1501 2324 0 10 41
a 1501 2162 0 5 49
a 1501 1690 0 6 26
a 1501 1334 0 5 5
a 1501 1299 0 9 24
a 1501 2561 0 6 17
a 1501 2856 0 3 14
a 1501 1252 0 10 7
a 1501 2804 0 10 39
a 1501 1746 0 7 5
a 1501 2773 0 9 4
a 1509 1462 0 453 50
a 1509 344 0 5 31
a 1509 2952 0 7 10
a 1509 773 0 3 33
a 1509 263 0 9 4
a 1526 324 0 453 24
a 1526 1471 0 2 2
a 1526 2187 0 7 7
a 1526 539 0 8 32
a 1526 2548 0 10 41
a 1526 1446 0 6 18
a 1526 36 0 7 46
a 1526 189 0 3 38
a 1526 1959 0 9 20
a 1526 544 0 5 16
a 1526 2301 0 3 18
a 1526 867 0 10 42
a 1526 506 0 2 45
a 1536 636 0 453 5
a 1536 653 0 10 23
a 1536 2236 0 6 34
a 1536 2712 0 1 43
a 1536 1285 0 2 32
a 1536 2530 0 9 25
a 1552 825 0 453 6
a 1552 1532 0 6 29
a 1552 2695 0 7 47
a 1552 97 0 5 6
a 1552 2384 0 5 46
a 1552 2285 0 1 4
a 1552 1173 0 7 5
a 1552 1205 0 6 38
a 1552 2258 0 8 23
a 1552 711 0 2 36
a 1552 2494 0 9 20
a 1555 1610 0 453 18
a 1555 2243 0 5 12
a 1555 509 0 7 15
a 1555 1808 0 2 45
a 1555 1223 0 8 8
a 1555 81 0 4 23
a 1555 2887 0 3 28
a 1555 213 0 10 21
a 1555 2556 0 9 5
a 1555 1656 0 9 35
a 1555 1465 0 4 4
a 1555 912 0 3 13
a 1555 995 0 6 10
a 1566 2045 0 453 26
a 1566 1254 0 5 4
a 1567 1509 0 453 43
a 1567 1248 0 6 23
a 1567 1378 0 6 12
a 1567 375 0 10 5
a 1567 1976 0 8 37
a 1567 1607 0 9 22
a 1567 1751 0 4 40
a 1567 2883 0 2 2
a 1567 548 0 5 2
a 1567 692 0 3 12
a 1567 1013 0 9 25
a 1574 549 0 453 50
a 1574 2626 0 3 34
a 1574 1437 0 6 5
a 1585 2574 0 453 50
a 1585 349 0 8 7
a 1585 513 0 8 29
a 1585 807 0 1 16
a 1585 272 0 1 28
a 1585 1953 0 4 4
a 1585 2825 0 1 21
a 1585 128 0 9 13
a 1585 2668 0 10 7
a 1585 829 0 5 49
a 1585 1284 0 4 3
a 1585 2778 0 6 48
a 1585 2779 0 8 8
a 1585 576 0 9 30
a 1585 1023 0 5 21
a 1585 2266 0 10 20
a 1610 1924 0 453 2
a 1610 1099 0 3 1
a 1610 1799 0 4 49
a 1610 654 0 8 31
a 1610 909 0 5 29
a 1610 979 0 2 30
a 1610 2937 0 8 33
a 1610 973 0 6 7
a 1610 1333 0 7 48
a 1610 1555 0 9 24
a 1610 2324 0 8 17
a 1610 1938 0 7 10
a 1610 1645 0 2 11
a 1610 112 0 4 26
a 1610 517 0 7 30
a 1610 2222 0 3 47
a 1630 1806 0 453 45
a 1630 495 0 9 18
a 1630 626 0 1 40
a 1630 2441 0 4 45
a 1630 530 0 4 31
a 1630 2591 0 9 44
a 1630 2207 0 10 9
a 1630 1622 0 10 9
a 1630 262 0 2 4
a 1654 1325 0 453 50
a 1654 2196 0 2 3
a 1654 1290 0 2 8
a 1685 497 0 453 20
a 1685 1283 0 3 43
a 1685 1880 0 8 40
a 1685 166 0 8 3
a 1693 849 0 453 50
a 1693 2783 0 3 14
a 1711 1059 0 453 36
a 1711 2183 0 8 34
a 1711 1102 0 1 45
a 1711 2638 0 3 11
a 1711 2982 0 5 32
a 1711 1285 0 4 31
a 1711 435 0 8 8
a 1711 1435 0 9 26
a 1711 2591 0 3 15
a 1711 609 0 10 23
a 1711 2739 0 3 26
a 1711 1947 0 4 48
a 1711 1574 0 4 20
a 1711 2289 0 2 42
a 1730 1501 0 453 49
a 1730 1871 0 7 5
a 1730 402 0 8 30
a 1730 1972 0 6 36
a 1730 1234 0 7 14
a 1730 1733 0 9 41
a 1730 1489 0 6 47
a 1734 2564 0 453 14
a 1734 170 0 9 37
a 1734 2066 0 6 3
a 1734 2933 0 6 34
a 1734 2295 0 4 42
a 1734 1558 0 3 9
a 1734 1158 0 10 23
a 1734 1797 0 10 1
a 1734 1995 0 3 28
a 1741 1585 0 453 50
a 1741 109 0 1 48
a 1741 258 0 6 3
a 1741 140 0 4 36
a 1741 679 0 8 19
a 1741 2745 0 7 19
a 1741 151 0 4 45
a 1741 350 0 1 28
a 1741 2407 0 8 35
a 1741 2977 0 9 49
a 1741 1220 0 2 46
a 1762 1933 0 453 50
a 1762 1460 0 7 40
a 1762 2683 0 10 6
a 1762 1027 0 6 22
a 1762 218 0 8 48
a 1762 2524 0 3 16
a 1762 1877 0 6 12
a 1762 2092 0 7 35
a 1762 2117 0 5 5
a 1762 1776 0 10 5
a 1762 1565 0 5 3
a 1762 2840 0 1 3
a 1762 2032 0 5 33
a 1762 2090 0 9 23
a 1762 390 0 9 19
a 1770 507 0 453 7
a 1770 1209 0 5 28
a 1770 1263 0 3 47
a 1770 2623 0 3 49
a 1770 276 0 9 32
a 1770 2703 0 4 32
a 1770 44 0 1 34
a 1770 1865 0 3 18
a 1770 1004 0 6 11
a 1770 2958 0 3 17
a 1770 2125 0 10 14
a 1770 1132 0 7 26
a 1770 118 0 4 35
a 1770 1728 0 10 18
a 1770 145 0 4 25
a 1770 1446 0 2 17
a 1770 1170 0 5 15
a 1770 1786 0 8 21
a 1784 704 0 453 39
a 1784 661 0 1 10
a 1796 790 0 453 50
a 1796 1444 0 8 42
a 1796 526 0 9 31
a 1796 2026 0 4 17
a 1796 1923 0 7 27
a 1802 1014 0 453 21
a 1802 2935 0 7 2
a 1802 145 0 7 26
a 1802 1080 0 8 33
a 1802 781 0 3 29
a 1802 755 0 10 50
a 1802 2079 0 10 48
a 1802 717 0 8 7
a 1802 1934 0 8 20
a 1806 345 0 453 31
a 1806 1015 0 10 29
a 1806 2119 0 2 13
a 1806 1042 0 7 42
a 1824 1052 0 453 50
a 1824 1012 0 5 10
a 1824 2631 0 5 2
a 1824 1788 0 3 32
a 1824 2323 0 3 50
a 1824 1379 0 4 30
a 1824 247 0 3 6
a 1824 680 0 5 10
a 1824 781 0 7 2
a 1824 1904 0 8 35
a 1824 964 0 1 15
a 1826 1132 0 453 16
a 1826 622 0 2 47
a 1826 416 0 10 3
a 1826 1136 0 7 8
a 1826 2721 0 7 44
a 1834 902 0 453 50
a 1834 2540 0 4 44
a 1834 282 0 1 20
a 1834 2375 0 7 24
a 1834 679 0 4 22
a 1834 1089 0 2 24
a 1834 2847 0 9 36
a 1834 1203 0 6 15
a 1834 204 0 3 9
a 1836 1068 0 453 50
a 1836 1075 0 7 22
a 1836 419 0 3 31
a 1836 2406 0 1 1
a 1836 690 0 2 46
a 1836 283 0 2 12
a 1836 2141 0 4 22
a 1836 2180 0 6 21
a 1836 372 0 3 39
a 1836 1835 0 5 44
a 1836 121 0 8 32
a 1836 106 0 2 23
a 1888 2239 0 453 50
a 1888 2200 0 4 2
a 1907 2953 0 453 50
a 1907 2593 0 8 32
a 1907 2901 0 2 12
a 1907 2053 0 8 23
a 1907 1488 0 5 11
a 1907 2412 0 3 30
a 1907 568 0 7 41
a 1907 1640 0 3 26
a 1907 269 0 1 7
a 1907 1452 0 1 4
a 1908 2828 0 453 50
a 1908 1481 0 4 25
a 1908 50 0 5 10
a 1908 137 0 2 38
a 1908 2428 0 6 7
a 1908 33 0 10 48
a 1908 1011 0 4 14
a 1924 2329 0 453 50
a 1924 279 0 10 3
a 1924 2817 0 2 14
a 1924 155 0 4 21
a 1924 2128 0 3 13
a 1924 2157 0 3 8
a 1924 1671 0 5 47
a 1924 2740 0 3 35
a 1924 818 0 9 20
a 1924 2211 0 4 8
a 1924 1199 0 9 47
a 1924 2994 0 9 22
a 1930 1438 0 453 50
a 1930 1598 0 3 23
a 1930 43 0 7 20
a 1930 318 0 9 26
a 1930 496 0 2 19
a 1930 2678 0 4 9
a 1930 2978 0 3 43
a 1930 829 0 4 6
a 1930 1259 0 3 33
a 1930 2465 0 1 15
a 1930 2529 0 1 36
a 1930 2318 0 9 45
a 1930 1110 0 3 8
a 1933 1032 0 453 24
a 1933 1102 0 6 3
a 1933 818 0 7 30
a 1933 2937 0 3 39
a 1933 1470 0 7 22
a 1933 1376 0 8 43
a 1933 2833 0 2 16
a 1933 2565 0 6 48
a 1933 2333 0 6 50
a 1933 1497 0 3 35
a 1945 767 0 453 50
a 1945 2529 0 10 8
a 1945 2939 0 9 9
a 1945 1996 0 1 11
a 1945 2480 0 1 14
a 1945 185 0 3 3
a 1952 382 0 453 50
a 1952 1751 0 4 40
a 1952 2628 0 7 15
a 1952 1078 0 2 47
a 1952 2408 0 10 37
a 1952 1154 0 9 3
a 1952 494 0 3 19
a 1952 2682 0 10 44
a 1952 746 0 8 3
a 1952 2776 0 3 44
a 1952 1316 0 2 5
a 1952 2625 0 2 8
a 1952 651 0 10 25
a 1952 845 0 8 1
a 1960 936 0 453 50
a 1960 642 0 10 4
a 1960 1667 0 6 31
a 1960 1999 0 7 18
a 1960 1251 0 7 39
a 1960 1813 0 2 28
a 1960 1067 0 3 2
a 1960 2256 0 10 31
a 1979 663 0 453 50
a 1979 2907 0 9 47
a 1979 911 0 10 16
a 1979 79 0 6 41
a 1979 1658 0 4 31
a 1979 2428 0 4 3
a 1979 2335 0 2 29
a 1979 1787 0 9 10
a 1979 528 0 9 34
a 1979 2669 0 4 35
a 1979 1565 0 7 31
a 1979 1072 0 6 37
a 1979 868 0 4 40
a 1979 1909 0 7 30
a 1979 1990 0 7 25
a 1979 709 0 2 49
a 1979 1370 0 3 49
a 1987 2999 0 453 50
a 1987 73 0 5 42
a 1987 1093 0 10 37
a 1987 1017 0 7 3
a 1987 1583 0 1 16
a 1987 418 0 1 5
a 1987 1566 0 5 48
a 1987 570 0 7 9
a 1987 1083 0 9 39
a 1987 525 0 8 18
a 1987 1692 0 10 2
a 1987 1645 0 6 1
a 2004 1028 0 453 50
a 2004 1490 0 9 41
a 2007 2109 0 453 50
a 2007 390 0 2 11
a 2007 548 0 5 39
a 2007 1056 0 8 10
a 2007 605 0 6 44
a 2007 1276 0 1 1
a 2007 614 0 10 32
a 2007 636 0 2 39
a 2007 2943 0 6 42
a 2007 17 0 5 38
a 2007 2074 0 8 34
a 2045 2120 0 453 50
a 2045 2743 0 2 17
a 2045 742 0 6 21
a 2045 2690 0 6 38
a 2045 2179 0 10 25
a 2045 2402 0 10 25
a 2045 97 0 9 15
a 2045 462 0 7 15
a 2045 949 0 5 20
a 2045 766 0 1 27
a 2045 1340 0 1 16
a 2045 2113 0 5 50
a 2045 791 0 3 23
a 2045 2033 0 9 5
a 2045 1261 0 9 6
a 2045 1865 0 7 33
a 2045 2652 0 6 17
a 2045 326 0 8 28
a 2051 98 0 453 43
a 2051 212 0 10 9
a 2051 2645 0 7 12
a 2051 2994 0 8 44
a 2051 246 0 3 30
a 2051 2610 0 1 41
a 2067 1319 0 453 50
a 2067 1682 0 2 13
a 2067 1043 0 7 5
a 2067 2512 0 3 35
a 2067 2670 0 3 6
a 2067 1373 0 10 25
a 2067 562 0 5 17
a 2067 1164 0 4 15
a 2067 1916 0 3 7
a 2067 1480 0 8 10
a 2072 2067 0 453 24
a 2072 889 0 1 16
a 2072 2949 0 6 36
a 2072 2070 0 6 22
a 2072 1676 0 10 40
a 2072 955 0 2 7
a 2105 2526 0 453 50
a 2105 685 0 4 14
a 2105 965 0 7 15
a 2105 2000 0 10 40
a 2105 1967 0 3 33
a 2105 2177 0 2 11
a 2105 1579 0 7 49
a 2105 320 0 3 15
a 2105 2357 0 4 17
a 2105 2197 0 9 1
a 2105 1648 0 8 24
a 2109 1685 0 453 10
a 2109 481 0 5 39
a 2109 742 0 10 1
a 2109 675 0 7 40
a 2109 491 0 8 16
a 2115 1836 0 453 44
a 2115 1608 0 7 22
a 2115 1930 0 5 31
a 2117 90 0 453 50
a 2117 1747 0 8 49
a 2117 1865 0 8 7
a 2117 1970 0 9 45
a 2117 334 0 8 5
a 2117 1797 0 8 37
a 2117 1721 0 7 2
a 2117 143 0 6 25
a 2120 2633 0 453 50
a 2120 703 0 8 28
a 2120 988 0 3 48
a 2120 699 0 7 42
a 2120 2875 0 3 44
a 2120 2345 0 5 15
a 2120 715 0 5 38
a 2120 2416 0 3 32
a 2120 883 0 6 8
a 2120 381 0 1 48
a 2120 2607 0 8 1
a 2120 723 0 1 3
a 2120 1723 0 10 28
a 2154 132 0 453 42
a 2154 2845 0 1 39
a 2154 2366 0 1 11
a 2154 1705 0 7 36
a 2154 1328 0 9 16
a 2154 726 0 6 46
a 2154 1909 0 8 37
a 2154 503 0 4 44
a 2154 2059 0 4 39
a 2154 463 0 6 7
a 2154 2519 0 7 14
a 2154 498 0 10 31
a 2171 2276 0 453 17
a 2171 2009 0 4 24
a 2171 957 0 2 11
a 2171 1344 0 8 46
a 2171 2666 0 4 34
a 2171 2668 0 4 27
a 2171 826 0 4 10
a 2198 2714 0 453 50
a 2198 1295 0 10 30
a 2198 753 0 4 38
a 2198 453 0 7 18
a 2198 891 0 8 48
a 2198 1404 0 9 17
a 2198 614 0 9 23
a 2198 1253 0 10 28
a 2198 1695 0 6 23
a 2198 740 0 10 3
a 2198 1060 0 8 49
a 2198 2952 0 10 36
a 2198 411 0 6 28
a 2198 151 0 9 8
a 2198 1803 0 7 20
a 2198 1025 0 6 41
a 2223 2348 0 453 50
a 2223 18 0 5 22
a 2223 1840 0 1 3
a 2223 1491 0 10 31
a 2223 1400 0 10 5
a 2223 1088 0 10 11
a 2223 86 0 3 17
a 2223 487 0 10 32
a 2223 297 0 1 48
a 2223 162 0 2 17
a 2223 159 0 5 19
a 2223 642 0 9 24
a 2223 1160 0 10 2
a 2223 1060 0 1 21
a 2223 1970 0 3 45
a 2230 1574 0 453 50
a 2230 1008 0 1 4
a 2230 1535 0 6 26
a 2230 2187 0 4 11
a 2230 1328 0 2 17
a 2230 2424 0 8 48
a 2230 2607 0 2 15
a 2230 848 0 1 15
a 2232 1208 0 453 50
a 2232 909 0 10 12
a 2232 1856 0 10 18
a 2232 1478 0 9 35
a 2232 2979 0 6 11
a 2232 2826 0 9 3
a 2232 1085 0 6 34
a 2232 269 0 6 26
a 2232 1052 0 1 29
a 2232 1516 0 3 48
a 2232 1571 0 6 47
a 2232 1762 0 5 46
a 2239 1802 0 453 50
a 2239 901 0 4 30
a 2239 2397 0 4 7
a 2239 986 0 5 50
a 2239 2012 0 10 43
a 2239 2254 0 6 37
a 2239 98 0 8 17
a 2239 865 0 7 4
a 2239 1094 0 6 41
a 2239 2575 0 10 30
a 2239 525 0 8 44
a 2239 1791 0 1 27
a 2241 1762 0 453 50
a 2241 819 0 7 26
a 2241 2847 0 9 39
a 2241 2873 0 6 11
a 2241 661 0 6 21
a 2241 2438 0 5 6
a 2241 531 0 6 21
a 2241 1485 0 10 23
a 2241 41 0 9 39
a 2241 1025 0 9 4
a 2241 2155 0 9 3
a 2255 1526 0 453 22
a 2255 1723 0 6 30
a 2255 1631 0 3 41
a 2255 2621 0 10 13
a 2255 1581 0 7 37
a 2255 34 0 3 6
a 2255 669 0 10 1
a 2255 424 0 2 24
a 2255 476 0 4 43
a 2257 1421 0 453 34
a 2257 2160 0 1 50
a 2257 1855 0 1 11
a 2257 833 0 5 5
a 2257 2813 0 7 15
a 2257 916 0 10 15
a 2257 2616 0 3 16
a 2257 33 0 2 37
a 2257 2139 0 5 39
a 2257 2449 0 10 26
a 2257 2261 0 5 47
a 2257 988 0 3 43
a 2272 2410 0 453 22
a 2272 2304 0 9 45
a 2272 2544 0 10 10
a 2272 466 0 3 19
a 2272 1465 0 8 12
a 2272 332 0 1 43
a 2272 2416 0 5 5
a 2272 1126 0 1 29
a 2272 1577 0 3 12
a 2276 1536 0 453 50
a 2276 1140 0 5 12
a 2276 182 0 8 10
a 2276 2816 0 1 36
a 2276 2724 0 1 27
a 2276 1609 0 4 27
a 2276 1147 0 7 8
a 2276 39 0 1 22
a 2276 1776 0 8 42
a 2276 2378 0 3 44
a 2276 988 0 10 42
a 2276 879 0 2 49
a 2276 2102 0 1 11
a 2276 1747 0 6 47
a 2276 194 0 8 6
a 2276 1368 0 9 23
a 2276 1589 0 5 34
a 2276 1170 0 3 20
a 2280 1467 0 453 50
a 2280 1033 0 8 20
a 2280 2892 0 3 7
a 2280 1669 0 2 29
a 2280 741 0 1 36
a 2280 884 0 8 23
a 2280 783 0 4 42
a 2280 2615 0 3 22
a 2280 2697 0 3 23
a 2280 2608 0 7 7
a 2280 1273 0 2 13
a 2280 2594 0 3 28
a 2280 710 0 5 30
a 2280 1916 0 9 7
a 2280 1055 0 6 21
a 2280 1539 0 2 44
a 2280 651 0 4 20
a 2287 1401 0 453 50
a 2287 1119 0 9 7
a 2287 2414 0 8 5
a 2287 1158 0 2 23
a 2287 2999 0 5 37
a 2287 1600 0 2 23
a 2287 1455 0 10 50
a 2289 1730 0 453 50
a 2289 240 0 9 49
a 2289 1434 0 10 37
a 2289 1611 0 4 31
a 2289 302 0 5 34
a 2289 1662 0 9 33
a 2289 889 0 9 48
a 2289 2739 0 10 5
a 2289 859 0 10 23
a 2289 2795 0 1 36
a 2289 370 0 5 25
a 2289 1310 0 4 6
a 2289 2152 0 1 37
a 2329 2421 0 453 50
a 2329 2623 0 3 13
a 2329 1852 0 3 49
a 2329 1092 0 6 26
a 2329 601 0 7 39
a 2329 2801 0 3 48
a 2329 2746 0 1 9
a 2329 2878 0 10 40
a 2329 2818 0 1 8
a 2329 460 0 4 46
a 2329 2562 0 9 18
a 2329 2786 0 10 30
a 2329 1929 0 9 50
a 2329 1500 0 7 9
a 2329 2568 0 6 18
a 2344 409 0 453 50
a 2344 2228 0 6 25
a 2344 1639 0 5 29
a 2344 2491 0 4 22
a 2344 606 0 8 24
a 2344 2281 0 1 26
a 2345 516 0 453 38
a 2345 2466 0 4 41
a 2345 2022 0 9 22
a 2345 1551 0 10 24
a 2345 316 0 2 47
a 2348 856 0 453 50
a 2348 2292 0 1 2
a 2348 1477 0 5 42
a 2348 710 0 9 40
a 2348 2728 0 7 14
a 2348 627 0 2 25
a 2348 293 0 1 50
a 2348 1220 0 1 21
a 2352 2345 0 453 10
a 2352 2446 0 6 12
a 2352 1596 0 3 21
a 2352 1452 0 2 25
a 2352 1370 0 7 28
a 2364 2850 0 453 50
a 2364 642 0 3 10
a 2364 2115 0 6 33
a 2364 1045 0 5 46
a 2364 124 0 3 38
a 2364 2447 0 6 29
a 2364 573 0 9 2
a 2364 1994 0 3 16
a 2390 2115 0 453 50
a 2390 2202 0 10 45
a 2390 815 0 8 16
a 2390 1232 0 6 36
a 2390 1812 0 1 19
a 2390 793 0 10 31
a 2390 392 0 2 25
a 2410 803 0 453 14
a 2410 594 0 2 6
a 2410 2950 0 5 10
a 2410 259 0 9 12
a 2410 2003 0 9 46
a 2421 2289 0 453 50
a 2421 1182 0 2 34
a 2421 182 0 2 38
a 2421 1592 0 3 10
a 2421 741 0 8 2
a 2421 1876 0 2 30
a 2421 1605 0 4 35
a 2421 389 0 6 31
a 2421 954 0 3 12
a 2421 2628 0 10 6
a 2421 2859 0 8 15
a 2421 671 0 2 31
a 2421 2453 0 6 48
a 2421 2977 0 10 2
a 2421 1427 0 10 10
a 2516 2280 0 453 50
a 2516 336 0 9 9
a 2516 1780 0 1 49
a 2516 2509 0 2 12
a 2516 2419 0 7 2
a 2516 638 0 2 19
a 2516 1737 0 9 14
a 2516 2398 0 8 17
a 2516 1932 0 7 16
a 2516 502 0 5 46
a 2516 2592 0 3 18
a 2516 553 0 7 5
a 2516 2387 0 8 4
a 2526 2802 0 453 50
a 2526 1766 0 4 21
a 2526 1400 0 6 21
a 2526 1411 0 9 21
a 2535 1364 0 453 50
a 2535 1945 0 10 5
a 2535 684 0 4 2
a 2535 1649 0 1 20
a 2535 2173 0 10 42
a 2535 654 0 10 29
a 2535 482 0 9 45
a 2535 965 0 4 45
a 2535 1474 0 2 46
a 2535 552 0 10 38
a 2535 947 0 9 31
a 2535 135 0 7 19
a 2535 1201 0 4 14
a 2535 2981 0 6 24
a 2549 364 0 453 50
a 2549 165 0 5 39
a 2559 2287 0 453 50
a 2559 1134 0 4 43
a 2559 2068 0 4 24
a 2559 679 0 9 1
a 2559 2441 0 1 1
a 2564 1198 0 453 35
a 2564 1351 0 5 34
a 2564 1398 0 9 49
a 2564 734 0 7 44
a 2564 2944 0 1 31
a 2564 1966 0 8 6
a 2564 1474 0 6 36
a 2564 2011 0 8 10
a 2564 1712 0 9 12
a 2564 1178 0 10 22
a 2564 722 0 8 34
a 2564 1552 0 5 36
a 2574 999 0 453 50
a 2574 550 0 10 49
a 2574 2391 0 9 39
a 2574 2354 0 7 41
a 2574 292 0 6 38
a 2574 2941 0 1 9
a 2617 2902 0 453 24
a 2617 124 0 8 30
a 2617 1369 0 7 21
a 2617 2135 0 9 15
a 2617 138 0 5 31
a 2630 2893 0 453 23
a 2630 2460 0 6 24
a 2630 282 0 9 47
a 2630 2182 0 3 9
a 2630 1042 0 6 13
a 2630 2727 0 6 8
a 2630 1010 0 6 3
a 2630 1625 0 9 16
a 2630 1522 0 9 43
a 2630 2942 0 3 40
a 2630 309 0 10 46
a 2630 1706 0 6 40
a 2630 1502 0 6 14
a 2633 1960 0 453 26
a 2633 896 0 1 22
a 2633 500 0 2 22
a 2633 439 0 1 43
a 2633 1339 0 9 14
a 2633 95 0 7 9
a 2633 883 0 3 20
a 2633 873 0 3 42
a 2633 418 0 7 14
a 2633 517 0 6 20
a 2633 741 0 8 29
a 2633 2917 0 7 3
a 2633 488 0 4 14
a 2633 2094 0 4 15
a 2633 1956 0 5 45
a 2633 2289 0 7 30
a 2657 2004 0 453 50
a 2657 3000 0 453 50
a 2657 312 0 6 4
a 2657 1908 0 4 32
a 2698 586 0 453 50
a 2698 766 0 7 9
a 2698 900 0 8 30
a 2698 404 0 5 24
a 2698 682 0 10 5
a 2698 2869 0 3 47
a 2698 2919 0 1 47
a 2698 380 0 1 4
a 2698 581 0 1 4
a 2698 887 0 8 4
a 2714 2241 0 453 29
a 2714 2433 0 5 20
a 2714 1900 0 3 23
a 2714 104 0 7 32
a 2714 2609 0 2 36
a 2714 858 0 5 10
a 2714 2935 0 3 38
a 2714 1002 0 2 24
a 2714 394 0 4 40
a 2714 2717 0 10 45
a 2714 291 0 8 38
a 2714 2006 0 8 40
a 2802 2051 0 453 4
a 2802 1269 0 2 10
a 2802 2307 0 10 16
a 2802 1157 0 1 15
a 2802 1131 0 2 27
a 2802 2369 0 10 32
a 2802 2794 0 9 8
a 2823 2559 0 453 50
a 2823 687 0 5 28
a 2823 2577 0 8 3
a 2823 1289 0 2 18
a 2824 2617 0 453 30
a 2824 984 0 5 41
a 2824 2334 0 7 7
a 2824 719 0 7 19
a 2828 236 0 453 50
a 2828 2379 0 10 18
a 2828 2341 0 4 43
a 2840 100 0 453 50
a 2840 2924 0 6 21
a 2850 1741 0 453 20
a 2850 2039 0 5 34
a 2850 214 0 9 49
a 2850 2239 0 4 24
a 2850 743 0 7 1
a 2850 71 0 6 23
a 2850 578 0 10 25
a 2864 633 0 453 9
a 2864 941 0 9 6
a 2864 694 0 10 37
a 2864 2127 0 5 11
a 2864 1099 0 6 16
a 2864 300 0 2 8
a 2864 2612 0 2 50
a 2864 2275 0 2 21
a 2864 1477 0 2 4
a 2864 2654 0 3 21
a 2864 599 0 10 23
a 2864 77 0 1 29
a 2864 841 0 6 28
a 2864 1382 0 8 4
a 2864 1796 0 9 17
a 2893 2007 0 453 44
a 2893 2184 0 10 34
a 2893 1387 0 6 37
a 2893 129 0 5 19
a 2893 1977 0 8 11
a 2893 1885 0 7 19
a 2893 1432 0 2 26
a 2893 564 0 6 13
a 2893 1895 0 1 40
a 2893 1324 0 7 15
a 2893 2434 0 5 32
a 2893 261 0 8 7
a 2893 1624 0 1 35
a 2902 2232 0 453 50
a 2902 2163 0 8 8
a 2902 261 0 1 6
a 2902 947 0 10 21
a 2902 919 0 4 42
a 2902 1657 0 6 25
a 2902 1684 0 8 4
a 2902 269 0 9 47
a 2902 2993 0 3 41
a 2902 1852 0 4 20
a 2902 1230 0 5 45
a 2902 802 0 6 47
a 2902 2997 0 1 15
a 2902 541 0 2 9
a 2902 1837 0 8 32
a 2902 905 0 3 11
a 2902 191 0 7 17
a 2919 1567 0 453 3
a 2919 2806 0 6 10
a 2919 1503 0 5 47
a 2919 1855 0 10 49
a 2919 2528 0 1 43
a 2919 2071 0 10 22
a 2919 1980 0 7 19
a 2919 1092 0 7 2
a 2919 1157 0 8 37
a 2919 192 0 5 30
a 2919 1363 0 2 34
a 2919 2087 0 7 22
a 2919 218 0 6 23
a 2919 1869 0 1 7
a 2919 287 0 3 1
a 2921 2923 0 453 50
a 2921 1009 0 5 36
a 2921 799 0 2 28
a 2921 1170 0 6 39
a 2921 817 0 6 14
a 2921 2593 0 6 11
a 2921 2031 0 10 11
a 2921 2813 0 3 36
a 2923 1075 0 453 21
a 2923 1447 0 4 36
a 2923 1946 0 7 3
a 2923 1487 0 3 32
a 2923 991 0 3 17
a 2923 1722 0 9 37
a 2923 2519 0 2 16
a 2923 2980 0 5 34
a 2923 364 0 6 38
a 2923 131 0 1 25
a 2923 1653 0 8 22
a 2923 625 0 10 13
a 2923 119 0 6 49
a 2929 2171 0 453 49
a 2929 2640 0 6 12
a 2929 615 0 2 25
a 2929 1378 0 9 9
a 2929 2947 0 9 19
a 2953 2516 0 453 50
a 2953 2272 0 1 18
a 2953 1625 0 2 27
a 2953 1844 0 10 18
a 2953 1511 0 6 39
a 2953 540 0 4 13
a 2953 2643 0 3 11
a 2953 1009 0 10 16
a 2953 786 0 7 23
a 2953 1010 0 8 50
a 2953 133 0 3 17
a 2953 1573 0 1 30
a 2953 1923 0 6 20
a 2953 1563 0 3 14
a 2953 2512 0 4 1
a 2953 195 0 6 19
a 2953 2872 0 10 15
a 2953 2955 0 3 50
a 13 2424 0 87 11
a 13 1662 0 5 40
a 13 87 0 4 4
a 13 2200 0 8 28
a 13 307 0 4 20
a 68 982 0 87 11
a 68 731 0 8 26
a 68 1052 0 4 31
a 68 2085 0 9 5
a 68 268 0 2 13
a 68 2000 0 3 3
a 68 568 0 3 49
a 68 2289 0 5 18
a 68 1442 0 9 10
a 68 1288 0 7 2
a 68 992 0 6 3
a 68 2133 0 10 11
a 68 2711 0 2 22
a 68 1178 0 1 14
a 68 96 0 5 32
a 68 596 0 6 10
a 68 2273 0 4 4
a 71 230 0 87 15
a 71 1771 0 9 4
a 71 2558 0 9 48
a 71 2113 0 1 30
a 71 46 0 1 41
a 71 2029 0 9 11
a 71 1783 0 7 24
a 71 2879 0 9 22
a 71 860 0 5 12
a 71 194 0 10 33
a 71 590 0 4 36
a 71 889 0 7 37
a 71 673 0 10 27
a 71 698 0 1 11
a 71 1134 0 9 26
a 71 784 0 9 19
a 71 783 0 8 19
a 71 225 0 7 45
a 76 2453 0 87 29
a 76 2672 0 6 26
a 76 1670 0 2 29
a 83 2290 0 87 4
a 83 2882 0 2 31
a 83 795 0 2 48
a 83 687 0 5 20
a 83 579 0 2 6
a 83 1662 0 2 7
a 83 609 0 7 21
a 83 2215 0 3 12
a 83 2164 0 2 31
a 83 1062 0 3 7
a 83 144 0 2 49
a 83 1301 0 5 40
a 83 2814 0 4 23
a 83 1479 0 3 44
a 83 2537 0 1 39
a 83 1137 0 6 14
a 83 2276 0 6 20
a 83 516 0 7 32
a 102 2536 0 87 25
a 102 1536 0 4 9
a 102 1941 0 2 1
a 102 2882 0 8 14
a 102 115 0 5 14
a 102 573 0 2 23
a 102 198 0 1 23
a 102 2746 0 3 13
a 102 2798 0 8 50
a 102 1057 0 4 19
a 121 835 0 87 50
a 121 2703 0 4 17
a 121 1087 0 6 5
a 121 1239 0 1 48
a 121 1752 0 8 28
a 121 1381 0 5 39
a 121 1183 0 2 27
a 121 2422 0 1 11
a 121 227 0 6 30
a 121 2025 0 3 49
a 121 1563 0 6 35
a 121 1933 0 2 11
a 121 225 0 8 37
a 121 1921 0 9 47
a 121 680 0 9 24
a 121 1277 0 7 24
a 121 535 0 5 7
a 121 1641 0 2 43
a 161 869 0 87 31
a 161 1764 0 2 12
a 161 117 0 3 11
a 161 2358 0 5 1
a 165 2771 0 87 50
a 165 1082 0 3 48
a 165 1459 0 5 45
a 165 1225 0 6 10
a 165 2917 0 5 41
a 165 1332 0 5 15
a 165 1416 0 1 44
a 165 2272 0 6 31
a 165 1401 0 9 24
a 165 934 0 9 38
a 165 2162 0 5 25
a 165 1581 0 8 25
a 165 2386 0 3 21
a 165 444 0 3 34
a 165 233 0 6 46
a 165 1470 0 1 48
a 165 2004 0 2 9
a 172 2360 0 87 50
a 172 23 0 6 3
a 172 2506 0 9 39
a 172 34 0 8 35
a 172 2518 0 8 21
a 172 2217 0 5 23
a 172 2990 0 2 23
a 172 2326 0 7 41
a 172 976 0 1 48
a 172 2180 0 7 11
a 172 2197 0 8 11
a 172 1371 0 3 11
a 172 40 0 1 10
a 172 1963 0 1 8
a 184 1130 0 87 50
a 184 2806 0 1 16
a 184 378 0 10 9
a 184 608 0 4 49
a 184 471 0 1 38
a 184 1516 0 4 30
a 184 2030 0 7 9
a 187 1172 0 87 36
a 187 2891 0 4 10
a 187 2332 0 8 27
a 187 727 0 8 31
a 187 1375 0 3 48
a 187 2082 0 4 43
a 187 2291 0 10 48
a 187 210 0 7 23
a 187 940 0 5 49
a 187 181 0 10 33
a 187 1714 0 4 13
a 187 860 0 5 24
a 187 1323 0 8 29
a 187 991 0 3 15
a 209 888 0 87 50
a 209 1007 0 1 27
a 209 175 0 9 12
a 209 2011 0 5 27
a 209 624 0 2 1
a 209 713 0 10 4
a 209 1498 0 1 15
a 209 2061 0 2 9
a 223 794 0 87 50
a 223 782 0 2 23
a 223 2859 0 9 33
a 223 771 0 9 23
a 223 503 0 2 23
a 223 2334 0 10 18
a 230 2788 0 87 50
a 230 215 0 5 12
a 230 1155 0 9 50
a 230 140 0 6 46
a 230 1220 0 8 24
a 230 1377 0 6 18
a 230 1028 0 9 43
a 230 24 0 3 38
a 230 373 0 3 28
a 230 2461 0 4 1
a 230 571 0 4 36
a 230 2913 0 2 31
a 230 1391 0 8 7
a 230 996 0 6 41
a 230 337 0 7 36
a 230 2479 0 5 5
a 230 2311 0 2 19
a 272 76 0 87 10
a 272 1704 0 3 26
a 272 247 0 1 8
a 272 2067 0 7 36
a 272 2172 0 8 39
a 272 1763 0 10 17
a 272 763 0 7 27
a 272 2636 0 2 24
a 272 1657 0 8 19
a 272 2552 0 7 1
a 272 2513 0 5 11
a 272 2654 0 3 5
a 272 2462 0 4 29
a 272 673 0 4 49
a 272 862 0 4 23
a 272 2851 0 1 21
a 272 2120 0 2 7
a 281 681 0 87 21
a 281 1839 0 10 21
a 281 669 0 10 37
a 281 1180 0 10 21
a 281 2905 0 9 15
a 281 2744 0 6 27
a 281 215 0 9 4
a 281 2039 0 10 7
a 281 2632 0 9 36
a 281 2112 0 6 11
a 281 1736 0 5 42
a 281 506 0 5 28
a 281 528 0 4 40
a 281 170 0 5 21
a 281 1110 0 8 4
a 281 1031 0 9 48
a 281 2119 0 6 21
a 281 1205 0 1 13
a 294 2323 0 87 50
a 294 1205 0 6 36
a 294 1305 0 2 35
a 294 629 0 9 41
a 294 1302 0 4 13
a 294 2946 0 9 17
a 294 1078 0 10 10
a 294 2937 0 2 49
a 296 354 0 87 50
a 296 2553 0 2 48
a 320 454 0 87 24
a 320 2665 0 6 20
a 320 2226 0 10 35
a 320 2435 0 2 22
a 320 1888 0 4 26
a 320 2609 0 4 46
a 320 1975 0 1 43
a 320 1151 0 2 1
a 320 613 0 8 40
a 320 1766 0 7 18
a 320 1851 0 7 15
a 320 832 0 3 39
a 320 2526 0 9 31
a 320 2562 0 4 5
a 328 2502 0 87 21
a 328 2806 0 4 2
a 328 2870 0 4 40
a 328 104 0 4 41
a 328 577 0 9 43
a 328 1824 0 10 30
a 328 2471 0 10 1
a 328 117 0 4 11
a 328 1734 0 5 17
a 328 469 0 7 13
a 328 2697 0 5 14
a 328 502 0 5 7
a 328 2143 0 2 49
a 328 2810 0 3 43
a 353 2685 0 87 50
a 353 840 0 8 6
a 353 949 0 9 26
a 353 2873 0 8 14
a 353 76 0 1 31
a 353 1233 0 2 3
a 353 2754 0 8 39
a 353 1037 0 2 45
a 353 2549 0 7 25
a 353 2561 0 2 40
a 353 1174 0 10 23
a 353 1699 0 2 31
a 353 978 0 2 42
a 353 799 0 10 30
a 353 628 0 2 31
a 353 550 0 1 33
a 353 2486 0 6 28
a 353 1196 0 7 22
a 354 328 0 87 50
a 354 1383 0 10 17
a 354 2722 0 2 3
a 354 2343 0 3 1
a 354 2279 0 7 26
a 354 598 0 5 37
a 354 2387 0 2 31
a 354 1882 0 2 39
a 354 710 0 10 33
a 354 1252 0 7 36
a 383 844 0 87 50
a 383 17 0 8 36
a 383 252 0 10 36
a 383 1467 0 10 37
a 383 2781 0 2 19
a 383 597 0 6 2
a 383 2584 0 8 5
a 383 674 0 7 19
a 383 2641 0 5 11
a 383 1701 0 5 43
a 383 2412 0 7 38
a 383 1826 0 7 49
a 383 409 0 9 17
a 392 949 0 87 50
a 392 543 0 8 33
a 392 486 0 8 18
a 392 1961 0 4 27
a 392 2740 0 8 27
a 392 1540 0 4 42
a 392 782 0 1 8
a 392 1222 0 4 50
a 392 2578 0 6 41
a 408 2195 0 87 50
a 408 1740 0 8 34
a 408 2478 0 8 13
a 408 1991 0 2 35
a 408 367 0 5 23
a 408 2227 0 1 14
a 408 2930 0 7 32
a 408 2225 0 5 43
a 408 404 0 5 12
a 408 2440 0 6 2
a 408 2519 0 7 47
a 408 715 0 3 41
a 410 2881 0 87 50
a 410 2808 0 4 18
a 410 1017 0 1 9
a 410 701 0 1 26
a 410 2278 0 3 45
a 410 1481 0 9 14
a 410 2589 0 5 24
a 443 2443 0 87 49
a 443 713 0 7 33
a 443 1426 0 8 50
a 443 753 0 6 10
a 443 36 0 4 49
a 443 1591 0 2 12
a 443 2243 0 2 12
a 443 655 0 9 36
a 443 139 0 10 36
a 443 54 0 3 35
a 443 2993 0 3 10
a 443 1246 0 3 35
a 443 2084 0 7 41
a 443 1614 0 8 42
a 443 1404 0 7 34
a 443 1623 0 10 21
a 443 1691 0 9 23
a 454 2282 0 87 23
a 454 1454 0 6 7
a 454 1740 0 10 16
a 475 2480 0 87 50
a 475 998 0 7 12
a 485 2651 0 87 50
a 485 2302 0 5 29
a 485 2549 0 1 11
a 485 2105 0 1 1
a 485 2646 0 2 28
a 485 878 0 8 15
a 485 493 0 2 41
a 485 1194 0 4 1
a 485 414 0 1 33
a 485 909 0 4 29
a 485 2826 0 1 49
a 485 124 0 3 41
a 485 2696 0 4 31
a 485 1623 0 5 31
a 485 1798 0 7 23
a 485 1669 0 3 28
a 485 1863 0 7 20
a 486 2677 0 87 47
a 486 396 0 2 16
a 486 895 0 4 45
a 486 2845 0 3 33
a 486 1163 0 9 1
a 513 2125 0 87 39
a 513 1578 0 9 32
a 513 2314 0 9 30
a 513 2394 0 4 8
a 513 2432 0 10 26
a 513 99 0 7 41
a 513 2532 0 1 33
a 513 151 0 4 3
a 513 1362 0 5 13
a 513 1426 0 5 29
a 513 1656 0 5 42
a 513 2473 0 2 38
a 513 172 0 1 44
a 513 1724 0 10 6
a 513 899 0 9 20
a 513 1643 0 3 13
a 513 2721 0 9 17
a 519 1126 0 87 50
a 519 2863 0 10 24
a 519 2347 0 2 10
a 519 2438 0 1 33
a 519 28 0 5 37
a 519 1447 0 5 17
a 519 770 0 4 8
a 519 2990 0 10 4
a 519 1229 0 8 47
a 519 426 0 5 39
a 519 2355 0 7 41
a 519 262 0 7 42
a 519 2545 0 1 43
a 519 638 0 7 5
a 519 1983 0 7 17
a 524 574 0 87 50
a 524 539 0 7 26
a 524 2969 0 10 48
a 524 1527 0 2 44
a 524 1033 0 3 22
a 524 2472 0 4 10
a 524 2592 0 7 24
a 524 1562 0 3 20
a 543 2623 0 87 50
a 543 736 0 8 38
a 554 1862 0 87 44
a 554 1418 0 4 16
a 554 93 0 2 39
a 554 1656 0 6 13
a 573 1116 0 87 29
a 573 842 0 6 5
a 573 358 0 2 13
a 573 375 0 7 5
a 573 2684 0 4 34
a 573 351 0 1 14
a 573 453 0 6 28
a 573 184 0 4 33
a 573 772 0 9 37
a 573 1571 0 8 14
a 573 181 0 7 25
a 573 1061 0 8 45
a 573 2852 0 10 20
a 573 2197 0 7 11
a 573 1821 0 7 3
a 574 554 0 87 50
a 574 2154 0 8 34
a 574 1045 0 2 47
a 574 1056 0 4 30
a 574 1793 0 3 12
a 605 102 0 87 16
a 605 2422 0 5 45
a 605 2090 0 1 20
a 605 2927 0 9 49
a 605 2952 0 9 27
a 605 2061 0 5 45
a 605 2957 0 10 15
a 605 695 0 9 29
a 605 211 0 4 15
a 605 502 0 9 9
a 605 618 0 1 30
a 605 1743 0 1 19
a 605 1151 0 6 10
a 605 2355 0 7 6
a 621 787 0 87 9
a 621 1826 0 1 48
a 621 2321 0 4 26
a 621 262 0 9 44
a 621 618 0 4 16
a 621 2379 0 8 21
a 621 2928 0 4 18
a 640 121 0 87 50
a 640 2098 0 6 35
a 640 508 0 7 31
a 640 2097 0 4 42
a 640 2189 0 5 36
a 640 546 0 1 2
a 640 646 0 5 25
a 640 2287 0 4 33
a 650 2741 0 87 20
a 650 2597 0 5 7
a 650 2260 0 5 20
a 650 498 0 1 44
a 650 1182 0 9 23
a 650 2037 0 9 39
a 650 76 0 10 44
a 650 1698 0 6 32
a 650 1191 0 9 41
a 651 2433 0 87 50
a 651 670 0 9 2
a 651 785 0 10 41
a 651 1345 0 6 27
a 651 1602 0 6 46
a 651 1795 0 4 26
a 651 992 0 7 44
a 651 2116 0 4 16
a 651 1763 0 7 39
a 651 2755 0 3 37
a 653 730 0 87 50
a 653 1881 0 2 41
a 653 2742 0 5 35
a 653 126 0 8 42
a 653 2028 0 8 19
a 653 2082 0 1 12
a 653 1789 0 4 31
a 673 209 0 87 24
a 673 910 0 9 6
a 673 2937 0 8 15
a 673 2877 0 2 7
a 673 2457 0 9 6
a 673 1489 0 8 50
a 673 2169 0 8 30
a 678 1119 0 87 50
a 678 1461 0 2 22
a 681 712 0 87 15
a 681 2437 0 7 40
a 681 1951 0 7 26
a 681 43 0 8 29
a 681 653 0 7 6
a 681 2066 0 10 16
a 681 98 0 1 15
a 681 1863 0 1 39
a 681 1054 0 7 1
a 697 1601 0 87 31
a 697 2545 0 7 22
a 697 303 0 3 48
a 697 575 0 8 13
a 697 1866 0 4 30
a 697 134 0 9 19
a 697 1943 0 5 22
a 697 761 0 2 9
a 697 1021 0 2 28
a 697 1808 0 1 24
a 697 448 0 8 48
a 702 1481 0 87 3
a 702 2008 0 3 36
a 702 2153 0 8 29
a 712 874 0 87 50
a 712 772 0 8 5
a 712 2424 0 8 19
a 712 2275 0 6 7
a 712 555 0 4 44
a 712 1519 0 4 28
a 712 1999 0 2 3
a 712 2291 0 3 28
a 712 911 0 7 44
a 712 2130 0 9 30
a 712 203 0 3 23
a 730 1699 0 87 50
a 730 2054 0 6 29
a 730 1607 0 7 39
a 730 1530 0 5 38
a 730 846 0 6 43
a 730 2967 0 7 50
a 730 2384 0 10 31
a 730 1957 0 3 48
a 730 2425 0 9 8
a 730 880 0 6 9
a 730 1566 0 9 38
a 730 1894 0 1 29
a 730 997 0 9 7
a 730 2897 0 3 39
a 730 1860 0 9 13
a 730 18 0 5 50
a 730 1980 0 6 39
a 730 2621 0 2 19
a 764 2203 0 87 50
a 764 1392 0 10 25
a 764 1352 0 7 31
a 764 2004 0 4 35
a 764 2937 0 9 43
a 764 227 0 4 31
a 764 2045 0 1 4
a 764 333 0 4 26
a 764 1000 0 2 44
a 764 1671 0 4 9
a 764 2506 0 5 32
a 764 1807 0 2 32
a 774 673 0 87 50
a 774 1656 0 7 29
a 774 2456 0 5 16
a 774 1565 0 8 8
a 774 1807 0 1 24
a 787 475 0 87 20
a 787 1923 0 3 24
a 787 350 0 8 42
a 787 289 0 6 24
a 787 608 0 3 24
a 787 2548 0 8 4
a 787 1384 0 3 22
a 794 410 0 87 50
a 794 1390 0 2 8
a 794 1568 0 6 44
a 794 687 0 9 4
a 794 869 0 6 20
a 794 2249 0 9 25
a 794 31 0 6 33
a 794 296 0 1 41
a 794 1362 0 4 38
a 835 774 0 87 47
a 835 2653 0 6 1
a 835 2810 0 7 1
a 835 2419 0 8 46
a 835 1593 0 4 29
a 844 2505 0 87 50
a 844 2032 0 3 33
a 844 2043 0 7 22
a 844 1899 0 1 40
a 844 1116 0 8 2
a 844 1915 0 10 36
a 844 2454 0 8 10
a 844 497 0 5 25
a 844 2649 0 5 5
a 844 1008 0 3 20
a 869 2586 0 87 17
a 869 1095 0 10 43
a 869 1583 0 6 38
a 869 1363 0 1 31
a 869 1448 0 6 29
a 869 1312 0 1 50
a 869 279 0 3 3
a 869 128 0 2 3
a 869 1735 0 8 23
a 869 2518 0 1 6
a 869 350 0 2 28
a 874 2612 0 87 50
a 874 2163 0 3 31
a 874 1014 0 2 1
a 874 1210 0 3 36
a 874 2405 0 8 28
a 874 965 0 4 2
a 874 1378 0 1 37
a 874 1557 0 4 8
a 874 1517 0 3 2
a 874 2450 0 5 28
a 874 930 0 2 8
a 874 2614 0 3 43
a 874 115 0 10 30
a 877 573 0 87 50
a 877 121 0 4 18
a 877 1665 0 8 20
a 877 1895 0 2 46
a 877 509 0 4 1
a 877 261 0 9 31
a 877 644 0 9 22
a 877 152 0 7 33
a 877 275 0 4 6
a 877 2463 0 1 14
a 877 476 0 1 35
a 877 1928 0 9 50
a 877 1493 0 4 44
a 877 2212 0 2 32
a 888 320 0 87 50
a 888 2408 0 8 10
a 888 1140 0 1 39
a 888 672 0 3 44
a 888 763 0 4 29
a 888 2192 0 5 13
a 888 2113 0 1 38
a 888 1487 0 4 19
a 888 2061 0 3 44
a 888 2374 0 4 38
a 888 893 0 9 3
a 888 2409 0 5 18
a 888 1175 0 2 27
a 888 2701 0 9 31
a 888 2891 0 2 17
a 888 2436 0 10 43
a 909 1558 0 87 50
a 909 2918 0 10 29
a 909 585 0 9 6
a 911 2576 0 87 3
a 911 204 0 4 33
a 911 553 0 6 41
a 911 1764 0 8 32
a 911 2922 0 1 32
a 911 531 0 7 2
a 911 2191 0 1 19
a 911 2912 0 5 38
a 911 1476 0 8 5
a 911 247 0 1 5
a 911 1660 0 6 8
a 911 2839 0 5 27
a 911 237 0 1 34
a 911 894 0 1 27
a 911 2107 0 7 30
a 911 358 0 4 36
a 915 2158 0 87 50
a 915 1121 0 4 3
a 915 1685 0 9 35
a 915 708 0 2 3
a 915 1233 0 6 33
a 915 1701 0 5 18
a 915 2367 0 6 24
a 915 44 0 6 25
a 923 408 0 87 29
a 923 622 0 6 4
a 923 754 0 5 32
a 923 2843 0 6 24
a 923 1610 0 6 6
a 923 2379 0 2 19
a 923 115 0 5 50
a 923 735 0 4 48
a 923 1649 0 2 36
a 923 2581 0 2 28
a 935 962 0 87 22
a 935 173 0 1 31
a 935 1235 0 8 38
a 935 278 0 2 27
a 935 802 0 5 26
a 941 1301 0 87 27
a 941 2110 0 4 41
a 949 1973 0 87 28
a 949 2272 0 3 34
a 949 2142 0 9 4
a 949 1000 0 5 33
a 949 2552 0 1 18
a 949 1178 0 4 41
a 949 784 0 2 21
a 949 1864 0 6 28
a 949 2463 0 6 13
a 949 764 0 3 36
a 949 2936 0 7 28
a 949 1502 0 10 26
a 961 966 0 87 46
a 961 402 0 10 9
a 961 583 0 1 38
a 961 2318 0 3 11
a 961 454 0 3 32
a 961 2530 0 2 45
a 961 2662 0 1 15
a 961 2519 0 3 37
a 961 1171 0 1 17
a 961 1402 0 4 43
a 961 153 0 3 14
a 961 2306 0 7 15
a 961 214 0 6 24
a 961 1870 0 9 3
a 961 2313 0 10 39
a 962 1304 0 87 50
a 962 2643 0 9 20
a 962 833 0 7 22
a 962 1494 0 5 25
a 962 2563 0 7 18
a 962 301 0 3 48
a 962 220 0 3 29
a 962 193 0 1 13
a 962 1787 0 9 9
a 962 476 0 5 45
a 962 1940 0 8 49
a 962 1344 0 6 25
a 962 183 0 5 10
a 966 1239 0 87 50
a 966 1286 0 5 29
a 966 818 0 5 4
a 966 2020 0 6 15
a 966 2552 0 8 24
a 966 752 0 4 29
a 966 2637 0 8 45
a 966 2756 0 7 15
a 966 1062 0 10 49
a 966 1630 0 9 46
a 966 689 0 10 16
a 966 254 0 7 35
a 966 726 0 7 5
a 966 896 0 3 14
a 982 2859 0 87 50
a 982 2336 0 1 17
a 982 2074 0 5 35
a 982 331 0 4 25
a 982 2779 0 6 29
a 982 2736 0 2 50
a 982 2183 0 1 7
a 982 398 0 2 24
a 982 1579 0 6 42
a 982 780 0 3 16
a 982 1540 0 3 7
a 982 1647 0 1 14
a 982 2145 0 7 39
a 982 1520 0 8 5
a 982 987 0 8 14
a 1017 697 0 87 50
a 1017 1346 0 1 44
a 1017 2517 0 9 46
a 1017 2442 0 2 25
a 1017 1957 0 7 34
a 1017 78 0 4 7
a 1017 1123 0 9 23
a 1017 1157 0 5 31
a 1017 2048 0 10 35
a 1017 1285 0 7 24
a 1017 1997 0 3 45
a 1017 2006 0 1 43
a 1017 1006 0 3 50
a 1017 1165 0 7 10
a 1017 946 0 8 8
a 1026 764 0 87 50
a 1026 2222 0 6 15
a 1026 2124 0 6 42
a 1026 2839 0 3 1
a 1026 2616 0 4 47
a 1026 1762 0 4 44
a 1026 1617 0 3 11
a 1026 1514 0 8 22
a 1026 1472 0 5 23
a 1026 2859 0 4 36
a 1026 1752 0 8 16
a 1044 1338 0 87 50
a 1044 2032 0 4 25
a 1044 502 0 8 23
a 1044 2902 0 10 9
a 1044 652 0 5 20
a 1044 2403 0 8 7
a 1054 1082 0 87 50
a 1054 1508 0 10 23
a 1054 772 0 7 42
a 1054 1662 0 10 27
a 1054 2527 0 9 1
a 1054 1879 0 5 41
a 1054 2761 0 10 9
a 1054 1384 0 3 28
a 1054 589 0 3 8
a 1081 923 0 87 50
a 1081 695 0 5 36
a 1081 1946 0 5 2
a 1081 993 0 1 49
a 1081 1850 0 6 45
a 1081 783 0 7 40
a 1081 2616 0 4 25
a 1081 2801 0 3 38
a 1081 285 0 2 47
a 1081 1090 0 3 5
a 1082 1026 0 87 37
a 1082 2127 0 4 25
a 1082 325 0 7 36
a 1082 743 0 7 10
a 1082 1909 0 4 35
a 1082 1024 0 9 11
a 1082 155 0 7 41
a 1082 2486 0 2 28
a 1082 655 0 8 38
a 1085 2236 0 87 50
a 1085 39 0 8 25
a 1085 597 0 1 25
a 1085 905 0 3 5
a 1085 2058 0 5 9
a 1085 1916 0 4 13
a 1085 2686 0 2 49
a 1095 1396 0 87 50
a 1095 959 0 7 24
a 1095 1144 0 6 39
a 1095 380 0 3 31
a 1095 218 0 2 28
a 1095 2825 0 6 41
a 1095 1004 0 4 27
a 1095 2419 0 5 32
a 1095 458 0 7 30
a 1095 1864 0 7 48
a 1095 2515 0 2 1
a 1095 716 0 5 3
a 1095 2319 0 1 42
a 1095 590 0 10 3
a 1116 935 0 87 43
a 1116 349 0 4 2
a 1116 1333 0 2 18
a 1116 2225 0 4 34
a 1116 491 0 5 42
a 1116 1152 0 10 7
a 1116 2472 0 2 20
a 1116 184 0 6 47
a 1116 769 0 3 30
a 1116 1392 0 5 46
a 1116 2575 0 4 14
a 1116 2566 0 4 31
a 1116 2585 0 6 18
a 1116 701 0 3 31
a 1118 1044 0 87 50
a 1118 2133 0 7 45
a 1118 1945 0 6 36
a 1118 489 0 2 39
a 1119 2786 0 87 13
a 1119 2636 0 3 9
a 1119 1734 0 8 16
a 1119 811 0 6 46
a 1119 1026 0 4 44
a 1119 1407 0 9 7
a 1119 2405 0 10 38
a 1125 223 0 87 10
a 1125 2402 0 5 33
a 1125 34 0 5 31
a 1125 430 0 7 26
a 1125 994 0 6 26
a 1125 2799 0 5 3
a 1125 1710 0 2 32
a 1125 1169 0 6 8
a 1125 680 0 10 1
a 1125 341 0 9 19
a 1125 665 0 7 20
a 1125 847 0 4 26
a 1125 780 0 10 19
a 1126 1910 0 87 50
a 1126 1041 0 5 37
a 1126 768 0 10 4
a 1126 1295 0 5 24
a 1126 150 0 5 3
a 1126 1220 0 6 23
a 1126 488 0 1 47
a 1126 824 0 5 47
a 1130 2649 0 87 7
a 1130 379 0 5 45
a 1130 293 0 1 13
a 1130 1133 0 2 32
a 1130 87 0 7 25
a 1130 1502 0 10 36
a 1130 1729 0 1 7
a 1130 2085 0 8 46
a 1130 303 0 2 41
a 1130 67 0 5 43
a 1130 2183 0 9 5
a 1130 1836 0 7 37
a 1130 2770 0 8 38
a 1130 1017 0 5 23
a 1172 161 0 87 30
a 1172 702 0 5 50
a 1172 366 0 5 8
a 1172 623 0 4 45
a 1172 687 0 2 21
a 1172 963 0 1 23
a 1172 2902 0 5 33
a 1172 951 0 9 28
a 1172 1841 0 5 31
a 1172 821 0 7 38
a 1172 102 0 2 46
a 1172 1545 0 2 14
a 1172 1940 0 6 36
a 1172 1736 0 2 36
a 1172 1803 0 8 45
a 1172 512 0 2 39
a 1172 1079 0 7 5
a 1189 678 0 87 41
a 1189 2296 0 7 49
a 1189 2340 0 3 3
a 1189 2361 0 10 33
a 1189 1046 0 4 49
a 1189 2834 0 1 25
a 1189 2644 0 6 11
a 1189 966 0 7 8
a 1189 580 0 7 1
a 1189 2702 0 2 45
a 1189 1978 0 1 16
a 1189 380 0 7 17
a 1189 1032 0 4 43
a 1189 2584 0 6 23
a 1189 2276 0 10 9
a 1189 2488 0 10 1
a 1189 460 0 6 3
a 1189 1929 0 2 36
a 1193 2721 0 87 7
a 1193 1609 0 2 5
a 1193 941 0 3 12
a 1193 906 0 10 49
a 1193 1564 0 2 9
a 1193 487 0 9 21
a 1193 754 0 2 20
a 1193 1794 0 2 2
a 1193 466 0 5 39
a 1193 2660 0 7 43
a 1193 1363 0 3 5
a 1195 1448 0 87 50
a 1195 2847 0 10 27
a 1195 2648 0 8 17
a 1195 398 0 3 12
a 1195 248 0 4 22
a 1195 2063 0 5 29
a 1197 1085 0 87 12
a 1197 839 0 6 36
a 1197 819 0 6 28
a 1197 908 0 3 21
a 1197 1590 0 5 14
a 1197 1008 0 4 34
a 1197 1306 0 5 33
a 1197 92 0 7 27
a 1197 431 0 4 15
a 1197 1438 0 1 40
a 1197 2954 0 10 20
a 1197 1208 0 8 8
a 1197 461 0 5 20
a 1197 2462 0 6 17
a 1197 2728 0 4 18
a 1197 2591 0 7 32
a 1205 1125 0 87 50
a 1205 1624 0 7 49
a 1205 1658 0 5 5
a 1205 2444 0 6 25
a 1205 955 0 8 33
a 1205 631 0 5 40
a 1205 1056 0 2 37
a 1205 246 0 4 18
a 1205 559 0 7 38
a 1205 843 0 5 49
a 1205 463 0 6 31
a 1205 2269 0 5 35
a 1205 1442 0 4 43
a 1205 1410 0 8 49
a 1205 2628 0 10 3
a 1205 2742 0 5 12
a 1205 512 0 1 47
a 1212 184 0 87 50
a 1212 1042 0 2 10
a 1212 2127 0 7 44
a 1212 2810 0 8 15
a 1212 1602 0 5 37
a 1212 2125 0 1 15
a 1212 2241 0 8 40
a 1212 359 0 9 1
a 1212 1249 0 8 45
a 1212 176 0 10 24
a 1212 839 0 6 33
a 1212 1777 0 1 21
a 1212 1000 0 10 18
a 1218 640 0 87 25
a 1218 1481 0 6 5
a 1218 2331 0 9 45
a 1218 730 0 7 46
a 1218 350 0 7 40
a 1218 204 0 7 23
a 1218 2402 0 9 19
a 1218 153 0 1 44
a 1218 1477 0 8 16
a 1218 1329 0 2 42
a 1218 2151 0 3 29
a 1218 264 0 3 25
a 1218 1733 0 1 5
a 1218 1670 0 1 45
a 1230 2227 0 87 50
a 1230 1888 0 6 13
a 1230 1106 0 1 37
a 1230 519 0 9 36
a 1230 1621 0 1 9
a 1230 1240 0 3 17
a 1230 2562 0 8 19
a 1230 1124 0 2 42
a 1230 1046 0 8 38
a 1230 714 0 4 43
a 1239 2577 0 87 13
a 1239 1475 0 2 28
a 1286 1205 0 87 50
a 1286 2238 0 6 21
a 1286 1334 0 9 30
a 1286 2878 0 3 42
a 1301 651 0 87 50
a 1301 2026 0 4 28
a 1301 1504 0 9 40
a 1301 1335 0 7 23
a 1301 1919 0 3 50
a 1301 36 0 9 25
a 1301 292 0 10 2
a 1301 2345 0 10 8
a 1301 369 0 5 37
a 1301 2347 0 6 10
a 1301 1436 0 3 15
a 1301 396 0 9 9
a 1301 2814 0 9 36
a 1301 1858 0 7 24
a 1301 2441 0 1 29
a 1301 1086 0 5 41
a 1301 1033 0 6 41
a 1304 1095 0 87 50
a 1304 2238 0 10 23
a 1304 684 0 1 43
a 1304 2913 0 6 47
a 1304 2098 0 7 31
a 1304 2161 0 5 37
a 1304 2123 0 10 11
a 1304 651 0 9 10
a 1304 2434 0 5 21
a 1304 2825 0 8 15
a 1304 869 0 10 24
a 1304 1033 0 4 28
a 1304 2973 0 4 25
a 1304 2831 0 10 15
a 1304 2008 0 10 21
a 1338 1703 0 87 45
a 1338 835 0 6 23
a 1338 1300 0 9 27
a 1338 1222 0 4 45
a 1338 1243 0 2 40
a 1338 51 0 5 46
a 1338 1804 0 8 34
a 1338 645 0 6 12
a 1338 334 0 4 46
a 1338 343 0 6 37
a 1338 1677 0 7 26
a 1338 41 0 5 10
a 1338 1259 0 3 17
a 1338 2063 0 2 46
a 1338 1481 0 9 35
a 1338 2123 0 5 6
a 1338 1782 0 2 35
a 1338 2630 0 3 23
a 1350 2926 0 87 2
a 1350 2924 0 10 35
a 1350 2130 0 4 14
a 1350 840 0 9 33
a 1350 886 0 4 1
a 1350 2880 0 5 31
a 1350 2615 0 6 37
a 1350 2459 0 9 5
a 1350 2876 0 10 39
a 1350 596 0 10 29
a 1350 1012 0 5 26
a 1350 2589 0 8 2
a 1350 2124 0 9 30
a 1350 1116 0 10 4
a 1350 643 0 3 20
a 1350 1316 0 10 1
a 1376 1444 0 87 50
a 1376 787 0 1 7
a 1376 2963 0 4 45
a 1376 364 0 7 2
a 1376 769 0 4 4
a 1376 2549 0 8 45
a 1376 333 0 6 3
a 1376 93 0 5 15
a 1376 806 0 9 35
a 1376 1384 0 10 12
a 1376 90 0 5 50
a 1376 2102 0 5 25
a 1376 468 0 1 33
a 1376 657 0 5 44
a 1376 1318 0 3 3
a 1376 726 0 10 6
a 1396 2250 0 87 19
a 1396 162 0 3 41
a 1396 1205 0 2 29
a 1396 2174 0 2 4
a 1396 2467 0 8 17
a 1396 2197 0 2 41
a 1396 1719 0 4 27
a 1396 1504 0 3 23
a 1396 424 0 3 9
a 1396 1128 0 4 13
a 1396 135 0 9 40
a 1396 752 0 6 46
a 1396 2231 0 8 42
a 1396 2800 0 4 4
a 1396 1184 0 1 27
a 1396 2298 0 7 50
a 1396 547 0 3 12
a 1403 1828 0 87 50
a 1403 2236 0 2 14
a 1403 1575 0 4 12
a 1403 2547 0 8 5
a 1444 2983 0 87 33
a 1444 2063 0 7 50
a 1444 1475 0 9 1
a 1444 930 0 2 18
a 1444 1283 0 6 24
a 1444 562 0 1 12
a 1444 1024 0 4 27
a 1448 2138 0 87 49
a 1448 180 0 5 32
a 1448 2808 0 10 4
a 1481 2011 0 87 50
a 1481 598 0 1 9
a 1481 235 0 7 24
a 1481 2042 0 6 47
a 1481 2168 0 10 26
a 1481 732 0 4 12
a 1481 810 0 2 2
a 1481 2013 0 3 34
a 1481 2506 0 8 48
a 1481 349 0 10 33
a 1481 1456 0 4 40
a 1481 1363 0 7 14
a 1481 811 0 4 25
a 1481 2161 0 9 34
a 1487 2533 0 87 19
a 1487 2222 0 5 40
a 1487 588 0 10 38
a 1487 1640 0 1 44
a 1487 1671 0 5 48
a 1487 1684 0 2 20
a 1487 2610 0 4 46
a 1487 2681 0 8 5
a 1487 1412 0 1 26
a 1519 2021 0 87 18
a 1519 394 0 1 1
a 1519 192 0 9 11
a 1519 261 0 9 25
a 1519 553 0 6 4
a 1519 817 0 2 15
a 1519 1676 0 10 2
a 1519 2976 0 3 26
a 1519 1186 0 9 49
a 1519 1770 0 3 43
a 1519 2181 0 1 35
a 1558 1081 0 87 50
a 1558 2665 0 10 43
a 1558 1254 0 2 22
a 1558 2701 0 1 22
a 1558 1551 0 6 5
a 1558 887 0 8 12
a 1558 2361 0 7 8
a 1558 1632 0 3 14
a 1558 197 0 9 21
a 1558 1190 0 6 9
a 1558 2039 0 6 49
a 1558 962 0 7 33
a 1558 1151 0 8 7
a 1558 107 0 1 24
a 1558 2076 0 2 36
a 1558 2111 0 4 3
a 1558 1872 0 5 19
a 1558 1984 0 7 48
a 1581 911 0 87 50
a 1581 1013 0 10 7
a 1581 2057 0 9 29
a 1581 1897 0 3 13
a 1581 1707 0 2 38
a 1581 512 0 8 34
a 1581 2216 0 8 46
a 1581 1940 0 2 16
a 1581 2943 0 7 46
a 1581 1092 0 9 34
a 1581 2061 0 9 19
a 1581 1433 0 5 1
a 1581 234 0 8 15
a 1581 2917 0 2 2
a 1581 2073 0 10 47
a 1581 1178 0 10 6
a 1581 1536 0 4 12
a 1601 1760 0 87 46
a 1601 219 0 2 10
a 1601 774 0 3 32
a 1601 2046 0 5 13
a 1601 463 0 7 32
a 1601 1839 0 1 40
a 1601 2325 0 10 28
a 1601 829 0 10 43
a 1601 1346 0 2 10
a 1601 1315 0 4 13
a 1609 383 0 87 50
a 1609 550 0 5 38
a 1609 1648 0 7 43
a 1609 2975 0 10 31
a 1609 2791 0 6 5
a 1609 2115 0 4 39
a 1609 2341 0 9 4
a 1609 2876 0 5 39
a 1609 1978 0 7 13
a 1609 1246 0 10 13
a 1609 2446 0 3 3
a 1637 1857 0 87 39
a 1637 1761 0 2 10
a 1637 2769 0 10 1
a 1637 513 0 7 50
a 1637 2974 0 10 39
a 1637 1047 0 2 11
a 1637 220 0 4 42
a 1637 2446 0 1 39
a 1662 2378 0 87 25
a 1662 1213 0 10 25
a 1662 2310 0 2 27
a 1662 1474 0 9 3
a 1662 2216 0 9 33
a 1662 1228 0 2 13
a 1662 583 0 9 29
a 1662 2471 0 6 38
a 1662 2082 0 10 40
a 1662 2800 0 10 4
a 1662 857 0 6 9
a 1662 2890 0 5 47
a 1662 1799 0 3 8
a 1662 1639 0 9 49
a 1662 2478 0 2 29
a 1662 1718 0 2 28
a 1679 2747 0 87 25
a 1679 2349 0 5 37
a 1679 2587 0 1 23
a 1679 2449 0 7 35
a 1679 2833 0 7 41
a 1679 2212 0 3 43
a 1679 1886 0 1 17
a 1679 1155 0 3 38
a 1679 766 0 5 26
a 1679 2746 0 7 27
a 1679 68 0 6 47
a 1679 2755 0 1 11
a 1679 2888 0 3 1
a 1679 2591 0 4 28
a 1679 772 0 9 27
a 1679 1827 0 5 2
a 1699 1376 0 87 50
a 1699 2027 0 8 38
a 1699 2465 0 3 20
a 1699 2218 0 7 42
a 1699 189 0 1 26
a 1699 2413 0 9 15
a 1699 2357 0 1 36
a 1699 2338 0 3 14
a 1699 611 0 10 1
a 1699 252 0 3 11
a 1699 2365 0 2 3
a 1699 2467 0 2 2
a 1703 2113 0 87 25
a 1703 2846 0 9 13
a 1703 1169 0 7 42
a 1703 2479 0 9 8
a 1703 1606 0 2 6
a 1703 1564 0 1 11
a 1703 611 0 4 26
a 1703 2053 0 10 18
a 1703 2309 0 3 31
a 1703 568 0 4 32
a 1703 2318 0 6 28
a 1703 31 0 7 26
a 1724 2947 0 87 1
a 1724 760 0 5 36
a 1724 2908 0 2 27
a 1724 2805 0 8 49
a 1724 2654 0 10 25
a 1724 2047 0 9 38
a 1724 762 0 3 7
a 1724 1641 0 7 22
a 1724 965 0 7 47
a 1724 872 0 9 20
a 1724 366 0 3 11
a 1724 2050 0 1 21
a 1724 1022 0 10 17
a 1724 24 0 2 44
a 1724 2789 0 9 1
a 1754 543 0 87 50
a 1754 1914 0 6 48
a 1754 2201 0 7 50
a 1754 1225 0 3 43
a 1754 1784 0 3 48
a 1754 1380 0 2 44
a 1754 286 0 8 38
a 1754 174 0 1 7
a 1754 133 0 1 48
a 1754 2417 0 5 32
a 1754 2032 0 10 20
a 1754 1053 0 3 48
a 1754 1923 0 6 14
a 1754 669 0 9 21
a 1754 2623 0 3 25
a 1754 308 0 1 35
a 1760 1754 0 87 50
a 1760 1800 0 5 33
a 1760 1521 0 7 38
a 1760 2477 0 6 9
a 1760 1060 0 8 31
a 1760 2971 0 5 2
a 1760 758 0 9 40
a 1760 2896 0 6 47
a 1760 1221 0 6 33
a 1760 1743 0 3 13
a 1760 2084 0 9 40
a 1760 288 0 8 19
a 1760 1236 0 5 7
a 1760 1411 0 6 16
a 1760 1725 0 1 21
a 1760 1380 0 6 40
a 1760 1983 0 6 14
a 1828 2466 0 87 50
a 1828 2676 0 5 17
a 1828 1502 0 4 9
a 1828 504 0 7 6
a 1828 2391 0 3 34
a 1857 2569 0 87 50
a 1857 1429 0 2 42
a 1857 349 0 7 16
a 1857 712 0 10 9
a 1857 2796 0 3 49
a 1857 2821 0 3 10
a 1857 2196 0 7 10
a 1857 2578 0 9 24
a 1857 2820 0 2 5
a 1857 2958 0 2 44
a 1857 1642 0 2 6
a 1857 529 0 2 33
a 1857 1291 0 1 49
a 1857 1093 0 3 37
a 1857 1623 0 9 2
a 1857 2185 0 2 1
a 1857 2456 0 1 46
a 1862 2224 0 87 50
a 1862 1713 0 7 41
a 1862 2393 0 1 13
a 1862 2039 0 6 44
a 1862 2178 0 3 10
a 1862 2353 0 1 32
a 1862 2844 0 9 34
a 1862 1920 0 3 22
a 1910 2382 0 87 24
a 1910 440 0 1 18
a 1910 1968 0 6 10
a 1910 1448 0 4 25
a 1910 1011 0 4 14
a 1910 1797 0 8 7
a 1910 527 0 5 31
a 1910 1515 0 9 30
a 1910 912 0 4 31
a 1910 50 0 10 45
a 1910 1602 0 9 18
a 1910 758 0 5 41
a 1959 2989 0 87 27
a 1959 2670 0 2 35
a 1959 2519 0 6 12
a 1959 502 0 10 27
a 1959 2775 0 3 49
a 1959 414 0 1 11
a 1973 1118 0 87 50
a 1973 2817 0 5 13
a 1985 621 0 87 23
a 1985 195 0 1 50
a 1985 23 0 2 44
a 1985 914 0 8 49
a 1985 2468 0 8 50
a 1985 610 0 8 17
a 2011 1679 0 87 14
a 2011 859 0 5 4
a 2011 2711 0 8 37
a 2011 2081 0 9 13
a 2011 89 0 2 50
a 2011 2339 0 7 19
a 2011 2001 0 6 12
a 2011 1467 0 7 31
a 2011 397 0 7 48
a 2011 2621 0 4 36
a 2011 710 0 9 42
a 2011 2531 0 9 29
a 2019 941 0 87 16
a 2019 1809 0 5 33
a 2019 340 0 9 49
a 2019 587 0 9 39
a 2019 2883 0 8 6
a 2019 1603 0 2 41
a 2019 2595 0 8 20
a 2019 2968 0 2 17
a 2021 83 0 87 50
a 2021 1951 0 5 17
a 2021 1542 0 6 18
a 2021 1595 0 1 33
a 2021 1817 0 10 16
a 2021 2632 0 8 38
a 2021 2585 0 8 32
a 2021 1031 0 7 1
a 2021 752 0 3 50
a 2021 1500 0 2 46
a 2021 2785 0 3 29
a 2021 383 0 5 3
a 2021 663 0 6 44
a 2021 1564 0 1 25
a 2091 1218 0 87 50
a 2091 1219 0 5 50
a 2092 71 0 87 50
a 2092 1883 0 9 13
a 2092 2269 0 8 2
a 2113 909 0 87 50
a 2113 2932 0 5 20
a 2113 89 0 5 44
a 2113 1319 0 4 5
a 2113 2823 0 7 22
a 2113 492 0 3 3
a 2113 2601 0 5 1
a 2113 1185 0 4 44
a 2113 2660 0 10 43
a 2113 446 0 2 22
a 2113 1082 0 1 45
a 2113 1584 0 4 24
a 2113 1859 0 5 2
a 2113 384 0 4 25
a 2113 539 0 8 32
a 2113 449 0 5 44
a 2125 1197 0 87 50
a 2125 772 0 3 12
a 2125 896 0 6 23
a 2125 1477 0 4 13
a 2125 64 0 10 17
a 2125 2773 0 10 50
a 2138 2886 0 87 41
a 2138 2399 0 3 16
a 2138 1011 0 10 19
a 2138 1337 0 5 4
a 2138 65 0 3 49
a 2138 483 0 6 30
a 2138 549 0 2 5
a 2138 641 0 2 46
a 2138 530 0 6 48
a 2138 1960 0 9 25
a 2138 940 0 3 46
a 2138 2575 0 2 22
a 2138 2073 0 6 15
a 2138 306 0 6 23
a 2138 1324 0 8 34
a 2148 2666 0 87 18
a 2148 978 0 1 45
a 2148 159 0 3 37
a 2148 1349 0 5 2
a 2148 1078 0 2 6
a 2148 2317 0 10 24
a 2158 2999 0 87 31
a 2158 2944 0 87 50
a 2158 402 0 9 23
a 2158 2979 0 6 46
a 2158 2592 0 5 27
a 2158 2344 0 10 13
a 2158 1336 0 10 2
a 2158 1179 0 4 9
a 2158 2715 0 9 41
a 2195 1519 0 87 38
a 2195 640 0 3 21
a 2195 1988 0 3 12
a 2195 1259 0 8 47
a 2195 2928 0 6 30
a 2195 68 0 3 1
a 2195 1920 0 9 43
a 2195 1291 0 1 18
a 2195 510 0 7 11
a 2195 2961 0 9 38
a 2195 110 0 2 28
a 2195 2075 0 2 2
a 2195 1498 0 7 16
a 2195 1467 0 8 7
a 2195 2589 0 2 4
a 2203 2654 0 87 50
a 2203 2051 0 4 32
a 2203 2271 0 2 47
a 2203 264 0 1 31
a 2224 2641 0 87 50
a 2224 1170 0 10 23
a 2224 667 0 3 4
a 2224 722 0 4 25
a 2224 1908 0 10 25
a 2224 2636 0 5 17
a 2224 2034 0 3 31
a 2227 296 0 87 29
a 2227 2702 0 2 47
a 2227 2336 0 1 19
a 2227 1626 0 3 12
a 2236 1193 0 87 50
a 2236 1670 0 10 18
a 2236 1201 0 5 36
a 2236 2168 0 2 47
a 2236 2301 0 3 7
a 2236 702 0 1 21
a 2236 2046 0 5 3
a 2236 150 0 4 11
a 2236 1543 0 3 37
a 2236 2948 0 6 20
a 2236 2125 0 2 23
a 2236 1143 0 7 7
a 2236 2631 0 7 43
a 2236 1849 0 6 28
a 2236 931 0 9 41
a 2250 1286 0 87 50
a 2250 1870 0 6 28
a 2250 2079 0 9 25
a 2250 2726 0 3 41
a 2250 869 0 2 1
a 2250 1642 0 9 7
a 2250 1031 0 8 18
a 2282 294 0 87 50
a 2282 2850 0 10 36
a 2282 562 0 4 21
a 2282 863 0 1 2
a 2282 2157 0 2 6
a 2290 1195 0 87 45
a 2290 369 0 5 48
a 2290 1490 0 6 43
a 2290 1212 0 7 31
a 2290 2108 0 10 22
a 2290 2441 0 1 34
a 2290 2948 0 7 28
a 2290 1584 0 3 43
a 2290 2403 0 10 4
a 2290 1141 0 1 14
a 2290 1352 0 3 7
a 2290 828 0 8 15
a 2290 184 0 3 48
a 2290 44 0 1 42
a 2290 1396 0 6 13
a 2290 2064 0 4 21
a 2290 508 0 2 4
a 2323 272 0 87 50
a 2323 957 0 4 8
a 2323 2124 0 9 27
a 2323 1738 0 8 48
a 2323 1285 0 10 32
a 2323 274 0 1 8
a 2323 1090 0 1 19
a 2323 1191 0 8 49
a 2323 97 0 10 42
a 2323 2343 0 9 23
a 2323 539 0 1 39
a 2323 2312 0 6 44
a 2323 267 0 7 5
a 2323 1897 0 10 32
a 2356 1017 0 87 50
a 2356 662 0 4 41
a 2356 2200 0 2 18
a 2356 1871 0 7 18
a 2356 640 0 8 3
a 2356 1024 0 3 44
a 2356 906 0 10 9
a 2360 165 0 87 50
a 2360 1708 0 10 10
a 2360 1080 0 8 23
a 2378 1403 0 87 50
a 2378 2181 0 9 42
a 2378 2413 0 2 36
a 2378 724 0 3 41
a 2378 2054 0 6 21
a 2378 1783 0 4 5
a 2378 651 0 4 16
a 2382 2629 0 87 28
a 2382 876 0 4 41
a 2382 292 0 2 34
a 2382 438 0 10 18
a 2382 2626 0 1 16
a 2382 952 0 5 26
a 2382 2113 0 2 37
a 2382 2180 0 7 45
a 2382 1098 0 10 6
a 2382 2841 0 6 15
a 2382 1609 0 8 38
a 2382 1398 0 4 33
a 2382 504 0 10 46
a 2382 1747 0 3 26
a 2382 909 0 3 15
a 2382 802 0 2 14
a 2382 2030 0 2 41
a 2424 2792 0 87 50
a 2424 682 0 1 47
a 2424 2950 0 9 27
a 2424 833 0 7 32
a 2424 746 0 10 38
a 2424 1142 0 6 24
a 2424 195 0 6 1
a 2424 1182 0 1 37
a 2433 2965 0 87 13
a 2433 478 0 2 30
a 2433 41 0 9 6
a 2433 931 0 4 13
a 2433 1381 0 1 13
a 2443 2527 0 87 38
a 2443 2017 0 5 36
a 2443 485 0 3 50
a 2443 2208 0 6 38
a 2443 2081 0 6 31
a 2443 2836 0 1 37
a 2443 2987 0 5 31
a 2443 2901 0 8 15
a 2443 397 0 3 19
a 2443 1002 0 1 49
a 2443 901 0 4 2
a 2445 1230 0 87 50
a 2445 1374 0 2 43
a 2445 2234 0 7 31
a 2445 2127 0 2 20
a 2445 955 0 7 14
a 2445 244 0 3 38
a 2445 236 0 10 17
a 2453 1637 0 87 50
a 2453 979 0 7 41
a 2453 2759 0 2 24
a 2453 1287 0 10 6
a 2453 856 0 3 15
a 2453 289 0 7 23
a 2453 27 0 7 21
a 2466 653 0 87 28
a 2466 2195 0 5 35
a 2466 1460 0 8 33
a 2466 330 0 3 49
a 2466 2988 0 9 47
a 2466 1885 0 8 50
a 2466 2564 0 6 7
a 2466 2794 0 6 1
a 2466 429 0 3 25
a 2466 1108 0 10 8
a 2480 961 0 87 38
a 2480 762 0 8 49
a 2480 787 0 7 38
a 2480 2701 0 8 29
a 2480 2215 0 5 7
a 2480 1489 0 10 20
a 2480 1429 0 10 35
a 2480 1781 0 9 3
a 2480 1334 0 4 25
a 2480 1262 0 2 32
a 2502 1350 0 87 50
a 2502 785 0 5 38
a 2502 165 0 8 8
a 2505 2551 0 87 50
a 2505 915 0 10 13
a 2505 2565 0 8 18
a 2505 508 0 6 13
a 2505 992 0 9 47
a 2505 626 0 1 43
a 2505 1036 0 6 44
a 2505 2220 0 4 25
a 2505 1344 0 10 20
a 2505 516 0 6 50
a 2512 1662 0 87 50
a 2512 524 0 2 1
a 2512 2450 0 5 10
a 2512 2654 0 7 15
a 2512 1941 0 10 35
a 2512 2875 0 5 19
a 2512 2443 0 4 29
a 2512 372 0 4 1
a 2512 890 0 2 33
a 2512 2409 0 2 34
a 2512 1829 0 4 18
a 2512 239 0 4 23
a 2512 766 0 10 23
a 2527 1985 0 87 49
a 2527 2670 0 2 42
a 2527 2077 0 1 9
a 2527 1857 0 8 13
a 2527 2134 0 7 38
a 2527 2231 0 4 34
a 2527 2655 0 4 27
a 2527 2962 0 4 45
a 2527 2941 0 4 4
a 2527 1756 0 10 9
a 2527 2412 0 9 37
a 2527 889 0 5 36
a 2533 2092 0 87 31
a 2533 2052 0 8 14
a 2533 2163 0 5 23
a 2533 776 0 6 29
a 2533 320 0 6 7
a 2533 1035 0 5 50
a 2533 2926 0 5 23
a 2533 1544 0 3 33
a 2536 2019 0 87 25
a 2536 1935 0 9 4
a 2536 798 0 5 2
a 2536 463 0 6 31
a 2536 2178 0 3 16
a 2536 1600 0 10 1
a 2536 1280 0 1 44
a 2536 849 0 2 11
a 2536 109 0 9 23
a 2536 153 0 1 12
a 2536 2172 0 3 35
a 2536 2651 0 2 45
a 2536 314 0 3 38
a 2536 2834 0 2 22
a 2536 369 0 4 9
a 2536 2621 0 3 31
a 2536 2631 0 7 6
a 2551 1724 0 87 50
a 2551 545 0 1 29
a 2551 2518 0 3 29
a 2551 2243 0 2 21
a 2551 1754 0 7 46
a 2551 116 0 6 40
a 2551 67 0 8 21
a 2551 678 0 6 43
a 2551 1357 0 5 3
a 2551 2927 0 1 49
a 2551 1798 0 5 19
a 2551 1909 0 9 45
a 2551 1193 0 2 13
a 2551 1748 0 2 10
a 2551 1530 0 6 25
a 2569 519 0 87 50
a 2569 1802 0 4 15
a 2569 1420 0 9 39
a 2569 1725 0 1 43
a 2569 1256 0 10 14
a 2576 485 0 87 50
a 2576 896 0 8 32
a 2576 135 0 5 3
a 2576 2439 0 3 7
a 2577 1212 0 87 1
a 2577 2116 0 5 42
a 2577 684 0 7 41
a 2577 2522 0 10 43
a 2577 1254 0 2 44
a 2577 1002 0 6 22
a 2577 2644 0 7 7
a 2577 2103 0 1 32
a 2586 1054 0 87 50
a 2586 840 0 8 14
a 2586 717 0 1 50
a 2586 1398 0 6 15
a 2586 472 0 4 34
a 2586 1255 0 9 29
a 2586 348 0 7 7
a 2586 2970 0 1 48
a 2586 953 0 5 9
a 2586 249 0 7 48
a 2586 1245 0 8 37
a 2612 1189 0 87 50
a 2612 1841 0 6 22
a 2612 2683 0 3 22
a 2612 1974 0 10 44
a 2612 118 0 10 25
a 2612 797 0 9 3
a 2612 1342 0 1 11
a 2612 1536 0 1 42
a 2612 1253 0 5 17
a 2612 1151 0 4 9
a 2612 207 0 10 13
a 2612 1743 0 6 35
a 2612 1735 0 2 14
a 2623 1959 0 87 18
a 2623 230 0 5 4
a 2623 164 0 4 50
a 2623 716 0 10 34
a 2623 374 0 2 20
a 2623 267 0 3 15
a 2623 1733 0 1 46
a 2623 2463 0 6 13
a 2623 2548 0 7 44
a 2623 1101 0 6 48
a 2623 260 0 1 31
a 2623 2197 0 10 4
a 2623 2903 0 5 11
a 2623 1794 0 7 19
a 2629 513 0 87 50
a 2629 2177 0 6 27
a 2629 1250 0 6 27
a 2629 1436 0 10 14
a 2629 373 0 9 28
a 2629 2696 0 5 39
a 2629 2838 0 9 15
a 2629 189 0 9 45
a 2629 2707 0 8 29
a 2629 1169 0 4 32
a 2629 108 0 10 19
a 2629 2534 0 2 9
a 2629 1193 0 10 16
a 2629 566 0 3 33
a 2629 2488 0 5 28
a 2629 2817 0 1 36
a 2641 2693 0 87 50
a 2641 2140 0 4 15
a 2641 1713 0 8 21
a 2641 2568 0 7 43
a 2641 1462 0 8 13
a 2641 401 0 7 26
a 2641 1366 0 9 31
a 2641 497 0 7 12
a 2649 2445 0 87 50
a 2649 2270 0 8 36
a 2649 694 0 2 19
a 2649 1702 0 5 11
a 2649 2852 0 1 3
a 2649 1671 0 3 15
a 2649 1117 0 10 12
a 2649 1311 0 6 8
a 2651 486 0 87 43
a 2651 291 0 6 36
a 2651 197 0 4 8
a 2654 2148 0 87 20
a 2654 1525 0 5 41
a 2654 1225 0 10 20
a 2654 1876 0 6 27
a 2666 915 0 87 50
a 2666 2973 0 9 9
a 2666 1156 0 1 5
a 2666 1743 0 8 46
a 2666 2721 0 9 36
a 2677 2512 0 87 50
a 2677 2801 0 10 41
a 2677 243 0 6 18
a 2677 732 0 1 43
a 2677 264 0 2 31
a 2685 2946 0 87 17
a 2685 239 0 3 6
a 2685 645 0 4 28
a 2685 2477 0 5 49
a 2685 2722 0 9 9
a 2685 1217 0 5 32
a 2685 1051 0 9 38
a 2685 2972 0 5 28
a 2685 830 0 5 36
a 2685 1434 0 1 6
a 2685 2004 0 4 28
a 2685 1830 0 4 34
a 2685 1873 0 10 23
a 2685 2911 0 10 35
a 2692 443 0 87 21
a 2692 162 0 9 13
a 2692 1452 0 3 30
a 2692 2587 0 9 19
a 2692 1560 0 10 34
a 2693 877 0 87 50
a 2693 1581 0 1 15
a 2693 1073 0 2 14
a 2693 457 0 5 13
a 2693 2227 0 8 41
a 2693 1439 0 2 23
a 2693 1979 0 5 39
a 2693 1546 0 10 8
a 2713 2356 0 87 50
a 2713 1746 0 9 27
a 2713 2469 0 2 36
a 2713 2522 0 1 24
a 2713 1022 0 9 11
a 2721 1581 0 87 43
a 2721 1639 0 6 29
a 2721 1469 0 3 16
a 2721 87 0 9 8
a 2721 2312 0 6 50
a 2741 68 0 87 48
a 2741 2155 0 1 41
a 2747 1609 0 87 48
a 2747 2473 0 7 13
a 2747 1515 0 5 6
a 2747 186 0 8 31
a 2747 1578 0 6 35
a 2753 605 0 87 12
a 2753 111 0 9 50
a 2753 2722 0 4 23
a 2753 1975 0 10 39
a 2753 2156 0 4 37
a 2753 2078 0 2 50
a 2753 2309 0 2 4
a 2753 2839 0 9 34
a 2753 2248 0 9 34
a 2753 56 0 3 48
a 2771 2713 0 87 24
a 2771 2313 0 6 9
a 2771 285 0 3 15
a 2771 846 0 4 36
a 2771 2010 0 4 28
a 2771 2789 0 8 17
a 2771 1741 0 2 1
a 2771 2069 0 7 19
a 2771 705 0 7 32
a 2771 1587 0 2 34
a 2771 966 0 9 46
a 2771 125 0 9 20
a 2786 2091 0 87 50
a 2786 983 0 9 2
a 2786 1591 0 1 12
a 2786 313 0 8 18
a 2786 2671 0 6 32
a 2786 2650 0 5 35
a 2786 1577 0 5 35
a 2786 1923 0 10 25
a 2786 2591 0 10 45
a 2786 2738 0 2 5
a 2786 1255 0 1 15
a 2786 2936 0 8 38
a 2786 247 0 1 26
a 2788 281 0 87 17
a 2788 2490 0 8 6
a 2788 764 0 2 18
a 2788 2250 0 1 11
a 2788 2610 0 10 17
a 2788 1831 0 2 30
a 2788 1955 0 4 33
a 2788 1200 0 4 47
a 2788 1304 0 3 5
a 2788 425 0 10 48
a 2788 1910 0 3 34
a 2788 2336 0 2 22
a 2788 1116 0 2 13
a 2788 1939 0 5 47
a 2788 609 0 4 37
a 2792 353 0 87 3
a 2792 2320 0 4 25
a 2792 1421 0 6 42
a 2792 2593 0 10 40
a 2792 2037 0 5 39
a 2792 2046 0 3 15
a 2792 737 0 6 1
a 2792 438 0 6 6
a 2792 28 0 10 31
a 2792 24 0 3 7
a 2792 1140 0 1 31
a 2792 654 0 4 46
a 2792 1869 0 5 7
a 2792 544 0 6 22
a 2792 966 0 2 46
a 2792 971 0 10 40
a 2859 2753 0 87 7
a 2859 690 0 4 44
a 2859 498 0 6 49
a 2859 1893 0 7 47
a 2859 205 0 4 17
a 2859 2535 0 4 40
a 2859 1585 0 5 48
a 2859 1250 0 2 42
a 2859 610 0 2 37
a 2859 1500 0 1 40
a 2859 951 0 8 9
a 2859 2117 0 6 28
a 2859 602 0 3 47
a 2859 2934 0 1 10
a 2859 1839 0 1 10
a 2859 371 0 1 41
a 2881 392 0 87 50
a 2881 431 0 4 43
a 2881 2937 0 9 4
a 2881 438 0 2 21
a 2881 942 0 8 11
a 2881 173 0 1 9
a 2881 1052 0 1 24
a 2881 1765 0 10 33
a 2881 2670 0 6 6
a 2881 1228 0 7 16
a 2881 732 0 5 12
a 2881 1262 0 3 15
a 2881 1179 0 3 48
a 2881 2367 0 2 33
a 2886 2692 0 87 50
a 2886 349 0 7 7
a 2886 1316 0 10 25
a 2886 2625 0 10 29
a 2886 558 0 3 2
a 2886 2125 0 8 35
a 2886 548 0 2 18
a 2886 1673 0 7 36
a 2886 2095 0 6 15
a 2886 2475 0 5 4
a 2886 2820 0 7 25
a 2886 2503 0 6 25
a 2886 2233 0 9 25
a 2886 1949 0 3 33
a 2926 187 0 87 11
a 2926 2587 0 6 32
a 2926 2101 0 7 18
a 2944 172 0 87 50
a 2944 1815 0 10 8
a 2944 1153 0 3 48
a 2944 657 0 5 27
a 2944 1670 0 7 41
a 2944 1174 0 5 40
a 2944 1466 0 2 5
a 2944 435 0 9 36
a 2944 2549 0 6 37
a 2944 189 0 10 25
a 2944 2323 0 8 34
a 2944 139 0 10 15
a 2944 1725 0 2 17
a 2944 523 0 6 50
a 2944 1037 0 7 18
a 2946 702 0 87 16
a 2946 1418 0 8 34
a 2946 398 0 4 45
a 2947 650 0 87 25
a 2947 2233 0 7 10
a 2947 1060 0 9 9
a 2965 1487 0 87 1
a 2965 81 0 8 14
a 2965 1218 0 1 15
a 2983 524 0 87 24
a 2983 466 0 10 34
a 2983 1757 0 6 29
a 2983 935 0 10 11
a 2983 2680 0 3 4
a 2983 383 0 10 46
a 2983 783 0 3 18
a 2983 110 0 2 49
a 2983 2193 0 8 11
a 2983 915 0 6 39
a 2983 2850 0 8 24
a 2983 1569 0 2 27
a 2983 717 0 3 6
a 2983 2651 0 3 42
a 2983 2448 0 6 14
a 14 439 0 625 11
a 14 547 0 3 23
a 14 310 0 8 24
a 14 594 0 10 24
a 14 2043 0 8 5
a 14 2949 0 4 10
a 14 2313 0 10 13
a 14 247 0 8 43
a 14 72 0 9 8
a 14 149 0 2 43
a 14 473 0 1 20
a 14 1540 0 3 24
a 14 1669 0 7 33
a 14 2222 0 2 20
a 14 1491 0 1 33
a 14 1769 0 5 19
a 14 1415 0 8 34
a 28 330 0 625 13
a 28 1967 0 3 19
a 28 2096 0 9 33
a 28 2729 0 8 47
a 28 1714 0 8 35
a 28 898 0 2 1
a 31 1179 0 625 20
a 31 2065 0 8 41
a 31 2586 0 7 42
a 31 2691 0 1 14
a 31 108 0 6 12
a 31 25 0 8 32
a 31 299 0 5 42
a 31 2085 0 2 17
a 43 2078 0 625 50
a 43 595 0 3 27
a 43 2271 0 3 42
a 43 614 0 9 20
a 54 1914 0 625 50
a 54 94 0 1 8
a 54 683 0 6 2
a 54 2091 0 3 6
a 54 1597 0 4 31
a 54 2579 0 5 38
a 54 578 0 7 47
a 54 2789 0 10 39
a 54 1956 0 1 17
a 54 1623 0 1 39
a 54 1293 0 10 41
a 54 2204 0 3 8
a 58 413 0 625 21
a 58 668 0 7 12
a 58 1180 0 6 10
a 59 2185 0 625 2
a 59 705 0 5 48
a 59 592 0 2 24
a 59 1827 0 2 15
a 59 2978 0 8 45
a 59 1695 0 4 12
a 59 2733 0 3 3
a 59 2306 0 7 36
a 69 2827 0 625 50
a 69 973 0 10 41
a 77 429 0 625 25
a 77 945 0 3 48
a 77 2358 0 9 13
a 77 2388 0 6 25
a 77 328 0 6 31
a 77 1861 0 10 46
a 77 299 0 1 8
a 77 1525 0 5 30
a 77 303 0 4 8
a 122 430 0 625 50
a 122 275 0 5 15
a 122 569 0 9 14
a 122 1402 0 5 31
a 122 217 0 4 17
a 122 194 0 10 3
a 122 1027 0 8 3
a 122 1002 0 5 41
a 122 2415 0 9 14
a 122 2385 0 6 38
a 122 1880 0 5 33
a 122 1333 0 9 19
a 122 1277 0 4 5
a 122 2573 0 1 40
a 145 1324 0 625 30
a 145 183 0 3 23
a 145 861 0 7 45
a 145 1498 0 4 48
a 145 992 0 9 37
a 145 535 0 4 40
a 145 715 0 3 27
a 145 1189 0 6 36
a 145 626 0 7 39
a 145 1295 0 6 28
a 156 69 0 625 40
a 156 741 0 8 36
a 156 626 0 6 45
a 156 1061 0 6 22
a 156 2699 0 8 44
a 156 2624 0 2 39
a 156 439 0 7 40
a 156 1046 0 7 34
a 156 460 0 6 29
a 156 491 0 2 7
a 156 1775 0 1 20
a 156 2020 0 4 23
a 156 678 0 10 33
a 156 976 0 7 29
a 156 1694 0 10 44
a 156 1394 0 9 5
a 156 1067 0 1 43
a 156 965 0 8 9
a 168 1261 0 625 1
a 168 1651 0 6 20
a 168 2292 0 2 48
a 168 2657 0 6 36
a 168 701 0 6 46
a 168 1435 0 2 11
a 168 2888 0 5 8
a 168 2157 0 10 49
a 168 2691 0 4 48
a 168 2988 0 4 46
a 170 1326 0 625 32
a 170 2981 0 1 33
a 170 2306 0 6 6
a 170 935 0 4 29
a 170 406 0 8 27
a 170 135 0 5 7
a 170 2806 0 2 48
a 195 1571 0 625 21
a 195 1839 0 4 35
a 195 665 0 7 22
a 204 386 0 625 4
a 204 2829 0 6 13
a 204 2754 0 2 22
a 204 2449 0 8 13
a 204 1952 0 8 12
a 204 130 0 3 30
a 204 83 0 1 34
a 212 435 0 625 50
a 212 1365 0 6 42
a 212 2702 0 10 35
a 212 1529 0 4 13
a 212 1381 0 9 46
a 212 1905 0 8 27
a 212 2189 0 10 4
a 259 450 0 625 50
a 259 46 0 1 49
a 259 2859 0 4 6
a 259 2502 0 3 24
a 259 25 0 9 45
a 259 1023 0 2 11
a 259 2256 0 7 3
a 259 759 0 6 50
a 275 1185 0 625 50
a 275 2730 0 7 35
a 275 665 0 5 13
a 275 975 0 1 42
a 275 95 0 3 46
a 275 1515 0 7 20
a 275 642 0 9 36
a 275 1416 0 4 13
a 275 1402 0 3 34
a 275 1205 0 2 30
a 275 2328 0 10 32
a 304 204 0 625 48
a 304 164 0 10 3
a 304 2939 0 3 40
a 330 1398 0 625 50
a 330 2653 0 8 1
a 330 947 0 1 28
a 330 2275 0 7 1
a 330 290 0 6 36
a 330 2671 0 3 25
a 330 1870 0 10 50
a 330 1290 0 2 41
a 330 2169 0 9 17
a 330 878 0 5 35
a 330 2016 0 9 12
a 330 1267 0 1 46
a 330 844 0 5 16
a 330 2845 0 5 44
a 332 2026 0 625 50
a 332 182 0 5 15
a 332 2817 0 5 31
a 332 2355 0 1 40
a 332 915 0 5 33
a 332 1564 0 2 43
a 338 952 0 625 15
a 338 1015 0 2 20
a 338 1388 0 7 29
a 338 336 0 1 23
a 338 616 0 1 48
a 338 879 0 2 9
a 341 1753 0 625 27
a 341 1994 0 9 39
a 341 2582 0 3 9
a 341 2715 0 4 34
a 341 2223 0 8 39
a 341 993 0 8 28
a 341 1215 0 3 35
a 343 555 0 625 26
a 343 1261 0 3 25
a 343 1079 0 9 50
a 343 1961 0 9 30
a 343 1643 0 1 37
a 343 2645 0 8 44
a 343 2588 0 6 36
a 343 605 0 10 33
a 360 1901 0 625 42
a 360 1825 0 3 42
a 360 2196 0 3 8
a 360 870 0 1 12
a 360 1463 0 7 46
a 360 642 0 7 26
a 360 139 0 6 27
a 376 660 0 625 4
a 376 555 0 3 13
a 376 1076 0 8 36
a 376 1720 0 8 38
a 376 2179 0 6 4
a 376 2114 0 10 27
a 376 1826 0 2 5
a 376 1005 0 8 19
a 376 2713 0 4 31
a 376 2646 0 6 5
a 376 905 0 8 20
a 376 1694 0 8 44
a 386 1815 0 625 8
a 386 2136 0 6 37
a 386 1190 0 3 49
a 386 2764 0 3 1
a 413 2737 0 625 50
a 413 1429 0 3 18
a 429 1023 0 625 26
a 429 2317 0 2 50
a 430 2656 0 625 30
a 430 2947 0 6 33
a 430 230 0 10 21
a 430 2587 0 6 44
a 430 197 0 7 34
a 430 2202 0 9 33
a 430 1208 0 1 9
a 430 1602 0 8 43
a 430 2404 0 4 50
a 430 1665 0 7 20
a 430 2057 0 6 32
a 430 299 0 3 50
a 430 1737 0 1 39
a 433 1729 0 625 50
a 433 793 0 5 27
a 433 439 0 8 43
a 433 2706 0 6 27
a 433 799 0 4 19
a 433 279 0 6 47
a 433 960 0 9 41
a 433 1245 0 6 25
a 433 1110 0 1 3
a 433 1209 0 1 18
a 435 2777 0 625 50
a 435 1690 0 10 33
a 435 2635 0 6 39
a 435 2176 0 9 42
a 435 2952 0 3 24
a 435 510 0 8 47
a 435 2253 0 9 13
a 435 2024 0 3 38
a 435 2254 0 2 14
a 435 1215 0 8 30
a 435 642 0 6 5
a 435 1128 0 1 24
a 435 432 0 10 10
a 435 1635 0 4 3
a 435 828 0 3 42
a 435 2202 0 5 25
a 438 360 0 625 50
a 438 2104 0 7 11
a 438 2786 0 6 18
a 438 1776 0 7 20
a 438 2733 0 10 27
a 438 2039 0 9 42
a 438 706 0 1 34
a 439 1259 0 625 3
a 439 58 0 2 41
a 439 2191 0 3 14
a 439 2649 0 1 3
a 439 1783 0 9 21
a 439 568 0 8 47
a 439 2895 0 1 28
a 440 1483 0 625 9
a 440 2741 0 6 13
a 440 24 0 4 17
a 440 570 0 10 30
a 440 2295 0 3 47
a 440 495 0 7 38
a 440 2600 0 6 49
a 440 712 0 7 2
a 440 1061 0 4 32
a 440 2371 0 10 14
a 440 1109 0 4 48
a 440 2621 0 4 45
a 447 2847 0 625 50
a 447 726 0 4 39
a 449 1041 0 625 50
a 449 214 0 3 28
a 449 917 0 7 2
a 449 768 0 10 13
a 449 1253 0 1 41
a 449 2051 0 10 47
a 449 1895 0 2 24
a 449 322 0 9 19
a 450 2924 0 625 38
a 450 529 0 2 6
a 450 235 0 10 26
a 450 2377 0 8 43
a 450 2682 0 4 28
a 450 2880 0 2 21
a 450 129 0 1 8
a 450 1994 0 4 10
a 450 1518 0 10 44
a 450 1895 0 10 37
a 450 2715 0 3 32
a 450 1570 0 4 42
a 450 2638 0 5 7
a 450 304 0 1 49
a 450 2923 0 7 24
a 450 2128 0 7 19
a 477 1262 0 625 50
a 477 2981 0 8 28
a 477 1146 0 3 8
a 477 2191 0 9 23
a 477 2638 0 6 38
a 477 1747 0 10 31
a 477 1022 0 1 44
a 477 1859 0 3 45
a 477 1218 0 5 26
a 477 1207 0 8 24
a 477 2652 0 10 36
a 477 1332 0 3 4
a 477 570 0 3 9
a 479 905 0 625 15
a 479 956 0 3 21
a 479 2057 0 5 10
a 479 139 0 7 37
a 479 20 0 4 43
a 479 1066 0 9 23
a 479 2082 0 10 18
a 487 998 0 625 17
a 487 1072 0 8 14
a 487 1049 0 8 33
a 487 2909 0 4 48
a 487 327 0 4 9
a 487 734 0 5 1
a 514 1507 0 625 50
a 514 2965 0 3 17
a 514 1977 0 4 34
a 514 2205 0 7 9
a 514 590 0 9 45
a 514 1153 0 6 36
a 514 2698 0 6 6
a 514 2778 0 1 24
a 514 2946 0 5 37
a 514 434 0 5 36
a 514 1246 0 1 37
a 514 138 0 3 28
a 514 1229 0 9 14
a 531 805 0 625 30
a 531 1434 0 4 19
a 531 1645 0 5 12
a 531 2881 0 3 14
a 531 2103 0 1 34
a 532 2180 0 625 50
a 532 854 0 4 49
a 532 1077 0 7 2
a 532 150 0 9 45
a 532 2155 0 7 8
a 532 2572 0 8 10
a 532 1641 0 1 12
a 532 2991 0 4 38
a 542 2543 0 625 21
a 542 2690 0 5 37
a 555 1587 0 625 49
a 555 2047 0 2 4
a 555 2328 0 6 48
a 555 2939 0 5 5
a 555 2539 0 10 25
a 555 475 0 7 26
a 555 1452 0 4 29
a 559 2852 0 625 34
a 559 1776 0 9 27
a 559 2940 0 2 21
a 559 2854 0 8 15
a 559 1915 0 10 15
a 559 2047 0 7 13
a 565 2772 0 625 25
a 565 1311 0 10 45
a 566 1238 0 625 50
a 566 2833 0 7 37
a 566 2411 0 2 34
a 587 638 0 625 50
a 587 27 0 8 5
a 587 676 0 3 30
a 587 2050 0 1 30
a 587 2680 0 9 37
a 587 1353 0 2 23
a 587 1436 0 1 17
a 590 487 0 625 31
a 590 639 0 10 34
a 590 642 0 3 35
a 590 1393 0 7 16
a 590 85 0 2 34
a 590 1375 0 9 47
a 590 1443 0 10 23
a 590 704 0 3 44
a 590 2438 0 10 23
a 590 2945 0 7 33
a 590 2303 0 3 16
a 590 1793 0 1 19
a 590 1057 0 7 30
a 606 1971 0 625 27
a 606 918 0 1 49
a 606 2928 0 4 12
a 606 686 0 3 10
a 606 1278 0 9 50
a 606 1779 0 7 50
a 638 839 0 625 50
a 638 436 0 6 11
a 638 608 0 9 32
a 638 2083 0 4 28
a 655 1800 0 625 47
a 655 481 0 2 29
a 655 433 0 2 41
a 655 319 0 1 32
a 655 2569 0 9 33
a 655 2270 0 3 34
a 655 1233 0 3 16
a 655 1642 0 9 46
a 655 2470 0 5 45
a 655 787 0 1 27
a 655 231 0 4 48
a 655 2728 0 4 22
a 655 788 0 10 31
a 655 1672 0 4 21
a 655 1629 0 6 46
a 660 1887 0 625 50
a 660 49 0 2 26
a 660 925 0 5 36
a 660 2608 0 7 35
a 660 2571 0 7 38
a 660 2613 0 1 27
a 660 1620 0 3 21
a 660 339 0 5 12
a 660 387 0 10 22
a 660 2717 0 2 1
a 660 2762 0 5 15
a 660 1089 0 9 4
a 660 1111 0 4 12
a 660 269 0 3 38
a 660 1479 0 1 37
a 660 2025 0 8 16
a 660 2996 0 4 36
a 661 2376 0 625 50
a 661 1756 0 2 41
a 661 53 0 8 40
a 661 41 0 3 23
a 661 1717 0 9 37
a 661 1381 0 6 49
a 661 317 0 2 15
a 661 2558 0 7 6
a 661 1261 0 5 39
a 661 1487 0 4 24
a 661 1505 0 1 33
a 661 1711 0 1 23
a 667 682 0 625 50
a 667 1575 0 9 17
a 667 1473 0 10 26
a 667 1956 0 3 39
a 667 2370 0 3 11
a 667 2189 0 9 15
a 667 1127 0 8 45
a 667 220 0 4 46
a 667 2261 0 4 33
a 667 754 0 7 9
a 667 2970 0 5 17
a 667 2229 0 3 13
a 667 632 0 7 30
a 667 839 0 2 11
a 667 957 0 10 5
a 667 1093 0 5 33
a 676 2793 0 625 11
a 676 746 0 8 28
a 676 2311 0 9 36
a 676 2553 0 8 32
a 676 971 0 4 20
a 676 748 0 10 2
a 676 242 0 8 43
a 676 1184 0 10 31
a 676 254 0 8 19
a 676 1077 0 2 47
a 676 1704 0 5 30
a 676 670 0 5 41
a 676 2255 0 9 45
a 682 168 0 625 21
a 682 1733 0 9 48
a 682 644 0 10 49
a 682 2188 0 9 39
a 682 1918 0 6 7
a 682 380 0 2 18
a 682 2322 0 2 32
a 682 1831 0 7 4
a 711 341 0 625 14
a 711 2607 0 9 28
a 711 139 0 6 3
a 711 2579 0 9 37
a 711 502 0 10 1
a 711 1042 0 1 37
a 711 1560 0 5 19
a 711 928 0 9 8
a 711 749 0 5 28
a 711 1139 0 8 49
a 711 2259 0 1 22
a 736 477 0 625 50
a 736 2170 0 9 30
a 736 1110 0 6 3
a 736 385 0 9 31
a 736 589 0 8 26
a 736 2859 0 2 43
a 736 1085 0 5 2
a 750 1750 0 625 50
a 750 2787 0 7 24
a 750 344 0 6 25
a 750 1306 0 9 41
a 750 233 0 3 18
a 750 1569 0 7 27
a 750 2422 0 6 8
a 750 2158 0 4 19
a 750 1765 0 5 16
a 750 2321 0 9 22
a 750 360 0 7 10
a 750 1420 0 7 7
a 758 2168 0 625 50
a 758 395 0 2 11
a 758 456 0 1 19
a 758 413 0 3 22
a 758 1181 0 2 25
a 758 663 0 8 19
a 758 296 0 3 46
a 758 2453 0 9 32
a 758 864 0 6 7
a 758 18 0 6 49
a 805 1977 0 625 25
a 805 1422 0 7 19
a 805 109 0 10 33
a 805 2816 0 7 9
a 805 541 0 3 39
a 805 466 0 1 48
a 805 2800 0 2 43
a 805 1815 0 10 19
a 812 2582 0 625 6
a 812 242 0 9 23
a 812 1205 0 2 14
a 812 2747 0 5 2
a 812 73 0 10 13
a 812 2039 0 8 15
a 812 1501 0 8 30
a 812 2008 0 10 22
a 812 1300 0 1 31
a 812 2526 0 7 25
a 812 2810 0 8 9
a 812 52 0 10 34
a 812 1580 0 4 8
a 812 321 0 5 6
a 839 758 0 625 13
a 839 747 0 6 9
a 839 957 0 10 21
a 839 787 0 10 2
a 839 1880 0 8 14
a 839 1599 0 6 16
a 839 660 0 4 12
a 839 546 0 7 1
a 839 2587 0 8 38
a 839 429 0 4 49
a 839 2996 0 3 20
a 851 985 0 625 3
a 851 279 0 6 1
a 851 2405 0 4 7
a 851 904 0 1 34
a 851 874 0 7 47
a 851 1195 0 4 25
a 851 1091 0 6 32
a 851 1560 0 7 26
a 851 2343 0 1 29
a 851 927 0 2 1
a 851 1043 0 7 16
a 861 2414 0 625 50
a 861 697 0 7 8
a 861 148 0 6 38
a 861 2564 0 10 42
a 861 2917 0 7 9
a 861 2741 0 6 24
a 861 1647 0 5 37
a 861 740 0 5 43
a 861 1606 0 8 29
a 861 670 0 1 32
a 861 1434 0 6 10
a 861 997 0 7 12
a 861 1819 0 5 38
a 861 496 0 1 6
a 861 2621 0 1 36
a 905 1457 0 625 19
a 905 561 0 3 27
a 905 1609 0 5 28
a 905 215 0 10 29
a 905 1285 0 9 21
a 905 27 0 3 22
a 905 1453 0 9 32
a 905 152 0 7 26
a 905 663 0 5 18
a 905 1240 0 8 6
a 952 479 0 625 50
a 952 1116 0 5 28
a 952 951 0 6 8
a 952 1308 0 3 36
a 952 1258 0 8 9
a 952 2677 0 8 37
a 952 1877 0 8 48
a 952 1007 0 2 30
a 952 1929 0 5 10
a 952 2583 0 9 19
a 977 338 0 625 50
a 977 1185 0 2 35
a 977 1003 0 10 5
a 977 2736 0 5 42
a 977 665 0 3 9
a 977 1680 0 5 34
a 977 1808 0 1 17
a 977 586 0 3 7
a 977 1101 0 10 47
a 984 58 0 625 50
a 984 2375 0 3 26
a 984 2315 0 4 10
a 984 29 0 8 32
a 984 1507 0 8 40
a 984 1455 0 10 4
a 984 924 0 5 3
a 984 509 0 1 2
a 984 2609 0 8 47
a 984 1823 0 5 36
a 984 2997 0 2 17
a 984 328 0 1 43
a 984 1145 0 7 9
a 984 353 0 3 41
a 984 2101 0 9 28
a 984 864 0 1 1
a 985 2024 0 625 50
a 985 390 0 6 19
a 985 2486 0 8 5
a 985 2261 0 6 1
a 985 1867 0 5 41
a 985 2710 0 5 43
a 985 1675 0 4 36
a 985 395 0 4 50
a 985 2527 0 8 34
a 985 2991 0 8 31
a 985 1425 0 1 27
a 985 681 0 8 23
a 985 906 0 10 1
a 985 2714 0 6 37
a 998 2450 0 625 50
a 998 35 0 4 37
a 998 2832 0 2 5
a 998 647 0 3 44
a 1012 531 0 625 50
a 1012 2637 0 10 10
a 1012 1023 0 10 26
a 1012 930 0 10 34
a 1012 1459 0 7 31
a 1012 1228 0 7 45
a 1012 1828 0 3 11
a 1012 450 0 10 49
a 1012 2153 0 5 3
a 1012 1237 0 5 31
a 1012 2550 0 8 35
a 1012 2285 0 2 46
a 1012 1330 0 4 34
a 1012 2950 0 10 14
a 1012 1121 0 7 31
a 1012 598 0 9 20
a 1013 2672 0 625 9
a 1013 220 0 6 39
a 1013 770 0 4 38
a 1013 2394 0 7 34
a 1013 2221 0 9 15
a 1013 1203 0 7 40
a 1013 444 0 2 14
a 1013 1856 0 4 7
a 1013 28 0 5 13
a 1013 2883 0 8 18
a 1013 1634 0 5 32
a 1013 1938 0 8 33
a 1023 2590 0 625 42
a 1023 2432 0 3 31
a 1023 469 0 1 41
a 1023 679 0 2 45
a 1023 589 0 4 48
a 1023 2809 0 6 12
a 1023 1633 0 7 45
a 1023 2824 0 4 42
a 1023 1792 0 3 4
a 1023 48 0 3 4
a 1023 586 0 8 13
a 1023 425 0 2 3
a 1023 1268 0 1 44
a 1030 2998 0 625 15
a 1030 1715 0 5 36
a 1031 449 0 625 39
a 1031 231 0 5 18
a 1031 93 0 4 37
a 1031 798 0 4 6
a 1031 2839 0 7 15
a 1031 2392 0 1 7
a 1031 20 0 2 45
a 1031 1821 0 8 46
a 1031 2559 0 9 22
a 1031 1234 0 8 4
a 1031 1998 0 7 19
a 1031 1279 0 10 4
a 1031 121 0 3 18
a 1031 2550 0 9 44
a 1031 2992 0 4 37
a 1041 2915 0 625 7
a 1041 2387 0 5 9
a 1047 1813 0 625 27
a 1047 461 0 1 4
a 1047 1442 0 4 35
a 1047 61 0 3 47
a 1047 220 0 6 32
a 1051 28 0 625 48
a 1051 1133 0 7 5
a 1051 878 0 4 46
a 1051 940 0 6 20
a 1051 269 0 8 3
a 1051 917 0 5 9
a 1051 2511 0 6 28
a 1051 2268 0 4 4
a 1051 1970 0 3 28
a 1051 1430 0 5 16
a 1051 769 0 6 30
a 1051 2733 0 6 20
a 1051 2281 0 10 43
a 1051 2037 0 9 13
a 1080 2432 0 625 50
a 1080 2102 0 4 15
a 1080 918 0 6 13
a 1080 1852 0 4 21
a 1080 2002 0 3 31
a 1080 2699 0 8 36
a 1080 2020 0 2 34
a 1080 1928 0 5 42
a 1080 2310 0 8 26
a 1080 170 0 3 21
a 1080 1344 0 3 4
a 1080 1001 0 5 22
a 1080 1225 0 3 37
a 1080 1617 0 5 47
a 1080 166 0 7 20
a 1080 458 0 2 46
a 1136 1469 0 625 19
a 1136 1349 0 8 23
a 1136 2289 0 3 38
a 1136 2311 0 2 11
a 1136 1771 0 3 3
a 1136 877 0 1 9
a 1136 500 0 9 6
a 1136 380 0 4 26
a 1136 2008 0 5 46
a 1136 598 0 10 29
a 1136 2382 0 5 13
a 1141 861 0 625 50
a 1141 72 0 2 44
a 1141 1111 0 4 48
a 1141 800 0 9 26
a 1141 1035 0 3 49
a 1141 1187 0 1 25
a 1141 1515 0 4 43
a 1141 2299 0 1 4
a 1141 1510 0 8 12
a 1141 301 0 1 11
a 1141 2816 0 6 25
a 1159 2058 0 625 50
a 1159 1399 0 10 19
a 1159 458 0 2 22
a 1159 566 0 4 16
a 1159 2252 0 7 21
a 1159 94 0 3 10
a 1179 1535 0 625 50
a 1179 24 0 4 2
a 1179 777 0 1 23
a 1179 2255 0 1 31
a 1179 1143 0 1 8
a 1179 1254 0 2 28
a 1179 585 0 5 4
a 1179 2205 0 1 9
a 1179 650 0 10 33
a 1179 1059 0 4 47
a 1179 2671 0 7 44
a 1179 2246 0 2 9
a 1179 1171 0 9 14
a 1179 2634 0 8 28
a 1179 2170 0 5 13
a 1179 891 0 10 49
a 1185 1708 0 625 7
a 1185 1900 0 1 11
a 1185 1302 0 2 29
a 1185 1387 0 2 22
a 1185 2346 0 10 19
a 1185 2778 0 6 23
a 1185 1721 0 7 45
a 1185 1380 0 4 39
a 1185 2231 0 10 21
a 1185 644 0 9 50
a 1185 2187 0 10 29
a 1213 1369 0 625 31
a 1213 244 0 5 38
a 1213 2343 0 1 44
a 1213 859 0 7 35
a 1213 1695 0 7 7
a 1213 548 0 6 47
a 1213 2414 0 1 49
a 1213 2608 0 9 45
a 1223 1752 0 625 19
a 1223 2991 0 625 6
a 1223 645 0 5 22
a 1223 2445 0 10 21
a 1223 1926 0 10 28
a 1223 1100 0 10 36
a 1223 1586 0 6 15
a 1223 1594 0 1 31
a 1223 1451 0 10 46
a 1238 2271 0 625 3
a 1238 2425 0 3 26
a 1238 2402 0 7 7
a 1238 2227 0 7 29
a 1238 1208 0 5 33
a 1238 1106 0 6 20
a 1238 45 0 4 20
a 1238 1087 0 7 12
a 1238 2834 0 3 1
a 1238 1887 0 1 37
a 1238 1666 0 4 36
a 1238 1859 0 8 17
a 1238 376 0 4 26
a 1238 1228 0 6 33
a 1238 1214 0 10 25
a 1252 2603 0 625 13
a 1252 1811 0 4 10
a 1252 725 0 5 44
a 1252 1009 0 10 4
a 1252 286 0 10 3
a 1252 1681 0 5 1
a 1252 992 0 3 48
a 1252 1382 0 4 23
a 1252 2178 0 10 47
a 1252 2020 0 9 24
a 1259 1810 0 625 10
a 1259 2303 0 3 15
a 1259 2790 0 9 42
a 1259 2082 0 5 10
a 1259 2570 0 4 4
a 1261 2214 0 625 23
a 1261 880 0 1 4
a 1261 2147 0 6 12
a 1261 1961 0 4 16
a 1261 1032 0 2 11
a 1261 2084 0 7 24
a 1261 1696 0 3 4
a 1261 49 0 1 47
a 1261 385 0 3 38
a 1261 480 0 3 2
a 1261 2764 0 1 27
a 1262 2684 0 625 42
a 1262 2984 0 9 26
a 1262 485 0 8 45
a 1262 2836 0 10 12
a 1262 1194 0 10 36
a 1262 1084 0 6 46
a 1262 785 0 9 27
a 1262 764 0 9 48
a 1262 2828 0 7 48
a 1262 1523 0 8 43
a 1282 59 0 625 13
a 1282 1845 0 5 28
a 1282 1088 0 4 30
a 1282 667 0 1 37
a 1282 2967 0 9 11
a 1324 2834 0 625 50
a 1324 1615 0 1 49
a 1324 570 0 3 35
a 1324 109 0 10 15
a 1324 1234 0 4 16
a 1324 2761 0 7 26
a 1324 128 0 10 48
a 1324 1134 0 1 45
a 1324 1205 0 8 41
a 1324 810 0 8 16
a 1324 68 0 4 40
a 1324 47 0 7 25
a 1324 805 0 6 29
a 1324 622 0 9 16
a 1326 1252 0 625 4
a 1326 1194 0 6 40
a 1326 2200 0 5 14
a 1326 2720 0 6 22
a 1326 910 0 6 9
a 1326 1851 0 10 50
a 1326 1914 0 3 18
a 1326 2448 0 1 7
a 1326 2846 0 10 45
a 1326 1629 0 8 16
a 1326 489 0 2 16
a 1326 2016 0 10 43
a 1326 2156 0 5 22
a 1326 1173 0 6 46
a 1347 343 0 625 19
a 1347 1234 0 8 49
a 1347 142 0 3 17
a 1347 2852 0 3 44
a 1347 1855 0 7 36
a 1347 1510 0 4 3
a 1347 121 0 1 17
a 1347 545 0 5 19
a 1347 295 0 4 24
a 1347 1063 0 3 23
a 1369 1051 0 625 17
a 1369 2843 0 7 42
a 1369 1993 0 5 23
a 1369 1047 0 5 4
a 1369 2262 0 8 28
a 1369 2552 0 9 46
a 1369 2025 0 3 24
a 1369 2386 0 10 45
a 1369 562 0 6 47
a 1369 1274 0 6 4
a 1369 669 0 6 10
a 1369 302 0 3 5
a 1369 2851 0 9 6
a 1369 2462 0 4 4
a 1375 1223 0 625 5
a 1375 1030 0 1 48
a 1382 2417 0 625 50
a 1382 353 0 10 1
a 1382 225 0 9 28
a 1383 1782 0 625 50
a 1383 323 0 4 42
a 1383 1320 0 7 7
a 1383 576 0 1 23
a 1383 1779 0 9 27
a 1398 1141 0 625 10
a 1398 1784 0 7 34
a 1398 2644 0 2 10
a 1398 1286 0 2 30
a 1398 1555 0 9 40
a 1398 2377 0 1 14
a 1398 823 0 1 50
a 1398 1505 0 8 44
a 1398 1237 0 6 34
a 1398 899 0 4 21
a 1398 350 0 10 44
a 1398 840 0 4 28
a 1434 376 0 625 50
a 1434 675 0 8 40
a 1434 120 0 3 44
a 1434 2486 0 9 21
a 1434 370 0 10 34
a 1434 2408 0 3 40
a 1457 1846 0 625 5
a 1457 2254 0 6 43
a 1457 893 0 7 49
a 1457 310 0 8 25
a 1457 545 0 9 9
a 1457 262 0 7 37
a 1457 1390 0 6 40
a 1457 702 0 6 49
a 1457 1873 0 5 23
a 1457 2925 0 2 14
a 1457 2375 0 1 8
a 1457 2589 0 9 39
a 1457 1139 0 2 17
a 1457 1234 0 8 29
a 1457 65 0 9 19
a 1457 2079 0 8 18
a 1469 750 0 625 50
a 1469 2119 0 9 5
a 1469 172 0 2 4
a 1469 479 0 5 13
a 1469 1961 0 8 19
a 1469 1146 0 6 2
a 1469 207 0 2 33
a 1483 1628 0 625 50
a 1483 423 0 10 11
a 1483 1851 0 10 11
a 1483 1620 0 8 21
a 1483 2127 0 6 15
a 1483 442 0 2 27
a 1484 587 0 625 29
a 1484 2471 0 9 42
a 1484 2374 0 5 9
a 1484 198 0 9 41
a 1484 1935 0 8 2
a 1484 2607 0 9 21
a 1500 2848 0 625 48
a 1500 30 0 2 8
a 1500 2836 0 2 46
a 1500 1875 0 3 19
a 1500 971 0 7 19
a 1500 1572 0 1 6
a 1500 1709 0 6 48
a 1500 2443 0 8 38
a 1500 384 0 5 10
a 1500 987 0 8 49
a 1500 1915 0 10 38
a 1500 2149 0 9 7
a 1500 2779 0 9 47
a 1500 300 0 7 40
a 1504 1347 0 625 50
a 1504 2210 0 2 18
a 1504 725 0 3 37
a 1504 2761 0 5 27
a 1504 2673 0 1 4
a 1504 2983 0 2 46
a 1507 1282 0 625 34
a 1507 1414 0 1 12
a 1507 1610 0 5 32
a 1507 2438 0 8 24
a 1507 1890 0 8 41
a 1507 641 0 9 20
a 1507 806 0 1 5
a 1535 2147 0 625 50
a 1535 2255 0 6 40
a 1535 2204 0 5 37
a 1535 1696 0 3 44
a 1571 1031 0 625 34
a 1571 300 0 5 41
a 1571 1601 0 3 16
a 1571 1753 0 1 44
a 1571 2821 0 4 45
a 1571 1122 0 7 1
a 1571 115 0 2 2
a 1571 472 0 1 8
a 1571 1019 0 6 38
a 1571 1978 0 5 32
a 1571 2180 0 9 41
a 1571 1090 0 8 7
a 1571 2477 0 1 11
a 1571 1577 0 1 20
a 1587 1030 0 625 50
a 1587 979 0 1 30
a 1587 2680 0 3 16
a 1587 1355 0 10 9
a 1587 1928 0 1 11
a 1587 2303 0 4 49
a 1587 2914 0 1 42
a 1587 959 0 6 5
a 1587 1983 0 2 30
a 1587 785 0 5 39
a 1587 2329 0 8 38
a 1587 2501 0 7 25
a 1587 2417 0 10 35
a 1587 553 0 5 13
a 1587 1992 0 9 19
a 1592 259 0 625 50
a 1592 2302 0 3 50
a 1592 2427 0 5 31
a 1592 880 0 10 2
a 1592 357 0 6 33
a 1592 2186 0 8 19
a 1592 2529 0 6 18
a 1592 2215 0 6 17
a 1592 1053 0 8 22
a 1592 393 0 5 41
a 1592 294 0 3 8
a 1592 716 0 2 21
a 1592 544 0 6 14
a 1592 2678 0 7 16
a 1616 812 0 625 50
a 1616 1463 0 2 23
a 1616 930 0 7 22
a 1616 1354 0 3 39
a 1616 2174 0 4 46
a 1616 2221 0 6 3
a 1616 1196 0 3 11
a 1616 1557 0 9 44
a 1616 2031 0 6 14
a 1628 2460 0 625 50
a 1628 2159 0 1 1
a 1628 2127 0 7 31
a 1628 2418 0 8 3
a 1628 189 0 7 4
a 1628 2563 0 8 2
a 1628 1397 0 2 31
a 1628 2970 0 1 43
a 1628 2132 0 5 49
a 1628 1451 0 4 10
a 1628 492 0 7 16
a 1628 163 0 8 44
a 1628 2690 0 5 23
a 1628 991 0 6 17
a 1628 192 0 1 42
a 1628 2391 0 7 32
a 1638 1816 0 625 18
a 1638 1420 0 10 28
a 1638 1014 0 10 41
a 1638 2225 0 10 8
a 1638 2892 0 5 7
a 1664 2087 0 625 7
a 1664 809 0 1 19
a 1664 1179 0 1 35
a 1708 2173 0 625 50
a 1708 845 0 4 19
a 1708 414 0 2 41
a 1708 2045 0 4 41
a 1708 416 0 5 1
a 1708 1510 0 10 37
a 1708 728 0 10 7
a 1708 2575 0 8 36
a 1708 1180 0 7 39
a 1708 459 0 10 31
a 1708 1129 0 2 25
a 1708 211 0 1 2
a 1708 1216 0 4 35
a 1708 1915 0 1 6
a 1708 1684 0 3 27
a 1708 1555 0 7 1
a 1708 2136 0 7 21
a 1718 2286 0 625 40
a 1718 2347 0 9 16
a 1718 619 0 6 33
a 1718 500 0 7 44
a 1718 1180 0 8 25
a 1718 26 0 7 22
a 1718 1083 0 7 39
a 1728 1013 0 625 50
a 1728 456 0 8 49
a 1728 418 0 6 16
a 1728 262 0 10 37
a 1728 1649 0 10 12
a 1728 2217 0 2 26
a 1728 128 0 2 26
a 1728 350 0 10 16
a 1728 2851 0 2 15
a 1728 1888 0 6 1
a 1728 2465 0 2 7
a 1728 304 0 10 39
a 1728 1130 0 6 3
a 1728 1868 0 10 33
a 1728 2689 0 7 47
a 1728 1809 0 10 5
a 1729 170 0 625 50
a 1729 400 0 7 37
a 1729 2151 0 1 14
a 1729 1675 0 3 32
a 1729 2292 0 7 5
a 1729 2610 0 2 20
a 1739 1504 0 625 50
a 1739 1586 0 8 39
a 1739 967 0 1 43
a 1739 2548 0 8 34
a 1739 2395 0 3 26
a 1739 462 0 1 2
a 1739 2478 0 9 27
a 1739 1785 0 8 13
a 1739 820 0 6 30
a 1739 2439 0 8 44
a 1739 1079 0 2 11
a 1739 2904 0 10 37
a 1739 156 0 7 24
a 1750 1047 0 625 50
a 1750 2323 0 1 11
a 1750 1025 0 9 4
a 1750 2786 0 10 46
a 1752 433 0 625 50
a 1752 225 0 2 16
a 1752 2830 0 6 26
a 1752 390 0 8 43
a 1752 2624 0 10 24
a 1752 2197 0 3 44
a 1753 2875 0 625 50
a 1753 2423 0 7 32
a 1753 537 0 6 35
a 1753 153 0 8 45
a 1753 265 0 5 35
a 1753 1642 0 7 10
a 1753 2934 0 9 22
a 1753 2128 0 4 22
a 1765 2285 0 625 50
a 1765 1890 0 1 47
a 1765 525 0 2 31
a 1765 973 0 5 19
a 1765 947 0 5 22
a 1765 627 0 1 12
a 1765 1652 0 3 41
a 1765 2832 0 6 20
a 1765 2928 0 3 26
a 1765 35 0 10 20
a 1765 1658 0 10 48
a 1782 304 0 625 50
a 1782 2791 0 4 28
a 1782 241 0 2 29
a 1782 2504 0 9 22
a 1782 524 0 6 12
a 1782 992 0 1 32
a 1782 623 0 1 32
a 1782 136 0 10 47
a 1782 1649 0 7 16
a 1794 1434 0 625 50
a 1794 1110 0 5 13
a 1794 600 0 9 46
a 1794 2584 0 6 50
a 1794 402 0 10 30
a 1794 122 0 2 15
a 1794 1485 0 9 6
a 1794 269 0 1 13
a 1794 2553 0 5 8
a 1794 2781 0 8 19
a 1794 258 0 10 20
a 1794 789 0 2 10
a 1794 956 0 3 37
a 1794 801 0 4 23
a 1794 1212 0 1 2
a 1794 1854 0 6 30
a 1800 2237 0 625 50
a 1800 1842 0 5 11
a 1800 2599 0 4 32
a 1800 1986 0 9 23
a 1800 1481 0 5 32
a 1800 1439 0 9 25
a 1800 1338 0 5 38
a 1800 2947 0 2 30
a 1800 2810 0 10 21
a 1800 385 0 10 43
a 1800 2335 0 4 22
a 1810 676 0 625 20
a 1810 549 0 5 37
a 1810 2283 0 9 21
a 1810 594 0 8 13
a 1810 2071 0 8 23
a 1810 788 0 2 42
a 1810 1825 0 1 36
a 1810 1347 0 1 24
a 1810 1892 0 3 7
a 1813 1739 0 625 11
a 1813 2188 0 9 19
a 1813 1817 0 5 19
a 1813 836 0 1 19
a 1813 822 0 9 45
a 1813 2913 0 7 49
a 1813 2711 0 3 18
a 1813 2533 0 4 47
a 1813 588 0 5 36
a 1813 900 0 5 20
a 1815 1794 0 625 50
a 1815 2906 0 10 3
a 1815 1586 0 7 32
a 1815 1233 0 3 25
a 1815 1912 0 8 6
a 1815 2668 0 2 28
a 1815 375 0 1 46
a 1815 368 0 5 4
a 1815 1965 0 9 38
a 1815 239 0 1 17
a 1815 1025 0 2 28
a 1815 1871 0 5 12
a 1815 981 0 3 9
a 1815 1855 0 4 34
a 1815 2348 0 1 1
a 1815 608 0 8 47
a 1816 2387 0 625 50
a 1816 816 0 10 25
a 1816 484 0 8 8
a 1816 1235 0 10 21
a 1816 292 0 8 8
a 1816 1522 0 3 33
a 1816 1421 0 10 30
a 1816 1247 0 6 43
a 1816 247 0 10 39
a 1816 98 0 10 42
a 1816 1980 0 1 8
a 1816 280 0 5 7
a 1816 1435 0 3 2
a 1816 1115 0 4 47
a 1816 407 0 10 20
a 1846 195 0 625 20
a 1846 2011 0 9 1
a 1846 2003 0 4 39
a 1846 383 0 1 12
a 1846 208 0 3 14
a 1846 2985 0 3 47
a 1846 503 0 3 32
a 1846 2394 0 1 46
a 1846 1205 0 8 47
a 1846 2679 0 2 19
a 1846 398 0 9 14
a 1846 1055 0 7 42
a 1846 340 0 2 1
a 1865 2769 0 625 1
a 1865 92 0 4 25
a 1865 577 0 7 20
a 1865 2633 0 6 22
a 1865 27 0 9 3
a 1865 987 0 5 46
a 1865 354 0 6 17
a 1865 2183 0 1 24
a 1887 2809 0 625 50
a 1887 1035 0 5 22
a 1887 308 0 1 35
a 1887 2612 0 3 40
a 1887 1800 0 7 2
a 1887 2181 0 7 3
a 1887 1788 0 9 50
a 1887 1398 0 3 15
a 1887 213 0 10 24
a 1887 1599 0 9 31
a 1891 711 0 625 50
a 1891 2869 0 5 2
a 1901 1592 0 625 25
a 1901 2187 0 7 5
a 1901 1756 0 10 35
a 1901 900 0 3 39
a 1901 2574 0 2 26
a 1901 1783 0 8 28
a 1901 2875 0 5 15
a 1901 28 0 8 21
a 1901 479 0 8 30
a 1901 459 0 9 24
a 1901 2179 0 3 13
a 1901 609 0 10 14
a 1901 236 0 8 37
a 1914 590 0 625 50
a 1914 2714 0 5 11
a 1914 923 0 2 16
a 1970 542 0 625 50
a 1970 2163 0 4 34
a 1970 1746 0 9 7
a 1970 620 0 4 36
a 1970 2633 0 9 21
a 1970 1036 0 9 13
a 1971 1891 0 625 50
a 1971 2398 0 3 45
a 1971 1515 0 8 48
a 1971 550 0 9 10
a 1971 841 0 2 8
a 1971 719 0 9 44
a 1971 88 0 3 46
a 1971 866 0 8 47
a 1971 2315 0 9 8
a 1971 2714 0 9 10
a 1971 1388 0 6 6
a 1971 93 0 9 38
a 1971 2362 0 9 39
a 1971 1274 0 3 13
a 1971 2559 0 3 39
a 1971 1219 0 10 17
a 1977 2082 0 625 36
a 1977 1041 0 4 35
a 1977 1893 0 4 8
a 1977 967 0 9 34
a 1977 2193 0 8 32
a 1977 917 0 3 44
a 1977 1769 0 10 21
a 1977 278 0 1 21
a 1977 850 0 9 42
a 1977 753 0 8 23
a 1977 826 0 3 9
a 1977 152 0 2 36
a 1977 1290 0 5 42
a 1977 1955 0 8 8
a 2001 1500 0 625 16
a 2001 368 0 1 48
a 2001 1089 0 3 1
a 2001 66 0 1 39
a 2001 345 0 1 19
a 2001 956 0 8 23
a 2001 1619 0 3 13
a 2001 2378 0 3 18
a 2024 2477 0 625 50
a 2024 825 0 2 2
a 2024 2149 0 4 35
a 2024 408 0 9 49
a 2024 637 0 4 26
a 2024 151 0 9 37
a 2024 1060 0 9 45
a 2024 826 0 2 20
a 2024 2475 0 8 35
a 2024 802 0 6 20
a 2024 1999 0 2 5
a 2026 2743 0 625 18
a 2026 499 0 8 33
a 2026 2432 0 1 17
a 2026 2214 0 10 24
a 2026 2639 0 10 47
a 2026 1570 0 10 17
a 2026 2749 0 6 35
a 2058 2830 0 625 50
a 2058 2789 0 4 1
a 2058 2239 0 8 31
a 2058 2711 0 4 13
a 2058 1803 0 10 50
a 2058 1075 0 2 12
a 2058 1618 0 7 45
a 2058 2618 0 7 8
a 2058 1868 0 9 36
a 2058 1399 0 1 22
a 2058 2700 0 1 6
a 2058 222 0 4 48
a 2058 1960 0 9 42
a 2065 440 0 625 50
a 2065 633 0 7 35
a 2065 2373 0 2 27
a 2065 2794 0 2 26
a 2065 1198 0 4 1
a 2065 1576 0 2 5
a 2065 2656 0 4 20
a 2065 1084 0 8 5
a 2065 2887 0 2 14
a 2078 212 0 625 26
a 2078 2480 0 4 19
a 2078 2629 0 1 30
a 2078 1801 0 10 42
a 2078 759 0 1 8
a 2078 1689 0 3 33
a 2078 536 0 3 20
a 2078 2042 0 1 19
a 2078 308 0 4 22
a 2078 540 0 7 35
a 2078 69 0 7 4
a 2078 2589 0 7 21
a 2078 840 0 5 2
a 2078 457 0 4 1
a 2078 1142 0 1 22
a 2082 2531 0 625 50
a 2082 2655 0 3 38
a 2082 2293 0 9 16
a 2082 2100 0 5 2
a 2082 1572 0 1 35
a 2082 2925 0 2 28
a 2082 1112 0 3 8
a 2082 2352 0 6 36
a 2082 399 0 4 22
a 2082 1583 0 7 27
a 2082 2316 0 5 47
a 2082 2136 0 8 26
a 2082 1472 0 3 30
a 2082 2496 0 5 19
a 2082 2389 0 4 49
a 2082 175 0 2 42
a 2087 2373 0 625 47
a 2087 1435 0 9 30
a 2087 1422 0 6 39
a 2087 988 0 6 36
a 2087 280 0 10 15
a 2087 1152 0 1 45
a 2087 478 0 1 42
a 2087 401 0 3 3
a 2087 1133 0 9 17
a 2087 856 0 9 5
a 2087 2587 0 4 18
a 2122 736 0 625 50
a 2122 185 0 8 48
a 2122 2438 0 7 9
a 2122 2973 0 7 20
a 2122 1570 0 8 23
a 2122 2250 0 7 8
a 2122 1874 0 3 49
a 2122 2784 0 6 22
a 2122 2622 0 3 41
a 2122 501 0 3 8
a 2122 2927 0 3 34
a 2122 388 0 6 40
a 2122 180 0 6 27
a 2122 2065 0 2 37
a 2127 566 0 625 50
a 2127 1790 0 9 21
a 2127 1315 0 7 38
a 2127 2451 0 1 25
a 2127 1886 0 8 20
a 2127 613 0 4 2
a 2127 104 0 1 19
a 2127 1322 0 10 44
a 2127 2135 0 7 3
a 2127 1193 0 7 47
a 2127 485 0 1 46
a 2147 1638 0 625 8
a 2147 2882 0 8 48
a 2147 1460 0 3 19
a 2168 2534 0 625 50
a 2168 1245 0 10 16
a 2168 1678 0 5 2
a 2168 963 0 8 4
a 2168 513 0 6 49
a 2168 223 0 10 35
a 2168 838 0 4 24
a 2168 2176 0 10 26
a 2168 2481 0 9 33
a 2168 91 0 5 5
a 2173 2310 0 625 50
a 2173 1325 0 1 40
a 2173 1311 0 3 33
a 2180 1970 0 625 50
a 2180 2521 0 2 29
a 2180 1528 0 5 8
a 2180 1200 0 3 39
a 2180 1384 0 9 47
a 2180 199 0 7 19
a 2180 482 0 5 37
a 2180 42 0 4 40
a 2180 1585 0 9 16
a 2180 334 0 4 33
a 2180 382 0 5 8
a 2180 2603 0 5 46
a 2185 565 0 625 50
a 2185 1171 0 7 12
a 2185 408 0 10 12
a 2185 2048 0 1 18
a 2185 1209 0 7 49
a 2185 2494 0 6 42
a 2185 1080 0 6 15
a 2185 2252 0 2 43
a 2185 1533 0 8 24
a 2185 2640 0 3 3
a 2185 1644 0 10 7
a 2185 2481 0 2 31
a 2185 1998 0 10 41
a 2185 2744 0 8 34
a 2185 1873 0 8 44
a 2185 2761 0 7 42
a 2185 1885 0 8 44
a 2185 2650 0 6 29
a 2193 2483 0 625 50
a 2193 1847 0 8 1
a 2193 1309 0 1 20
a 2193 1137 0 7 22
a 2193 480 0 9 12
a 2193 476 0 2 35
a 2193 2870 0 6 42
a 2193 2391 0 3 44
a 2193 1308 0 10 39
a 2214 77 0 625 50
a 2214 169 0 10 43
a 2214 2196 0 7 43
a 2214 924 0 2 18
a 2214 2523 0 10 50
a 2214 1044 0 3 16
a 2214 754 0 1 23
a 2214 2332 0 3 24
a 2214 1099 0 7 23
a 2214 2093 0 4 33
a 2214 2712 0 7 16
a 2214 571 0 6 1
a 2214 165 0 7 16
a 2214 2455 0 10 24
a 2214 1830 0 2 28
a 2214 2144 0 9 4
a 2237 667 0 625 6
a 2237 2435 0 8 34
a 2237 1043 0 4 15
a 2237 507 0 10 27
a 2237 2558 0 8 21
a 2237 1515 0 3 35
a 2237 745 0 8 13
a 2237 1672 0 3 49
a 2237 1932 0 5 10
a 2237 2678 0 5 45
a 2237 2578 0 7 34
a 2237 2747 0 4 32
a 2256 559 0 625 50
a 2256 21 0 8 35
a 2256 2046 0 5 4
a 2256 2425 0 7 18
a 2256 1589 0 9 39
a 2256 1048 0 8 20
a 2256 2495 0 9 10
a 2256 2232 0 9 18
a 2256 2862 0 8 4
a 2256 266 0 3 16
a 2256 3000 0 4 46
a 2256 2040 0 3 6
a 2256 1142 0 2 36
a 2256 1680 0 5 30
a 2271 2980 0 625 50
a 2271 2572 0 3 13
a 2271 2736 0 2 47
a 2285 1136 0 625 50
a 2285 459 0 4 13
a 2285 128 0 4 8
a 2285 2362 0 5 37
a 2285 944 0 8 35
a 2285 2620 0 9 1
a 2285 2044 0 1 34
a 2285 327 0 4 7
a 2285 1939 0 7 48
a 2286 1375 0 625 50
a 2286 2134 0 9 25
a 2286 2121 0 1 49
a 2286 2089 0 4 25
a 2286 2088 0 9 14
a 2286 396 0 9 9
a 2286 584 0 10 35
a 2286 32 0 2 41
a 2286 2708 0 8 48
a 2291 1080 0 625 12
a 2291 1849 0 5 47
a 2291 1191 0 7 30
a 2291 2862 0 2 7
a 2291 1490 0 5 29
a 2291 1567 0 2 22
a 2291 714 0 5 12
a 2291 2048 0 8 13
a 2291 1774 0 3 36
a 2291 2326 0 8 24
a 2291 1497 0 10 8
a 2300 2498 0 625 23
a 2300 238 0 3 42
a 2300 1435 0 4 35
a 2300 2059 0 2 17
a 2300 2667 0 8 32
a 2300 2460 0 6 39
a 2300 1144 0 1 40
a 2300 2812 0 7 29
a 2300 727 0 10 1
a 2300 603 0 3 5
a 2300 2402 0 10 36
a 2300 1698 0 1 26
a 2300 1853 0 3 42
a 2300 2250 0 9 45
a 2300 313 0 10 48
a 2300 518 0 9 1
a 2300 1298 0 5 31
a 2310 1664 0 625 30
a 2310 2103 0 6 14
a 2310 1031 0 1 46
a 2310 105 0 6 19
a 2310 2634 0 5 22
a 2373 2555 0 625 50
a 2373 2326 0 3 12
a 2373 2999 0 9 33
a 2373 2799 0 5 49
a 2373 1250 0 6 16
a 2373 1960 0 2 30
a 2373 969 0 9 10
a 2373 254 0 1 20
a 2373 2200 0 10 27
a 2373 1146 0 10 11
a 2373 535 0 9 43
a 2373 306 0 9 23
a 2373 1317 0 5 41
a 2373 2642 0 3 28
a 2373 2237 0 7 24
a 2373 2772 0 4 17
a 2373 2900 0 5 45
a 2376 43 0 625 27
a 2376 1818 0 10 45
a 2376 1936 0 9 26
a 2376 1926 0 5 8
a 2376 2765 0 5 40
a 2376 1031 0 3 23
a 2376 1715 0 3 25
a 2376 274 0 7 42
a 2376 358 0 8 25
a 2376 138 0 2 24
a 2376 1615 0 8 42
a 2387 2193 0 625 50
a 2387 1654 0 9 10
a 2387 205 0 5 15
a 2387 1210 0 5 41
a 2387 2989 0 3 47
a 2387 669 0 4 43
a 2387 236 0 1 50
a 2387 1241 0 1 38
a 2387 2809 0 5 46
a 2387 350 0 7 33
a 2387 1193 0 6 43
a 2387 1158 0 9 4
a 2387 950 0 2 17
a 2387 1838 0 1 12
a 2387 2119 0 2 2
a 2387 600 0 6 3
a 2387 2280 0 4 41
a 2414 2127 0 625 50
a 2414 2346 0 5 40
a 2414 2827 0 1 7
a 2414 2762 0 4 50
a 2414 1957 0 10 32
a 2414 1959 0 7 40
a 2414 2876 0 3 46
a 2414 1287 0 7 3
a 2414 1861 0 9 32
a 2414 1355 0 2 14
a 2414 1755 0 3 37
a 2414 1296 0 4 32
a 2414 2812 0 9 46
a 2414 2659 0 7 39
a 2414 2530 0 5 6
a 2414 718 0 7 7
a 2414 140 0 8 5
a 2417 1728 0 625 19
a 2417 2415 0 8 43
a 2417 1106 0 8 46
a 2417 1781 0 4 21
a 2417 1358 0 3 11
a 2417 1152 0 2 10
a 2417 1606 0 6 27
a 2417 1712 0 1 45
a 2417 2837 0 5 18
a 2432 2300 0 625 24
a 2432 671 0 6 10
a 2432 1960 0 2 43
a 2432 337 0 3 14
a 2432 82 0 3 40
a 2432 441 0 7 38
a 2432 2593 0 1 21
a 2432 861 0 7 5
a 2432 2116 0 5 48
a 2432 1895 0 9 46
a 2432 1230 0 9 31
a 2432 2582 0 6 15
a 2432 1442 0 7 44
a 2432 1378 0 1 11
a 2450 661 0 625 35
a 2450 857 0 4 49
a 2450 954 0 9 35
a 2450 437 0 10 34
a 2460 438 0 625 30
a 2460 2114 0 8 37
a 2460 2825 0 3 33
a 2460 2614 0 4 13
a 2460 1957 0 6 4
a 2477 332 0 625 50
a 2477 98 0 3 31
a 2477 516 0 1 19
a 2477 1303 0 4 50
a 2477 1549 0 9 21
a 2477 604 0 3 9
a 2477 2178 0 3 30
a 2483 2922 0 625 45
a 2483 2555 0 2 44
a 2483 24 0 5 8
a 2483 2822 0 10 38
a 2498 1382 0 625 50
a 2498 2089 0 1 24
a 2498 1884 0 3 8
a 2498 1537 0 9 18
a 2498 1220 0 2 49
a 2498 1726 0 7 44
a 2531 2065 0 625 50
a 2531 134 0 5 14
a 2531 22 0 10 30
a 2531 903 0 7 31
a 2531 84 0 7 38
a 2534 54 0 625 20
a 2534 1243 0 1 23
a 2534 2374 0 10 19
a 2534 2555 0 7 21
a 2534 412 0 9 17
a 2543 2122 0 625 50
a 2543 2570 0 1 29
a 2543 2740 0 4 40
a 2543 968 0 6 1
a 2543 744 0 10 34
a 2543 907 0 10 40
a 2543 294 0 1 45
a 2543 358 0 10 49
a 2555 977 0 625 50
a 2555 2830 0 5 41
a 2555 227 0 9 40
a 2555 604 0 1 28
a 2555 2137 0 7 29
a 2555 2325 0 6 49
a 2582 1383 0 625 50
a 2582 1479 0 3 37
a 2582 1836 0 5 34
a 2582 2496 0 6 39
a 2590 447 0 625 36
a 2590 1079 0 4 3
a 2590 2267 0 1 35
a 2590 1847 0 5 48
a 2590 1121 0 6 26
a 2603 2616 0 625 50
a 2603 1207 0 10 38
a 2603 940 0 3 28
a 2603 2605 0 2 42
a 2603 2099 0 2 42
a 2603 1927 0 5 44
a 2603 403 0 6 17
a 2603 892 0 6 20
a 2603 1767 0 5 9
a 2603 2657 0 8 7
a 2603 353 0 5 29
a 2603 479 0 7 11
a 2603 622 0 6 13
a 2603 2244 0 9 37
a 2603 2420 0 3 5
a 2603 2601 0 7 10
a 2608 1765 0 625 16
a 2608 112 0 4 48
a 2608 517 0 7 31
a 2608 2200 0 2 45
a 2616 851 0 625 12
a 2616 1546 0 1 29
a 2616 1715 0 4 21
a 2616 659 0 10 12
a 2616 1847 0 6 8
a 2616 2087 0 9 50
a 2616 1164 0 2 9
a 2616 2158 0 8 25
a 2616 1283 0 6 37
a 2616 2595 0 7 2
a 2656 275 0 625 36
a 2656 413 0 4 36
a 2656 2548 0 3 40
a 2672 156 0 625 2
a 2672 1014 0 7 19
a 2672 1844 0 3 2
a 2672 177 0 8 45
a 2672 157 0 8 13
a 2672 2210 0 9 28
a 2672 2526 0 3 21
a 2672 2340 0 7 23
a 2672 2970 0 6 49
a 2684 2608 0 625 50
a 2684 2797 0 9 11
a 2684 2617 0 4 35
a 2684 2358 0 9 40
a 2684 1305 0 2 49
a 2684 417 0 7 15
a 2684 1825 0 9 22
a 2737 31 0 625 50
a 2737 2101 0 5 46
a 2737 696 0 3 27
a 2737 1238 0 1 43
a 2737 408 0 1 19
a 2737 212 0 10 8
a 2737 803 0 1 22
a 2737 2480 0 1 15
a 2737 1698 0 1 8
a 2737 1808 0 2 19
a 2737 400 0 5 47
a 2737 406 0 4 37
a 2737 824 0 10 44
a 2737 2944 0 1 26
a 2737 1518 0 9 50
a 2737 686 0 7 23
a 2737 2764 0 10 34
a 2743 1213 0 625 42
a 2743 1993 0 9 13
a 2743 1281 0 10 27
a 2743 2423 0 8 10
a 2743 96 0 3 36
a 2743 1176 0 6 20
a 2743 217 0 9 17
a 2743 1768 0 2 23
a 2743 2178 0 3 38
a 2743 701 0 5 39
a 2743 32 0 5 30
a 2743 1483 0 8 13
a 2743 1214 0 4 31
a 2743 1231 0 9 43
a 2743 578 0 7 35
a 2743 1819 0 6 23
a 2769 2001 0 625 50
a 2769 473 0 6 18
a 2769 2133 0 5 32
a 2769 1356 0 9 44
a 2769 1878 0 8 41
a 2769 992 0 8 35
a 2769 569 0 8 16
a 2769 108 0 6 6
a 2769 1739 0 9 25
a 2769 728 0 7 18
a 2769 1714 0 5 45
a 2769 1141 0 6 27
a 2769 1018 0 1 9
a 2769 2981 0 7 36
a 2772 2978 0 625 50
a 2772 1042 0 4 49
a 2772 2063 0 9 7
a 2772 2422 0 5 7
a 2772 2433 0 1 34
a 2772 2411 0 6 16
a 2772 2600 0 7 45
a 2772 2851 0 1 17
a 2772 190 0 9 14
a 2772 2536 0 7 11
a 2772 381 0 7 38
a 2777 1159 0 625 12
a 2777 810 0 1 48
a 2777 2932 0 3 47
a 2777 2441 0 9 26
a 2777 2430 0 3 13
a 2777 2107 0 4 36
a 2777 1624 0 8 46
a 2777 1443 0 7 44
a 2777 1545 0 4 16
a 2777 2329 0 6 27
a 2777 2026 0 9 22
a 2777 58 0 5 46
a 2777 1468 0 7 25
a 2777 755 0 1 8
a 2777 2071 0 4 30
a 2793 122 0 625 50
a 2793 953 0 7 24
a 2793 742 0 10 41
a 2793 168 0 8 17
a 2793 333 0 3 35
a 2793 1389 0 7 41
a 2793 1920 0 9 47
a 2793 1865 0 3 11
a 2793 313 0 2 46
a 2793 385 0 3 29
a 2793 1515 0 6 9
a 2793 1472 0 4 42
a 2809 1012 0 625 48
a 2809 2636 0 1 40
a 2809 2683 0 3 27
a 2809 1220 0 8 2
a 2809 1132 0 10 26
a 2809 2414 0 10 48
a 2809 1231 0 9 25
a 2827 2256 0 625 26
a 2827 1089 0 9 49
a 2827 2825 0 1 42
a 2827 1601 0 10 19
a 2827 365 0 2 41
a 2827 2817 0 7 20
a 2827 349 0 10 27
a 2827 2548 0 1 41
a 2827 2128 0 6 26
a 2827 56 0 7 36
a 2827 1685 0 10 21
a 2827 1082 0 2 14
a 2830 532 0 625 8
a 2830 2077 0 2 18
a 2830 2727 0 2 39
a 2830 1939 0 8 4
a 2830 2607 0 10 17
a 2830 579 0 2 36
a 2830 1461 0 8 5
a 2830 721 0 8 49
a 2830 1860 0 9 33
a 2830 2995 0 3 23
a 2830 251 0 5 43
a 2830 535 0 8 12
a 2830 1309 0 2 42
a 2830 1190 0 7 12
a 2830 2534 0 1 31
a 2834 655 0 625 1
a 2834 1954 0 5 2
a 2834 1691 0 3 42
a 2834 2887 0 3 49
a 2847 984 0 625 50
a 2847 473 0 1 45
a 2847 544 0 5 42
a 2847 1339 0 5 19
a 2847 1174 0 4 24
a 2847 2209 0 10 16
a 2847 684 0 4 47
a 2847 2245 0 6 7
a 2847 1412 0 7 27
a 2847 2237 0 3 32
a 2847 1109 0 10 14
a 2847 1708 0 5 23
a 2847 1319 0 2 40
a 2848 2291 0 625 50
a 2848 110 0 7 24
a 2848 787 0 10 37
a 2848 786 0 6 20
a 2848 1510 0 7 23
a 2848 999 0 6 4
a 2848 961 0 3 35
a 2848 2073 0 9 17
a 2848 981 0 7 29
a 2852 514 0 625 1
a 2852 1361 0 10 40
a 2852 973 0 9 3
a 2875 145 0 625 14
a 2875 2512 0 9 31
a 2875 1722 0 2 34
a 2875 1151 0 10 47
a 2875 2430 0 10 44
a 2875 818 0 8 48
a 2875 2514 0 6 34
a 2875 1205 0 8 32
a 2875 1241 0 7 15
a 2875 480 0 2 33
a 2875 1717 0 8 32
a 2875 902 0 3 44
a 2875 1968 0 4 18
a 2875 984 0 1 15
a 2875 2876 0 2 28
a 2915 1616 0 625 50
a 2915 1570 0 6 41
a 2915 1945 0 1 42
a 2915 987 0 6 22
a 2915 2802 0 2 29
a 2915 532 0 1 6
a 2915 632 0 9 15
a 2915 2285 0 6 1
a 2915 52 0 4 9
a 2915 612 0 7 41
a 2915 1788 0 5 29
a 2915 652 0 1 5
a 2915 1195 0 2 40
a 2915 240 0 2 8
a 2915 664 0 3 25
a 2915 2025 0 5 37
a 2915 2055 0 5 27
a 2922 1484 0 625 31
a 2922 249 0 2 45
a 2922 1770 0 8 24
a 2922 418 0 1 6
a 2922 329 0 4 24
a 2922 1053 0 5 31
a 2922 1575 0 8 35
a 2922 529 0 1 7
a 2922 666 0 3 33
a 2922 1967 0 9 16
a 2924 1865 0 625 50
a 2924 1041 0 1 33
a 2924 539 0 5 40
a 2924 2590 0 5 18
a 2924 1571 0 2 4
a 2924 2374 0 6 35
a 2924 2636 0 8 44
a 2924 753 0 5 32
a 2924 2262 0 4 5
a 2924 2119 0 4 30
a 2924 866 0 1 45
a 2924 2676 0 10 20
a 2924 67 0 8 49
a 2924 454 0 1 23
a 2924 2106 0 1 38
a 2924 2606 0 10 44
a 2924 1382 0 4 3
a 2978 1718 0 625 50
a 2978 83 0 1 44
a 2978 429 0 10 25
a 2978 314 0 4 17
a 2978 2344 0 3 3
a 2978 1360 0 6 38
a 2978 2179 0 2 38
a 2978 1319 0 10 40
a 2978 2537 0 7 3
a 2978 279 0 3 28
a 2978 1953 0 1 43
a 2980 606 0 625 50
a 2980 907 0 6 37
a 2980 2147 0 1 11
a 2980 519 0 7 35
a 2980 1252 0 8 32
a 2980 180 0 8 49
a 2980 2005 0 5 24
a 2980 1127 0 10 3
a 2980 2330 0 1 11
a 15 1948 0 1265 30
a 15 2163 0 2 8
a 15 2259 0 10 4
a 15 2380 0 4 16
a 15 1579 0 2 41
a 15 1065 0 4 43
a 15 137 0 6 44
a 15 2176 0 1 28
a 15 1093 0 4 43
a 16 2528 0 1265 9
a 16 1747 0 10 26
a 16 1809 0 7 7
a 16 1872 0 6 44
a 16 162 0 6 49
a 22 1983 0 1265 29
a 22 2512 0 7 46
a 22 781 0 8 14
a 22 2027 0 4 27
a 22 693 0 9 6
a 22 1434 0 8 50
a 22 216 0 6 12
a 22 2042 0 7 30
a 22 483 0 8 33
a 22 1778 0 2 13
a 22 2221 0 7 12
a 22 2915 0 7 21
a 22 189 0 4 24
a 22 838 0 4 9
a 22 67 0 5 23
a 25 1315 0 1265 45
a 25 1702 0 6 37
a 25 1893 0 1 21
a 25 1068 0 9 36
a 45 1391 0 1265 50
a 45 1152 0 5 26
a 45 1956 0 5 31
a 45 478 0 1 27
a 45 2217 0 2 34
a 45 2962 0 5 12
a 45 2341 0 5 19
a 45 2355 0 1 15
a 45 874 0 4 14
a 45 2489 0 3 46
a 45 1470 0 10 3
a 46 2208 0 1265 15
a 46 1650 0 9 48
a 46 1102 0 10 20
a 46 1754 0 10 14
a 46 2491 0 5 40
a 46 1843 0 3 27
a 46 2267 0 3 36
a 46 64 0 8 13
a 46 1236 0 7 7
a 46 1777 0 3 36
a 46 1623 0 4 37
a 46 2579 0 4 40
a 46 675 0 3 28
a 46 1714 0 7 22
a 46 323 0 1 32
a 52 2359 0 1265 50
a 52 1703 0 5 40
a 65 1919 0 1265 50
a 65 2816 0 7 33
a 65 2133 0 1 36
a 65 745 0 8 31
a 65 2587 0 4 23
a 65 1949 0 1 29
a 65 2101 0 2 4
a 65 2920 0 2 6
a 65 2588 0 6 14
a 65 1906 0 4 8
a 65 2291 0 10 29
a 65 774 0 4 34
a 65 841 0 5 34
a 65 2518 0 8 37
a 65 1168 0 6 40
a 70 1942 0 1265 50
a 70 782 0 5 2
a 70 1455 0 7 38
a 70 773 0 10 22
a 70 361 0 6 37
a 70 2044 0 7 24
a 70 1293 0 2 41
a 70 335 0 7 27
a 70 2382 0 7 44
a 70 2837 0 5 7
a 87 2254 0 1265 50
a 87 2723 0 9 36
a 87 513 0 1 29
a 87 2282 0 6 4
a 96 2988 0 1265 42
a 96 2324 0 1265 50
a 96 1502 0 5 36
a 96 2351 0 3 30
a 96 1761 0 6 11
a 96 421 0 6 32
a 96 672 0 8 17
a 96 75 0 1 46
a 96 1303 0 8 36
a 96 1146 0 1 1
a 177 2998 0 1265 50
a 177 534 0 10 3
a 177 112 0 9 41
a 177 1817 0 8 10
a 177 2692 0 10 39
a 177 1067 0 4 49
a 177 2327 0 7 36
a 177 2815 0 3 40
a 177 298 0 9 42
a 177 2495 0 10 12
a 177 1163 0 4 28
a 177 96 0 8 7
a 177 1646 0 8 3
a 177 915 0 7 11
a 177 2828 0 6 49
a 185 351 0 1265 50
a 185 168 0 7 22
a 185 777 0 2 47
a 185 816 0 3 48
a 185 1095 0 3 32
a 185 1577 0 9 38
a 185 767 0 10 46
a 185 1573 0 9 41
a 185 2244 0 2 19
a 185 320 0 1 23
a 185 2811 0 5 36
a 185 387 0 5 39
a 185 397 0 4 30
a 185 1926 0 6 11
a 185 1168 0 5 30
a 189 1266 0 1265 50
a 189 196 0 3 21
a 189 1283 0 4 27
a 189 339 0 9 50
a 197 421 0 1265 50
a 197 708 0 8 13
a 197 2512 0 5 27
a 197 1391 0 2 26
a 197 1141 0 3 18
a 199 398 0 1265 50
a 199 860 0 4 45
a 199 1179 0 1 19
a 199 960 0 1 11
a 199 2230 0 6 22
a 211 1731 0 1265 50
a 211 1854 0 6 2
a 211 45 0 2 38
a 211 831 0 10 25
a 211 931 0 5 36
a 211 2724 0 6 31
a 211 2497 0 7 14
a 211 2377 0 4 13
a 211 365 0 8 34
a 211 2112 0 10 8
a 211 1975 0 5 21
a 211 1212 0 10 4
a 211 2480 0 2 30
a 211 2049 0 6 47
a 211 293 0 1 46
a 211 1857 0 3 26
a 220 1988 0 1265 50
a 220 1677 0 4 20
a 220 1009 0 6 41
a 220 2919 0 1 8
a 220 524 0 5 11
a 220 1224 0 6 20
a 220 2633 0 9 13
a 220 2180 0 8 15
a 220 2495 0 4 32
a 220 805 0 3 21
a 220 1676 0 1 8
a 220 322 0 1 50
a 220 732 0 7 5
a 220 2676 0 7 45
a 220 216 0 4 8
a 220 2256 0 7 23
a 220 2200 0 1 21
a 232 1287 0 1265 44
a 232 18 0 10 37
a 232 2803 0 2 1
a 232 1804 0 1 32
a 232 96 0 7 34
a 232 1222 0 5 24
a 232 2548 0 5 49
a 232 1408 0 6 45
a 232 1102 0 7 44
a 232 1246 0 8 39
a 232 333 0 5 17
a 232 2365 0 8 1
a 232 1544 0 3 28
a 232 1634 0 2 14
a 232 2353 0 4 38
a 240 1000 0 1265 8
a 240 210 0 7 35
a 240 1327 0 3 46
a 240 1331 0 2 34
a 240 1253 0 7 13
a 240 1891 0 3 37
a 240 827 0 9 41
a 240 2420 0 3 49
a 240 2405 0 5 10
a 240 634 0 6 35
a 240 583 0 2 5
a 240 1828 0 2 25
a 240 401 0 3 19
a 240 2907 0 5 47
a 240 1415 0 7 29
a 240 986 0 4 2
a 248 2112 0 1265 28
a 248 2181 0 4 16
a 248 2595 0 9 41
a 248 1300 0 4 24
a 248 1985 0 7 6
a 248 1829 0 9 21
a 248 466 0 4 19
a 248 2090 0 4 11
a 248 2877 0 5 4
a 248 2106 0 6 4
a 248 1919 0 9 15
a 248 1574 0 1 4
a 248 2876 0 6 27
a 248 155 0 4 49
a 248 416 0 5 11
a 254 2680 0 1265 50
a 254 1630 0 3 17
a 254 150 0 2 35
a 254 134 0 2 40
a 254 527 0 9 39
a 254 2093 0 7 15
a 254 1928 0 8 34
a 254 1618 0 8 6
a 254 2976 0 6 36
a 254 2038 0 6 36
a 254 1342 0 10 11
a 254 2586 0 2 38
a 254 945 0 6 18
a 254 1204 0 2 42
a 290 2686 0 1265 50
a 290 2369 0 5 43
a 290 1675 0 3 50
a 290 1183 0 5 28
a 290 2623 0 6 6
a 290 31 0 8 14
a 290 893 0 3 8
a 291 1489 0 1265 23
a 291 467 0 3 42
a 291 2774 0 8 7
a 291 1693 0 8 38
a 291 258 0 7 10
a 291 238 0 9 32
a 291 639 0 8 42
a 291 657 0 8 12
a 340 291 0 1265 46
a 340 1385 0 3 8
a 340 2109 0 8 6
a 340 2843 0 6 43
a 340 1108 0 9 30
a 340 168 0 4 44
a 340 661 0 5 4
a 340 394 0 7 37
a 340 2975 0 4 21
a 340 1964 0 4 45
a 340 459 0 5 26
a 340 2915 0 5 41
a 340 2038 0 5 19
a 340 328 0 6 16
a 340 1901 0 6 28
a 342 1814 0 1265 5
a 342 2826 0 1 4
a 342 2812 0 6 42
a 342 2051 0 4 29
a 342 413 0 5 13
a 348 2163 0 1265 48
a 348 1790 0 3 21
a 348 2954 0 9 31
a 348 259 0 2 11
a 348 1118 0 3 19
a 348 26 0 7 26
a 351 381 0 1265 50
a 351 2374 0 10 32
a 351 2890 0 1 44
a 351 1388 0 10 13
a 351 2943 0 1 28
a 351 1935 0 2 4
a 351 1164 0 10 16
a 351 1740 0 9 2
a 351 2451 0 8 41
a 351 523 0 1 19
a 351 1694 0 10 12
a 351 126 0 2 24
a 351 2710 0 5 42
a 357 189 0 1265 50
a 357 2904 0 1 33
a 357 1451 0 7 32
a 375 1594 0 1265 50
a 375 495 0 1 25
a 375 2306 0 6 17
a 375 2742 0 5 25
a 375 1362 0 3 48
a 375 2599 0 7 46
a 375 2142 0 3 33
a 375 806 0 6 45
a 375 507 0 4 15
a 375 1105 0 7 24
a 375 2147 0 10 2
a 375 1415 0 3 36
a 375 2156 0 3 40
a 381 1892 0 1265 24
a 381 174 0 1 29
a 381 728 0 5 48
a 381 1623 0 10 33
a 381 808 0 3 8
a 381 899 0 9 14
a 381 159 0 1 38
a 391 1070 0 1265 50
a 391 2446 0 5 18
a 391 1994 0 3 12
a 391 1329 0 1 25
a 396 25 0 1265 50
a 396 367 0 3 12
a 396 2797 0 10 27
a 396 1446 0 2 6
a 396 867 0 10 46
a 396 1338 0 8 35
a 396 2479 0 2 8
a 396 160 0 10 46
a 396 2064 0 6 46
a 396 2314 0 2 26
a 396 521 0 7 12
a 396 2450 0 7 19
a 396 883 0 6 13
a 398 185 0 1265 37
a 398 2281 0 3 19
a 398 605 0 10 29
a 398 2928 0 3 27
a 421 536 0 1265 30
a 421 522 0 8 7
a 421 944 0 8 5
a 421 1485 0 4 20
a 421 300 0 8 8
a 421 1933 0 9 1
a 421 1159 0 3 4
a 423 1747 0 1265 50
a 423 2618 0 6 34
a 423 824 0 2 23
a 423 2316 0 1 14
a 423 1575 0 2 28
a 423 2446 0 1 28
a 423 2989 0 5 40
a 423 2437 0 2 22
a 423 1192 0 10 24
a 424 1786 0 1265 4
a 424 1784 0 3 45
a 424 2371 0 10 41
a 424 710 0 5 24
a 424 757 0 1 47
a 424 1509 0 8 45
a 424 532 0 6 48
a 424 2006 0 8 16
a 424 2073 0 5 7
a 424 351 0 1 48
a 424 235 0 4 20
a 424 2137 0 7 16
a 424 1905 0 8 5
a 424 2431 0 8 37
a 424 1587 0 8 33
a 424 2796 0 9 31
a 424 1885 0 2 40
a 436 1257 0 1265 29
a 436 1683 0 7 15
a 436 1821 0 5 6
a 436 385 0 7 2
a 436 623 0 7 4
a 436 2018 0 3 44
a 436 536 0 4 18
a 436 1177 0 9 45
a 436 1714 0 8 16
a 436 2250 0 5 17
a 451 2887 0 1265 30
a 451 154 0 8 47
a 451 241 0 9 5
a 451 1040 0 2 11
a 451 681 0 5 35
a 451 571 0 10 24
a 451 777 0 1 30
a 451 138 0 8 22
a 451 1927 0 10 3
a 451 122 0 3 49
a 451 2133 0 8 29
a 451 957 0 1 10
a 451 1517 0 8 7
a 451 1812 0 6 38
a 451 433 0 2 32
a 464 1299 0 1265 50
a 464 369 0 8 50
a 464 2526 0 3 33
a 464 2614 0 1 5
a 464 1332 0 9 17
a 464 1674 0 2 40
a 464 2720 0 3 38
a 464 1843 0 2 36
a 464 759 0 3 22
a 464 1017 0 1 32
a 464 1699 0 9 14
a 466 45 0 1265 27
a 466 1582 0 1 14
a 466 2292 0 5 41
a 466 1077 0 1 46
a 466 521 0 3 23
a 466 42 0 1 22
a 466 2173 0 1 16
a 466 987 0 4 4
a 466 2882 0 3 18
a 471 70 0 1265 28
a 471 1578 0 7 7
a 471 1333 0 5 7
a 471 2776 0 10 45
a 471 2587 0 6 11
a 471 1771 0 9 44
a 471 2677 0 10 36
a 471 434 0 8 41
a 471 1657 0 9 26
a 471 511 0 6 15
a 471 2488 0 4 42
a 471 2808 0 6 39
a 471 1369 0 4 14
a 471 1061 0 2 13
a 471 1026 0 7 8
a 471 1678 0 10 20
a 472 1921 0 1265 9
a 472 2914 0 10 21
a 472 1287 0 9 38
a 472 414 0 2 17
a 472 755 0 10 31
a 472 2057 0 2 15
a 473 1855 0 1265 50
a 473 223 0 5 37
a 473 664 0 10 16
a 473 554 0 9 27
a 473 1634 0 2 31
a 473 2768 0 2 20
a 473 673 0 1 24
a 473 627 0 6 25
a 473 662 0 9 26
a 473 2782 0 6 43
a 473 2494 0 7 12
a 526 634 0 1265 50
a 526 2887 0 4 49
a 526 68 0 1 26
a 526 118 0 4 28
a 526 2530 0 1 48
a 526 420 0 10 48
a 526 1120 0 5 3
a 526 2832 0 7 10
a 526 1147 0 8 7
a 526 856 0 4 25
a 526 38 0 10 2
a 526 1283 0 6 44
a 526 2230 0 1 37
a 526 629 0 7 45
a 526 1113 0 8 17
a 535 1736 0 1265 21
a 535 189 0 6 21
a 535 2982 0 5 39
a 536 2307 0 1265 14
a 536 1224 0 9 30
a 536 2044 0 9 36
a 536 1384 0 3 25
a 536 2248 0 7 24
a 536 306 0 2 6
a 536 2985 0 8 21
a 536 2827 0 7 13
a 536 1743 0 3 11
a 536 2184 0 5 42
a 536 1960 0 2 37
a 536 1218 0 10 35
a 536 2656 0 1 7
a 536 2105 0 10 31
a 536 1585 0 2 14
a 536 2428 0 7 22
a 536 804 0 4 22
a 540 535 0 1265 28
a 540 2028 0 6 46
a 540 1429 0 6 45
a 556 1413 0 1265 50
a 556 67 0 10 22
a 556 987 0 2 30
a 556 2674 0 5 48
a 556 872 0 4 6
a 556 610 0 2 24
a 556 2968 0 3 23
a 556 83 0 8 48
a 556 891 0 7 50
a 556 939 0 8 1
a 556 2982 0 1 1
a 556 423 0 7 19
a 556 327 0 3 9
a 561 248 0 1265 34
a 561 1939 0 6 22
a 561 1130 0 10 43
a 561 1791 0 3 30
a 561 2271 0 1 34
a 561 446 0 9 5
a 561 2516 0 6 37
a 577 96 0 1265 18
a 577 1218 0 9 6
a 577 1140 0 3 25
a 577 1093 0 3 41
a 577 2357 0 2 42
a 577 1347 0 5 11
a 577 1618 0 7 28
a 577 1156 0 1 40
a 577 664 0 1 31
a 577 726 0 3 5
a 577 503 0 5 15
a 577 2384 0 8 36
a 604 1626 0 1265 50
a 604 2544 0 3 39
a 604 678 0 4 12
a 604 758 0 4 4
a 604 1647 0 8 32
a 604 409 0 6 3
a 604 1451 0 8 33
a 604 2826 0 3 38
a 604 757 0 3 20
a 618 2142 0 1265 50
a 618 1468 0 2 23
a 618 2697 0 3 15
a 618 2792 0 1 2
a 618 776 0 1 12
a 618 1283 0 6 18
a 618 2794 0 8 25
a 618 2905 0 10 25
a 618 1260 0 5 34
a 618 2798 0 2 23
a 618 1921 0 10 30
a 618 98 0 3 27
a 618 864 0 4 8
a 618 428 0 4 31
a 626 1539 0 1265 36
a 626 2083 0 7 49
a 626 2306 0 1 22
a 626 2688 0 7 21
a 626 999 0 2 7
a 626 1500 0 8 44
a 626 1575 0 4 8
a 626 2953 0 2 47
a 626 2946 0 3 15
a 626 221 0 10 38
a 626 1852 0 8 37
a 626 1396 0 6 17
a 626 2924 0 5 3
a 626 1532 0 7 20
a 626 1843 0 5 30
a 626 1469 0 6 17
a 634 1134 0 1265 50
a 634 69 0 10 24
a 634 1633 0 2 31
a 634 252 0 10 14
a 637 2625 0 1265 50
a 637 2723 0 10 19
a 637 2660 0 4 34
a 637 2476 0 2 25
a 637 673 0 5 5
a 637 2462 0 1 20
a 670 1516 0 1265 7
a 670 1939 0 7 34
a 670 1236 0 5 19
a 670 74 0 10 36
a 670 2525 0 9 26
a 670 135 0 8 25
a 670 61 0 7 17
a 670 997 0 2 36
a 670 327 0 9 10
a 670 1790 0 4 33
a 670 762 0 7 3
a 688 2515 0 1265 50
a 688 645 0 10 34
a 688 955 0 5 16
a 688 879 0 2 14
a 706 46 0 1265 50
a 706 2455 0 6 44
a 706 1508 0 3 24
a 706 2101 0 5 7
a 706 2031 0 9 20
a 706 1970 0 6 11
a 706 904 0 2 1
a 706 2715 0 6 35
a 706 819 0 3 27
a 751 2910 0 1265 50
a 751 2929 0 1 36
a 751 1821 0 6 45
a 751 1081 0 4 15
a 751 711 0 7 23
a 751 2807 0 8 12
a 751 626 0 6 34
a 751 251 0 7 16
a 751 519 0 3 7
a 751 288 0 7 12
a 751 2465 0 5 2
a 751 1867 0 7 42
a 751 1773 0 10 19
a 751 2333 0 6 3
a 751 84 0 7 8
a 751 2085 0 9 19
a 773 1915 0 1265 50
a 773 2845 0 10 30
a 779 526 0 1265 50
a 779 2327 0 6 41
a 779 2491 0 3 25
a 779 2149 0 8 32
a 779 441 0 4 30
a 779 2519 0 7 32
a 819 779 0 1265 50
a 819 1719 0 10 9
a 819 1312 0 5 31
a 819 884 0 8 45
a 828 604 0 1265 39
a 828 1034 0 2 31
a 828 1592 0 9 12
a 925 1546 0 1265 50
a 925 2744 0 6 10
a 925 2160 0 8 27
a 925 1801 0 10 3
a 925 594 0 2 37
a 925 195 0 10 9
a 955 2858 0 1265 50
a 955 1756 0 8 34
a 955 2071 0 8 36
a 955 2519 0 8 43
a 955 798 0 10 13
a 955 169 0 2 26
a 955 1840 0 5 28
a 955 1319 0 3 8
a 955 2573 0 7 31
a 955 2205 0 10 28
a 955 1366 0 8 49
a 955 2359 0 2 9
a 955 635 0 9 28
a 955 812 0 3 28
a 955 906 0 9 25
a 955 2163 0 8 24
a 979 1271 0 1265 6
a 979 2066 0 7 50
a 979 2624 0 1 31
a 979 1579 0 6 43
a 979 2422 0 1 25
a 979 1897 0 1 18
a 979 134 0 8 36
a 979 962 0 7 37
a 979 2828 0 3 16
a 979 2785 0 10 45
a 983 2186 0 1265 50
a 983 650 0 10 50
a 983 1485 0 7 18
a 983 2731 0 2 36
a 983 1722 0 4 1
a 983 2174 0 7 35
a 983 2016 0 10 49
a 983 430 0 9 38
a 1000 1046 0 1265 43
a 1000 2103 0 1 18
a 1006 1019 0 1265 50
a 1006 151 0 6 50
a 1010 2883 0 1265 30
a 1010 335 0 5 44
a 1010 2782 0 2 50
a 1010 352 0 8 19
a 1010 2441 0 4 49
a 1010 739 0 10 9
a 1010 2611 0 6 18
a 1010 348 0 6 25
a 1010 2858 0 4 39
a 1010 2374 0 9 35
a 1010 143 0 4 12
a 1010 847 0 8 29
a 1010 2403 0 5 14
a 1010 1508 0 6 38
a 1010 16 0 10 47
a 1010 2908 0 3 26
a 1019 1670 0 1265 50
a 1019 1307 0 1 25
a 1019 2912 0 7 7
a 1019 992 0 10 10
a 1046 2884 0 1265 49
a 1046 2154 0 8 18
a 1046 2695 0 10 28
a 1046 1421 0 9 33
a 1046 1785 0 1 32
a 1048 2701 0 1265 21
a 1048 698 0 9 29
a 1048 750 0 6 10
a 1048 1636 0 5 27
a 1048 1447 0 4 49
a 1048 388 0 4 42
a 1048 2282 0 3 20
a 1048 1869 0 2 33
a 1048 2911 0 8 42
a 1048 1824 0 4 23
a 1048 574 0 3 17
a 1048 691 0 10 45
a 1048 2719 0 7 9
a 1070 2547 0 1265 11
a 1070 191 0 1 41
a 1070 1621 0 5 15
a 1070 2242 0 4 49
a 1070 822 0 10 4
a 1094 1308 0 1265 50
a 1094 2309 0 10 4
a 1094 1645 0 9 50
a 1094 2826 0 6 26
a 1094 2600 0 10 20
a 1094 647 0 9 19
a 1094 277 0 9 14
a 1094 2742 0 2 49
a 1094 51 0 3 49
a 1094 2403 0 1 42
a 1094 2362 0 4 8
a 1094 2347 0 9 4
a 1094 1077 0 5 4
a 1094 1714 0 10 44
a 1094 474 0 6 34
a 1094 1307 0 6 46
a 1094 2950 0 2 49
a 1107 2731 0 1265 41
a 1107 2683 0 7 6
a 1107 1035 0 5 11
a 1107 211 0 6 22
a 1107 784 0 5 19
a 1107 522 0 3 45
a 1107 340 0 9 41
a 1107 791 0 5 36
a 1107 944 0 8 5
a 1107 1132 0 1 3
a 1107 2406 0 2 48
a 1107 2052 0 1 29
a 1107 1457 0 3 19
a 1107 2941 0 1 10
a 1111 1644 0 1265 39
a 1111 1608 0 1 45
a 1111 1600 0 8 34
a 1111 2888 0 10 3
a 1111 1592 0 3 38
a 1111 2672 0 1 2
a 1111 2633 0 4 15
a 1111 1628 0 6 12
a 1111 786 0 3 5
a 1111 2284 0 9 34
a 1111 301 0 8 31
a 1111 2830 0 2 17
a 1111 619 0 7 28
a 1111 2569 0 10 32
a 1111 783 0 7 1
a 1111 1527 0 10 41
a 1128 626 0 1265 50
a 1128 458 0 6 8
a 1128 206 0 7 47
a 1128 884 0 8 2
a 1128 1836 0 6 12
a 1128 467 0 6 21
a 1128 441 0 1 14
a 1128 27 0 5 14
a 1128 308 0 9 21
a 1128 695 0 3 11
a 1128 418 0 2 28
a 1128 2840 0 7 9
a 1128 939 0 3 19
a 1134 87 0 1265 19
a 1134 646 0 1 34
a 1134 1697 0 2 19
a 1134 1757 0 7 26
a 1134 1081 0 4 1
a 1134 1724 0 6 15
a 1134 2932 0 6 39
a 1134 1056 0 9 44
a 1134 2777 0 8 22
a 1134 647 0 1 38
a 1134 2439 0 8 38
a 1134 2255 0 10 44
a 1134 1671 0 8 21
a 1134 1692 0 8 36
a 1140 688 0 1265 27
a 1140 56 0 5 37
a 1140 2381 0 4 9
a 1140 2827 0 3 5
a 1140 1279 0 5 9
a 1140 2783 0 2 12
a 1140 295 0 6 38
a 1140 298 0 6 44
a 1140 1033 0 4 22
a 1140 447 0 3 38
a 1140 694 0 7 37
a 1147 348 0 1265 20
a 1147 2098 0 3 4
a 1147 1121 0 5 23
a 1147 2118 0 3 42
a 1147 2445 0 4 4
a 1147 2660 0 10 12
a 1147 2455 0 6 43
a 1147 1909 0 1 34
a 1147 847 0 4 41
a 1147 669 0 9 3
a 1147 2021 0 1 13
a 1147 734 0 1 36
a 1147 1986 0 7 27
a 1147 1406 0 4 41
a 1147 1372 0 5 33
a 1147 1173 0 4 47
a 1151 2662 0 1265 50
a 1151 2224 0 3 28
a 1151 1865 0 7 37
a 1151 695 0 2 42
a 1151 523 0 5 49
a 1161 540 0 1265 41
a 1161 2370 0 4 19
a 1161 787 0 7 37
a 1161 1642 0 10 40
a 1174 1418 0 1265 50
a 1174 2668 0 6 4
a 1174 1702 0 3 43
a 1207 1978 0 1265 50
a 1207 668 0 6 40
a 1207 692 0 6 17
a 1257 391 0 1265 50
a 1257 994 0 7 7
a 1266 1880 0 1265 50
a 1266 2166 0 6 39
a 1266 160 0 3 23
a 1266 1096 0 5 3
a 1266 2632 0 1 30
a 1266 620 0 1 28
a 1266 2017 0 7 33
a 1266 2435 0 9 47
a 1266 2528 0 9 39
a 1266 2503 0 5 43
a 1266 2541 0 2 5
a 1266 881 0 10 22
a 1266 1284 0 10 19
a 1266 2735 0 4 35
a 1266 1942 0 5 8
a 1266 1460 0 10 20
a 1271 2392 0 1265 35
a 1271 2941 0 7 40
a 1271 1863 0 2 30
a 1271 2916 0 9 42
a 1271 1866 0 2 37
a 1271 2874 0 7 35
a 1271 262 0 3 33
a 1271 430 0 6 34
a 1271 1433 0 7 35
a 1283 2053 0 1265 12
a 1283 911 0 1 5
a 1283 712 0 2 38
a 1283 2837 0 7 31
a 1283 917 0 1 30
a 1283 251 0 10 27
a 1283 1224 0 2 39
a 1283 2865 0 4 8
a 1287 2124 0 1265 50
a 1287 2652 0 8 2
a 1287 411 0 2 24
a 1287 1827 0 7 20
a 1287 2248 0 2 10
a 1287 381 0 2 4
a 1293 1420 0 1265 22
a 1293 437 0 4 4
a 1293 1209 0 3 9
a 1293 1521 0 3 45
a 1293 1262 0 9 21
a 1293 695 0 1 7
a 1293 1681 0 8 40
a 1293 2429 0 1 50
a 1296 1809 0 1265 6
a 1296 2468 0 3 34
a 1296 1533 0 7 10
a 1296 437 0 1 36
a 1296 458 0 1 30
a 1296 2226 0 3 1
a 1296 2517 0 3 18
a 1296 2970 0 6 6
a 1296 1304 0 2 33
a 1296 2104 0 9 27
a 1296 639 0 10 25
a 1296 2147 0 2 1
a 1299 1351 0 1265 36
a 1299 1514 0 6 15
a 1299 2357 0 7 37
a 1299 767 0 2 26
a 1299 153 0 3 23
a 1299 2090 0 7 28
a 1299 486 0 8 32
a 1299 2608 0 8 34
a 1299 2747 0 5 32
a 1299 1013 0 5 12
a 1299 1523 0 9 43
a 1299 2536 0 4 15
a 1299 823 0 2 20
a 1299 2102 0 3 43
a 1308 1419 0 1265 36
a 1308 2507 0 8 20
a 1308 2137 0 9 27
a 1308 1097 0 10 34
a 1308 2691 0 10 47
a 1308 2280 0 7 26
a 1308 2480 0 10 14
a 1308 2696 0 1 39
a 1315 472 0 1265 50
a 1315 571 0 1 13
a 1351 466 0 1265 50
a 1351 496 0 10 46
a 1351 977 0 5 9
a 1351 2228 0 3 18
a 1351 1978 0 3 1
a 1351 1884 0 3 48
a 1351 232 0 3 45
a 1351 1435 0 4 32
a 1351 999 0 7 41
a 1351 1851 0 7 2
a 1379 16 0 1265 50
a 1379 1481 0 9 25
a 1379 898 0 8 28
a 1379 1595 0 3 1
a 1379 693 0 8 15
a 1379 2879 0 4 10
a 1388 2267 0 1265 50
a 1388 2167 0 3 5
a 1388 1424 0 1 11
a 1391 2835 0 1265 50
a 1391 273 0 10 16
a 1391 2820 0 9 21
a 1391 2831 0 2 16
a 1391 2084 0 1 46
a 1391 380 0 2 19
a 1391 876 0 6 8
a 1391 390 0 6 48
a 1391 306 0 1 48
a 1391 510 0 1 25
a 1391 1044 0 2 11
a 1409 464 0 1265 38
a 1409 1172 0 4 4
a 1409 2254 0 1 18
a 1409 740 0 9 4
a 1409 1428 0 4 21
a 1409 2117 0 2 10
a 1409 1144 0 8 50
a 1409 1063 0 2 42
a 1409 294 0 5 35
a 1409 2960 0 9 14
a 1409 2801 0 5 36
a 1409 1424 0 10 1
a 1409 95 0 4 35
a 1409 2359 0 9 38
a 1409 82 0 3 27
a 1409 351 0 7 32
a 1413 423 0 1265 29
a 1413 1235 0 7 36
a 1413 306 0 3 25
a 1413 36 0 7 18
a 1413 1112 0 1 25
a 1413 1480 0 6 5
a 1413 1333 0 10 8
a 1413 253 0 4 7
a 1413 1389 0 8 1
a 1413 2739 0 10 16
a 1413 855 0 3 19
a 1413 2101 0 3 8
a 1413 922 0 1 9
a 1413 1445 0 9 30
a 1413 2172 0 8 23
a 1418 828 0 1265 28
a 1418 1891 0 6 10
a 1418 489 0 8 23
a 1418 1253 0 2 32
a 1418 1935 0 2 1
a 1418 693 0 9 34
a 1418 1856 0 10 12
a 1418 1415 0 5 16
a 1418 138 0 8 22
a 1418 48 0 8 22
a 1418 1930 0 1 9
a 1418 687 0 10 23
a 1418 2041 0 9 46
a 1418 1561 0 1 36
a 1418 1217 0 8 26
a 1418 2139 0 9 2
a 1419 1010 0 1265 40
a 1419 1233 0 1 34
a 1419 2625 0 10 25
a 1419 2425 0 5 36
a 1419 1950 0 9 42
a 1419 2156 0 10 1
a 1419 1854 0 9 7
a 1419 1505 0 5 16
a 1419 2987 0 2 47
a 1419 2290 0 7 35
a 1419 1702 0 7 50
a 1419 1712 0 4 19
a 1419 1422 0 6 2
a 1419 2565 0 3 41
a 1419 721 0 5 50
a 1419 820 0 10 29
a 1419 1524 0 10 1
a 1420 955 0 1265 50
a 1420 2021 0 1 18
a 1420 234 0 2 13
a 1420 222 0 7 32
a 1420 2148 0 4 18
a 1447 220 0 1265 2
a 1447 2900 0 7 5
a 1447 1525 0 6 6
a 1447 1748 0 8 13
a 1447 2979 0 1 35
a 1447 2185 0 4 17
a 1447 1070 0 6 22
a 1473 2697 0 1265 50
a 1473 1711 0 8 37
a 1473 2449 0 5 42
a 1489 65 0 1265 12
a 1489 2719 0 2 42
a 1489 595 0 3 14
a 1489 2476 0 3 32
a 1489 2660 0 7 21
a 1489 941 0 10 22
a 1489 102 0 3 16
a 1516 819 0 1265 41
a 1516 1309 0 7 33
a 1516 1093 0 7 6
a 1516 2632 0 10 25
a 1516 1468 0 4 40
a 1530 1107 0 1265 50
a 1530 1062 0 8 10
a 1530 2711 0 5 42
a 1530 2578 0 9 16
a 1530 522 0 8 8
a 1530 1056 0 5 6
a 1530 1709 0 5 13
a 1539 1283 0 1265 50
a 1539 794 0 5 38
a 1539 325 0 1 48
a 1539 2434 0 3 17
a 1539 502 0 9 13
a 1539 2095 0 8 41
a 1539 2617 0 9 42
a 1539 1344 0 5 50
a 1539 964 0 4 50
a 1539 1411 0 5 13
a 1539 220 0 10 21
a 1539 1393 0 4 24
a 1539 1127 0 7 5
a 1539 2088 0 2 20
a 1539 908 0 1 11
a 1539 1315 0 4 48
a 1539 2465 0 10 10
a 1546 2806 0 1265 28
a 1546 2983 0 2 25
a 1546 474 0 4 22
a 1549 1296 0 1265 6
a 1549 2545 0 8 2
a 1549 2779 0 2 42
a 1549 1122 0 6 12
a 1549 2649 0 2 21
a 1582 751 0 1265 50
a 1582 942 0 7 32
a 1582 2013 0 3 39
a 1582 2802 0 6 39
a 1582 2437 0 4 11
a 1582 1728 0 5 43
a 1582 2780 0 10 47
a 1582 2293 0 7 4
a 1582 1899 0 7 31
a 1582 192 0 2 8
a 1582 1130 0 4 29
a 1582 1244 0 1 30
a 1582 71 0 7 27
a 1582 484 0 3 46
a 1594 1293 0 1265 50
a 1594 2488 0 6 43
a 1594 2867 0 4 43
a 1594 2925 0 4 7
a 1596 199 0 1265 37
a 1596 2987 0 1265 3
a 1596 2366 0 2 2
a 1596 2330 0 5 49
a 1596 1793 0 3 31
a 1596 1031 0 8 39
a 1596 1091 0 9 48
a 1596 1132 0 7 49
a 1596 44 0 5 26
a 1596 1504 0 2 22
a 1596 1904 0 2 9
a 1596 2708 0 4 12
a 1596 2503 0 8 15
a 1596 2799 0 1 26
a 1596 2435 0 7 5
a 1596 1173 0 10 34
a 1596 240 0 8 49
a 1596 320 0 10 25
a 1613 1111 0 1265 31
a 1613 2407 0 6 24
a 1613 2812 0 7 1
a 1613 1446 0 10 15
a 1613 1533 0 4 20
a 1613 945 0 2 34
a 1613 2824 0 6 1
a 1626 1743 0 1265 1
a 1626 1456 0 7 21
a 1626 1627 0 5 50
a 1626 1073 0 5 13
a 1626 2463 0 3 39
a 1626 2608 0 7 29
a 1626 2227 0 9 7
a 1626 259 0 5 15
a 1626 1722 0 4 44
a 1626 2663 0 1 36
a 1626 2459 0 10 24
a 1626 2602 0 10 6
a 1626 902 0 3 13
a 1626 785 0 5 38
a 1626 347 0 4 2
a 1644 1094 0 1265 31
a 1644 408 0 9 5
a 1644 1234 0 7 45
a 1670 396 0 1265 50
a 1670 483 0 10 46
a 1670 2044 0 3 26
a 1670 541 0 8 21
a 1670 1022 0 3 34
a 1670 2115 0 10 42
a 1670 2352 0 2 18
a 1670 2899 0 9 3
a 1670 2396 0 10 18
a 1670 1305 0 1 33
a 1670 1473 0 4 16
a 1670 366 0 10 13
a 1670 508 0 8 17
a 1670 1908 0 1 34
a 1670 2206 0 3 45
a 1680 197 0 1265 50
a 1680 1862 0 5 7
a 1680 49 0 4 36
a 1680 1055 0 7 25
a 1680 1684 0 5 1
a 1680 1880 0 6 46
a 1680 2477 0 4 32
a 1680 1482 0 10 48
a 1731 2333 0 1265 45
a 1731 2880 0 2 5
a 1731 1346 0 4 25
a 1731 57 0 10 23
a 1731 1665 0 7 25
a 1736 1006 0 1265 32
a 1736 2997 0 1265 50
a 1736 2134 0 5 36
a 1736 1385 0 5 30
a 1736 2206 0 5 19
a 1736 2864 0 8 47
a 1743 618 0 1265 50
a 1743 2392 0 7 38
a 1743 1976 0 6 36
a 1743 1795 0 5 10
a 1743 813 0 3 9
a 1747 240 0 1265 41
a 1747 1823 0 9 9
a 1747 908 0 9 27
a 1747 216 0 2 2
a 1747 2642 0 2 14
a 1747 2784 0 6 23
a 1747 2781 0 2 14
a 1747 1607 0 6 37
a 1747 2277 0 9 35
a 1747 1390 0 4 48
a 1747 2832 0 10 10
a 1758 983 0 1265 17
a 1758 2018 0 3 47
a 1758 576 0 5 44
a 1758 431 0 10 22
a 1758 2222 0 3 12
a 1758 2168 0 3 5
a 1758 449 0 1 11
a 1758 866 0 7 27
a 1758 462 0 2 40
a 1758 953 0 1 14
a 1758 2741 0 6 18
a 1758 2491 0 6 41
a 1758 990 0 5 10
a 1786 2869 0 1265 11
a 1786 2164 0 8 43
a 1786 532 0 6 27
a 1786 229 0 3 40
a 1786 2687 0 10 23
a 1786 1070 0 10 21
a 1789 436 0 1265 18
a 1789 74 0 5 23
a 1789 2157 0 9 35
a 1789 2055 0 4 31
a 1789 2028 0 3 11
a 1789 411 0 10 2
a 1789 1200 0 6 8
a 1789 734 0 2 9
a 1809 577 0 1265 2
a 1809 337 0 3 17
a 1809 2656 0 6 30
a 1809 2244 0 2 48
a 1809 1525 0 9 48
a 1809 1939 0 8 8
a 1812 471 0 1265 6
a 1812 1198 0 10 34
a 1812 385 0 7 24
a 1812 129 0 5 34
a 1812 2495 0 2 4
a 1812 1997 0 7 31
a 1812 483 0 8 29
a 1812 1626 0 5 8
a 1814 670 0 1265 50
a 1814 2677 0 10 17
a 1814 2292 0 5 10
a 1814 437 0 8 32
a 1814 2933 0 8 35
a 1814 1474 0 9 18
a 1814 926 0 4 16
a 1814 150 0 8 14
a 1814 2521 0 10 22
a 1814 2907 0 8 42
a 1814 1692 0 5 11
a 1814 257 0 2 37
a 1814 467 0 5 13
a 1814 368 0 4 38
a 1814 2262 0 4 49
a 1814 835 0 5 29
a 1845 1388 0 1265 48
a 1845 2456 0 4 34
a 1845 2687 0 7 28
a 1845 1072 0 4 39
a 1845 2243 0 9 36
a 1845 283 0 4 3
a 1845 218 0 5 46
a 1845 1083 0 2 36
a 1845 1480 0 2 29
a 1845 1493 0 10 37
a 1845 1950 0 1 26
a 1845 2742 0 3 22
a 1845 1333 0 3 21
a 1852 1982 0 1265 14
a 1852 2956 0 5 50
a 1852 90 0 1 20
a 1852 47 0 1 25
a 1852 2930 0 8 5
a 1852 2255 0 6 23
a 1852 1098 0 6 25
a 1852 183 0 2 10
a 1852 1626 0 6 33
a 1855 451 0 1265 50
a 1855 1211 0 10 17
a 1855 1904 0 7 32
a 1855 465 0 9 14
a 1880 1596 0 1265 50
a 1880 2258 0 10 5
a 1880 2791 0 8 41
a 1880 551 0 3 36
a 1880 69 0 5 24
a 1880 165 0 3 27
a 1880 1930 0 2 39
a 1884 211 0 1265 50
a 1884 1800 0 2 37
a 1884 1514 0 9 30
a 1884 2456 0 8 12
a 1884 1152 0 9 17
a 1884 209 0 4 14
a 1884 153 0 1 49
a 1884 1830 0 2 1
a 1884 1382 0 1 43
a 1884 2744 0 2 38
a 1884 339 0 10 43
a 1892 254 0 1265 50
a 1892 67 0 8 4
a 1892 2521 0 5 27
a 1892 1904 0 7 43
a 1892 998 0 5 25
a 1892 606 0 8 6
a 1892 1433 0 3 49
a 1892 582 0 2 45
a 1892 1212 0 3 21
a 1892 594 0 8 7
a 1892 968 0 7 49
a 1892 2027 0 7 25
a 1892 2679 0 2 17
a 1911 1852 0 1265 17
a 1911 1124 0 4 15
a 1911 2830 0 4 50
a 1911 83 0 6 50
a 1911 886 0 3 22
a 1911 796 0 5 6
a 1911 335 0 9 27
a 1911 379 0 9 15
a 1911 2888 0 2 31
a 1911 2362 0 2 21
a 1915 2438 0 1265 50
a 1915 847 0 5 29
a 1915 1123 0 2 37
a 1915 2427 0 2 12
a 1915 321 0 1 3
a 1915 221 0 9 10
a 1915 362 0 6 32
a 1915 16 0 7 31
a 1915 2243 0 3 27
a 1915 245 0 4 37
a 1915 98 0 1 12
a 1915 2283 0 1 28
a 1919 1758 0 1265 50
a 1919 1862 0 2 21
a 1919 1020 0 7 34
a 1919 2532 0 10 21
a 1919 2678 0 6 40
a 1919 551 0 4 30
a 1919 1959 0 3 20
a 1919 295 0 2 14
a 1919 2091 0 8 32
a 1919 673 0 7 26
a 1919 1205 0 10 26
a 1919 735 0 9 17
a 1919 781 0 5 2
a 1919 1184 0 9 44
a 1919 2640 0 6 8
a 1921 232 0 1265 2
a 1921 2236 0 9 50
a 1921 1838 0 2 8
a 1921 2816 0 4 28
a 1921 196 0 9 43
a 1921 2108 0 10 8
a 1921 2878 0 10 27
a 1921 619 0 8 20
a 1921 2437 0 10 34
a 1921 1582 0 10 25
a 1921 1354 0 6 10
a 1921 1730 0 5 23
a 1921 662 0 7 48
a 1942 637 0 1265 44
a 1942 146 0 10 49
a 1942 2605 0 8 28
a 1948 52 0 1265 50
a 1948 2966 0 8 11
a 1948 1691 0 3 12
a 1948 2486 0 5 31
a 1948 379 0 2 4
a 1948 616 0 5 41
a 1948 893 0 10 13
a 1948 639 0 9 41
a 1948 1491 0 9 23
a 1948 412 0 5 37
a 1948 1630 0 3 1
a 1948 286 0 1 34
a 1948 1048 0 2 2
a 1948 1395 0 1 15
a 1948 2951 0 10 16
a 1948 2314 0 8 40
a 1951 2351 0 1265 36
a 1951 2123 0 6 48
a 1951 2743 0 9 21
a 1951 561 0 5 35
a 1951 753 0 7 15
a 1951 1663 0 4 23
a 1951 1436 0 4 45
a 1951 703 0 9 16
a 1951 1428 0 9 10
a 1951 254 0 3 41
a 1951 870 0 8 29
a 1951 1253 0 2 4
a 1951 731 0 5 16
a 1969 2397 0 1265 41
a 1969 2422 0 7 43
a 1969 2713 0 5 32
a 1969 1998 0 1 28
a 1978 2775 0 1265 40
a 1978 1429 0 4 29
a 1978 2269 0 3 21
a 1978 685 0 7 21
a 1978 1712 0 10 25
a 1978 2661 0 5 9
a 1978 2996 0 10 6
a 1978 1395 0 7 39
a 1978 1311 0 2 42
a 1978 147 0 5 36
a 1978 503 0 3 29
a 1978 903 0 8 29
a 1978 1273 0 5 3
a 1982 473 0 1265 33
a 1982 2348 0 7 18
a 1982 2461 0 6 48
a 1982 2214 0 9 9
a 1982 2924 0 10 11
a 1982 1924 0 7 25
a 1983 342 0 1265 50
a 1983 267 0 10 48
a 1983 1394 0 4 47
a 1983 2711 0 8 39
a 1988 1128 0 1265 46
a 1988 2109 0 9 14
a 1988 2919 0 4 50
a 1988 2754 0 9 16
a 1988 547 0 9 8
a 1988 2060 0 5 32
a 1988 1182 0 9 26
a 1988 557 0 3 10
a 1988 2882 0 3 13
a 1988 1968 0 4 31
a 1998 1207 0 1265 50
a 1998 841 0 2 23
a 1998 1714 0 8 48
a 1998 2856 0 3 13
a 1998 1691 0 1 3
a 1998 1008 0 10 23
a 1998 730 0 8 34
a 1998 2487 0 10 36
a 2020 1969 0 1265 50
a 2020 1989 0 8 29
a 2020 70 0 5 5
a 2020 677 0 7 41
a 2020 1920 0 4 45
a 2020 376 0 7 20
a 2020 2128 0 7 20
a 2020 313 0 5 4
a 2020 2409 0 4 45
a 2020 1375 0 4 4
a 2020 1077 0 3 23
a 2020 1521 0 3 24
a 2020 2068 0 10 17
a 2020 2028 0 6 33
a 2020 347 0 8 35
a 2049 1549 0 1265 50
a 2049 190 0 8 29
a 2049 2172 0 2 14
a 2049 1456 0 8 48
a 2049 421 0 1 21
a 2049 1647 0 7 17
a 2049 1961 0 3 25
a 2049 2366 0 9 33
a 2049 2727 0 1 20
a 2049 2022 0 7 49
a 2049 940 0 1 13
a 2049 1778 0 10 27
a 2049 2645 0 8 19
a 2049 2415 0 10 9
a 2049 846 0 6 20
a 2053 2049 0 1265 3
a 2053 2292 0 3 48
a 2053 2171 0 6 9
a 2053 1683 0 8 9
a 2053 992 0 10 12
a 2053 1140 0 5 14
a 2053 1044 0 5 39
a 2053 2941 0 1 14
a 2053 2248 0 10 30
a 2053 1338 0 7 38
a 2053 1803 0 3 33
a 2053 912 0 8 40
a 2053 219 0 4 35
a 2053 509 0 2 14
a 2053 1835 0 6 47
a 2112 2301 0 1265 48
a 2112 2443 0 9 31
a 2112 2079 0 2 18
a 2112 947 0 6 24
a 2112 535 0 2 17
a 2112 639 0 3 25
a 2112 861 0 10 44
a 2112 2845 0 3 9
a 2112 1167 0 2 31
a 2114 2681 0 1265 50
a 2114 199 0 5 6
a 2114 1495 0 10 23
a 2114 2814 0 5 32
a 2114 2417 0 3 43
a 2114 2145 0 7 33
a 2114 940 0 2 26
a 2114 1496 0 4 26
a 2114 987 0 2 9
a 2114 1665 0 9 43
a 2114 1901 0 8 31
a 2114 671 0 6 48
a 2114 292 0 4 12
a 2114 2830 0 10 11
a 2114 709 0 9 19
a 2114 1743 0 5 30
a 2124 1911 0 1265 50
a 2124 1741 0 10 30
a 2124 1588 0 2 11
a 2124 2246 0 3 19
a 2124 1950 0 8 41
a 2124 2772 0 2 45
a 2124 2844 0 4 49
a 2124 2217 0 1 11
a 2124 1255 0 3 45
a 2124 2534 0 4 34
a 2124 1014 0 6 36
a 2124 1915 0 1 40
a 2142 2763 0 1265 50
a 2142 274 0 5 46
a 2142 2828 0 10 23
a 2142 240 0 1 12
a 2142 1725 0 1 4
a 2142 1732 0 9 47
a 2142 2775 0 7 27
a 2163 22 0 1265 50
a 2163 2165 0 5 48
a 2163 1493 0 10 27
a 2163 2775 0 9 23
a 2163 2147 0 10 42
a 2163 2067 0 6 6
a 2163 2239 0 7 40
a 2163 1326 0 7 15
a 2163 507 0 5 40
a 2166 1613 0 1265 22
a 2166 1442 0 7 14
a 2166 2744 0 3 49
a 2166 2954 0 6 48
a 2166 42 0 6 37
a 2166 1552 0 4 11
a 2166 1818 0 9 7
a 2166 2140 0 7 49
a 2166 2157 0 10 31
a 2166 1079 0 2 33
a 2166 1965 0 2 13
a 2166 2933 0 5 14
a 2166 2609 0 2 22
a 2186 1884 0 1265 7
a 2186 884 0 1 8
a 2186 1254 0 9 21
a 2186 2210 0 4 8
a 2186 299 0 3 42
a 2186 658 0 5 20
a 2186 502 0 5 25
a 2186 762 0 3 32
a 2186 2364 0 6 21
a 2186 908 0 7 19
a 2186 1511 0 1 21
a 2186 1127 0 5 23
a 2186 2154 0 10 49
a 2186 951 0 3 1
a 2186 1845 0 2 4
a 2208 1147 0 1265 50
a 2208 2058 0 8 14
a 2208 645 0 5 11
a 2208 1907 0 7 38
a 2208 2455 0 4 35
a 2254 1174 0 1265 50
a 2254 901 0 1 47
a 2254 2229 0 8 19
a 2254 2959 0 8 8
a 2254 2142 0 10 20
a 2254 2442 0 3 11
a 2254 1788 0 1 42
a 2254 1196 0 3 28
a 2254 76 0 7 39
a 2254 1642 0 10 2
a 2254 534 0 10 30
a 2267 1447 0 1265 44
a 2267 2275 0 9 13
a 2267 2669 0 5 49
a 2267 516 0 8 48
a 2267 449 0 9 49
a 2267 1786 0 8 4
a 2267 538 0 1 15
a 2267 100 0 5 33
a 2267 426 0 4 12
a 2267 597 0 1 13
a 2267 2568 0 6 18
a 2301 1530 0 1265 50
a 2301 1088 0 10 20
a 2301 1463 0 4 48
a 2301 2867 0 8 13
a 2301 2459 0 3 39
a 2301 527 0 8 50
a 2301 1273 0 10 28
a 2301 2712 0 6 13
a 2301 119 0 1 4
a 2301 2148 0 8 35
a 2301 2739 0 10 5
a 2307 773 0 1265 50
a 2307 722 0 2 50
a 2307 270 0 10 12
a 2307 859 0 1 19
a 2307 901 0 2 13
a 2307 1762 0 2 48
a 2307 483 0 8 23
a 2324 290 0 1265 2
a 2324 657 0 8 28
a 2324 298 0 1 32
a 2324 252 0 6 39
a 2324 1132 0 1 2
a 2324 1788 0 7 7
a 2324 503 0 3 37
a 2324 2750 0 3 50
a 2324 2333 0 2 22
a 2324 2742 0 7 45
a 2324 667 0 8 1
a 2324 1705 0 8 19
a 2324 1344 0 5 23
a 2324 2230 0 2 2
a 2324 857 0 6 48
a 2327 1812 0 1265 50
a 2327 1968 0 5 5
a 2327 2747 0 3 35
a 2333 979 0 1265 6
a 2333 595 0 6 10
a 2333 2290 0 6 26
a 2333 543 0 3 35
a 2333 2857 0 10 44
a 2333 1381 0 1 20
a 2333 280 0 1 47
a 2347 357 0 1265 34
a 2347 1629 0 6 46
a 2347 880 0 7 23
a 2347 126 0 1 27
a 2347 730 0 7 39
a 2347 332 0 3 46
a 2347 1790 0 9 27
a 2347 312 0 4 17
a 2347 2188 0 9 44
a 2347 1297 0 5 8
a 2347 1983 0 9 32
a 2347 2425 0 9 49
a 2347 2807 0 2 31
a 2347 1997 0 10 36
a 2351 2870 0 1265 19
a 2351 115 0 1 39
a 2351 1065 0 1 40
a 2351 2630 0 4 43
a 2351 1967 0 9 23
a 2351 2103 0 9 5
a 2359 424 0 1265 40
a 2359 254 0 3 32
a 2359 224 0 9 31
a 2359 2156 0 8 16
a 2359 44 0 1 41
a 2359 1195 0 6 41
a 2359 847 0 5 43
a 2359 2785 0 7 9
a 2359 629 0 4 6
a 2359 191 0 7 44
a 2388 1951 0 1265 27
a 2388 1145 0 8 15
a 2388 2633 0 3 24
a 2388 956 0 2 50
a 2388 1533 0 1 15
a 2388 768 0 1 41
a 2388 477 0 7 27
a 2388 730 0 6 17
a 2388 2958 0 4 28
a 2388 2193 0 3 1
a 2388 2899 0 8 41
a 2388 1840 0 1 24
a 2392 1789 0 1265 50
a 2392 2500 0 8 50
a 2392 1733 0 8 20
a 2392 945 0 6 39
a 2392 216 0 7 3
a 2392 543 0 7 26
a 2392 894 0 6 49
a 2392 1309 0 6 11
a 2392 234 0 7 5
a 2392 1101 0 5 19
a 2392 358 0 2 39
a 2392 1793 0 7 32
a 2397 1140 0 1265 50
a 2397 81 0 10 18
a 2397 1370 0 8 48
a 2397 2842 0 2 46
a 2397 991 0 7 23
a 2397 1362 0 7 31
a 2397 1619 0 8 21
a 2397 1548 0 2 45
a 2438 2439 0 1265 50
a 2438 1319 0 1 1
a 2438 1034 0 1 41
a 2438 2268 0 1 33
a 2438 2307 0 8 31
a 2438 582 0 8 15
a 2438 1450 0 1 18
a 2439 1379 0 1265 50
a 2439 573 0 3 22
a 2439 2866 0 2 49
a 2439 69 0 7 16
a 2439 2669 0 2 18
a 2493 2347 0 1265 34
a 2493 542 0 10 35
a 2493 153 0 2 34
a 2493 1777 0 10 39
a 2493 904 0 7 5
a 2493 350 0 4 26
a 2493 392 0 6 23
a 2493 1526 0 6 43
a 2493 2099 0 7 20
a 2493 2567 0 1 5
a 2493 2992 0 4 26
a 2493 2166 0 2 3
a 2515 1409 0 1265 12
a 2515 612 0 2 8
a 2515 940 0 8 29
a 2515 1543 0 9 9
a 2515 2791 0 4 18
a 2515 2317 0 2 4
a 2528 2493 0 1265 50
a 2528 1671 0 3 31
a 2528 2266 0 6 40
a 2528 169 0 10 17
a 2528 1630 0 6 34
a 2528 283 0 8 20
a 2528 1989 0 9 16
a 2528 1095 0 6 50
a 2528 2501 0 6 27
a 2528 1683 0 3 11
a 2547 706 0 1265 50
a 2547 2838 0 9 12
a 2547 1348 0 6 21
a 2625 2020 0 1265 11
a 2625 2335 0 1 1
a 2625 2975 0 9 13
a 2625 2092 0 5 5
a 2662 1473 0 1265 50
a 2662 2899 0 6 12
a 2662 916 0 2 41
a 2662 1929 0 8 30
a 2662 1204 0 5 31
a 2662 1548 0 4 35
a 2662 938 0 9 11
a 2662 2910 0 8 2
a 2662 194 0 4 9
a 2662 2355 0 2 37
a 2662 2068 0 4 46
a 2680 1161 0 1265 50
a 2680 163 0 7 11
a 2680 2473 0 1 2
a 2680 632 0 3 20
a 2681 1048 0 1265 7
a 2681 2588 0 10 46
a 2681 1068 0 3 38
a 2681 2228 0 3 17
a 2681 2678 0 8 3
a 2681 2818 0 7 9
a 2681 2472 0 7 8
a 2681 2983 0 9 26
a 2681 535 0 7 29
a 2681 988 0 4 36
a 2681 1097 0 3 38
a 2681 955 0 3 4
a 2681 2981 0 3 21
a 2681 1748 0 8 40
a 2686 375 0 1265 11
a 2686 331 0 2 32
a 2686 1127 0 8 26
a 2686 136 0 5 8
a 2697 1680 0 1265 43
a 2697 1845 0 8 29
a 2697 603 0 3 26
a 2697 2640 0 2 12
a 2697 2131 0 6 40
a 2697 233 0 1 27
a 2697 25 0 3 24
a 2697 2458 0 7 48
a 2697 203 0 2 48
a 2697 1473 0 9 34
a 2697 2165 0 2 40
a 2697 43 0 7 22
a 2701 2732 0 1265 50
a 2701 2062 0 7 11
a 2701 2714 0 6 2
a 2701 2552 0 10 3
a 2731 340 0 1265 50
a 2731 1276 0 10 46
a 2731 128 0 6 11
a 2731 358 0 7 38
a 2731 971 0 3 11
a 2731 2484 0 3 49
a 2731 390 0 6 14
a 2731 1311 0 7 32
a 2731 2187 0 6 9
a 2731 2203 0 2 6
a 2731 416 0 10 16
a 2731 362 0 9 32
a 2731 1733 0 4 48
a 2731 570 0 6 42
a 2732 2166 0 1265 20
a 2732 1051 0 5 19
a 2732 2085 0 10 45
a 2732 2265 0 10 28
a 2732 2525 0 9 37
a 2732 503 0 10 50
a 2732 1828 0 3 2
a 2732 1325 0 4 23
a 2732 1039 0 2 48
a 2732 376 0 2 3
a 2732 1662 0 2 39
a 2732 1082 0 9 31
a 2732 348 0 10 9
a 2763 2388 0 1265 50
a 2763 1487 0 7 9
a 2763 1407 0 10 34
a 2763 42 0 6 22
a 2763 1441 0 9 19
a 2763 126 0 9 26
a 2775 556 0 1265 4
a 2775 1620 0 5 47
a 2775 1621 0 8 27
a 2806 177 0 1265 41
a 2806 147 0 1 8
a 2806 2708 0 1 22
a 2806 218 0 2 46
a 2806 2754 0 3 29
a 2806 1396 0 3 14
a 2806 1711 0 1 5
a 2806 72 0 10 28
a 2835 1151 0 1265 50
a 2835 26 0 6 14
a 2835 249 0 9 11
a 2835 2552 0 8 16
a 2858 2114 0 1265 50
a 2858 215 0 7 32
a 2858 2240 0 9 43
a 2858 64 0 5 47
a 2858 317 0 4 22
a 2858 1310 0 3 43
a 2869 561 0 1265 50
a 2869 271 0 10 30
a 2869 745 0 5 23
a 2869 1383 0 10 45
a 2869 1186 0 9 22
a 2869 2275 0 10 42
a 2869 400 0 4 4
a 2869 2023 0 8 6
a 2869 542 0 7 28
a 2869 965 0 1 41
a 2869 2825 0 3 8
a 2870 2327 0 1265 30
a 2870 1143 0 4 41
a 2870 2109 0 3 21
a 2870 1214 0 10 35
a 2870 2789 0 8 14
a 2870 1684 0 4 49
a 2870 1305 0 10 14
a 2870 2382 0 8 29
a 2870 768 0 7 39
a 2870 1268 0 3 7
a 2870 250 0 5 48
a 2883 2951 0 1265 50
a 2883 2010 0 4 31
a 2883 2272 0 8 38
a 2883 935 0 3 16
a 2883 2461 0 1 46
a 2883 400 0 10 38
a 2883 186 0 7 27
a 2884 1582 0 1265 50
a 2884 2991 0 6 7
a 2884 1455 0 4 33
a 2884 1259 0 10 3
a 2884 2049 0 2 47
a 2884 2980 0 3 3
a 2884 2365 0 9 30
a 2887 1845 0 1265 50
a 2887 1010 0 5 12
a 2887 922 0 2 32
a 2910 925 0 1265 50
a 2910 1449 0 10 44
a 2951 1998 0 1265 50
a 2951 1642 0 10 47
a 2951 1729 0 5 44
a 2951 207 0 9 35
a 2951 1800 0 4 27
a 2951 952 0 5 29
a 2951 505 0 3 50
a 2951 522 0 5 6
a 2951 142 0 5 23
a 2951 1831 0 7 35
a 2951 1877 0 6 44
