c PyNETGEN v1.0.0
c $ pip install pynetgen
c
c  NETGEN flow network generation algorithm
c  Problem input parameters
c  -------------------------------------
c   Random seed:          25143970
c   Number of nodes:      1200
c   Source nodes:         10
c   Sink nodes:           10
c   Number of arcs:       10000
c   Minimum arc cost:     1
c   Maximum arc cost:     50
c   Total supply:         6000
c   Transshipment -
c     Sources:            0
c     Sinks:              0
c   Skeleton arcs -
c     With max cost:      50
c     Capacitated:        100
c   Minimum arc capacity: 1
c   Maximum arc capacity: 10
c
c  *** Minimum cost flow ***
c
p min 1200 10000
n 1 452
n 2 512
n 3 855
n 4 145
n 5 535
n 6 929
n 7 1095
n 8 535
n 9 318
n 10 624
n 1191 -37
n 1192 -313
n 1193 -680
n 1194 -245
n 1195 -1454
n 1196 -864
n 1197 -340
n 1198 -891
n 1199 -70
n 1200 -1106
a 1 1117 0 452 1
a 1 822 0 1 22
a 1 57 0 5 3
a 1 965 0 8 18
a 1 677 0 1 5
a 1 534 0 7 45
a 1 72 0 4 34
a 1 654 0 3 3
a 1 398 0 2 24
a 1 324 0 9 29
a 1 609 0 6 14
a 1 129 0 6 6
a 1 891 0 9 38
a 1 1139 0 1 17
a 17 822 0 452 50
a 17 484 0 6 39
a 17 622 0 10 44
a 17 1015 0 10 33
a 24 646 0 452 50
a 24 672 0 7 6
a 24 953 0 2 36
a 24 119 0 4 37
a 24 1048 0 3 10
a 24 1028 0 4 30
a 24 410 0 9 39
a 31 225 0 452 29
a 31 590 0 4 32
a 31 895 0 2 13
a 31 1185 0 5 43
a 31 238 0 3 42
a 35 617 0 452 16
a 35 503 0 1 49
a 35 1026 0 10 49
a 35 179 0 9 36
a 35 359 0 4 12
a 39 989 0 452 9
a 39 91 0 2 18
a 39 652 0 5 34
a 39 403 0 4 1
a 39 467 0 5 7
a 44 856 0 452 32
a 44 125 0 2 21
a 48 399 0 452 42
a 48 409 0 9 13
a 48 773 0 7 35
a 53 610 0 452 50
a 53 60 0 10 28
a 53 919 0 3 42
a 53 1024 0 10 27
a 53 251 0 5 26
a 53 411 0 6 42
a 53 1039 0 8 44
a 53 272 0 5 10
a 53 712 0 9 4
a 53 355 0 5 8
a 53 647 0 8 11
a 53 282 0 4 28
a 53 956 0 10 14
a 53 193 0 9 22
a 53 770 0 6 21
a 58 767 0 452 19
a 58 386 0 4 24
a 59 710 0 452 4
a 59 545 0 8 33
a 59 876 0 2 22
a 59 256 0 7 25
a 59 976 0 9 50
a 59 32 0 9 32
a 59 260 0 3 45
a 59 386 0 3 28
a 59 584 0 3 19
a 59 347 0 6 46
a 65 1168 0 452 7
a 65 592 0 1 39
a 65 773 0 5 20
a 65 572 0 2 28
a 65 522 0 1 1
a 65 1187 0 3 7
a 65 227 0 9 18
a 65 848 0 4 15
a 65 261 0 10 22
a 65 403 0 4 1
a 65 1077 0 10 17
a 65 1090 0 3 21
a 65 47 0 2 42
a 65 36 0 4 27
a 68 961 0 452 44
a 68 97 0 7 38
a 68 435 0 1 18
a 68 512 0 7 8
a 68 431 0 1 50
a 68 971 0 3 49
a 68 578 0 7 25
a 68 675 0 8 28
a 68 1118 0 7 15
a 68 426 0 4 26
a 80 1073 0 452 17
a 80 303 0 1 38
a 80 534 0 7 11
a 80 209 0 1 26
a 80 316 0 6 42
a 80 238 0 5 15
a 80 265 0 2 24
a 80 653 0 6 23
a 82 119 0 452 20
a 82 811 0 9 48
a 93 883 0 452 50
a 93 1176 0 4 3
a 119 482 0 452 50
a 119 300 0 8 8
a 119 66 0 4 47
a 119 377 0 6 19
a 119 178 0 5 7
a 119 1179 0 1 6
a 134 430 0 452 49
a 134 993 0 10 12
a 134 428 0 8 14
a 134 1051 0 2 40
a 134 814 0 6 36
a 134 884 0 5 44
a 134 555 0 6 39
a 134 1180 0 6 38
a 134 958 0 2 4
a 134 945 0 9 48
a 134 812 0 8 47
a 137 1001 0 452 50
a 137 625 0 5 30
a 137 367 0 9 27
a 137 570 0 10 48
a 137 482 0 8 38
a 137 696 0 7 1
a 137 443 0 1 42
a 137 753 0 4 3
a 137 818 0 4 17
a 139 641 0 452 2
a 139 614 0 4 6
a 139 599 0 10 30
a 139 448 0 1 31
a 142 916 0 452 50
a 142 40 0 7 42
a 142 332 0 2 12
a 142 1000 0 4 37
a 142 770 0 2 29
a 142 106 0 9 37
a 142 446 0 6 15
a 142 1022 0 6 47
a 142 1056 0 1 30
a 142 765 0 10 22
a 142 759 0 8 5
a 142 136 0 3 20
a 142 319 0 3 12
a 157 166 0 452 38
a 157 221 0 8 49
a 157 16 0 7 32
a 157 572 0 9 32
a 157 640 0 3 14
a 157 666 0 8 18
a 157 55 0 1 34
a 157 320 0 4 7
a 157 1156 0 5 23
a 157 903 0 7 27
a 157 377 0 5 24
a 157 172 0 5 13
a 157 425 0 5 27
a 157 815 0 1 49
a 162 577 0 452 13
a 162 612 0 7 33
a 162 179 0 10 5
a 162 1005 0 7 30
a 162 435 0 7 21
a 162 1182 0 1 13
a 162 83 0 9 18
a 166 1030 0 452 50
a 166 595 0 3 38
a 166 915 0 4 22
a 166 894 0 8 48
a 166 385 0 9 19
a 166 748 0 1 5
a 166 902 0 9 7
a 166 184 0 2 3
a 166 454 0 2 7
a 166 962 0 4 28
a 166 971 0 7 20
a 166 485 0 3 39
a 166 1101 0 1 12
a 169 162 0 452 50
a 169 597 0 7 27
a 169 660 0 2 20
a 169 788 0 4 15
a 169 673 0 2 19
a 169 899 0 3 7
a 169 258 0 10 33
a 169 1058 0 7 35
a 169 287 0 8 19
a 169 870 0 5 38
a 169 430 0 7 4
a 176 761 0 452 50
a 176 769 0 4 49
a 176 993 0 4 49
a 176 329 0 9 38
a 178 685 0 452 18
a 178 806 0 10 12
a 178 764 0 8 36
a 178 1184 0 7 1
a 178 663 0 3 33
a 201 531 0 452 34
a 201 1004 0 10 8
a 201 187 0 8 5
a 201 571 0 10 2
a 201 524 0 7 8
a 201 12 0 3 11
a 201 920 0 5 18
a 225 764 0 452 14
a 225 943 0 7 16
a 227 439 0 452 50
a 227 1105 0 3 39
a 227 230 0 5 9
a 227 653 0 6 13
a 227 447 0 5 15
a 227 763 0 6 29
a 227 469 0 9 50
a 227 1187 0 5 41
a 227 671 0 3 20
a 264 982 0 452 50
a 264 430 0 7 8
a 269 137 0 452 10
a 269 1031 0 10 22
a 269 143 0 9 40
a 269 116 0 1 47
a 269 188 0 1 35
a 269 505 0 7 37
a 269 1127 0 3 20
a 269 633 0 4 6
a 269 556 0 3 43
a 269 423 0 4 15
a 269 931 0 1 40
a 269 724 0 7 7
a 285 705 0 452 42
a 285 560 0 1 33
a 285 1144 0 10 46
a 285 477 0 1 13
a 285 1052 0 10 13
a 285 719 0 6 21
a 285 674 0 2 25
a 285 570 0 6 44
a 285 506 0 5 8
a 285 201 0 7 24
a 296 463 0 452 47
a 296 837 0 3 38
a 296 882 0 2 29
a 296 955 0 8 6
a 341 636 0 452 37
a 341 525 0 6 44
a 381 1198 0 452 23
a 381 370 0 3 41
a 381 178 0 6 33
a 381 302 0 4 43
a 387 176 0 452 33
a 387 644 0 5 5
a 387 652 0 2 20
a 387 384 0 8 1
a 387 509 0 5 35
a 399 39 0 452 50
a 399 252 0 4 22
a 399 190 0 8 38
a 399 852 0 7 49
a 399 15 0 9 45
a 399 315 0 2 50
a 399 462 0 8 33
a 399 116 0 9 28
a 399 42 0 8 35
a 399 946 0 9 25
a 399 939 0 1 19
a 404 1116 0 452 30
a 404 662 0 1 33
a 404 148 0 1 7
a 404 771 0 10 34
a 404 40 0 5 10
a 404 69 0 10 48
a 404 332 0 7 23
a 404 383 0 7 16
a 404 912 0 7 45
a 404 237 0 2 24
a 430 516 0 452 31
a 430 266 0 1 13
a 430 884 0 7 37
a 430 797 0 1 31
a 430 1032 0 5 27
a 430 1035 0 3 32
a 439 949 0 452 50
a 439 336 0 1 17
a 439 382 0 9 36
a 439 1149 0 1 45
a 439 588 0 8 9
a 439 562 0 3 25
a 439 368 0 1 3
a 439 49 0 9 7
a 439 604 0 6 34
a 439 837 0 9 38
a 439 819 0 6 25
a 439 513 0 7 10
a 439 1010 0 3 40
a 463 959 0 452 8
a 463 140 0 6 39
a 482 570 0 452 32
a 482 485 0 6 15
a 482 557 0 8 30
a 482 851 0 7 34
a 482 785 0 7 47
a 482 631 0 2 43
a 482 402 0 8 3
a 482 775 0 9 46
a 482 938 0 1 38
a 482 491 0 6 15
a 482 650 0 7 49
a 482 916 0 7 10
a 482 386 0 6 47
a 482 336 0 1 3
a 482 44 0 4 27
a 497 1088 0 452 50
a 497 445 0 3 47
a 497 779 0 3 15
a 497 52 0 9 47
a 497 876 0 5 44
a 497 949 0 2 22
a 497 657 0 8 23
a 497 630 0 7 27
a 497 1012 0 2 47
a 512 296 0 452 50
a 512 458 0 3 39
a 512 777 0 8 22
a 512 95 0 2 32
a 512 472 0 4 10
a 512 906 0 1 24
a 512 112 0 2 39
a 512 1125 0 1 19
a 512 639 0 6 23
a 512 621 0 1 30
a 516 996 0 452 2
a 516 706 0 5 16
a 516 1128 0 8 26
a 516 910 0 6 13
a 516 1026 0 1 32
a 516 634 0 5 8
a 516 772 0 8 11
a 516 116 0 4 26
a 516 131 0 10 27
a 517 783 0 452 50
a 517 855 0 2 49
a 517 776 0 1 29
a 517 382 0 6 37
a 517 678 0 10 46
a 517 1002 0 10 17
a 517 22 0 2 11
a 517 30 0 3 29
a 517 203 0 5 6
a 517 509 0 3 14
a 517 1136 0 7 17
a 517 809 0 2 35
a 517 790 0 7 21
a 517 259 0 1 48
a 517 714 0 10 33
a 531 843 0 452 50
a 531 932 0 4 43
a 570 587 0 452 25
a 570 981 0 9 12
a 570 491 0 7 40
a 570 102 0 6 43
a 573 766 0 452 50
a 573 1167 0 10 4
a 573 478 0 8 14
a 573 1050 0 4 44
a 573 967 0 1 16
a 573 624 0 5 27
a 573 700 0 1 27
a 573 905 0 10 9
a 573 44 0 9 7
a 577 512 0 452 14
a 577 271 0 7 10
a 577 673 0 10 28
a 577 334 0 6 30
a 577 836 0 10 5
a 577 665 0 5 38
a 577 1011 0 8 26
a 577 1060 0 7 19
a 577 50 0 8 1
a 577 1118 0 5 49
a 587 677 0 452 50
a 587 538 0 9 2
a 587 649 0 2 36
a 587 1121 0 4 9
a 587 289 0 5 18
a 587 407 0 10 4
a 587 508 0 2 16
a 587 1003 0 8 12
a 587 432 0 5 2
a 597 17 0 452 41
a 597 945 0 3 17
a 597 263 0 3 39
a 597 469 0 5 16
a 597 366 0 2 14
a 597 1051 0 3 2
a 610 93 0 452 39
a 610 679 0 3 8
a 610 882 0 3 50
a 617 24 0 452 10
a 617 545 0 8 5
a 617 992 0 6 33
a 617 725 0 8 36
a 621 1026 0 452 34
a 621 1131 0 3 28
a 621 967 0 6 25
a 621 516 0 2 7
a 621 622 0 7 48
a 621 96 0 2 38
a 621 126 0 3 1
a 621 166 0 2 20
a 631 68 0 452 50
a 631 86 0 1 8
a 636 65 0 452 32
a 636 621 0 8 38
a 636 1079 0 7 29
a 636 515 0 2 47
a 636 744 0 7 18
a 636 86 0 7 8
a 636 1015 0 10 49
a 636 446 0 6 1
a 636 108 0 3 36
a 641 227 0 452 14
a 641 182 0 10 33
a 641 909 0 5 4
a 641 725 0 4 34
a 641 987 0 9 21
a 641 260 0 1 32
a 641 224 0 8 5
a 641 307 0 2 13
a 641 493 0 10 29
a 641 1083 0 4 17
a 641 924 0 2 46
a 641 412 0 5 2
a 641 767 0 10 14
a 641 292 0 4 8
a 642 497 0 452 50
a 642 1166 0 1 32
a 642 305 0 7 40
a 642 996 0 5 30
a 646 1126 0 452 50
a 646 481 0 9 8
a 646 250 0 2 1
a 646 314 0 4 32
a 646 444 0 3 50
a 646 234 0 2 17
a 646 247 0 4 33
a 646 1080 0 1 26
a 646 79 0 2 26
a 677 631 0 452 50
a 677 237 0 3 26
a 677 298 0 7 28
a 677 761 0 3 32
a 685 695 0 452 45
a 685 514 0 1 19
a 685 532 0 4 22
a 685 280 0 2 41
a 685 290 0 9 20
a 685 1112 0 2 6
a 685 342 0 6 11
a 685 977 0 6 48
a 685 609 0 8 26
a 695 169 0 452 37
a 695 302 0 5 42
a 695 276 0 7 37
a 695 460 0 3 18
a 695 780 0 8 39
a 695 21 0 6 38
a 695 1045 0 10 5
a 695 56 0 1 21
a 695 598 0 4 5
a 695 339 0 3 15
a 695 107 0 2 6
a 695 605 0 2 26
a 700 749 0 452 50
a 700 836 0 10 34
a 700 1147 0 3 32
a 700 259 0 8 41
a 700 429 0 8 35
a 700 834 0 9 16
a 700 88 0 3 33
a 704 139 0 452 50
a 704 278 0 10 17
a 704 1083 0 5 30
a 704 912 0 2 11
a 704 126 0 5 16
a 704 836 0 9 43
a 705 932 0 452 39
a 705 800 0 9 1
a 705 112 0 10 22
a 705 943 0 8 21
a 705 1016 0 7 9
a 705 747 0 6 18
a 705 850 0 10 47
a 710 934 0 452 11
a 710 895 0 1 6
a 748 142 0 452 50
a 748 15 0 1 18
a 748 592 0 5 31
a 748 699 0 9 40
a 748 82 0 4 25
a 748 704 0 1 9
a 749 1147 0 452 50
a 749 961 0 3 22
a 749 797 0 2 13
a 749 813 0 8 31
a 749 1087 0 2 40
a 749 917 0 1 18
a 749 821 0 7 37
a 749 833 0 8 32
a 749 760 0 1 12
a 749 962 0 10 31
a 749 685 0 4 16
a 749 531 0 4 7
a 761 573 0 452 50
a 761 382 0 8 12
a 761 756 0 3 25
a 761 749 0 1 40
a 761 43 0 4 9
a 761 280 0 7 11
a 761 588 0 7 10
a 761 822 0 7 47
a 761 58 0 7 18
a 761 189 0 1 48
a 764 828 0 452 9
a 764 1195 0 5 8
a 766 976 0 452 30
a 766 681 0 9 37
a 766 1072 0 1 13
a 766 1125 0 1 38
a 766 1042 0 9 1
a 766 513 0 4 26
a 766 142 0 1 3
a 766 1093 0 10 33
a 767 82 0 452 50
a 767 430 0 6 47
a 767 121 0 5 47
a 767 865 0 10 18
a 767 351 0 6 22
a 767 649 0 2 21
a 767 1123 0 9 16
a 783 1096 0 452 50
a 783 1175 0 2 38
a 798 80 0 452 1
a 798 229 0 3 42
a 798 890 0 5 5
a 798 826 0 5 18
a 798 797 0 2 2
a 798 916 0 7 37
a 798 364 0 6 35
a 798 951 0 1 48
a 798 96 0 2 6
a 798 202 0 7 11
a 798 707 0 7 22
a 803 31 0 452 20
a 803 332 0 5 36
a 803 711 0 2 21
a 803 311 0 9 23
a 803 945 0 8 8
a 803 412 0 9 38
a 803 985 0 10 50
a 803 174 0 7 26
a 803 1138 0 7 19
a 803 343 0 2 9
a 803 293 0 9 42
a 803 921 0 8 10
a 803 746 0 1 19
a 803 353 0 9 8
a 803 160 0 3 3
a 822 53 0 452 41
a 822 946 0 9 50
a 822 161 0 4 25
a 822 266 0 5 27
a 822 327 0 4 11
a 822 214 0 8 14
a 822 317 0 5 43
a 822 997 0 3 48
a 828 1094 0 452 35
a 828 628 0 5 20
a 828 285 0 3 2
a 828 895 0 5 4
a 828 565 0 3 37
a 828 759 0 2 37
a 828 723 0 7 2
a 828 195 0 2 32
a 828 1170 0 7 47
a 828 1006 0 9 28
a 828 441 0 2 15
a 828 419 0 3 48
a 828 35 0 3 1
a 843 748 0 452 50
a 843 376 0 7 43
a 843 626 0 3 9
a 847 952 0 452 38
a 847 1000 0 3 15
a 847 610 0 10 19
a 847 1079 0 6 12
a 847 732 0 9 33
a 847 842 0 4 17
a 847 587 0 2 6
a 847 166 0 9 48
a 847 920 0 2 29
a 850 381 0 452 42
a 850 203 0 1 3
a 850 649 0 7 27
a 850 221 0 2 6
a 850 796 0 6 15
a 850 930 0 4 10
a 850 306 0 10 27
a 850 551 0 9 44
a 856 517 0 452 36
a 856 888 0 10 16
a 856 457 0 9 19
a 856 17 0 7 49
a 856 679 0 2 26
a 856 87 0 3 2
a 856 1051 0 3 13
a 856 1045 0 5 46
a 856 510 0 4 43
a 883 850 0 452 50
a 883 1193 0 452 50
a 883 221 0 5 5
a 883 674 0 7 45
a 883 213 0 6 31
a 883 390 0 1 48
a 883 923 0 3 29
a 883 707 0 10 19
a 883 1005 0 6 23
a 883 652 0 7 13
a 900 1019 0 452 50
a 900 934 0 10 19
a 900 970 0 10 16
a 900 682 0 9 42
a 900 467 0 4 12
a 900 23 0 8 47
a 900 392 0 10 2
a 900 653 0 1 50
a 900 759 0 8 26
a 900 52 0 6 40
a 900 603 0 9 5
a 900 1174 0 10 33
a 906 387 0 452 50
a 906 1191 0 1 23
a 906 183 0 5 40
a 906 125 0 2 3
a 906 579 0 9 27
a 906 1098 0 2 13
a 916 134 0 452 50
a 916 859 0 6 35
a 916 20 0 7 15
a 916 806 0 3 42
a 916 1082 0 5 1
a 916 1075 0 10 21
a 916 1089 0 5 26
a 916 449 0 4 15
a 916 890 0 5 27
a 916 1117 0 4 22
a 932 58 0 452 15
a 932 200 0 10 36
a 932 1133 0 4 28
a 934 404 0 452 23
a 934 624 0 8 10
a 934 32 0 6 20
a 934 106 0 4 45
a 934 279 0 3 10
a 934 353 0 8 2
a 934 15 0 2 43
a 934 1160 0 4 20
a 934 435 0 1 38
a 934 575 0 9 5
a 934 976 0 3 50
a 942 1058 0 452 50
a 942 227 0 1 23
a 942 827 0 1 39
a 942 932 0 7 14
a 942 243 0 1 29
a 942 850 0 6 42
a 942 14 0 3 5
a 942 458 0 5 10
a 942 737 0 9 44
a 949 997 0 452 31
a 949 556 0 1 11
a 952 44 0 452 22
a 952 177 0 8 23
a 952 336 0 8 37
a 952 382 0 2 37
a 952 852 0 4 19
a 952 125 0 7 31
a 952 914 0 2 4
a 952 208 0 3 10
a 952 205 0 7 28
a 952 487 0 2 38
a 952 684 0 4 46
a 952 1045 0 3 9
a 952 1197 0 4 39
a 952 654 0 8 37
a 952 156 0 5 31
a 959 1015 0 452 50
a 959 784 0 6 8
a 961 621 0 452 50
a 961 768 0 3 26
a 961 1010 0 7 17
a 961 327 0 3 39
a 961 713 0 6 40
a 961 1060 0 3 29
a 961 302 0 1 16
a 961 528 0 4 45
a 961 496 0 1 5
a 971 1179 0 452 50
a 971 489 0 8 14
a 971 546 0 5 48
a 971 829 0 9 36
a 971 88 0 7 40
a 971 311 0 5 3
a 971 637 0 9 37
a 971 436 0 2 12
a 971 652 0 10 20
a 971 620 0 7 40
a 971 1007 0 1 18
a 971 44 0 3 38
a 976 48 0 452 50
a 976 179 0 9 29
a 976 160 0 1 7
a 976 771 0 1 31
a 976 103 0 8 42
a 976 821 0 8 29
a 976 1138 0 6 46
a 976 688 0 10 35
a 976 873 0 3 18
a 976 991 0 9 25
a 976 316 0 3 38
a 976 557 0 6 19
a 976 1196 0 9 48
a 976 676 0 4 5
a 976 940 0 2 39
a 982 285 0 452 40
a 982 52 0 4 22
a 982 999 0 5 8
a 985 704 0 452 50
a 985 465 0 10 6
a 985 626 0 9 16
a 985 871 0 9 3
a 985 650 0 4 48
a 985 130 0 5 28
a 985 282 0 3 40
a 989 803 0 452 50
a 989 381 0 4 37
a 989 551 0 8 21
a 989 907 0 7 8
a 989 879 0 3 1
a 989 642 0 2 45
a 989 344 0 9 3
a 989 1061 0 1 22
a 989 288 0 2 20
a 989 137 0 1 5
a 996 906 0 452 50
a 996 561 0 8 33
a 996 721 0 6 10
a 996 672 0 5 11
a 996 463 0 1 39
a 996 897 0 9 28
a 996 1138 0 4 48
a 996 1169 0 4 12
a 996 776 0 9 38
a 996 319 0 10 32
a 997 1023 0 452 17
a 997 874 0 3 6
a 997 893 0 4 35
a 997 739 0 2 12
a 997 212 0 7 33
a 997 274 0 6 6
a 997 374 0 4 10
a 997 921 0 5 38
a 997 877 0 3 6
a 997 256 0 4 38
a 997 392 0 3 43
a 997 612 0 6 44
a 997 753 0 7 27
a 997 130 0 3 41
a 1001 341 0 452 50
a 1001 526 0 8 37
a 1001 1007 0 8 37
a 1001 204 0 9 23
a 1001 856 0 9 23
a 1001 422 0 5 35
a 1001 978 0 8 3
a 1001 505 0 3 32
a 1001 677 0 10 13
a 1001 152 0 5 8
a 1001 932 0 4 30
a 1001 743 0 4 14
a 1001 385 0 3 42
a 1001 484 0 7 34
a 1001 1061 0 5 6
a 1015 971 0 452 50
a 1015 785 0 8 10
a 1015 171 0 9 43
a 1015 266 0 1 32
a 1015 618 0 4 15
a 1019 798 0 452 50
a 1019 449 0 6 22
a 1019 120 0 3 45
a 1019 588 0 4 46
a 1023 700 0 452 50
a 1023 997 0 9 13
a 1023 649 0 8 37
a 1023 694 0 5 26
a 1023 432 0 3 27
a 1026 597 0 452 50
a 1026 769 0 5 14
a 1026 261 0 6 28
a 1026 188 0 7 34
a 1026 891 0 4 7
a 1026 440 0 9 12
a 1026 995 0 1 9
a 1026 1015 0 1 50
a 1026 956 0 8 37
a 1026 196 0 2 22
a 1026 919 0 1 47
a 1026 484 0 6 44
a 1026 216 0 10 33
a 1030 985 0 452 22
a 1030 103 0 10 36
a 1030 1092 0 3 50
a 1030 165 0 1 6
a 1030 975 0 9 25
a 1030 942 0 2 20
a 1030 239 0 8 9
a 1030 863 0 7 21
a 1030 125 0 4 30
a 1030 377 0 7 35
a 1030 12 0 5 18
a 1041 847 0 452 30
a 1041 1053 0 6 41
a 1041 763 0 8 48
a 1041 820 0 8 32
a 1041 317 0 7 32
a 1041 669 0 10 39
a 1041 572 0 8 42
a 1041 898 0 7 8
a 1053 269 0 452 11
a 1053 132 0 3 47
a 1053 35 0 3 17
a 1053 1128 0 5 47
a 1058 1060 0 452 50
a 1058 802 0 6 6
a 1058 1044 0 3 5
a 1058 356 0 5 30
a 1058 206 0 10 5
a 1058 313 0 2 12
a 1058 737 0 5 31
a 1058 1043 0 6 12
a 1058 744 0 10 10
a 1058 913 0 7 28
a 1058 1168 0 9 33
a 1058 836 0 6 8
a 1058 144 0 2 4
a 1058 331 0 1 45
a 1058 419 0 3 9
a 1060 1041 0 452 50
a 1060 194 0 9 22
a 1060 960 0 3 48
a 1060 389 0 9 24
a 1060 941 0 5 7
a 1073 1053 0 452 50
a 1073 1042 0 2 33
a 1073 1195 0 6 6
a 1073 757 0 7 19
a 1088 201 0 452 50
a 1088 533 0 5 13
a 1088 384 0 7 24
a 1088 47 0 6 8
a 1088 589 0 2 29
a 1088 42 0 10 34
a 1088 758 0 7 41
a 1088 908 0 2 15
a 1088 489 0 6 21
a 1088 679 0 7 19
a 1088 787 0 1 40
a 1088 792 0 3 42
a 1088 771 0 10 11
a 1094 178 0 452 50
a 1094 242 0 9 3
a 1094 335 0 1 39
a 1094 733 0 3 42
a 1094 216 0 10 23
a 1094 652 0 7 5
a 1094 308 0 6 17
a 1094 1057 0 1 6
a 1094 719 0 8 13
a 1094 135 0 6 38
a 1094 368 0 8 14
a 1094 339 0 1 47
a 1096 264 0 452 10
a 1096 701 0 2 39
a 1096 171 0 4 43
a 1096 395 0 1 14
a 1096 53 0 9 2
a 1096 76 0 7 37
a 1096 129 0 4 48
a 1096 385 0 2 27
a 1096 212 0 8 49
a 1096 313 0 1 43
a 1116 942 0 452 50
a 1116 971 0 3 20
a 1116 361 0 1 3
a 1116 74 0 2 15
a 1116 1153 0 5 12
a 1116 1098 0 4 48
a 1116 580 0 8 11
a 1116 906 0 7 18
a 1117 1133 0 452 50
a 1117 972 0 2 32
a 1117 669 0 1 49
a 1117 187 0 6 27
a 1117 1158 0 5 4
a 1117 359 0 9 16
a 1117 632 0 5 22
a 1126 59 0 452 42
a 1126 394 0 3 49
a 1126 840 0 8 38
a 1126 471 0 2 16
a 1133 642 0 452 50
a 1133 894 0 3 49
a 1133 594 0 9 37
a 1147 35 0 452 12
a 1147 82 0 6 45
a 1168 157 0 452 5
a 1168 412 0 1 32
a 1168 1101 0 4 15
a 1168 884 0 10 28
a 1168 1051 0 2 6
a 1168 447 0 5 33
a 1179 900 0 452 11
a 1179 206 0 8 2
a 1179 1150 0 2 8
a 1179 924 0 8 13
a 1179 518 0 8 50
a 2 1020 0 512 50
a 2 786 0 9 31
a 2 869 0 10 1
a 2 597 0 4 14
a 2 731 0 9 20
a 2 238 0 9 18
a 2 998 0 2 11
a 55 937 0 512 50
a 55 1148 0 7 20
a 55 729 0 2 27
a 55 1136 0 4 16
a 55 1091 0 5 18
a 55 514 0 8 36
a 55 314 0 6 31
a 66 756 0 512 22
a 66 667 0 6 13
a 66 587 0 8 21
a 66 137 0 4 44
a 66 197 0 3 23
a 66 899 0 7 49
a 95 963 0 512 50
a 95 479 0 4 33
a 95 557 0 6 39
a 95 177 0 9 33
a 95 886 0 3 26
a 95 640 0 6 31
a 95 1040 0 6 47
a 95 221 0 5 15
a 95 775 0 2 49
a 97 956 0 512 21
a 97 255 0 9 38
a 97 159 0 4 14
a 97 888 0 9 39
a 97 256 0 10 29
a 97 406 0 6 47
a 97 328 0 8 50
a 97 165 0 8 12
a 97 1032 0 3 47
a 97 717 0 4 22
a 97 335 0 5 33
a 98 311 0 512 47
a 98 855 0 8 36
a 98 796 0 1 16
a 98 694 0 2 46
a 98 28 0 8 1
a 99 248 0 512 50
a 99 613 0 4 7
a 99 1156 0 2 24
a 99 507 0 6 11
a 99 419 0 6 24
a 99 127 0 7 42
a 99 187 0 5 50
a 99 202 0 1 27
a 99 346 0 7 20
a 99 934 0 3 20
a 99 886 0 2 28
a 99 553 0 5 20
a 113 784 0 512 50
a 113 434 0 6 13
a 113 751 0 2 39
a 113 249 0 1 11
a 123 1170 0 512 14
a 123 657 0 7 1
a 123 868 0 9 8
a 123 439 0 2 4
a 123 93 0 1 28
a 123 300 0 4 23
a 123 130 0 10 39
a 131 1199 0 512 50
a 131 704 0 4 12
a 131 67 0 7 15
a 131 1071 0 2 49
a 131 98 0 9 15
a 131 742 0 6 37
a 131 972 0 1 31
a 131 486 0 5 24
a 131 684 0 8 46
a 131 634 0 5 31
a 131 696 0 6 13
a 131 705 0 3 17
a 143 481 0 512 22
a 143 1098 0 4 33
a 143 1198 0 5 43
a 143 889 0 3 35
a 143 125 0 2 48
a 143 435 0 6 3
a 143 778 0 8 37
a 143 277 0 2 28
a 143 900 0 5 48
a 143 1091 0 3 33
a 143 254 0 7 42
a 143 1199 0 8 48
a 143 464 0 10 3
a 143 1072 0 2 17
a 153 518 0 512 50
a 153 40 0 10 44
a 153 623 0 9 12
a 153 360 0 4 33
a 153 1177 0 5 1
a 153 1193 0 6 9
a 153 235 0 9 46
a 153 1024 0 7 41
a 153 707 0 6 43
a 153 629 0 3 3
a 153 482 0 3 2
a 153 1149 0 4 24
a 153 189 0 1 35
a 153 1029 0 5 24
a 161 123 0 512 42
a 161 397 0 10 31
a 161 839 0 2 12
a 161 585 0 8 24
a 161 698 0 9 41
a 161 375 0 2 27
a 161 863 0 2 6
a 161 469 0 5 26
a 161 1055 0 2 8
a 161 736 0 2 39
a 184 230 0 512 40
a 184 709 0 10 44
a 184 1200 0 8 14
a 184 1023 0 2 24
a 184 929 0 6 1
a 184 47 0 5 6
a 184 818 0 1 8
a 194 398 0 512 47
a 194 560 0 5 28
a 194 628 0 4 32
a 194 484 0 8 41
a 194 392 0 4 3
a 215 694 0 512 50
a 215 1030 0 9 41
a 215 856 0 10 37
a 215 64 0 6 15
a 215 391 0 1 38
a 215 851 0 5 31
a 215 983 0 1 11
a 215 620 0 1 29
a 215 832 0 3 3
a 215 439 0 4 45
a 215 583 0 2 1
a 215 808 0 7 26
a 215 308 0 8 38
a 215 978 0 4 13
a 215 630 0 5 10
a 230 457 0 512 10
a 230 346 0 1 34
a 230 496 0 4 16
a 230 482 0 3 24
a 230 1040 0 9 34
a 230 545 0 9 41
a 230 1180 0 5 7
a 230 808 0 10 23
a 230 995 0 7 22
a 230 1186 0 9 48
a 230 289 0 10 3
a 230 432 0 1 7
a 239 627 0 512 50
a 239 797 0 7 26
a 239 20 0 9 50
a 239 179 0 2 5
a 239 672 0 6 33
a 239 78 0 4 18
a 239 553 0 8 36
a 239 665 0 4 27
a 239 114 0 7 4
a 239 201 0 8 34
a 239 1092 0 6 20
a 239 349 0 2 15
a 239 209 0 5 13
a 239 217 0 7 29
a 241 654 0 512 50
a 241 851 0 7 47
a 241 706 0 2 34
a 248 366 0 512 30
a 248 1132 0 9 1
a 249 626 0 512 8
a 249 900 0 10 47
a 249 916 0 6 15
a 258 728 0 512 41
a 258 416 0 2 21
a 258 941 0 2 15
a 265 557 0 512 50
a 265 565 0 7 10
a 265 96 0 1 2
a 265 65 0 9 35
a 265 767 0 2 35
a 265 959 0 9 20
a 265 760 0 3 11
a 272 940 0 512 25
a 272 1178 0 3 43
a 272 647 0 7 33
a 292 1022 0 512 8
a 292 260 0 2 6
a 292 195 0 5 16
a 292 383 0 4 20
a 292 233 0 2 7
a 292 555 0 9 48
a 292 534 0 2 33
a 292 26 0 7 42
a 298 473 0 512 8
a 298 712 0 1 2
a 298 1029 0 8 23
a 298 659 0 9 32
a 298 353 0 10 26
a 298 56 0 1 29
a 308 184 0 512 4
a 308 662 0 10 21
a 311 1156 0 512 50
a 311 494 0 6 14
a 311 1104 0 7 6
a 311 438 0 2 1
a 317 113 0 512 50
a 317 1129 0 3 31
a 317 821 0 6 33
a 317 1044 0 8 22
a 317 1155 0 4 15
a 317 294 0 4 41
a 317 602 0 3 20
a 317 653 0 4 28
a 335 55 0 512 50
a 335 513 0 3 38
a 335 181 0 6 48
a 335 862 0 8 19
a 335 228 0 8 16
a 335 237 0 10 35
a 335 1110 0 8 1
a 335 292 0 5 40
a 335 768 0 4 31
a 335 486 0 6 11
a 335 409 0 2 3
a 335 264 0 10 32
a 335 1019 0 5 21
a 335 541 0 7 5
a 335 99 0 2 16
a 338 979 0 512 44
a 338 31 0 8 31
a 338 298 0 4 44
a 338 868 0 1 13
a 338 740 0 7 32
a 338 17 0 9 41
a 338 853 0 9 26
a 338 27 0 5 36
a 338 383 0 1 7
a 338 579 0 5 10
a 338 144 0 4 25
a 339 785 0 512 12
a 339 288 0 3 13
a 339 730 0 2 19
a 339 856 0 7 34
a 339 324 0 2 6
a 366 671 0 512 50
a 366 917 0 6 21
a 366 107 0 4 1
a 366 178 0 6 18
a 366 955 0 10 27
a 366 17 0 1 45
a 366 965 0 9 43
a 366 839 0 7 9
a 368 644 0 512 50
a 368 251 0 1 41
a 368 474 0 3 26
a 368 125 0 6 10
a 368 186 0 8 5
a 380 811 0 512 27
a 380 290 0 2 27
a 380 640 0 8 28
a 380 77 0 1 46
a 380 1053 0 6 20
a 380 980 0 9 10
a 380 431 0 4 24
a 380 430 0 8 12
a 380 17 0 9 47
a 380 108 0 7 21
a 380 261 0 6 5
a 380 371 0 5 18
a 380 460 0 2 9
a 386 799 0 512 29
a 386 508 0 10 18
a 386 13 0 4 1
a 386 645 0 4 47
a 386 1000 0 2 44
a 386 531 0 5 39
a 386 1063 0 6 44
a 386 621 0 1 24
a 386 738 0 1 4
a 386 952 0 4 24
a 386 972 0 5 27
a 386 480 0 7 41
a 386 1111 0 7 2
a 386 419 0 8 18
a 386 1037 0 9 16
a 395 409 0 512 50
a 395 195 0 5 35
a 395 328 0 8 26
a 395 1037 0 4 14
a 395 120 0 3 7
a 395 982 0 10 20
a 395 25 0 3 30
a 395 885 0 7 44
a 395 323 0 5 39
a 395 1184 0 10 42
a 395 537 0 5 29
a 395 1140 0 4 14
a 395 1082 0 5 46
a 397 1010 0 512 26
a 397 866 0 7 19
a 397 876 0 10 37
a 397 1062 0 10 25
a 397 687 0 2 19
a 397 58 0 2 49
a 397 905 0 4 21
a 397 1200 0 9 29
a 397 299 0 1 49
a 397 626 0 5 3
a 398 403 0 512 24
a 398 156 0 10 13
a 398 963 0 9 39
a 398 562 0 9 23
a 398 727 0 6 27
a 398 771 0 6 1
a 398 399 0 1 6
a 398 442 0 2 18
a 402 868 0 512 50
a 402 64 0 6 3
a 402 576 0 2 22
a 402 716 0 4 30
a 402 184 0 5 31
a 403 459 0 512 50
a 403 1028 0 2 27
a 403 1170 0 5 15
a 403 884 0 9 13
a 403 84 0 9 23
a 403 1069 0 1 20
a 403 1082 0 3 21
a 403 83 0 5 12
a 403 117 0 6 25
a 403 752 0 9 47
a 403 142 0 7 49
a 403 475 0 7 42
a 403 513 0 4 42
a 403 868 0 8 4
a 403 350 0 4 1
a 409 892 0 512 50
a 409 247 0 8 21
a 409 405 0 7 6
a 409 73 0 5 44
a 409 551 0 8 32
a 409 401 0 5 40
a 409 937 0 5 12
a 411 520 0 512 50
a 411 700 0 7 30
a 411 586 0 1 12
a 411 258 0 4 3
a 411 430 0 5 22
a 411 44 0 3 25
a 414 546 0 512 50
a 414 454 0 6 19
a 414 952 0 6 48
a 414 1129 0 3 48
a 414 858 0 10 4
a 414 270 0 4 18
a 414 833 0 4 6
a 414 1148 0 7 41
a 414 421 0 5 20
a 414 482 0 7 26
a 414 599 0 4 4
a 414 402 0 4 41
a 414 235 0 9 2
a 414 245 0 2 50
a 414 505 0 5 16
a 417 335 0 512 44
a 417 1022 0 7 34
a 417 638 0 6 30
a 417 281 0 3 13
a 417 265 0 1 48
a 417 369 0 7 27
a 417 143 0 3 31
a 417 851 0 6 29
a 417 1140 0 3 14
a 417 1157 0 6 42
a 422 298 0 512 7
a 422 998 0 7 31
a 422 787 0 4 13
a 431 1186 0 512 34
a 431 426 0 10 30
a 431 1197 0 10 18
a 431 459 0 1 3
a 431 547 0 5 1
a 431 604 0 6 38
a 442 239 0 512 50
a 442 60 0 6 37
a 442 972 0 3 46
a 442 697 0 6 1
a 442 541 0 7 38
a 442 799 0 3 33
a 442 80 0 10 12
a 442 530 0 8 39
a 442 911 0 9 17
a 442 515 0 4 7
a 442 420 0 7 2
a 442 1120 0 7 2
a 442 195 0 6 39
a 442 661 0 3 22
a 442 1090 0 10 11
a 455 1079 0 512 50
a 455 186 0 4 3
a 455 352 0 2 9
a 455 916 0 4 46
a 455 180 0 3 12
a 455 45 0 1 21
a 455 963 0 8 15
a 455 291 0 10 14
a 455 606 0 3 47
a 455 397 0 1 24
a 455 43 0 3 22
a 455 807 0 8 24
a 455 588 0 9 30
a 457 487 0 512 50
a 457 555 0 3 38
a 457 564 0 1 48
a 457 180 0 7 43
a 457 277 0 4 44
a 457 15 0 6 50
a 457 1085 0 8 41
a 457 219 0 9 26
a 457 800 0 2 35
a 457 780 0 8 44
a 457 532 0 5 5
a 457 1036 0 5 9
a 459 272 0 512 50
a 459 147 0 3 7
a 459 969 0 6 13
a 459 783 0 8 38
a 459 678 0 7 49
a 459 562 0 7 40
a 459 720 0 1 34
a 459 915 0 5 16
a 459 226 0 5 44
a 459 844 0 6 27
a 459 1110 0 1 38
a 459 402 0 6 50
a 461 848 0 512 50
a 461 1123 0 6 4
a 473 560 0 512 50
a 473 637 0 2 44
a 473 1074 0 2 10
a 473 862 0 7 31
a 473 538 0 4 29
a 473 699 0 7 25
a 473 454 0 3 14
a 473 668 0 6 30
a 473 206 0 8 43
a 473 295 0 1 39
a 477 442 0 512 50
a 477 243 0 7 4
a 477 766 0 3 26
a 477 1190 0 1 37
a 477 1128 0 8 17
a 477 525 0 7 1
a 477 527 0 9 16
a 477 924 0 3 4
a 477 147 0 6 40
a 477 1125 0 3 12
a 477 1197 0 7 28
a 477 223 0 4 11
a 481 317 0 512 50
a 481 1130 0 6 9
a 481 734 0 8 41
a 481 1183 0 1 46
a 481 22 0 6 25
a 481 53 0 3 21
a 481 463 0 4 48
a 481 419 0 1 42
a 481 624 0 9 41
a 484 397 0 512 18
a 484 383 0 7 23
a 484 421 0 1 29
a 484 177 0 1 16
a 484 940 0 5 43
a 484 259 0 7 45
a 484 663 0 10 5
a 484 906 0 7 28
a 484 24 0 2 3
a 484 1036 0 10 50
a 487 484 0 512 21
a 487 964 0 5 41
a 487 796 0 5 23
a 487 844 0 7 50
a 487 1042 0 6 24
a 487 881 0 6 43
a 487 719 0 10 4
a 487 888 0 2 18
a 487 35 0 6 30
a 487 1142 0 6 6
a 487 749 0 2 42
a 488 867 0 512 50
a 488 133 0 1 29
a 488 906 0 6 19
a 488 1179 0 10 50
a 488 293 0 5 19
a 488 212 0 8 48
a 488 1029 0 9 36
a 488 528 0 8 50
a 488 337 0 3 16
a 488 382 0 4 22
a 488 54 0 5 31
a 489 215 0 512 50
a 489 1106 0 5 24
a 496 954 0 512 50
a 496 845 0 10 29
a 496 507 0 2 46
a 496 1158 0 10 5
a 496 36 0 9 47
a 496 231 0 10 17
a 496 1159 0 3 14
a 496 885 0 4 2
a 496 325 0 2 9
a 496 1089 0 3 8
a 496 953 0 5 39
a 496 26 0 4 45
a 496 255 0 4 20
a 496 514 0 6 12
a 496 441 0 4 11
a 518 637 0 512 2
a 518 1098 0 1 45
a 518 1052 0 3 17
a 518 95 0 2 19
a 518 1010 0 4 10
a 518 978 0 2 48
a 520 814 0 512 15
a 520 307 0 7 35
a 520 1018 0 8 36
a 520 1128 0 10 11
a 520 702 0 9 36
a 521 1160 0 512 50
a 521 172 0 2 22
a 521 119 0 2 17
a 521 606 0 5 44
a 521 653 0 2 6
a 521 96 0 4 14
a 521 1179 0 7 10
a 521 193 0 2 35
a 521 581 0 7 13
a 521 477 0 8 3
a 521 152 0 1 5
a 521 182 0 9 35
a 521 720 0 1 2
a 527 411 0 512 50
a 527 393 0 10 14
a 527 562 0 6 1
a 527 943 0 7 38
a 527 944 0 6 21
a 527 171 0 1 21
a 527 521 0 6 40
a 527 640 0 1 3
a 527 304 0 7 6
a 527 1174 0 1 31
a 527 682 0 1 45
a 527 637 0 1 18
a 527 260 0 4 8
a 527 570 0 3 6
a 527 374 0 6 19
a 541 562 0 512 3
a 541 715 0 4 43
a 541 683 0 7 38
a 541 67 0 6 50
a 541 816 0 1 49
a 541 456 0 10 11
a 546 338 0 512 27
a 546 418 0 5 8
a 546 764 0 9 40
a 546 807 0 8 23
a 546 149 0 3 37
a 552 395 0 512 50
a 552 1124 0 4 34
a 552 848 0 5 20
a 552 779 0 3 4
a 552 83 0 9 9
a 552 278 0 6 50
a 552 695 0 6 43
a 552 117 0 6 27
a 552 1197 0 2 46
a 552 33 0 10 29
a 552 86 0 3 26
a 552 527 0 5 17
a 552 558 0 2 2
a 552 874 0 2 50
a 552 1102 0 10 22
a 557 791 0 512 50
a 557 789 0 7 45
a 557 1016 0 5 8
a 557 794 0 7 36
a 557 733 0 9 26
a 557 927 0 9 6
a 557 133 0 3 21
a 557 351 0 7 36
a 560 945 0 512 25
a 560 128 0 8 13
a 560 193 0 6 12
a 560 528 0 8 12
a 560 1130 0 8 32
a 560 124 0 7 23
a 560 320 0 4 5
a 560 131 0 4 23
a 560 58 0 1 29
a 562 552 0 512 45
a 562 440 0 2 13
a 562 475 0 5 35
a 584 604 0 512 50
a 584 1149 0 7 46
a 584 953 0 8 45
a 584 220 0 9 9
a 584 306 0 7 23
a 584 91 0 6 38
a 584 167 0 3 48
a 588 461 0 512 50
a 588 564 0 10 1
a 588 1114 0 8 47
a 588 137 0 8 27
a 588 1152 0 5 20
a 588 315 0 9 48
a 588 507 0 2 16
a 594 431 0 512 20
a 594 1000 0 8 18
a 594 867 0 2 11
a 594 82 0 1 32
a 594 996 0 8 48
a 594 369 0 8 3
a 594 764 0 9 42
a 604 1180 0 512 50
a 604 258 0 3 20
a 604 264 0 3 7
a 604 79 0 4 6
a 604 889 0 8 7
a 604 819 0 6 44
a 604 775 0 6 28
a 626 594 0 512 50
a 626 472 0 9 28
a 626 628 0 1 23
a 626 326 0 10 8
a 626 920 0 6 18
a 626 272 0 5 24
a 626 470 0 6 39
a 626 1148 0 10 37
a 626 997 0 10 28
a 626 16 0 8 16
a 626 454 0 6 38
a 626 674 0 9 38
a 626 911 0 10 23
a 627 1087 0 512 2
a 627 331 0 8 17
a 627 713 0 8 11
a 627 455 0 4 25
a 627 894 0 6 40
a 627 251 0 5 4
a 627 1028 0 6 15
a 627 365 0 2 46
a 627 1198 0 10 9
a 627 1034 0 3 44
a 633 422 0 512 50
a 633 1100 0 6 31
a 633 1093 0 2 10
a 633 677 0 1 29
a 633 583 0 1 30
a 633 120 0 5 9
a 633 970 0 9 26
a 633 1108 0 8 28
a 633 285 0 5 20
a 633 989 0 2 13
a 633 971 0 9 16
a 637 241 0 512 6
a 637 1161 0 9 26
a 637 457 0 6 32
a 637 561 0 1 9
a 637 834 0 4 5
a 637 349 0 6 28
a 637 371 0 7 44
a 637 1057 0 8 40
a 637 1170 0 2 40
a 637 715 0 1 38
a 639 95 0 512 50
a 639 238 0 3 32
a 639 1062 0 7 3
a 639 513 0 6 45
a 639 155 0 2 26
a 639 1182 0 3 50
a 639 965 0 8 20
a 639 712 0 3 30
a 639 382 0 6 14
a 639 115 0 10 46
a 639 461 0 1 28
a 639 246 0 9 33
a 639 554 0 4 47
a 644 794 0 512 50
a 644 331 0 9 18
a 644 730 0 3 42
a 644 623 0 8 32
a 654 496 0 512 50
a 654 493 0 1 16
a 654 386 0 3 24
a 654 906 0 6 23
a 654 319 0 4 45
a 654 329 0 2 25
a 654 105 0 3 7
a 671 131 0 512 50
a 671 46 0 9 16
a 671 132 0 8 10
a 671 482 0 10 35
a 671 246 0 2 31
a 671 807 0 2 2
a 671 651 0 5 15
a 671 82 0 9 8
a 671 210 0 9 28
a 671 640 0 7 29
a 681 870 0 512 50
a 681 300 0 2 45
a 681 307 0 6 41
a 694 99 0 512 12
a 694 1175 0 1 40
a 694 1006 0 7 19
a 694 568 0 8 9
a 694 369 0 5 2
a 694 772 0 1 40
a 728 948 0 512 19
a 728 405 0 8 2
a 728 753 0 8 27
a 728 470 0 9 45
a 728 588 0 4 34
a 728 759 0 7 44
a 728 461 0 10 25
a 728 986 0 9 24
a 728 1060 0 5 21
a 728 621 0 10 47
a 728 1126 0 7 22
a 756 521 0 512 50
a 756 737 0 6 18
a 756 599 0 8 33
a 756 69 0 9 4
a 756 231 0 10 12
a 756 182 0 6 28
a 756 393 0 10 10
a 756 315 0 1 28
a 756 867 0 3 39
a 756 620 0 6 48
a 756 797 0 2 30
a 756 116 0 4 42
a 756 43 0 3 3
a 756 559 0 2 40
a 756 389 0 8 43
a 758 292 0 512 17
a 758 763 0 2 3
a 758 767 0 4 48
a 758 1001 0 4 28
a 758 558 0 10 38
a 758 715 0 7 23
a 758 845 0 3 32
a 758 209 0 6 32
a 758 530 0 7 21
a 759 584 0 512 50
a 759 226 0 7 13
a 759 888 0 4 17
a 759 236 0 9 35
a 759 295 0 3 25
a 759 122 0 5 44
a 759 444 0 4 35
a 759 514 0 6 32
a 759 894 0 7 13
a 784 477 0 512 48
a 784 92 0 6 21
a 784 302 0 10 48
a 784 1047 0 9 31
a 784 799 0 6 32
a 784 614 0 8 24
a 784 722 0 2 40
a 784 27 0 4 22
a 784 356 0 2 4
a 784 511 0 10 10
a 784 125 0 3 26
a 784 229 0 6 31
a 784 355 0 8 27
a 784 985 0 4 3
a 785 308 0 512 50
a 785 727 0 10 22
a 785 859 0 4 19
a 785 796 0 8 42
a 785 698 0 5 6
a 785 821 0 10 49
a 785 524 0 1 26
a 785 543 0 4 13
a 791 97 0 512 49
a 791 697 0 10 50
a 791 710 0 2 21
a 791 649 0 8 18
a 791 753 0 8 14
a 791 1061 0 7 22
a 791 311 0 7 11
a 791 990 0 10 16
a 791 927 0 8 43
a 791 154 0 10 47
a 791 916 0 1 30
a 791 671 0 7 43
a 791 588 0 6 30
a 792 855 0 512 42
a 792 741 0 6 42
a 792 367 0 1 7
a 792 851 0 9 19
a 792 897 0 5 49
a 792 282 0 6 50
a 792 1176 0 1 7
a 792 331 0 6 29
a 792 1073 0 3 21
a 792 240 0 9 33
a 792 429 0 1 28
a 792 1054 0 4 39
a 792 706 0 4 19
a 794 488 0 512 18
a 794 261 0 1 3
a 794 637 0 6 24
a 794 83 0 5 47
a 794 780 0 4 41
a 794 608 0 10 49
a 794 978 0 2 15
a 794 101 0 8 7
a 794 345 0 8 5
a 794 740 0 2 16
a 794 195 0 2 9
a 794 827 0 8 30
a 794 386 0 3 12
a 794 103 0 2 28
a 799 681 0 512 50
a 799 231 0 4 26
a 799 198 0 8 22
a 799 105 0 9 22
a 799 1086 0 6 44
a 799 496 0 9 4
a 799 191 0 4 8
a 799 379 0 4 17
a 799 187 0 7 1
a 799 57 0 9 36
a 811 1148 0 512 50
a 811 302 0 3 16
a 811 773 0 6 49
a 814 882 0 512 50
a 814 1195 0 512 29
a 814 370 0 8 12
a 814 868 0 1 47
a 814 638 0 2 6
a 814 655 0 6 32
a 814 1135 0 5 40
a 814 665 0 3 17
a 814 820 0 9 41
a 814 700 0 4 13
a 814 629 0 7 30
a 848 895 0 512 41
a 848 738 0 5 47
a 848 1089 0 6 1
a 848 1012 0 9 49
a 848 1049 0 8 35
a 848 607 0 1 9
a 848 957 0 1 42
a 848 1188 0 8 45
a 848 702 0 2 28
a 848 467 0 4 38
a 848 240 0 7 45
a 855 265 0 512 50
a 855 700 0 10 49
a 855 818 0 6 5
a 855 712 0 7 28
a 855 273 0 1 33
a 855 106 0 5 38
a 855 295 0 3 9
a 855 911 0 9 32
a 855 329 0 7 50
a 855 704 0 6 7
a 855 501 0 1 21
a 862 98 0 512 13
a 862 786 0 7 16
a 862 1044 0 7 11
a 862 1070 0 9 4
a 862 761 0 4 2
a 862 371 0 2 23
a 862 383 0 7 49
a 862 1199 0 10 42
a 862 1118 0 7 1
a 862 556 0 10 20
a 862 67 0 4 31
a 862 241 0 8 26
a 862 940 0 3 26
a 867 899 0 512 47
a 867 1142 0 3 44
a 867 1082 0 4 40
a 868 161 0 512 31
a 868 1175 0 4 17
a 868 1065 0 6 16
a 868 941 0 8 38
a 868 897 0 10 7
a 868 37 0 10 18
a 868 779 0 3 33
a 868 514 0 9 36
a 868 273 0 5 20
a 868 1040 0 2 38
a 868 754 0 7 4
a 868 928 0 10 27
a 868 943 0 10 33
a 870 143 0 512 50
a 870 289 0 3 14
a 870 573 0 4 9
a 870 1012 0 7 4
a 870 299 0 3 23
a 870 622 0 4 10
a 870 30 0 5 25
a 870 617 0 1 18
a 870 417 0 7 42
a 870 1178 0 7 48
a 870 976 0 3 35
a 870 304 0 10 5
a 870 296 0 7 46
a 870 68 0 8 6
a 882 957 0 512 11
a 882 367 0 10 35
a 882 529 0 3 47
a 882 55 0 9 39
a 882 1089 0 5 6
a 882 911 0 3 39
a 882 66 0 3 34
a 882 767 0 5 15
a 891 249 0 512 49
a 891 789 0 9 32
a 891 910 0 6 21
a 891 677 0 4 35
a 891 1135 0 8 4
a 891 58 0 3 33
a 891 539 0 2 11
a 891 567 0 9 17
a 891 1073 0 9 15
a 891 76 0 7 15
a 891 1089 0 1 11
a 891 73 0 2 6
a 892 380 0 512 50
a 892 151 0 4 21
a 892 1129 0 2 28
a 892 889 0 6 37
a 892 225 0 3 15
a 892 573 0 10 31
a 892 237 0 4 10
a 892 735 0 1 39
a 892 718 0 5 37
a 892 1159 0 3 48
a 895 153 0 512 50
a 895 999 0 5 27
a 895 1112 0 2 1
a 895 968 0 6 44
a 899 862 0 512 18
a 899 943 0 5 11
a 899 318 0 1 46
a 899 464 0 10 21
a 899 705 0 3 5
a 899 280 0 2 14
a 899 505 0 4 49
a 899 330 0 7 21
a 899 714 0 7 5
a 899 43 0 8 6
a 899 1096 0 9 36
a 899 737 0 4 41
a 899 629 0 6 12
a 899 952 0 8 35
a 899 98 0 2 12
a 937 339 0 512 34
a 937 973 0 10 7
a 937 770 0 3 44
a 937 842 0 6 7
a 937 1063 0 1 16
a 940 414 0 512 42
a 940 410 0 2 50
a 944 758 0 512 50
a 944 519 0 7 2
a 944 1174 0 9 26
a 944 32 0 3 40
a 944 747 0 1 37
a 944 914 0 3 32
a 944 881 0 1 39
a 944 69 0 4 27
a 944 386 0 1 44
a 944 806 0 4 8
a 944 855 0 2 38
a 945 969 0 512 50
a 945 1168 0 5 12
a 945 276 0 4 36
a 945 772 0 4 33
a 948 402 0 512 50
a 948 456 0 4 16
a 948 381 0 2 13
a 948 1144 0 1 43
a 948 373 0 3 32
a 948 191 0 3 29
a 948 659 0 4 15
a 948 112 0 2 34
a 948 1028 0 9 25
a 948 598 0 3 21
a 948 1119 0 10 48
a 948 539 0 7 24
a 948 282 0 9 27
a 954 489 0 512 43
a 954 538 0 4 39
a 954 228 0 9 30
a 954 51 0 1 23
a 954 1063 0 8 15
a 954 199 0 7 30
a 954 679 0 5 43
a 954 903 0 1 44
a 956 258 0 512 50
a 956 669 0 5 46
a 956 768 0 3 7
a 956 732 0 3 8
a 956 598 0 9 4
a 956 199 0 7 26
a 956 324 0 3 19
a 957 368 0 512 50
a 957 359 0 10 25
a 957 54 0 5 36
a 957 968 0 2 31
a 957 222 0 10 48
a 957 1161 0 7 20
a 963 944 0 512 50
a 963 738 0 10 7
a 969 639 0 512 50
a 969 1117 0 10 49
a 969 43 0 1 19
a 969 407 0 7 45
a 979 541 0 512 5
a 979 968 0 7 27
a 979 409 0 1 8
a 979 661 0 3 29
a 979 1108 0 2 34
a 979 666 0 1 15
a 979 367 0 1 36
a 979 1040 0 10 8
a 979 717 0 9 42
a 979 227 0 10 25
a 981 386 0 512 50
a 981 740 0 3 45
a 981 605 0 7 11
a 981 37 0 5 29
a 981 1198 0 2 14
a 981 695 0 5 24
a 981 573 0 6 27
a 981 892 0 3 9
a 981 502 0 9 31
a 981 401 0 10 8
a 981 1094 0 9 14
a 981 399 0 7 35
a 981 283 0 5 44
a 981 664 0 7 35
a 981 332 0 6 20
a 1010 588 0 512 50
a 1010 450 0 7 24
a 1010 1145 0 9 39
a 1010 634 0 4 48
a 1010 1081 0 3 12
a 1010 808 0 7 43
a 1010 779 0 6 22
a 1010 664 0 10 32
a 1010 797 0 6 8
a 1010 140 0 4 4
a 1010 63 0 7 34
a 1010 256 0 3 44
a 1010 45 0 6 35
a 1010 1016 0 9 45
a 1020 891 0 512 40
a 1020 94 0 7 50
a 1020 489 0 8 3
a 1022 1093 0 512 50
a 1022 89 0 5 45
a 1022 674 0 3 27
a 1022 756 0 8 27
a 1022 138 0 3 27
a 1022 661 0 7 10
a 1042 194 0 512 50
a 1042 545 0 2 21
a 1042 133 0 5 4
a 1042 1169 0 3 44
a 1042 184 0 8 20
a 1042 777 0 5 18
a 1042 896 0 10 3
a 1042 530 0 9 5
a 1042 894 0 6 49
a 1042 1068 0 3 1
a 1042 296 0 4 40
a 1064 1150 0 512 28
a 1064 100 0 6 3
a 1079 417 0 512 50
a 1079 337 0 3 38
a 1079 399 0 7 38
a 1079 421 0 2 39
a 1087 66 0 512 50
a 1087 1167 0 4 45
a 1093 792 0 512 21
a 1093 988 0 5 13
a 1093 498 0 2 45
a 1093 276 0 5 29
a 1093 190 0 3 16
a 1093 918 0 1 43
a 1148 527 0 512 50
a 1148 537 0 10 47
a 1148 412 0 5 8
a 1148 392 0 2 28
a 1148 474 0 6 7
a 1150 633 0 512 50
a 1150 242 0 2 41
a 1150 995 0 1 47
a 1150 1129 0 4 5
a 1150 893 0 6 28
a 1150 454 0 5 37
a 1156 1166 0 512 50
a 1156 155 0 6 42
a 1156 1153 0 9 35
a 1156 246 0 3 23
a 1156 442 0 10 23
a 1160 1042 0 512 25
a 1160 930 0 10 27
a 1160 491 0 3 19
a 1160 691 0 6 46
a 1160 1135 0 9 8
a 1160 1197 0 3 41
a 1160 61 0 4 10
a 1160 820 0 10 7
a 1160 407 0 2 22
a 1160 1055 0 9 42
a 1160 698 0 3 6
a 1166 759 0 512 50
a 1166 791 0 7 48
a 1166 61 0 3 3
a 1166 50 0 9 31
a 1166 17 0 3 16
a 1166 761 0 5 20
a 1166 531 0 7 45
a 1166 593 0 4 35
a 1166 411 0 4 34
a 1170 455 0 512 35
a 1170 143 0 8 29
a 1170 612 0 9 50
a 1170 941 0 8 27
a 1170 924 0 7 24
a 1170 373 0 8 48
a 1170 1122 0 1 29
a 1180 1064 0 512 50
a 1180 32 0 3 49
a 1180 426 0 9 21
a 1180 151 0 4 15
a 1180 981 0 6 4
a 1180 666 0 4 42
a 1180 1133 0 6 49
a 1180 48 0 9 9
a 1180 849 0 7 47
a 1180 998 0 10 45
a 1180 310 0 9 17
a 1180 216 0 4 28
a 1180 254 0 6 42
a 1186 981 0 512 50
a 1186 128 0 10 14
a 1186 359 0 8 9
a 1186 142 0 5 47
a 1186 539 0 7 16
a 1186 671 0 2 46
a 1186 432 0 4 12
a 1186 423 0 5 18
a 1186 394 0 5 21
a 1186 582 0 3 13
a 1186 785 0 6 47
a 1186 265 0 9 43
a 3 1031 0 855 5
a 3 650 0 8 44
a 3 961 0 6 45
a 3 609 0 6 20
a 3 773 0 7 8
a 3 844 0 2 19
a 3 61 0 10 18
a 3 1194 0 7 5
a 3 798 0 6 22
a 13 91 0 855 32
a 13 529 0 7 27
a 13 988 0 2 43
a 13 388 0 5 38
a 13 219 0 1 19
a 13 910 0 1 27
a 13 408 0 7 17
a 13 199 0 3 4
a 13 668 0 9 28
a 13 816 0 1 10
a 13 1020 0 7 7
a 13 876 0 6 9
a 13 809 0 4 36
a 27 719 0 855 50
a 27 505 0 10 17
a 27 996 0 10 50
a 27 136 0 7 8
a 27 791 0 4 43
a 27 434 0 3 20
a 27 552 0 1 27
a 27 966 0 1 6
a 27 939 0 10 22
a 27 901 0 8 26
a 27 171 0 3 1
a 27 322 0 8 40
a 27 203 0 5 26
a 27 177 0 4 11
a 46 747 0 855 21
a 46 1061 0 3 7
a 46 52 0 4 40
a 46 1094 0 4 12
a 46 260 0 5 33
a 46 234 0 1 30
a 46 788 0 4 48
a 46 679 0 2 28
a 46 914 0 9 32
a 46 491 0 1 45
a 46 1009 0 9 12
a 46 167 0 8 31
a 46 29 0 7 7
a 46 424 0 7 20
a 46 272 0 1 31
a 51 109 0 855 40
a 51 1015 0 9 31
a 63 204 0 855 50
a 63 549 0 9 11
a 63 78 0 1 44
a 63 15 0 8 41
a 63 462 0 6 50
a 63 1050 0 4 45
a 63 999 0 8 19
a 63 266 0 10 13
a 63 1055 0 7 45
a 63 158 0 8 29
a 63 1003 0 1 21
a 63 1096 0 6 34
a 67 203 0 855 24
a 67 1103 0 10 15
a 67 1025 0 6 6
a 90 1115 0 855 23
a 90 178 0 5 21
a 90 431 0 8 24
a 90 591 0 2 23
a 90 483 0 4 38
a 90 934 0 9 40
a 91 869 0 855 50
a 91 1074 0 10 25
a 91 743 0 5 3
a 94 1146 0 855 50
a 94 495 0 2 28
a 94 1179 0 7 3
a 94 274 0 3 44
a 94 1061 0 5 30
a 94 552 0 3 26
a 94 350 0 4 24
a 94 504 0 10 50
a 94 149 0 1 36
a 94 343 0 3 17
a 94 1007 0 2 36
a 100 505 0 855 50
a 100 1038 0 5 20
a 100 707 0 2 5
a 100 451 0 5 37
a 100 1016 0 9 28
a 100 474 0 6 18
a 100 868 0 10 15
a 100 355 0 8 4
a 100 992 0 10 22
a 109 498 0 855 23
a 109 921 0 8 5
a 109 861 0 7 19
a 109 866 0 9 47
a 109 561 0 7 21
a 109 924 0 4 3
a 109 790 0 6 7
a 109 988 0 2 38
a 109 1133 0 10 31
a 109 1002 0 4 38
a 109 998 0 9 36
a 112 1039 0 855 31
a 112 527 0 1 47
a 112 698 0 2 17
a 112 288 0 1 22
a 112 145 0 8 38
a 118 789 0 855 50
a 118 499 0 8 7
a 118 1136 0 7 42
a 118 269 0 10 39
a 118 745 0 9 2
a 118 1001 0 9 24
a 118 691 0 5 1
a 118 134 0 8 3
a 118 826 0 1 42
a 118 673 0 9 20
a 118 834 0 2 43
a 118 214 0 6 30
a 118 1092 0 5 9
a 152 860 0 855 39
a 152 826 0 7 13
a 152 33 0 6 10
a 152 433 0 8 21
a 152 607 0 3 16
a 152 1111 0 10 47
a 152 693 0 9 42
a 152 307 0 3 2
a 167 1200 0 855 50
a 167 440 0 855 50
a 167 502 0 3 14
a 167 1019 0 2 6
a 167 175 0 4 18
a 168 1172 0 855 17
a 168 387 0 7 19
a 168 317 0 8 48
a 168 965 0 5 28
a 168 1037 0 8 49
a 168 174 0 9 28
a 168 1115 0 8 21
a 168 673 0 2 21
a 168 892 0 5 46
a 168 1028 0 7 34
a 168 516 0 10 27
a 168 1059 0 1 17
a 188 950 0 855 50
a 188 231 0 6 40
a 188 135 0 7 25
a 188 698 0 3 13
a 188 695 0 2 44
a 188 837 0 2 45
a 188 842 0 8 29
a 188 118 0 9 6
a 188 765 0 4 34
a 188 759 0 7 23
a 188 764 0 5 13
a 188 1052 0 1 24
a 188 992 0 3 3
a 188 1051 0 3 14
a 188 406 0 6 20
a 195 1182 0 855 50
a 195 548 0 4 50
a 195 998 0 5 14
a 195 943 0 1 12
a 195 14 0 6 9
a 195 53 0 1 17
a 195 530 0 3 15
a 195 301 0 6 9
a 195 318 0 5 45
a 195 494 0 8 30
a 195 676 0 4 27
a 195 480 0 4 7
a 195 33 0 9 27
a 195 438 0 8 48
a 202 665 0 855 50
a 202 1049 0 5 37
a 202 1199 0 5 4
a 202 865 0 1 24
a 202 313 0 5 40
a 202 149 0 10 41
a 202 1124 0 8 39
a 202 155 0 7 22
a 203 118 0 855 50
a 203 320 0 2 36
a 203 64 0 2 5
a 203 717 0 7 40
a 203 406 0 8 48
a 203 690 0 3 45
a 203 925 0 3 40
a 203 1120 0 8 48
a 203 1093 0 5 9
a 203 510 0 8 1
a 203 800 0 3 36
a 203 437 0 10 38
a 204 244 0 855 25
a 204 730 0 3 34
a 204 212 0 9 4
a 204 105 0 6 43
a 204 551 0 6 15
a 204 72 0 7 9
a 204 507 0 7 44
a 204 11 0 1 34
a 204 501 0 2 35
a 205 809 0 855 7
a 205 1115 0 3 21
a 205 314 0 3 19
a 205 561 0 3 40
a 205 547 0 8 49
a 205 244 0 4 22
a 205 1079 0 3 41
a 205 682 0 3 7
a 205 1068 0 8 1
a 205 656 0 7 26
a 205 430 0 1 19
a 205 374 0 9 27
a 205 967 0 7 14
a 205 805 0 1 43
a 205 257 0 3 30
a 210 100 0 855 50
a 210 515 0 10 32
a 210 266 0 8 3
a 210 416 0 7 48
a 210 433 0 10 16
a 210 608 0 3 33
a 210 1027 0 3 42
a 210 854 0 1 48
a 210 968 0 7 46
a 210 398 0 1 30
a 210 438 0 5 37
a 210 1067 0 9 27
a 214 1174 0 855 41
a 214 1005 0 3 2
a 214 733 0 10 32
a 214 950 0 9 3
a 214 994 0 4 38
a 214 458 0 6 13
a 214 132 0 5 28
a 214 91 0 5 37
a 221 760 0 855 45
a 221 1189 0 1 31
a 221 728 0 2 8
a 224 876 0 855 50
a 224 1092 0 1 25
a 224 271 0 1 15
a 224 789 0 10 50
a 224 103 0 8 31
a 224 400 0 4 9
a 224 449 0 10 10
a 224 55 0 3 47
a 224 782 0 8 29
a 224 377 0 7 17
a 224 105 0 4 36
a 232 595 0 855 31
a 232 402 0 4 18
a 232 636 0 5 36
a 232 378 0 4 3
a 232 51 0 5 38
a 232 857 0 9 17
a 232 94 0 10 36
a 233 844 0 855 28
a 233 400 0 6 26
a 233 562 0 10 30
a 233 896 0 9 49
a 233 148 0 3 40
a 233 316 0 3 38
a 244 692 0 855 5
a 244 172 0 1 3
a 244 970 0 2 1
a 244 1034 0 8 35
a 244 1107 0 3 34
a 244 766 0 10 10
a 244 269 0 3 19
a 244 386 0 3 25
a 244 358 0 3 1
a 244 14 0 1 26
a 244 773 0 1 36
a 302 525 0 855 50
a 302 906 0 4 19
a 302 490 0 4 12
a 302 901 0 2 45
a 302 274 0 2 42
a 302 801 0 2 49
a 356 673 0 855 31
a 356 578 0 6 48
a 356 397 0 5 44
a 356 425 0 5 38
a 356 658 0 1 15
a 356 414 0 7 38
a 356 769 0 1 45
a 356 372 0 10 32
a 356 973 0 8 16
a 356 134 0 1 30
a 356 1159 0 8 36
a 356 92 0 2 6
a 359 210 0 855 50
a 359 918 0 10 3
a 359 400 0 1 17
a 359 579 0 2 35
a 369 808 0 855 10
a 369 367 0 8 36
a 369 417 0 7 24
a 369 322 0 2 21
a 369 795 0 5 8
a 369 1103 0 7 6
a 369 40 0 7 24
a 369 731 0 10 39
a 369 997 0 6 19
a 369 163 0 10 22
a 369 533 0 2 46
a 369 611 0 5 16
a 391 999 0 855 42
a 391 898 0 1 27
a 391 405 0 4 42
a 391 856 0 10 17
a 391 244 0 5 29
a 440 578 0 855 50
a 440 789 0 7 27
a 440 1036 0 1 14
a 440 332 0 4 46
a 440 997 0 3 40
a 440 570 0 7 38
a 440 987 0 10 25
a 440 854 0 4 20
a 440 1072 0 1 31
a 451 650 0 855 50
a 451 1105 0 2 2
a 451 1068 0 7 7
a 453 1107 0 855 48
a 453 630 0 9 22
a 453 708 0 2 46
a 453 801 0 5 34
a 453 828 0 7 39
a 453 397 0 5 29
a 453 509 0 10 44
a 453 520 0 8 43
a 453 200 0 5 11
a 453 970 0 3 17
a 453 1116 0 9 39
a 453 975 0 3 43
a 453 785 0 2 31
a 453 337 0 1 11
a 453 641 0 1 3
a 498 1118 0 855 50
a 498 828 0 4 8
a 505 152 0 855 50
a 505 252 0 4 39
a 505 414 0 1 25
a 505 998 0 9 7
a 525 549 0 855 28
a 525 1186 0 10 43
a 525 202 0 5 50
a 525 356 0 10 25
a 525 1001 0 4 36
a 525 723 0 8 33
a 533 13 0 855 50
a 533 328 0 5 38
a 533 559 0 5 41
a 533 948 0 1 40
a 533 849 0 6 11
a 533 424 0 2 3
a 533 706 0 3 21
a 533 929 0 6 8
a 533 762 0 9 39
a 533 45 0 7 1
a 533 337 0 8 26
a 537 214 0 855 50
a 537 22 0 10 31
a 537 497 0 2 46
a 548 1134 0 855 18
a 548 321 0 3 11
a 548 963 0 4 15
a 548 1154 0 6 42
a 548 1089 0 6 26
a 548 832 0 4 48
a 548 399 0 5 32
a 548 55 0 6 44
a 548 756 0 8 38
a 548 602 0 2 24
a 548 284 0 4 42
a 548 988 0 10 44
a 549 168 0 855 24
a 549 1108 0 6 13
a 549 490 0 7 28
a 549 180 0 2 32
a 549 1092 0 4 5
a 549 302 0 3 10
a 549 456 0 4 11
a 549 924 0 4 5
a 549 967 0 2 30
a 549 742 0 2 32
a 549 220 0 9 49
a 549 590 0 8 11
a 549 760 0 7 1
a 549 1105 0 1 34
a 549 1113 0 8 9
a 572 845 0 855 50
a 572 387 0 4 17
a 572 404 0 3 7
a 572 818 0 7 40
a 572 593 0 5 25
a 572 359 0 6 44
a 572 218 0 3 28
a 572 323 0 4 46
a 572 685 0 10 33
a 572 848 0 6 1
a 572 754 0 4 48
a 574 533 0 855 50
a 574 496 0 1 45
a 574 539 0 6 18
a 574 981 0 1 12
a 576 537 0 855 50
a 576 762 0 1 6
a 576 321 0 4 33
a 576 977 0 9 30
a 576 748 0 1 29
a 576 59 0 3 34
a 576 1100 0 10 36
a 578 978 0 855 22
a 578 129 0 4 42
a 578 970 0 6 45
a 578 418 0 3 8
a 578 548 0 4 43
a 578 892 0 9 3
a 578 985 0 1 43
a 578 26 0 7 20
a 578 879 0 4 15
a 578 951 0 6 38
a 578 300 0 5 5
a 578 928 0 7 24
a 578 383 0 8 13
a 595 1132 0 855 50
a 595 646 0 2 31
a 595 904 0 9 5
a 595 586 0 6 42
a 595 1199 0 10 6
a 595 700 0 2 6
a 595 220 0 5 24
a 596 769 0 855 11
a 596 542 0 3 6
a 596 850 0 4 23
a 596 533 0 8 8
a 596 933 0 1 46
a 596 31 0 8 30
a 596 410 0 10 26
a 596 910 0 8 10
a 596 940 0 9 50
a 596 1038 0 2 36
a 596 256 0 10 17
a 596 657 0 6 32
a 601 27 0 855 50
a 601 62 0 6 17
a 601 543 0 9 44
a 601 395 0 7 25
a 601 528 0 4 27
a 601 91 0 9 18
a 601 637 0 10 32
a 601 825 0 10 7
a 601 15 0 4 4
a 601 714 0 8 49
a 601 409 0 9 45
a 601 626 0 2 41
a 601 985 0 5 33
a 601 159 0 8 41
a 602 931 0 855 38
a 602 210 0 5 46
a 602 592 0 6 13
a 623 1184 0 855 50
a 623 809 0 7 34
a 623 558 0 6 30
a 623 338 0 4 48
a 623 1103 0 5 49
a 623 319 0 6 30
a 623 531 0 4 15
a 623 613 0 9 44
a 623 161 0 10 25
a 623 1074 0 7 28
a 623 450 0 10 15
a 634 167 0 855 12
a 634 797 0 4 35
a 634 787 0 10 33
a 634 476 0 2 11
a 634 338 0 4 39
a 648 574 0 855 50
a 648 500 0 9 18
a 648 25 0 5 2
a 648 112 0 1 8
a 648 935 0 7 6
a 648 221 0 3 14
a 648 607 0 6 4
a 648 283 0 7 10
a 648 552 0 6 10
a 648 105 0 9 36
a 648 392 0 2 19
a 650 967 0 855 2
a 650 649 0 2 31
a 650 553 0 8 18
a 650 844 0 10 22
a 650 684 0 8 24
a 650 71 0 2 10
a 650 527 0 10 36
a 650 1037 0 2 29
a 650 368 0 5 42
a 650 641 0 10 14
a 650 551 0 2 9
a 650 850 0 8 9
a 650 436 0 2 40
a 650 636 0 10 26
a 659 548 0 855 50
a 659 872 0 6 32
a 659 1188 0 6 42
a 659 751 0 1 31
a 662 576 0 855 50
a 662 783 0 5 1
a 665 1145 0 855 50
a 665 910 0 8 29
a 665 203 0 4 28
a 665 753 0 7 12
a 665 995 0 3 24
a 665 1047 0 4 15
a 665 296 0 8 9
a 665 870 0 2 25
a 665 536 0 7 19
a 665 144 0 4 7
a 665 1020 0 2 21
a 665 120 0 1 9
a 665 57 0 10 48
a 673 233 0 855 47
a 673 331 0 8 9
a 673 441 0 1 13
a 673 908 0 3 44
a 692 887 0 855 50
a 692 401 0 7 12
a 692 704 0 6 36
a 692 151 0 10 28
a 692 504 0 7 42
a 692 711 0 4 1
a 692 462 0 7 12
a 701 884 0 855 1
a 701 801 0 4 24
a 701 859 0 1 6
a 701 476 0 10 37
a 701 784 0 9 31
a 701 470 0 3 25
a 701 976 0 6 36
a 701 262 0 10 19
a 701 498 0 10 14
a 701 1002 0 8 50
a 701 237 0 7 40
a 701 544 0 9 17
a 706 701 0 855 50
a 706 314 0 6 27
a 706 1078 0 8 1
a 706 1021 0 8 46
a 706 75 0 9 33
a 706 286 0 4 35
a 706 131 0 5 22
a 706 728 0 9 2
a 706 698 0 7 32
a 719 662 0 855 3
a 719 762 0 10 50
a 719 585 0 6 12
a 719 157 0 9 14
a 719 1017 0 6 38
a 719 357 0 3 22
a 719 69 0 2 36
a 719 204 0 4 25
a 719 697 0 8 3
a 729 453 0 855 50
a 729 658 0 1 49
a 729 381 0 9 10
a 729 735 0 7 13
a 729 791 0 9 21
a 733 188 0 855 29
a 733 88 0 4 20
a 733 435 0 5 14
a 733 802 0 3 48
a 733 1146 0 4 47
a 733 1037 0 5 42
a 733 86 0 6 50
a 733 102 0 4 31
a 733 631 0 5 11
a 733 1156 0 10 5
a 733 45 0 8 7
a 747 221 0 855 29
a 747 411 0 1 29
a 747 655 0 6 48
a 747 1039 0 6 46
a 747 1104 0 8 30
a 747 855 0 9 23
a 747 627 0 10 17
a 747 36 0 2 12
a 747 335 0 7 6
a 747 528 0 8 35
a 747 273 0 3 39
a 747 650 0 8 18
a 760 1169 0 855 50
a 760 40 0 10 7
a 760 425 0 8 14
a 760 720 0 5 42
a 760 939 0 9 38
a 760 848 0 10 34
a 760 826 0 6 1
a 760 918 0 2 46
a 760 51 0 5 21
a 760 119 0 9 15
a 760 976 0 3 17
a 760 1183 0 3 11
a 760 380 0 3 48
a 760 584 0 3 19
a 769 1196 0 855 50
a 769 424 0 4 40
a 769 841 0 5 23
a 769 347 0 4 50
a 769 737 0 9 36
a 789 90 0 855 50
a 789 1199 0 7 39
a 789 1012 0 7 10
a 789 175 0 7 6
a 789 70 0 1 20
a 789 970 0 1 36
a 789 913 0 6 17
a 806 896 0 855 50
a 806 269 0 8 18
a 806 1109 0 2 39
a 806 714 0 2 5
a 806 1185 0 10 42
a 806 1104 0 2 14
a 806 470 0 6 30
a 806 1198 0 6 28
a 806 856 0 10 45
a 808 94 0 855 44
a 808 1012 0 9 23
a 809 451 0 855 50
a 809 648 0 4 19
a 827 205 0 855 50
a 827 985 0 10 30
a 827 395 0 9 16
a 827 1013 0 1 7
a 827 509 0 8 45
a 827 1083 0 5 31
a 827 479 0 6 50
a 827 320 0 3 34
a 827 169 0 7 10
a 844 224 0 855 50
a 844 603 0 9 40
a 844 967 0 3 38
a 844 1105 0 7 38
a 844 682 0 1 40
a 844 863 0 4 38
a 844 295 0 4 19
a 844 1181 0 2 20
a 844 43 0 9 1
a 844 379 0 8 35
a 844 429 0 1 13
a 844 112 0 6 33
a 845 1049 0 855 25
a 845 862 0 10 44
a 845 397 0 10 31
a 845 410 0 7 45
a 845 338 0 10 17
a 845 310 0 5 12
a 845 1068 0 6 31
a 845 421 0 4 23
a 845 317 0 2 31
a 845 761 0 9 21
a 845 345 0 2 14
a 845 58 0 3 30
a 845 1007 0 9 23
a 860 1092 0 855 50
a 860 126 0 3 10
a 860 934 0 1 11
a 860 527 0 1 35
a 860 1057 0 8 45
a 860 1139 0 7 17
a 860 519 0 1 46
a 860 769 0 7 17
a 860 695 0 9 48
a 860 348 0 2 47
a 860 1093 0 3 38
a 860 937 0 5 25
a 860 465 0 2 4
a 860 1040 0 1 30
a 866 1038 0 855 50
a 866 329 0 5 39
a 866 103 0 7 49
a 866 1199 0 1 6
a 866 572 0 8 24
a 866 268 0 3 19
a 866 705 0 5 26
a 866 863 0 5 38
a 869 623 0 855 30
a 869 335 0 2 22
a 876 706 0 855 42
a 876 178 0 3 48
a 884 67 0 855 50
a 884 900 0 1 14
a 887 729 0 855 5
a 887 418 0 3 34
a 887 396 0 2 22
a 887 278 0 8 4
a 887 298 0 4 27
a 887 961 0 1 12
a 887 435 0 6 40
a 887 169 0 1 4
a 887 1015 0 2 15
a 896 369 0 855 50
a 896 415 0 7 11
a 896 655 0 3 2
a 896 933 0 9 9
a 896 740 0 2 44
a 896 27 0 7 35
a 931 1188 0 855 50
a 931 934 0 5 18
a 931 210 0 6 43
a 931 814 0 3 20
a 931 308 0 8 12
a 931 87 0 10 40
a 931 252 0 7 25
a 931 63 0 2 44
a 931 1104 0 1 34
a 931 642 0 8 2
a 950 391 0 855 50
a 950 176 0 9 48
a 950 193 0 4 43
a 950 466 0 5 19
a 950 31 0 9 47
a 950 928 0 6 24
a 950 1131 0 4 5
a 950 255 0 9 48
a 950 891 0 3 8
a 950 557 0 10 17
a 967 1080 0 855 50
a 967 538 0 1 39
a 967 1001 0 5 28
a 967 242 0 8 9
a 967 554 0 6 26
a 967 985 0 7 2
a 967 1058 0 6 21
a 967 838 0 7 43
a 967 490 0 9 21
a 967 491 0 5 27
a 967 527 0 6 4
a 967 694 0 6 6
a 967 1124 0 7 48
a 967 163 0 10 26
a 967 769 0 4 32
a 978 572 0 855 28
a 978 341 0 5 8
a 978 169 0 5 1
a 978 1013 0 2 6
a 978 458 0 1 48
a 978 145 0 4 31
a 978 330 0 10 48
a 978 413 0 8 40
a 978 236 0 5 19
a 978 436 0 10 17
a 978 408 0 7 20
a 978 732 0 7 43
a 993 827 0 855 50
a 993 462 0 4 9
a 993 1093 0 7 24
a 993 739 0 5 21
a 993 1184 0 10 3
a 993 839 0 6 48
a 999 302 0 855 43
a 999 668 0 4 6
a 999 624 0 8 36
a 999 425 0 5 36
a 999 647 0 1 47
a 999 660 0 5 45
a 999 442 0 7 30
a 999 517 0 4 19
a 999 808 0 8 25
a 999 778 0 7 15
a 999 272 0 3 31
a 999 35 0 3 9
a 1031 602 0 855 11
a 1031 476 0 1 19
a 1031 897 0 1 8
a 1031 1165 0 3 14
a 1031 879 0 7 5
a 1031 1071 0 4 34
a 1031 553 0 9 47
a 1031 84 0 5 38
a 1031 936 0 8 42
a 1038 359 0 855 50
a 1038 771 0 4 20
a 1038 746 0 1 31
a 1038 1130 0 9 49
a 1038 464 0 7 19
a 1038 130 0 3 27
a 1038 571 0 8 1
a 1038 630 0 7 11
a 1038 780 0 1 29
a 1038 567 0 1 40
a 1038 632 0 7 25
a 1038 229 0 6 3
a 1038 548 0 8 31
a 1039 63 0 855 1
a 1039 940 0 1 38
a 1043 1113 0 855 11
a 1043 1068 0 10 50
a 1043 927 0 10 45
a 1049 596 0 855 23
a 1049 47 0 6 18
a 1049 549 0 4 13
a 1049 275 0 9 45
a 1049 231 0 1 25
a 1049 886 0 1 42
a 1049 1091 0 3 19
a 1049 456 0 6 20
a 1080 866 0 855 50
a 1080 1050 0 2 11
a 1080 403 0 5 46
a 1080 268 0 7 14
a 1080 732 0 3 9
a 1086 51 0 855 40
a 1086 323 0 1 9
a 1092 112 0 855 50
a 1092 357 0 10 47
a 1092 963 0 8 47
a 1092 84 0 7 49
a 1092 397 0 5 7
a 1092 28 0 6 17
a 1092 887 0 5 1
a 1092 554 0 1 22
a 1107 195 0 855 50
a 1107 1006 0 2 42
a 1107 788 0 6 25
a 1107 204 0 9 20
a 1107 576 0 8 43
a 1107 1053 0 3 3
a 1107 214 0 6 47
a 1107 1113 0 1 33
a 1107 1171 0 9 2
a 1107 866 0 1 2
a 1107 1157 0 4 9
a 1107 176 0 9 28
a 1107 155 0 4 47
a 1109 232 0 855 46
a 1109 162 0 5 25
a 1109 1054 0 8 31
a 1109 529 0 5 10
a 1109 249 0 10 48
a 1112 1086 0 855 50
a 1112 528 0 10 5
a 1112 677 0 9 41
a 1113 659 0 855 50
a 1113 259 0 1 30
a 1113 86 0 4 33
a 1113 534 0 10 32
a 1113 1132 0 2 42
a 1113 1008 0 8 19
a 1113 398 0 6 11
a 1113 704 0 4 48
a 1113 1059 0 4 4
a 1113 1095 0 6 17
a 1113 739 0 3 27
a 1113 87 0 9 7
a 1115 733 0 855 50
a 1115 307 0 7 5
a 1115 521 0 6 6
a 1115 1099 0 6 27
a 1115 1135 0 4 21
a 1115 1146 0 5 19
a 1115 562 0 3 49
a 1115 843 0 9 33
a 1115 401 0 1 12
a 1115 725 0 9 1
a 1115 216 0 9 16
a 1115 130 0 5 23
a 1118 1109 0 855 50
a 1118 940 0 10 38
a 1118 376 0 8 6
a 1118 420 0 9 2
a 1118 1191 0 8 39
a 1132 1043 0 855 50
a 1132 523 0 1 15
a 1132 519 0 7 42
a 1132 672 0 4 40
a 1132 567 0 9 40
a 1132 270 0 9 16
a 1132 807 0 6 37
a 1132 644 0 7 49
a 1132 1122 0 1 47
a 1132 676 0 4 4
a 1132 437 0 5 7
a 1132 81 0 1 6
a 1134 648 0 855 50
a 1134 93 0 2 20
a 1134 783 0 10 44
a 1134 423 0 2 1
a 1134 1000 0 1 32
a 1134 655 0 3 22
a 1134 1196 0 7 6
a 1134 661 0 6 43
a 1145 356 0 855 20
a 1145 200 0 8 47
a 1145 77 0 9 13
a 1145 866 0 3 23
a 1145 584 0 2 47
a 1145 14 0 2 42
a 1145 1167 0 7 34
a 1145 848 0 3 24
a 1146 202 0 855 50
a 1146 96 0 5 5
a 1146 798 0 1 21
a 1146 501 0 4 17
a 1146 1103 0 8 19
a 1146 998 0 10 39
a 1146 72 0 7 2
a 1169 806 0 855 49
a 1169 277 0 8 23
a 1169 1079 0 4 22
a 1169 77 0 9 45
a 1169 236 0 10 15
a 1169 299 0 4 20
a 1169 944 0 4 16
a 1172 601 0 855 50
a 1172 932 0 2 16
a 1172 615 0 1 47
a 1172 623 0 5 24
a 1174 634 0 855 50
a 1174 418 0 6 49
a 1182 46 0 855 41
a 1182 743 0 2 41
a 1182 584 0 7 5
a 1182 52 0 3 21
a 1182 1170 0 8 23
a 1182 579 0 2 30
a 1182 977 0 1 4
a 1182 1165 0 7 32
a 1182 81 0 10 38
a 1182 788 0 5 15
a 1182 775 0 4 18
a 1182 975 0 5 12
a 1182 1176 0 3 16
a 1182 568 0 9 10
a 1184 993 0 855 17
a 1184 121 0 2 14
a 1184 1028 0 4 40
a 1184 956 0 6 13
a 1184 1048 0 3 3
a 1188 1112 0 855 50
a 1188 24 0 1 50
a 1188 1101 0 1 21
a 1188 95 0 3 34
a 1188 1006 0 10 37
a 1188 757 0 5 17
a 1188 1074 0 5 14
a 1188 637 0 3 38
a 1188 613 0 1 13
a 1188 474 0 3 47
a 1188 902 0 4 39
a 1188 663 0 1 18
a 1188 910 0 3 7
a 4 622 0 145 20
a 4 935 0 10 44
a 4 137 0 9 22
a 4 974 0 2 42
a 4 34 0 8 38
a 4 929 0 5 49
a 4 464 0 2 30
a 4 355 0 6 47
a 4 1127 0 10 9
a 4 1087 0 2 2
a 4 843 0 3 35
a 4 1113 0 3 12
a 29 240 0 145 14
a 29 952 0 8 37
a 29 937 0 10 2
a 29 161 0 4 16
a 29 974 0 8 19
a 29 144 0 4 32
a 29 1123 0 5 31
a 29 160 0 7 10
a 29 1053 0 10 14
a 29 218 0 10 39
a 36 1083 0 145 2
a 36 1017 0 8 43
a 36 266 0 3 19
a 36 131 0 7 18
a 36 955 0 5 1
a 36 512 0 6 11
a 36 1085 0 1 10
a 36 557 0 1 40
a 36 1058 0 10 14
a 60 316 0 145 50
a 60 958 0 9 49
a 60 1097 0 1 2
a 60 578 0 7 20
a 60 489 0 4 18
a 60 198 0 7 30
a 76 824 0 145 50
a 76 534 0 7 24
a 76 608 0 2 19
a 83 105 0 145 50
a 83 965 0 7 6
a 83 307 0 8 33
a 83 483 0 4 43
a 83 880 0 6 2
a 83 819 0 6 41
a 83 637 0 9 7
a 83 859 0 5 38
a 83 469 0 10 36
a 83 495 0 9 43
a 83 264 0 3 5
a 83 192 0 1 27
a 83 763 0 9 34
a 88 173 0 145 32
a 88 160 0 9 41
a 88 1006 0 4 50
a 88 1021 0 9 48
a 88 698 0 6 31
a 88 788 0 9 47
a 88 1005 0 2 48
a 88 761 0 10 29
a 88 682 0 4 13
a 88 680 0 1 13
a 88 871 0 8 38
a 89 854 0 145 19
a 89 1104 0 3 2
a 89 598 0 9 12
a 89 415 0 7 38
a 105 254 0 145 38
a 105 280 0 2 5
a 105 555 0 8 50
a 105 708 0 6 8
a 105 540 0 3 46
a 105 591 0 9 9
a 105 934 0 10 15
a 105 422 0 7 40
a 105 901 0 10 8
a 105 693 0 3 43
a 105 13 0 2 4
a 105 645 0 10 13
a 105 738 0 3 29
a 105 992 0 1 11
a 105 859 0 9 2
a 110 592 0 145 50
a 110 399 0 6 46
a 110 1140 0 5 29
a 110 228 0 4 34
a 110 755 0 2 41
a 110 112 0 3 32
a 110 1058 0 5 38
a 110 402 0 2 43
a 110 317 0 5 35
a 110 694 0 10 16
a 126 1011 0 145 40
a 126 507 0 7 1
a 126 1081 0 8 48
a 126 56 0 4 42
a 126 954 0 6 11
a 126 493 0 4 8
a 129 1028 0 145 50
a 129 292 0 2 40
a 129 1001 0 2 5
a 129 245 0 3 22
a 147 534 0 145 50
a 147 775 0 10 11
a 147 1121 0 3 33
a 150 611 0 145 50
a 150 557 0 1 34
a 150 311 0 10 27
a 150 904 0 6 10
a 150 588 0 4 31
a 150 838 0 4 34
a 150 269 0 2 18
a 150 1177 0 10 15
a 151 686 0 145 44
a 151 832 0 4 15
a 155 147 0 145 50
a 155 795 0 8 17
a 155 363 0 10 22
a 155 468 0 9 19
a 155 67 0 1 40
a 156 834 0 145 13
a 156 118 0 10 33
a 156 745 0 3 8
a 156 211 0 3 2
a 156 837 0 4 35
a 156 148 0 2 37
a 156 466 0 7 3
a 156 256 0 7 3
a 156 759 0 2 27
a 156 147 0 9 11
a 156 1019 0 9 30
a 156 465 0 8 6
a 159 150 0 145 19
a 159 610 0 3 38
a 159 406 0 10 9
a 159 627 0 10 42
a 159 1009 0 8 36
a 159 141 0 2 32
a 159 697 0 1 34
a 159 948 0 2 2
a 159 228 0 3 23
a 159 123 0 6 6
a 159 844 0 6 13
a 159 515 0 4 27
a 160 1178 0 145 50
a 160 599 0 3 15
a 160 963 0 8 25
a 160 1094 0 4 13
a 173 252 0 145 3
a 173 73 0 8 30
a 173 451 0 5 40
a 173 447 0 9 49
a 173 872 0 7 39
a 173 835 0 2 41
a 173 876 0 8 50
a 173 783 0 4 42
a 173 1109 0 7 17
a 173 741 0 10 49
a 175 88 0 145 50
a 175 1018 0 8 32
a 175 617 0 10 31
a 175 198 0 2 30
a 175 989 0 6 24
a 175 266 0 3 28
a 175 94 0 10 34
a 175 451 0 4 22
a 175 1098 0 10 22
a 175 470 0 1 33
a 175 593 0 10 36
a 179 347 0 145 45
a 179 76 0 9 24
a 179 421 0 1 39
a 179 1047 0 1 42
a 179 82 0 9 42
a 179 703 0 2 40
a 179 1056 0 6 11
a 179 119 0 4 33
a 179 587 0 5 26
a 179 281 0 4 36
a 182 156 0 145 30
a 182 347 0 2 33
a 182 852 0 3 40
a 182 1125 0 9 32
a 182 1174 0 1 43
a 182 904 0 5 23
a 220 151 0 145 22
a 220 464 0 5 35
a 220 1159 0 3 28
a 220 172 0 5 13
a 220 300 0 9 32
a 220 666 0 8 45
a 220 370 0 6 11
a 220 163 0 8 16
a 220 439 0 3 9
a 220 462 0 4 1
a 220 58 0 1 18
a 220 1160 0 10 26
a 240 1142 0 145 50
a 240 546 0 1 35
a 240 286 0 9 20
a 251 555 0 145 50
a 251 783 0 6 17
a 251 572 0 4 1
a 251 799 0 7 45
a 251 834 0 8 34
a 252 787 0 145 49
a 252 200 0 8 13
a 252 617 0 3 38
a 252 338 0 6 14
a 252 174 0 9 2
a 252 522 0 7 12
a 252 32 0 3 32
a 252 712 0 2 4
a 252 886 0 5 23
a 252 416 0 6 32
a 252 749 0 5 45
a 253 543 0 145 50
a 253 691 0 4 10
a 253 797 0 6 46
a 253 767 0 6 39
a 253 1148 0 9 26
a 253 123 0 2 2
a 253 391 0 7 36
a 253 226 0 8 33
a 253 345 0 5 50
a 254 220 0 145 43
a 254 623 0 10 35
a 254 794 0 8 34
a 254 632 0 10 2
a 254 818 0 2 15
a 273 781 0 145 18
a 273 73 0 10 8
a 273 819 0 7 38
a 273 972 0 7 32
a 273 848 0 5 44
a 274 722 0 145 6
a 274 966 0 3 31
a 282 384 0 145 34
a 282 581 0 5 19
a 282 385 0 7 3
a 282 398 0 10 49
a 282 1086 0 10 35
a 282 457 0 5 36
a 282 935 0 9 45
a 282 74 0 6 26
a 282 216 0 5 37
a 282 1105 0 1 12
a 282 151 0 7 1
a 282 1164 0 2 35
a 282 750 0 6 26
a 282 40 0 4 3
a 288 303 0 145 50
a 288 276 0 1 14
a 288 1134 0 3 25
a 288 495 0 8 18
a 288 1127 0 7 23
a 288 737 0 3 30
a 288 39 0 7 25
a 288 906 0 9 31
a 288 155 0 10 47
a 291 36 0 145 33
a 291 728 0 3 39
a 291 746 0 1 12
a 301 288 0 145 37
a 301 120 0 4 19
a 301 183 0 1 34
a 301 936 0 1 20
a 301 510 0 5 33
a 301 285 0 10 18
a 301 1013 0 2 32
a 301 636 0 2 40
a 301 861 0 2 32
a 301 270 0 1 29
a 301 262 0 2 21
a 301 314 0 2 25
a 301 817 0 1 28
a 301 601 0 3 19
a 303 348 0 145 50
a 303 956 0 3 6
a 303 1033 0 3 7
a 303 665 0 7 42
a 303 555 0 8 49
a 303 173 0 9 48
a 303 1200 0 5 25
a 303 236 0 8 44
a 303 165 0 9 20
a 303 451 0 9 31
a 303 981 0 9 27
a 303 235 0 2 13
a 306 826 0 145 50
a 306 742 0 7 40
a 306 278 0 8 47
a 306 442 0 3 15
a 306 1055 0 10 47
a 306 141 0 2 17
a 306 731 0 2 19
a 306 410 0 2 15
a 313 282 0 145 21
a 313 789 0 10 41
a 313 576 0 4 31
a 313 193 0 10 28
a 316 753 0 145 50
a 316 206 0 2 19
a 316 1090 0 3 42
a 316 65 0 7 7
a 316 396 0 4 11
a 316 308 0 7 44
a 316 438 0 2 39
a 316 223 0 4 34
a 316 1188 0 2 22
a 316 703 0 7 8
a 316 112 0 10 15
a 316 333 0 9 32
a 316 551 0 4 48
a 316 744 0 2 9
a 316 788 0 8 1
a 328 515 0 145 50
a 328 458 0 6 10
a 328 818 0 8 20
a 328 795 0 8 3
a 328 549 0 2 40
a 334 1149 0 145 42
a 334 471 0 5 26
a 334 284 0 2 3
a 334 56 0 5 48
a 334 760 0 2 24
a 334 571 0 9 8
a 334 88 0 3 48
a 334 1164 0 8 43
a 334 316 0 1 22
a 334 397 0 3 6
a 334 27 0 9 45
a 334 1055 0 4 13
a 334 594 0 5 43
a 334 1092 0 1 2
a 334 769 0 5 3
a 340 930 0 145 11
a 340 752 0 6 24
a 340 758 0 8 35
a 340 1179 0 9 42
a 340 154 0 10 13
a 340 781 0 9 21
a 340 762 0 1 8
a 340 322 0 9 16
a 340 656 0 4 14
a 340 547 0 3 14
a 340 896 0 6 38
a 340 932 0 8 23
a 340 528 0 2 42
a 340 392 0 7 24
a 340 665 0 5 6
a 344 724 0 145 23
a 344 671 0 1 28
a 344 795 0 10 44
a 344 846 0 4 25
a 344 611 0 10 40
a 344 419 0 8 5
a 344 443 0 1 49
a 344 895 0 9 19
a 344 1134 0 2 44
a 344 589 0 3 39
a 344 54 0 8 43
a 345 714 0 145 1
a 345 387 0 4 30
a 345 162 0 1 40
a 345 1154 0 9 32
a 345 581 0 10 5
a 345 1155 0 8 48
a 345 870 0 3 48
a 345 1176 0 2 1
a 345 280 0 6 38
a 345 411 0 10 29
a 345 326 0 10 48
a 347 126 0 145 50
a 347 611 0 6 16
a 347 65 0 9 23
a 347 888 0 5 48
a 347 518 0 7 44
a 347 152 0 4 50
a 347 997 0 4 36
a 347 777 0 6 29
a 347 569 0 7 49
a 347 428 0 4 37
a 347 561 0 1 23
a 347 261 0 6 45
a 348 840 0 145 50
a 348 21 0 3 40
a 348 110 0 3 44
a 348 66 0 1 38
a 348 962 0 7 22
a 348 1171 0 4 22
a 348 430 0 10 43
a 348 1168 0 8 21
a 348 531 0 5 36
a 348 949 0 5 33
a 348 479 0 6 45
a 348 422 0 7 23
a 378 544 0 145 37
a 378 813 0 4 17
a 378 983 0 10 20
a 384 619 0 145 50
a 384 1000 0 6 47
a 384 319 0 9 43
a 384 1108 0 5 15
a 384 116 0 3 48
a 384 506 0 9 47
a 384 886 0 5 50
a 384 665 0 7 28
a 384 240 0 7 6
a 384 1011 0 4 44
a 384 853 0 9 45
a 384 858 0 7 48
a 384 725 0 10 26
a 384 961 0 6 15
a 384 366 0 3 45
a 390 1068 0 145 29
a 390 800 0 5 32
a 390 608 0 9 11
a 390 594 0 9 17
a 390 374 0 3 34
a 390 969 0 9 42
a 390 881 0 5 15
a 390 199 0 10 9
a 390 892 0 4 34
a 426 110 0 145 11
a 426 1118 0 10 3
a 426 615 0 1 10
a 426 98 0 3 8
a 426 660 0 5 12
a 426 273 0 6 24
a 426 558 0 1 10
a 426 1124 0 10 34
a 426 46 0 7 25
a 426 638 0 7 12
a 426 463 0 6 16
a 436 291 0 145 8
a 436 629 0 8 20
a 436 356 0 8 43
a 436 778 0 1 7
a 436 316 0 9 5
a 436 755 0 5 16
a 436 860 0 1 3
a 436 523 0 2 30
a 436 254 0 10 37
a 436 440 0 1 4
a 436 475 0 4 46
a 436 33 0 9 18
a 450 253 0 145 3
a 450 115 0 4 33
a 450 876 0 5 40
a 450 669 0 2 19
a 450 1002 0 8 9
a 450 29 0 8 46
a 450 392 0 7 10
a 450 420 0 7 38
a 450 132 0 7 17
a 450 1022 0 4 37
a 450 985 0 6 22
a 450 913 0 9 19
a 450 1196 0 8 36
a 450 179 0 2 20
a 515 1078 0 145 50
a 515 473 0 7 45
a 515 58 0 3 40
a 515 836 0 1 22
a 515 477 0 5 44
a 515 191 0 6 18
a 515 249 0 6 23
a 515 686 0 6 11
a 515 406 0 7 7
a 515 735 0 9 11
a 523 76 0 145 39
a 523 477 0 2 38
a 523 918 0 3 21
a 534 436 0 145 48
a 534 466 0 3 48
a 534 380 0 6 26
a 534 397 0 4 43
a 534 866 0 8 28
a 534 727 0 6 36
a 534 726 0 5 33
a 543 663 0 145 50
a 543 998 0 5 32
a 543 251 0 3 42
a 543 1096 0 2 12
a 543 580 0 5 23
a 543 691 0 8 42
a 544 182 0 145 50
a 544 709 0 2 27
a 544 705 0 8 20
a 544 758 0 7 37
a 544 165 0 2 34
a 544 186 0 9 12
a 544 874 0 4 25
a 544 546 0 3 18
a 544 722 0 9 35
a 544 1054 0 9 25
a 544 1123 0 7 32
a 553 29 0 145 50
a 553 693 0 6 22
a 553 337 0 5 37
a 553 771 0 10 29
a 553 833 0 7 9
a 553 56 0 7 34
a 553 1092 0 4 39
a 553 1155 0 3 4
a 553 1172 0 6 23
a 553 404 0 6 32
a 553 466 0 10 1
a 553 650 0 3 25
a 553 1147 0 10 47
a 555 306 0 145 19
a 555 718 0 7 5
a 555 1010 0 7 35
a 555 731 0 10 23
a 567 569 0 145 50
a 567 227 0 7 44
a 569 1200 0 145 43
a 569 890 0 5 42
a 569 51 0 2 33
a 592 983 0 145 39
a 592 304 0 5 1
a 592 312 0 3 39
a 592 271 0 10 43
a 592 508 0 10 47
a 592 507 0 7 2
a 592 192 0 10 23
a 606 426 0 145 50
a 606 195 0 10 49
a 606 990 0 7 17
a 606 976 0 5 37
a 611 160 0 145 17
a 611 1051 0 9 36
a 611 659 0 8 11
a 619 1098 0 145 50
a 619 1197 0 9 39
a 619 1044 0 2 8
a 619 692 0 4 35
a 619 399 0 10 23
a 619 579 0 4 12
a 619 1009 0 1 23
a 619 921 0 2 4
a 619 464 0 9 4
a 619 46 0 5 6
a 622 1120 0 145 50
a 622 196 0 5 1
a 622 597 0 5 3
a 663 875 0 145 32
a 663 506 0 2 20
a 663 530 0 4 30
a 663 312 0 9 5
a 663 994 0 3 21
a 663 302 0 7 34
a 663 420 0 10 31
a 663 23 0 9 45
a 663 1032 0 8 35
a 663 1143 0 6 21
a 663 946 0 7 13
a 663 253 0 4 13
a 663 1070 0 1 48
a 663 329 0 1 4
a 666 1099 0 145 50
a 666 552 0 6 16
a 666 312 0 4 44
a 666 71 0 6 35
a 686 988 0 145 21
a 686 533 0 7 17
a 686 1178 0 4 32
a 686 1029 0 2 29
a 686 105 0 5 10
a 686 356 0 9 13
a 686 276 0 8 26
a 688 83 0 145 21
a 688 725 0 8 15
a 688 833 0 8 38
a 688 1059 0 1 5
a 688 887 0 1 21
a 688 236 0 4 44
a 688 1077 0 6 18
a 688 366 0 1 3
a 688 456 0 2 22
a 690 1061 0 145 27
a 690 532 0 1 27
a 690 584 0 5 6
a 690 402 0 5 16
a 690 553 0 6 8
a 690 85 0 4 45
a 690 513 0 6 32
a 690 676 0 5 16
a 690 664 0 1 11
a 690 705 0 7 7
a 690 631 0 6 10
a 690 1080 0 10 38
a 714 523 0 145 37
a 714 1039 0 4 41
a 714 1010 0 6 39
a 714 424 0 10 30
a 714 666 0 5 29
a 714 936 0 1 26
a 714 1073 0 3 37
a 714 937 0 2 18
a 714 708 0 5 49
a 714 295 0 10 28
a 714 1067 0 5 50
a 714 131 0 6 7
a 714 301 0 8 42
a 714 25 0 9 44
a 714 157 0 7 14
a 722 155 0 145 4
a 722 59 0 5 39
a 722 464 0 10 30
a 722 715 0 4 37
a 722 883 0 8 4
a 722 576 0 4 29
a 722 524 0 4 21
a 722 636 0 3 46
a 723 344 0 145 50
a 723 636 0 1 48
a 723 657 0 6 43
a 723 1086 0 2 26
a 723 681 0 9 23
a 723 267 0 9 24
a 723 1096 0 6 39
a 723 559 0 10 21
a 723 708 0 5 25
a 723 189 0 9 18
a 724 1035 0 145 50
a 724 1167 0 5 43
a 724 719 0 5 21
a 724 1006 0 2 44
a 724 561 0 7 42
a 724 807 0 10 23
a 724 358 0 7 15
a 724 977 0 7 32
a 724 527 0 4 25
a 724 1046 0 8 41
a 724 273 0 9 5
a 725 1105 0 145 27
a 725 649 0 10 12
a 725 274 0 1 33
a 725 759 0 1 50
a 751 800 0 145 39
a 751 755 0 5 19
a 751 24 0 8 42
a 751 357 0 8 50
a 751 855 0 7 39
a 751 848 0 10 6
a 751 253 0 2 8
a 751 469 0 4 2
a 753 1152 0 145 17
a 753 1148 0 7 13
a 753 462 0 1 13
a 753 1117 0 5 46
a 753 450 0 1 24
a 753 374 0 4 18
a 753 782 0 5 46
a 772 922 0 145 50
a 772 908 0 4 40
a 772 1150 0 6 6
a 772 956 0 3 28
a 772 12 0 9 9
a 772 592 0 7 19
a 772 958 0 8 12
a 772 137 0 5 41
a 772 899 0 7 10
a 772 499 0 4 47
a 773 1017 0 145 50
a 773 761 0 3 42
a 773 154 0 10 29
a 773 942 0 1 9
a 773 24 0 3 10
a 773 81 0 3 37
a 773 437 0 3 30
a 773 676 0 10 38
a 773 670 0 4 47
a 773 681 0 9 17
a 777 340 0 145 50
a 777 835 0 6 39
a 777 573 0 7 32
a 777 623 0 7 31
a 777 1122 0 6 25
a 777 1109 0 3 8
a 777 375 0 6 15
a 777 341 0 9 47
a 777 1006 0 6 41
a 777 450 0 10 17
a 777 456 0 7 15
a 781 378 0 145 50
a 781 117 0 3 19
a 781 975 0 6 13
a 781 696 0 3 10
a 781 896 0 1 5
a 781 1144 0 6 37
a 781 287 0 2 7
a 781 242 0 10 29
a 781 1062 0 8 17
a 787 179 0 145 50
a 787 660 0 10 34
a 787 997 0 8 39
a 787 950 0 6 37
a 787 645 0 4 21
a 787 864 0 6 22
a 787 924 0 3 10
a 787 186 0 5 4
a 787 1073 0 1 8
a 787 940 0 8 30
a 787 27 0 7 25
a 800 723 0 145 44
a 800 424 0 4 35
a 800 1126 0 6 17
a 800 526 0 9 48
a 800 622 0 8 20
a 800 671 0 3 44
a 800 499 0 9 26
a 800 408 0 2 19
a 800 878 0 7 32
a 824 606 0 145 10
a 824 1162 0 9 38
a 824 825 0 7 23
a 824 727 0 6 12
a 824 134 0 3 33
a 824 812 0 2 22
a 824 1045 0 4 7
a 826 1128 0 145 47
a 826 235 0 6 4
a 826 184 0 8 23
a 826 1154 0 2 15
a 826 933 0 8 36
a 826 33 0 7 38
a 826 472 0 7 4
a 826 892 0 2 30
a 834 835 0 145 50
a 834 567 0 3 36
a 834 887 0 9 20
a 834 511 0 9 12
a 834 475 0 4 47
a 834 720 0 6 39
a 834 1158 0 4 6
a 834 582 0 10 46
a 834 737 0 4 28
a 834 572 0 6 12
a 835 690 0 145 50
a 835 952 0 10 29
a 835 438 0 1 47
a 835 472 0 5 4
a 835 425 0 5 20
a 840 129 0 145 50
a 840 738 0 9 24
a 840 447 0 6 32
a 840 337 0 4 14
a 840 861 0 7 27
a 840 137 0 8 1
a 840 519 0 7 5
a 854 777 0 145 50
a 854 983 0 7 36
a 854 841 0 2 28
a 854 16 0 4 6
a 854 459 0 5 36
a 854 145 0 2 50
a 854 582 0 8 21
a 854 828 0 2 39
a 854 13 0 4 19
a 854 53 0 7 5
a 854 580 0 4 36
a 854 1180 0 3 29
a 854 69 0 5 15
a 875 772 0 145 50
a 875 130 0 6 21
a 875 980 0 1 39
a 875 171 0 9 39
a 875 383 0 6 27
a 875 344 0 1 28
a 875 516 0 9 32
a 875 1041 0 5 25
a 875 722 0 1 49
a 875 377 0 7 10
a 875 151 0 2 1
a 893 1077 0 145 3
a 893 733 0 2 23
a 893 403 0 6 14
a 893 553 0 6 20
a 893 271 0 9 44
a 893 489 0 1 33
a 893 216 0 8 6
a 893 1177 0 10 12
a 893 315 0 3 44
a 898 908 0 145 50
a 898 461 0 10 20
a 898 378 0 7 28
a 898 916 0 2 27
a 898 463 0 6 13
a 898 1068 0 7 12
a 898 421 0 5 35
a 898 1176 0 8 50
a 898 1120 0 8 2
a 898 975 0 4 28
a 898 1185 0 2 31
a 898 484 0 6 22
a 898 94 0 2 17
a 898 594 0 3 35
a 908 773 0 145 1
a 908 272 0 9 14
a 908 925 0 9 40
a 908 341 0 5 46
a 908 239 0 8 37
a 908 1085 0 4 32
a 917 1197 0 145 7
a 917 1034 0 145 41
a 917 1168 0 3 10
a 917 500 0 1 2
a 917 384 0 1 16
a 917 271 0 10 48
a 917 299 0 1 21
a 917 411 0 6 35
a 917 204 0 2 34
a 917 490 0 8 8
a 917 346 0 1 29
a 917 878 0 6 4
a 921 1044 0 145 28
a 921 14 0 4 8
a 921 1104 0 6 45
a 921 509 0 5 13
a 921 816 0 10 34
a 921 356 0 8 19
a 921 438 0 9 45
a 921 752 0 6 44
a 921 1096 0 1 47
a 921 101 0 1 22
a 921 177 0 10 41
a 921 1097 0 4 40
a 921 1144 0 4 48
a 921 420 0 4 47
a 921 1198 0 4 9
a 922 553 0 145 50
a 922 691 0 4 37
a 922 301 0 5 3
a 922 605 0 7 45
a 922 575 0 4 12
a 922 539 0 8 19
a 922 344 0 10 36
a 922 1086 0 10 35
a 922 612 0 9 6
a 922 1075 0 5 37
a 922 238 0 6 7
a 922 1101 0 10 17
a 922 947 0 4 29
a 922 163 0 4 42
a 922 1023 0 3 32
a 930 60 0 145 50
a 930 570 0 1 26
a 930 361 0 1 38
a 930 1042 0 1 47
a 930 456 0 2 22
a 930 493 0 8 8
a 930 562 0 1 34
a 930 798 0 5 27
a 930 244 0 8 37
a 983 328 0 145 50
a 983 375 0 1 46
a 983 347 0 7 40
a 983 794 0 3 35
a 983 1083 0 4 5
a 983 696 0 9 19
a 983 92 0 1 10
a 988 89 0 145 3
a 988 799 0 4 13
a 988 111 0 3 12
a 988 555 0 4 16
a 988 454 0 2 23
a 988 269 0 6 2
a 988 313 0 5 32
a 988 968 0 9 17
a 988 332 0 3 33
a 988 116 0 9 40
a 1011 345 0 145 50
a 1011 431 0 3 31
a 1011 173 0 8 26
a 1011 45 0 9 16
a 1017 666 0 145 8
a 1017 787 0 9 43
a 1017 672 0 2 36
a 1017 163 0 9 30
a 1017 335 0 9 17
a 1017 203 0 8 24
a 1017 295 0 9 37
a 1017 957 0 1 2
a 1017 539 0 2 41
a 1017 238 0 2 2
a 1028 251 0 145 1
a 1028 1095 0 7 8
a 1028 58 0 4 43
a 1028 558 0 3 50
a 1028 807 0 7 16
a 1028 56 0 6 50
a 1028 48 0 5 30
a 1028 1145 0 1 48
a 1028 612 0 4 19
a 1028 136 0 10 29
a 1028 710 0 2 16
a 1034 334 0 145 50
a 1034 818 0 8 17
a 1035 893 0 145 50
a 1035 1047 0 2 15
a 1035 105 0 4 48
a 1035 1004 0 7 11
a 1035 389 0 4 42
a 1035 126 0 6 46
a 1035 883 0 3 46
a 1035 102 0 8 15
a 1035 916 0 9 7
a 1044 159 0 145 25
a 1044 1113 0 10 23
a 1044 164 0 8 15
a 1044 938 0 3 22
a 1044 676 0 9 17
a 1044 576 0 6 46
a 1044 170 0 2 3
a 1061 390 0 145 37
a 1061 526 0 7 43
a 1061 723 0 7 41
a 1061 892 0 5 33
a 1061 533 0 4 16
a 1061 699 0 8 17
a 1061 1149 0 5 24
a 1061 307 0 1 10
a 1061 1071 0 2 12
a 1061 510 0 7 45
a 1061 244 0 6 32
a 1061 851 0 5 18
a 1061 74 0 1 5
a 1068 274 0 145 39
a 1068 144 0 6 37
a 1068 753 0 6 45
a 1068 1195 0 1 27
a 1068 61 0 3 46
a 1068 953 0 3 31
a 1068 1188 0 4 7
a 1068 173 0 8 28
a 1077 688 0 145 46
a 1077 125 0 8 19
a 1077 520 0 6 1
a 1077 708 0 4 21
a 1077 845 0 8 9
a 1077 26 0 5 45
a 1077 449 0 8 20
a 1077 847 0 10 47
a 1077 794 0 10 15
a 1077 559 0 3 34
a 1077 223 0 9 1
a 1077 146 0 10 43
a 1077 771 0 10 39
a 1078 450 0 145 31
a 1078 320 0 7 16
a 1078 1094 0 1 20
a 1078 802 0 7 18
a 1078 1140 0 10 30
a 1078 337 0 5 20
a 1083 313 0 145 50
a 1083 106 0 8 15
a 1083 174 0 8 4
a 1083 140 0 10 44
a 1083 187 0 6 36
a 1083 72 0 10 32
a 1083 655 0 10 46
a 1083 153 0 5 31
a 1098 921 0 145 50
a 1098 964 0 5 47
a 1098 528 0 5 31
a 1098 345 0 3 31
a 1098 1025 0 8 34
a 1098 424 0 3 1
a 1098 934 0 3 2
a 1098 718 0 4 3
a 1098 439 0 2 34
a 1098 704 0 3 48
a 1098 85 0 1 26
a 1098 596 0 9 26
a 1099 725 0 145 50
a 1099 1154 0 5 44
a 1099 125 0 8 10
a 1105 301 0 145 6
a 1105 776 0 5 18
a 1105 924 0 3 48
a 1105 608 0 8 13
a 1105 1111 0 7 48
a 1105 769 0 3 18
a 1105 767 0 1 40
a 1120 1139 0 145 2
a 1120 38 0 9 10
a 1120 370 0 1 13
a 1120 335 0 5 9
a 1120 471 0 10 3
a 1120 1167 0 3 36
a 1120 33 0 4 8
a 1120 732 0 2 27
a 1120 515 0 1 26
a 1120 287 0 6 42
a 1120 128 0 9 14
a 1128 567 0 145 50
a 1128 264 0 10 1
a 1128 879 0 5 15
a 1128 250 0 2 45
a 1128 39 0 10 41
a 1128 1182 0 6 12
a 1139 917 0 145 41
a 1139 476 0 9 30
a 1139 723 0 6 26
a 1139 635 0 2 22
a 1139 395 0 1 26
a 1139 512 0 10 16
a 1139 1031 0 8 48
a 1139 284 0 8 33
a 1139 148 0 5 36
a 1139 1198 0 8 8
a 1139 185 0 9 30
a 1139 721 0 3 29
a 1140 175 0 145 50
a 1140 693 0 9 35
a 1140 977 0 8 26
a 1140 957 0 8 23
a 1140 467 0 1 50
a 1140 1030 0 4 48
a 1140 976 0 7 4
a 1140 728 0 2 44
a 1140 663 0 6 21
a 1140 111 0 8 36
a 1140 1192 0 5 42
a 1140 1025 0 6 34
a 1142 898 0 145 39
a 1142 987 0 6 47
a 1142 642 0 4 49
a 1142 201 0 1 11
a 1142 396 0 3 13
a 1142 85 0 7 34
a 1149 273 0 145 50
a 1149 239 0 6 31
a 1149 1113 0 10 50
a 1149 1159 0 9 36
a 1149 208 0 6 16
a 1149 28 0 5 41
a 1152 1140 0 145 50
a 1152 366 0 6 20
a 1152 502 0 8 30
a 1152 1083 0 6 35
a 1152 655 0 2 10
a 1152 232 0 2 20
a 1152 659 0 6 28
a 1152 391 0 7 26
a 1152 1018 0 9 10
a 1152 184 0 4 50
a 1152 555 0 7 12
a 1152 452 0 9 7
a 1152 1095 0 9 33
a 1178 751 0 145 50
a 1178 107 0 6 3
a 1178 167 0 10 7
a 1178 585 0 2 29
a 1178 940 0 9 39
a 1178 28 0 8 34
a 1178 1025 0 8 34
a 1178 1091 0 4 11
a 1178 261 0 3 25
a 1178 412 0 1 9
a 5 286 0 535 29
a 5 24 0 2 50
a 5 421 0 2 28
a 16 571 0 535 33
a 16 105 0 5 47
a 16 575 0 5 37
a 16 582 0 2 28
a 16 429 0 6 8
a 16 1178 0 4 15
a 16 35 0 3 38
a 16 326 0 3 23
a 16 730 0 2 3
a 16 452 0 3 36
a 16 1159 0 4 8
a 16 159 0 9 11
a 19 1069 0 535 50
a 19 239 0 1 2
a 19 1140 0 10 9
a 19 667 0 1 42
a 19 385 0 5 44
a 22 771 0 535 46
a 22 185 0 2 46
a 22 193 0 7 38
a 22 983 0 7 14
a 22 621 0 9 8
a 22 480 0 5 40
a 22 884 0 9 33
a 28 419 0 535 50
a 28 267 0 10 10
a 28 897 0 1 34
a 28 647 0 7 2
a 28 70 0 5 46
a 28 20 0 7 29
a 28 423 0 10 12
a 28 1080 0 8 14
a 28 173 0 3 47
a 28 1166 0 3 41
a 28 750 0 10 15
a 28 339 0 5 36
a 28 1156 0 4 44
a 49 213 0 535 9
a 49 265 0 8 37
a 49 745 0 9 15
a 50 846 0 535 8
a 50 74 0 8 15
a 50 61 0 8 35
a 50 344 0 8 4
a 50 48 0 5 15
a 50 447 0 7 44
a 50 472 0 10 50
a 50 405 0 1 4
a 71 425 0 535 50
a 71 906 0 2 3
a 71 1187 0 8 9
a 71 841 0 6 11
a 71 124 0 1 14
a 71 982 0 9 28
a 71 1009 0 9 32
a 71 1154 0 6 36
a 71 738 0 7 9
a 71 452 0 3 12
a 71 262 0 2 34
a 75 509 0 535 50
a 75 972 0 4 18
a 75 761 0 1 8
a 75 190 0 1 25
a 75 248 0 8 29
a 75 205 0 6 16
a 75 681 0 1 10
a 75 127 0 10 21
a 75 618 0 7 22
a 75 614 0 1 17
a 75 224 0 4 13
a 75 1021 0 8 43
a 75 232 0 7 46
a 75 529 0 3 12
a 106 625 0 535 50
a 106 1050 0 9 38
a 106 72 0 5 31
a 122 209 0 535 50
a 122 984 0 5 25
a 122 1131 0 7 30
a 122 844 0 10 49
a 122 737 0 1 42
a 122 1110 0 4 41
a 122 828 0 7 22
a 122 178 0 6 5
a 149 320 0 535 10
a 149 804 0 9 32
a 149 1102 0 6 13
a 149 637 0 9 24
a 149 860 0 10 41
a 149 1197 0 1 39
a 149 818 0 1 47
a 149 889 0 7 3
a 149 1131 0 2 15
a 149 957 0 10 43
a 149 907 0 5 33
a 170 757 0 535 9
a 170 184 0 2 45
a 170 813 0 9 25
a 170 271 0 9 6
a 186 796 0 535 32
a 186 1169 0 7 21
a 186 327 0 6 19
a 186 768 0 3 43
a 186 881 0 1 46
a 191 951 0 535 37
a 191 537 0 10 43
a 199 367 0 535 50
a 199 967 0 10 20
a 199 631 0 6 6
a 199 818 0 6 1
a 199 843 0 9 11
a 199 993 0 1 39
a 209 925 0 535 50
a 209 133 0 10 23
a 209 649 0 7 9
a 209 1196 0 7 30
a 209 677 0 2 41
a 209 343 0 2 1
a 209 1014 0 2 39
a 209 598 0 7 50
a 209 441 0 10 19
a 209 1135 0 7 45
a 209 1197 0 3 20
a 209 758 0 5 25
a 213 122 0 535 31
a 213 256 0 3 18
a 213 109 0 10 10
a 213 283 0 5 30
a 213 166 0 8 13
a 223 589 0 535 50
a 223 902 0 2 45
a 223 605 0 8 1
a 223 883 0 3 49
a 223 81 0 8 37
a 223 1029 0 10 25
a 226 500 0 535 50
a 226 396 0 5 9
a 226 769 0 7 37
a 226 567 0 3 8
a 226 1163 0 9 46
a 226 123 0 8 29
a 226 167 0 10 48
a 226 472 0 9 44
a 236 927 0 535 50
a 236 406 0 7 39
a 236 344 0 7 35
a 236 730 0 2 48
a 236 141 0 1 44
a 236 736 0 4 18
a 236 17 0 7 16
a 242 106 0 535 50
a 242 991 0 4 10
a 242 971 0 1 11
a 242 1056 0 6 49
a 242 1076 0 3 30
a 242 470 0 6 21
a 242 582 0 6 31
a 242 1127 0 4 50
a 242 209 0 6 12
a 242 751 0 5 26
a 242 894 0 2 47
a 242 608 0 8 43
a 246 1135 0 535 17
a 246 1011 0 4 24
a 260 19 0 535 15
a 260 393 0 9 27
a 260 530 0 6 18
a 260 403 0 1 8
a 260 525 0 7 47
a 260 40 0 8 13
a 267 28 0 535 50
a 267 1109 0 8 41
a 267 186 0 6 44
a 267 1024 0 7 24
a 267 237 0 1 8
a 267 113 0 6 3
a 267 853 0 1 34
a 267 849 0 3 38
a 267 195 0 6 44
a 267 733 0 6 38
a 267 767 0 10 43
a 267 177 0 9 24
a 267 1041 0 3 43
a 286 170 0 535 50
a 286 455 0 1 32
a 286 370 0 8 45
a 286 335 0 5 29
a 286 1139 0 5 45
a 286 516 0 6 22
a 286 485 0 8 23
a 286 406 0 5 41
a 286 471 0 2 4
a 286 1035 0 3 17
a 286 177 0 6 17
a 286 642 0 4 15
a 286 1092 0 5 1
a 287 379 0 535 50
a 287 84 0 6 38
a 287 604 0 7 5
a 287 1110 0 9 12
a 287 538 0 9 35
a 287 371 0 8 14
a 287 1154 0 4 39
a 287 486 0 6 10
a 287 45 0 10 14
a 287 560 0 4 22
a 287 807 0 5 18
a 287 692 0 10 47
a 287 585 0 1 43
a 287 877 0 10 22
a 295 718 0 535 50
a 295 111 0 7 37
a 295 1116 0 3 21
a 295 17 0 7 25
a 295 415 0 6 11
a 295 845 0 9 27
a 295 1016 0 2 33
a 295 922 0 7 41
a 295 998 0 1 29
a 295 43 0 9 46
a 295 458 0 4 36
a 295 86 0 8 18
a 295 218 0 4 7
a 304 618 0 535 6
a 304 702 0 4 50
a 304 53 0 9 46
a 304 165 0 7 10
a 304 1117 0 1 15
a 304 247 0 7 15
a 304 457 0 8 34
a 318 776 0 535 50
a 318 574 0 6 40
a 318 855 0 1 33
a 318 377 0 4 26
a 318 768 0 9 49
a 318 1064 0 6 26
a 318 912 0 9 38
a 320 581 0 535 49
a 320 330 0 5 38
a 320 186 0 6 34
a 320 631 0 7 49
a 320 492 0 5 6
a 320 847 0 3 30
a 320 498 0 4 50
a 320 462 0 1 25
a 320 193 0 3 42
a 320 131 0 1 44
a 320 682 0 10 17
a 320 739 0 3 46
a 320 297 0 2 49
a 320 331 0 5 15
a 320 1008 0 8 22
a 325 370 0 535 50
a 325 249 0 4 31
a 325 327 0 5 2
a 325 1079 0 5 38
a 325 841 0 3 41
a 325 789 0 4 46
a 325 1116 0 1 1
a 325 81 0 7 36
a 325 514 0 8 45
a 325 403 0 5 41
a 325 690 0 1 50
a 351 508 0 535 30
a 351 1070 0 10 34
a 351 850 0 9 11
a 351 326 0 2 29
a 351 688 0 4 8
a 351 292 0 8 18
a 351 162 0 5 30
a 351 1024 0 4 42
a 351 1159 0 9 39
a 351 172 0 9 10
a 351 584 0 7 13
a 351 1033 0 6 21
a 363 242 0 535 6
a 363 229 0 7 8
a 363 190 0 2 11
a 364 49 0 535 50
a 364 618 0 6 12
a 364 767 0 10 25
a 364 1105 0 8 19
a 364 233 0 8 42
a 367 880 0 535 24
a 367 928 0 3 30
a 367 101 0 4 48
a 367 546 0 2 41
a 367 474 0 7 41
a 367 126 0 6 47
a 367 1002 0 8 2
a 367 1022 0 10 10
a 367 38 0 8 27
a 367 752 0 1 36
a 367 464 0 2 31
a 370 506 0 535 50
a 370 829 0 7 1
a 370 713 0 8 45
a 370 644 0 7 17
a 370 1010 0 7 32
a 370 238 0 8 20
a 370 127 0 10 35
a 370 693 0 10 33
a 370 457 0 6 5
a 371 730 0 535 50
a 371 430 0 6 33
a 371 620 0 3 6
a 371 907 0 8 39
a 379 1151 0 535 50
a 379 1180 0 3 34
a 379 329 0 3 35
a 379 417 0 9 44
a 379 690 0 3 48
a 379 1059 0 9 3
a 379 887 0 7 11
a 379 925 0 10 12
a 379 854 0 1 49
a 379 292 0 3 45
a 405 325 0 535 50
a 405 785 0 1 27
a 405 1063 0 9 42
a 405 395 0 2 22
a 405 408 0 10 48
a 405 34 0 3 31
a 405 687 0 4 50
a 405 1147 0 10 32
a 405 894 0 10 27
a 405 890 0 7 47
a 419 363 0 535 50
a 419 601 0 6 23
a 419 1168 0 9 37
a 419 967 0 7 33
a 419 168 0 4 17
a 419 259 0 1 25
a 419 1000 0 7 19
a 425 762 0 535 10
a 425 1102 0 3 38
a 425 590 0 4 3
a 425 100 0 1 9
a 425 951 0 4 46
a 425 1022 0 2 33
a 437 260 0 535 50
a 437 501 0 5 35
a 437 111 0 8 25
a 437 374 0 10 37
a 437 972 0 3 13
a 462 1175 0 535 6
a 462 441 0 5 30
a 462 884 0 8 48
a 462 709 0 3 13
a 466 812 0 535 35
a 466 55 0 2 13
a 466 583 0 5 28
a 466 37 0 1 11
a 466 598 0 1 11
a 466 207 0 5 11
a 466 270 0 9 24
a 466 611 0 7 13
a 466 190 0 9 47
a 466 901 0 4 20
a 466 772 0 10 14
a 466 449 0 8 10
a 466 622 0 8 30
a 466 803 0 1 17
a 474 75 0 535 22
a 474 22 0 2 13
a 474 655 0 8 9
a 474 1137 0 1 49
a 474 1109 0 10 30
a 474 320 0 10 7
a 474 853 0 2 12
a 474 368 0 2 48
a 474 716 0 8 24
a 474 71 0 10 31
a 474 1011 0 9 37
a 474 887 0 7 1
a 474 1191 0 5 11
a 474 782 0 9 24
a 500 886 0 535 27
a 500 791 0 5 21
a 500 1077 0 7 21
a 500 173 0 8 21
a 500 91 0 4 12
a 500 38 0 2 5
a 503 1159 0 535 10
a 503 409 0 1 47
a 503 741 0 4 30
a 503 997 0 2 45
a 506 693 0 535 50
a 506 597 0 1 41
a 506 11 0 8 10
a 506 470 0 6 26
a 506 351 0 6 16
a 506 205 0 10 35
a 506 903 0 8 47
a 508 918 0 535 21
a 508 1021 0 5 22
a 508 738 0 3 6
a 508 39 0 6 35
a 509 1090 0 535 50
a 509 808 0 7 28
a 509 766 0 10 41
a 510 668 0 535 34
a 510 843 0 1 23
a 510 1024 0 9 5
a 510 1147 0 5 50
a 510 472 0 4 38
a 510 539 0 10 3
a 510 1019 0 9 33
a 510 697 0 6 40
a 535 1100 0 535 4
a 535 588 0 8 16
a 535 694 0 8 8
a 535 426 0 10 21
a 535 104 0 2 15
a 535 349 0 2 31
a 535 413 0 4 46
a 535 286 0 7 14
a 535 955 0 5 10
a 535 751 0 8 26
a 535 1084 0 2 1
a 571 874 0 535 13
a 571 1181 0 9 38
a 571 1049 0 4 25
a 571 811 0 1 38
a 571 1106 0 10 23
a 571 1175 0 2 37
a 571 857 0 7 32
a 571 47 0 10 36
a 571 1119 0 6 30
a 571 320 0 6 33
a 579 863 0 535 49
a 579 671 0 6 46
a 579 476 0 3 5
a 579 659 0 10 47
a 579 1103 0 1 26
a 579 1102 0 6 19
a 579 922 0 7 31
a 579 1107 0 6 48
a 581 267 0 535 50
a 581 539 0 2 19
a 581 147 0 4 33
a 581 680 0 4 48
a 581 838 0 9 21
a 581 138 0 2 22
a 581 651 0 4 14
a 581 337 0 6 35
a 581 410 0 1 37
a 581 271 0 9 13
a 581 1035 0 2 15
a 581 927 0 6 26
a 581 173 0 9 18
a 581 422 0 9 21
a 589 304 0 535 50
a 589 113 0 1 34
a 589 913 0 1 21
a 589 1189 0 8 10
a 589 71 0 8 38
a 589 731 0 7 43
a 589 491 0 8 17
a 589 1089 0 8 7
a 589 472 0 1 50
a 589 735 0 6 49
a 589 126 0 10 47
a 589 843 0 3 20
a 589 90 0 1 41
a 589 359 0 4 45
a 589 278 0 4 26
a 616 199 0 535 47
a 616 286 0 7 7
a 616 846 0 5 10
a 616 504 0 7 47
a 616 806 0 7 42
a 618 841 0 535 33
a 618 634 0 7 3
a 618 380 0 7 4
a 618 1054 0 10 39
a 618 588 0 10 37
a 625 684 0 535 13
a 625 548 0 7 36
a 625 644 0 10 4
a 625 615 0 2 26
a 625 1178 0 7 28
a 625 773 0 10 37
a 625 217 0 1 32
a 625 1187 0 9 46
a 625 243 0 6 38
a 625 833 0 2 22
a 625 901 0 3 31
a 625 929 0 3 1
a 625 1143 0 5 7
a 625 722 0 2 43
a 629 910 0 535 50
a 629 866 0 2 36
a 629 787 0 3 21
a 629 1109 0 2 6
a 629 998 0 2 46
a 629 1081 0 9 11
a 629 295 0 5 43
a 629 735 0 6 37
a 629 460 0 7 38
a 629 796 0 2 50
a 629 390 0 6 47
a 635 22 0 535 3
a 635 913 0 7 18
a 635 58 0 7 1
a 635 811 0 1 38
a 635 697 0 6 25
a 635 1004 0 4 36
a 635 192 0 3 42
a 635 1078 0 4 42
a 635 305 0 10 15
a 635 666 0 9 41
a 635 1188 0 7 15
a 635 1159 0 4 4
a 635 525 0 9 49
a 645 405 0 535 9
a 645 788 0 8 6
a 645 570 0 4 18
a 645 480 0 3 10
a 645 556 0 9 15
a 645 638 0 8 33
a 645 182 0 2 5
a 645 885 0 1 17
a 645 1192 0 7 23
a 645 133 0 4 28
a 645 254 0 4 6
a 645 191 0 1 27
a 645 451 0 6 39
a 668 964 0 535 50
a 668 688 0 2 38
a 668 1120 0 8 50
a 668 1160 0 6 38
a 684 186 0 535 8
a 684 587 0 1 8
a 684 77 0 8 39
a 684 29 0 1 11
a 684 709 0 4 35
a 684 1017 0 8 1
a 684 933 0 6 40
a 684 843 0 2 47
a 684 187 0 4 1
a 684 161 0 10 50
a 684 626 0 7 18
a 684 653 0 8 21
a 684 686 0 8 2
a 684 716 0 10 1
a 693 437 0 535 15
a 693 369 0 3 25
a 693 383 0 8 45
a 693 378 0 4 35
a 693 276 0 8 5
a 693 755 0 5 35
a 707 1183 0 535 45
a 707 319 0 8 45
a 707 661 0 2 4
a 707 401 0 5 35
a 718 1185 0 535 8
a 718 804 0 9 42
a 718 196 0 9 29
a 718 506 0 4 21
a 718 935 0 9 17
a 718 738 0 4 3
a 718 695 0 6 33
a 718 645 0 2 15
a 718 452 0 6 19
a 726 318 0 535 50
a 726 762 0 1 39
a 726 415 0 7 32
a 726 969 0 10 43
a 726 612 0 6 3
a 726 369 0 1 34
a 726 465 0 1 6
a 726 835 0 1 2
a 726 1044 0 2 4
a 726 33 0 5 36
a 730 50 0 535 30
a 730 102 0 6 33
a 730 666 0 7 39
a 730 406 0 10 34
a 730 184 0 9 26
a 730 228 0 7 14
a 730 708 0 8 14
a 730 72 0 1 34
a 730 18 0 3 22
a 730 764 0 10 19
a 757 474 0 535 24
a 757 643 0 8 33
a 757 63 0 7 30
a 757 1147 0 1 48
a 757 441 0 6 36
a 757 47 0 9 1
a 757 878 0 8 26
a 757 43 0 1 12
a 757 292 0 10 9
a 757 297 0 6 2
a 757 231 0 6 8
a 757 802 0 1 19
a 762 1198 0 535 50
a 762 1006 0 535 31
a 762 476 0 9 33
a 762 501 0 1 22
a 762 343 0 8 12
a 762 278 0 3 11
a 762 313 0 9 11
a 762 641 0 4 26
a 762 584 0 5 6
a 762 1018 0 2 11
a 762 531 0 9 9
a 771 858 0 535 8
a 771 804 0 9 36
a 771 1051 0 4 8
a 771 543 0 5 34
a 771 22 0 6 43
a 771 775 0 10 46
a 771 862 0 7 32
a 771 766 0 4 18
a 776 1002 0 535 50
a 776 434 0 1 7
a 776 261 0 3 15
a 776 73 0 7 7
a 776 167 0 8 16
a 776 1040 0 1 45
a 776 370 0 9 20
a 776 357 0 1 27
a 776 461 0 10 39
a 776 82 0 1 31
a 776 918 0 8 40
a 778 579 0 535 50
a 778 489 0 4 5
a 778 208 0 3 42
a 778 511 0 7 37
a 795 71 0 535 50
a 795 676 0 3 32
a 795 922 0 3 8
a 795 719 0 9 45
a 795 728 0 3 22
a 795 757 0 10 33
a 795 868 0 3 25
a 795 584 0 4 47
a 795 892 0 7 36
a 795 193 0 5 8
a 796 462 0 535 46
a 796 287 0 9 15
a 796 266 0 9 41
a 796 134 0 3 6
a 796 1076 0 2 50
a 796 926 0 1 44
a 796 452 0 7 39
a 796 188 0 6 1
a 796 395 0 2 16
a 796 765 0 8 49
a 812 149 0 535 6
a 812 687 0 6 47
a 812 235 0 8 10
a 812 342 0 4 28
a 812 1103 0 9 35
a 812 980 0 8 20
a 812 147 0 6 1
a 812 995 0 4 2
a 812 173 0 9 23
a 812 125 0 2 26
a 812 862 0 6 38
a 812 841 0 3 40
a 812 974 0 10 28
a 812 1126 0 4 5
a 830 795 0 535 27
a 830 871 0 4 50
a 837 707 0 535 18
a 837 159 0 3 45
a 837 849 0 4 2
a 837 892 0 5 4
a 837 1037 0 2 26
a 837 168 0 9 45
a 837 776 0 6 17
a 841 837 0 535 34
a 841 641 0 9 26
a 842 635 0 535 50
a 842 1078 0 10 24
a 842 489 0 2 32
a 842 737 0 6 28
a 842 55 0 6 8
a 842 188 0 1 41
a 842 559 0 2 8
a 842 698 0 3 8
a 842 67 0 2 24
a 842 430 0 2 15
a 846 616 0 535 50
a 846 283 0 7 30
a 846 812 0 5 30
a 846 292 0 7 45
a 846 879 0 3 8
a 846 698 0 3 21
a 846 161 0 9 10
a 846 1107 0 8 29
a 846 433 0 3 10
a 846 1015 0 2 34
a 846 728 0 1 9
a 858 943 0 535 50
a 858 1171 0 6 28
a 863 830 0 535 34
a 863 510 0 9 29
a 863 1043 0 2 42
a 872 466 0 535 34
a 872 742 0 4 45
a 874 236 0 535 50
a 874 392 0 5 1
a 874 673 0 9 7
a 874 848 0 6 3
a 874 291 0 9 44
a 874 934 0 1 2
a 874 527 0 8 45
a 874 992 0 1 31
a 874 1181 0 5 23
a 874 1152 0 10 7
a 874 994 0 9 48
a 874 754 0 6 14
a 874 286 0 8 25
a 874 811 0 6 44
a 880 842 0 535 50
a 880 956 0 7 10
a 880 1176 0 4 4
a 880 1030 0 2 11
a 880 192 0 9 29
a 886 535 0 535 50
a 886 812 0 3 30
a 886 742 0 6 40
a 886 191 0 6 5
a 886 49 0 9 25
a 886 1021 0 2 5
a 886 242 0 4 20
a 886 467 0 10 14
a 910 924 0 535 23
a 910 896 0 2 10
a 910 278 0 8 8
a 910 79 0 7 26
a 910 600 0 1 17
a 910 152 0 8 48
a 910 633 0 3 17
a 910 889 0 10 33
a 910 1069 0 10 8
a 910 842 0 1 14
a 910 505 0 5 14
a 910 789 0 6 12
a 910 1053 0 2 36
a 910 494 0 5 9
a 910 807 0 3 7
a 918 726 0 535 50
a 918 64 0 5 40
a 918 1047 0 6 3
a 918 39 0 9 37
a 918 452 0 8 14
a 918 965 0 8 22
a 924 778 0 535 50
a 924 960 0 5 21
a 924 630 0 10 24
a 924 155 0 8 39
a 924 229 0 3 43
a 925 998 0 535 50
a 925 907 0 4 26
a 925 812 0 10 10
a 925 1190 0 8 41
a 925 42 0 10 21
a 925 993 0 10 10
a 925 403 0 7 23
a 925 975 0 1 10
a 925 1038 0 5 5
a 925 754 0 1 18
a 925 235 0 3 26
a 927 1005 0 535 50
a 927 241 0 2 24
a 927 627 0 4 17
a 927 701 0 10 10
a 927 88 0 1 41
a 927 755 0 8 23
a 927 153 0 8 17
a 927 953 0 6 50
a 927 228 0 7 3
a 928 503 0 535 25
a 928 1171 0 2 7
a 928 773 0 8 35
a 928 667 0 5 25
a 928 1044 0 6 18
a 928 1074 0 2 20
a 928 261 0 8 11
a 928 779 0 3 1
a 928 998 0 1 32
a 928 1006 0 4 48
a 943 364 0 535 50
a 943 651 0 9 49
a 943 799 0 4 37
a 951 246 0 535 39
a 951 1017 0 7 21
a 951 605 0 1 22
a 964 16 0 535 50
a 964 592 0 4 48
a 964 638 0 10 39
a 964 325 0 3 36
a 964 779 0 4 34
a 964 476 0 5 44
a 964 90 0 10 2
a 998 226 0 535 24
a 998 513 0 1 3
a 998 958 0 1 12
a 998 304 0 8 15
a 1002 223 0 535 50
a 1002 675 0 8 45
a 1002 1086 0 2 33
a 1002 1134 0 6 4
a 1002 902 0 2 2
a 1005 629 0 535 50
a 1005 1144 0 9 32
a 1005 907 0 8 38
a 1005 973 0 4 4
a 1005 972 0 8 49
a 1006 872 0 535 50
a 1006 1031 0 6 4
a 1006 139 0 5 39
a 1006 449 0 1 37
a 1006 1020 0 3 30
a 1006 397 0 6 14
a 1006 656 0 7 15
a 1006 716 0 5 49
a 1006 1145 0 6 42
a 1006 726 0 3 23
a 1006 11 0 5 38
a 1006 948 0 10 15
a 1006 762 0 7 30
a 1069 191 0 535 16
a 1069 238 0 2 49
a 1069 125 0 8 27
a 1069 828 0 4 33
a 1069 534 0 3 7
a 1069 752 0 9 42
a 1069 210 0 6 29
a 1069 897 0 9 18
a 1069 961 0 1 42
a 1069 623 0 2 36
a 1069 556 0 7 40
a 1069 421 0 8 36
a 1069 809 0 9 49
a 1090 295 0 535 33
a 1090 434 0 5 35
a 1090 1195 0 6 35
a 1090 1021 0 8 32
a 1090 1117 0 3 23
a 1090 624 0 7 38
a 1090 266 0 7 23
a 1090 938 0 6 27
a 1100 1192 0 535 50
a 1100 711 0 5 20
a 1100 683 0 5 28
a 1100 700 0 5 44
a 1100 238 0 6 28
a 1100 72 0 10 22
a 1100 14 0 2 27
a 1100 177 0 9 17
a 1100 418 0 1 40
a 1135 371 0 535 50
a 1135 905 0 6 10
a 1135 528 0 2 34
a 1151 351 0 535 50
a 1151 1036 0 10 38
a 1151 194 0 6 14
a 1151 216 0 7 47
a 1151 731 0 4 30
a 1151 233 0 7 33
a 1151 177 0 3 31
a 1151 817 0 2 5
a 1151 1160 0 3 7
a 1151 605 0 7 21
a 1151 236 0 7 14
a 1151 701 0 1 1
a 1151 990 0 7 39
a 1151 1043 0 8 32
a 1151 159 0 4 50
a 1159 645 0 535 46
a 1159 727 0 6 19
a 1159 1125 0 8 17
a 1159 595 0 4 14
a 1159 453 0 2 5
a 1159 388 0 7 39
a 1159 1063 0 5 14
a 1159 706 0 4 30
a 1159 976 0 7 29
a 1159 697 0 3 2
a 1159 270 0 6 19
a 1159 848 0 7 6
a 1175 287 0 535 50
a 1175 709 0 3 29
a 1175 934 0 2 28
a 1175 390 0 5 15
a 1175 701 0 2 4
a 1183 928 0 535 50
a 1183 189 0 7 38
a 1183 836 0 4 30
a 1183 687 0 6 6
a 1183 1076 0 9 47
a 1183 870 0 7 50
a 1183 119 0 7 29
a 1183 592 0 4 20
a 1183 811 0 2 13
a 1183 421 0 9 28
a 1183 579 0 4 46
a 1185 510 0 535 50
a 1185 1105 0 9 39
a 1185 405 0 2 50
a 1185 1175 0 8 34
a 1185 914 0 6 39
a 1185 793 0 10 35
a 1185 637 0 8 14
a 1185 1025 0 1 34
a 6 929 0 929 10
a 6 668 0 10 32
a 6 824 0 7 36
a 6 135 0 4 1
a 6 709 0 10 27
a 6 206 0 4 10
a 6 315 0 1 3
a 6 788 0 4 39
a 14 297 0 929 50
a 14 964 0 5 38
a 14 853 0 2 32
a 18 268 0 929 50
a 18 975 0 7 17
a 18 168 0 4 14
a 18 963 0 1 21
a 38 42 0 929 50
a 38 1101 0 3 19
a 38 983 0 9 21
a 38 94 0 1 7
a 38 36 0 7 20
a 38 489 0 3 44
a 38 419 0 3 45
a 38 101 0 7 17
a 38 989 0 9 46
a 38 1193 0 6 43
a 38 1065 0 2 17
a 38 800 0 7 6
a 38 1119 0 4 17
a 38 333 0 5 35
a 38 824 0 6 25
a 40 1066 0 929 50
a 40 143 0 10 11
a 40 921 0 1 43
a 40 295 0 7 13
a 40 283 0 6 18
a 40 657 0 9 19
a 40 70 0 4 16
a 42 424 0 929 50
a 42 928 0 5 7
a 42 170 0 4 29
a 42 222 0 8 33
a 42 493 0 2 39
a 42 418 0 9 7
a 42 1188 0 3 40
a 42 194 0 8 13
a 42 1010 0 3 25
a 42 569 0 8 27
a 42 339 0 7 30
a 42 637 0 10 29
a 43 491 0 929 44
a 43 1170 0 9 37
a 43 215 0 10 28
a 43 537 0 4 34
a 43 1051 0 6 9
a 43 430 0 3 32
a 43 1074 0 7 33
a 43 915 0 3 45
a 43 305 0 6 5
a 43 492 0 10 36
a 43 923 0 1 31
a 43 25 0 6 5
a 43 201 0 6 1
a 43 252 0 10 32
a 43 837 0 6 37
a 54 259 0 929 50
a 54 235 0 5 8
a 62 715 0 929 27
a 62 836 0 3 3
a 62 767 0 7 33
a 62 264 0 3 46
a 62 420 0 9 49
a 62 1104 0 10 41
a 62 268 0 7 39
a 62 1076 0 9 10
a 62 597 0 6 39
a 70 1024 0 929 36
a 70 424 0 4 48
a 70 483 0 3 29
a 70 1055 0 9 44
a 70 163 0 3 8
a 70 679 0 2 2
a 70 1173 0 2 18
a 86 938 0 929 49
a 86 395 0 7 1
a 86 251 0 2 9
a 86 27 0 8 21
a 86 1001 0 6 27
a 86 660 0 10 33
a 86 609 0 5 20
a 86 423 0 1 23
a 86 680 0 9 35
a 86 542 0 5 30
a 87 154 0 929 50
a 87 485 0 4 4
a 87 693 0 10 32
a 87 830 0 9 2
a 87 814 0 2 25
a 87 813 0 8 43
a 87 912 0 3 27
a 87 440 0 3 33
a 87 1037 0 2 43
a 87 1093 0 8 46
a 87 716 0 3 20
a 87 858 0 10 39
a 87 664 0 7 37
a 87 189 0 6 29
a 87 75 0 4 35
a 96 1165 0 929 28
a 96 196 0 4 12
a 96 685 0 8 10
a 96 1132 0 1 41
a 96 937 0 4 28
a 96 262 0 8 44
a 96 997 0 7 45
a 96 924 0 7 2
a 96 111 0 8 35
a 96 247 0 3 46
a 120 1124 0 929 50
a 120 117 0 2 33
a 120 693 0 10 6
a 120 627 0 3 17
a 120 1146 0 4 35
a 120 1112 0 7 41
a 120 1138 0 8 43
a 120 110 0 5 12
a 120 261 0 8 48
a 121 1059 0 929 50
a 121 672 0 10 25
a 121 287 0 2 46
a 121 535 0 9 18
a 125 731 0 929 50
a 125 782 0 4 43
a 125 1081 0 5 4
a 125 502 0 1 5
a 125 862 0 6 40
a 125 1102 0 3 29
a 125 381 0 2 2
a 125 222 0 10 20
a 125 416 0 10 38
a 132 1029 0 929 50
a 132 309 0 1 12
a 132 329 0 7 45
a 132 220 0 1 27
a 132 827 0 6 12
a 132 266 0 9 45
a 132 1119 0 8 7
a 132 1053 0 4 12
a 132 690 0 2 28
a 132 512 0 4 50
a 132 1164 0 4 5
a 132 417 0 7 11
a 132 957 0 10 25
a 132 491 0 8 9
a 132 1035 0 5 4
a 133 148 0 929 6
a 133 332 0 9 4
a 133 588 0 6 19
a 133 981 0 9 1
a 133 206 0 10 35
a 133 1194 0 5 44
a 133 719 0 3 17
a 133 914 0 4 43
a 138 1012 0 929 50
a 138 623 0 7 3
a 138 285 0 2 25
a 138 588 0 1 9
a 138 901 0 8 33
a 138 208 0 1 20
a 138 563 0 2 50
a 138 110 0 1 25
a 138 972 0 2 2
a 138 595 0 10 36
a 138 177 0 7 13
a 138 249 0 3 23
a 138 935 0 7 44
a 148 132 0 929 50
a 148 1071 0 6 21
a 148 497 0 5 13
a 148 150 0 10 36
a 148 821 0 5 26
a 148 538 0 9 35
a 148 955 0 7 14
a 148 188 0 1 39
a 148 968 0 4 30
a 148 755 0 3 10
a 148 1010 0 7 30
a 154 212 0 929 31
a 154 1139 0 10 30
a 154 1156 0 6 29
a 154 513 0 8 4
a 154 171 0 10 39
a 154 309 0 10 18
a 154 760 0 8 2
a 154 555 0 2 16
a 154 619 0 1 33
a 154 981 0 3 28
a 154 385 0 9 22
a 154 726 0 9 48
a 154 67 0 3 31
a 165 926 0 929 50
a 165 436 0 4 46
a 165 1135 0 4 37
a 165 571 0 2 48
a 165 1002 0 8 7
a 165 882 0 4 30
a 165 1104 0 6 34
a 165 138 0 4 43
a 165 861 0 2 25
a 172 568 0 929 26
a 172 1019 0 4 25
a 172 262 0 6 38
a 172 489 0 1 19
a 172 1181 0 7 4
a 172 240 0 5 43
a 172 993 0 4 18
a 172 159 0 10 6
a 172 71 0 5 30
a 172 635 0 5 23
a 172 706 0 8 8
a 172 53 0 9 34
a 172 522 0 1 28
a 177 661 0 929 40
a 177 528 0 10 5
a 177 920 0 1 16
a 177 409 0 3 31
a 177 770 0 2 16
a 177 774 0 3 12
a 177 442 0 3 41
a 177 211 0 7 8
a 177 1148 0 2 6
a 177 614 0 4 36
a 177 400 0 10 43
a 177 758 0 9 49
a 177 840 0 9 5
a 183 43 0 929 50
a 183 610 0 9 47
a 183 685 0 5 35
a 183 833 0 9 10
a 183 757 0 5 10
a 183 1167 0 6 9
a 183 708 0 6 15
a 190 120 0 929 50
a 190 527 0 2 32
a 190 806 0 3 38
a 190 541 0 8 45
a 190 209 0 8 40
a 190 750 0 6 43
a 190 187 0 1 42
a 190 1172 0 2 4
a 190 729 0 6 15
a 190 747 0 7 20
a 190 753 0 5 6
a 192 907 0 929 5
a 192 193 0 1 15
a 192 741 0 8 13
a 192 530 0 7 5
a 192 308 0 3 20
a 192 627 0 4 38
a 192 1009 0 3 27
a 192 612 0 2 41
a 192 269 0 5 9
a 192 316 0 7 19
a 206 54 0 929 50
a 206 774 0 5 20
a 206 600 0 4 10
a 206 1161 0 7 6
a 206 60 0 8 32
a 206 511 0 4 38
a 206 16 0 4 19
a 206 1039 0 1 24
a 206 1110 0 7 48
a 206 775 0 6 35
a 206 707 0 7 41
a 206 1121 0 3 27
a 212 133 0 929 50
a 212 1146 0 4 34
a 212 138 0 2 41
a 212 339 0 5 5
a 212 631 0 9 17
a 216 836 0 929 50
a 216 646 0 5 50
a 216 1074 0 9 14
a 216 342 0 9 22
a 216 950 0 3 17
a 216 119 0 3 48
a 216 872 0 8 25
a 219 1200 0 929 50
a 219 228 0 9 18
a 219 453 0 9 40
a 219 599 0 9 10
a 219 1083 0 9 21
a 219 1145 0 4 12
a 219 170 0 9 43
a 219 361 0 9 24
a 219 734 0 6 30
a 219 447 0 10 20
a 259 965 0 929 50
a 259 1178 0 1 48
a 259 1042 0 10 14
a 259 99 0 7 4
a 259 1163 0 9 43
a 259 85 0 10 9
a 259 462 0 3 20
a 259 1074 0 8 49
a 259 790 0 7 22
a 262 290 0 929 1
a 262 523 0 10 32
a 262 823 0 9 49
a 262 639 0 7 20
a 262 964 0 8 33
a 262 346 0 6 45
a 262 401 0 8 13
a 262 119 0 1 8
a 262 564 0 3 42
a 262 325 0 6 49
a 262 1164 0 10 30
a 268 315 0 929 9
a 268 153 0 5 22
a 268 685 0 5 5
a 268 881 0 10 50
a 268 979 0 4 9
a 268 933 0 10 45
a 268 620 0 8 20
a 268 330 0 4 32
a 268 625 0 5 41
a 268 118 0 4 50
a 268 186 0 8 36
a 268 328 0 3 33
a 268 207 0 4 37
a 268 506 0 5 31
a 268 773 0 5 11
a 270 216 0 929 50
a 270 390 0 4 13
a 270 602 0 3 20
a 270 171 0 8 35
a 270 461 0 5 26
a 270 33 0 7 46
a 270 1198 0 7 2
a 270 297 0 1 15
a 270 772 0 6 14
a 278 87 0 929 46
a 278 1122 0 6 2
a 290 494 0 929 1
a 290 1106 0 2 11
a 297 831 0 929 50
a 297 520 0 8 16
a 297 249 0 5 15
a 297 694 0 8 22
a 297 557 0 6 32
a 315 1063 0 929 50
a 315 729 0 1 28
a 315 64 0 10 5
a 315 60 0 10 11
a 315 716 0 10 22
a 315 1016 0 4 31
a 322 742 0 929 50
a 322 743 0 2 22
a 322 827 0 8 41
a 322 922 0 8 36
a 322 487 0 5 24
a 322 507 0 10 45
a 322 39 0 10 19
a 337 183 0 929 18
a 337 557 0 6 19
a 337 56 0 8 15
a 337 699 0 4 16
a 337 41 0 3 41
a 337 1175 0 2 49
a 337 611 0 4 23
a 337 552 0 1 48
a 337 1120 0 7 5
a 342 206 0 929 50
a 342 877 0 6 43
a 342 966 0 1 49
a 342 599 0 3 30
a 342 606 0 10 24
a 342 764 0 2 1
a 342 315 0 7 13
a 342 734 0 2 36
a 342 652 0 4 3
a 342 499 0 10 30
a 342 296 0 10 41
a 342 965 0 9 42
a 350 554 0 929 50
a 350 492 0 1 3
a 350 66 0 2 4
a 350 113 0 9 17
a 350 748 0 4 11
a 350 250 0 5 27
a 360 878 0 929 19
a 360 24 0 6 8
a 360 177 0 6 26
a 360 455 0 6 31
a 360 1005 0 7 25
a 360 208 0 10 22
a 360 221 0 3 8
a 360 1073 0 10 47
a 360 196 0 6 43
a 360 1010 0 5 42
a 360 139 0 5 17
a 360 1137 0 10 21
a 373 270 0 929 31
a 373 221 0 1 35
a 373 307 0 5 10
a 373 154 0 6 23
a 373 882 0 1 32
a 373 696 0 5 1
a 401 138 0 929 50
a 401 1056 0 2 5
a 401 814 0 9 21
a 401 914 0 6 16
a 410 566 0 929 50
a 410 362 0 2 25
a 410 564 0 4 18
a 410 1103 0 7 13
a 410 111 0 3 29
a 410 544 0 6 15
a 410 1065 0 7 46
a 410 666 0 9 17
a 410 72 0 5 18
a 410 547 0 8 42
a 410 605 0 7 9
a 410 471 0 9 6
a 410 1122 0 10 11
a 410 1185 0 3 46
a 410 816 0 2 22
a 415 172 0 929 3
a 415 840 0 5 19
a 415 979 0 2 29
a 415 706 0 2 29
a 415 1003 0 4 43
a 415 782 0 8 48
a 415 1107 0 3 42
a 415 1103 0 8 42
a 415 800 0 10 33
a 415 281 0 5 14
a 415 162 0 10 42
a 415 405 0 10 23
a 415 597 0 1 33
a 415 797 0 6 40
a 418 849 0 929 5
a 418 341 0 10 27
a 423 974 0 929 50
a 423 387 0 10 10
a 423 661 0 5 20
a 423 413 0 6 42
a 424 1131 0 929 50
a 424 636 0 9 4
a 424 220 0 9 11
a 424 875 0 8 35
a 424 882 0 5 1
a 424 228 0 5 41
a 424 720 0 3 30
a 424 553 0 8 13
a 424 658 0 9 34
a 424 798 0 6 19
a 424 120 0 5 4
a 434 219 0 929 33
a 434 127 0 4 18
a 434 1131 0 1 31
a 434 63 0 4 10
a 434 125 0 9 17
a 472 415 0 929 48
a 472 785 0 3 42
a 472 519 0 9 28
a 472 88 0 10 25
a 472 667 0 3 30
a 472 659 0 6 19
a 472 998 0 5 6
a 472 40 0 6 27
a 472 578 0 8 14
a 472 294 0 2 20
a 472 1012 0 2 26
a 472 1173 0 6 38
a 472 1126 0 5 39
a 472 316 0 4 25
a 472 209 0 10 5
a 475 682 0 929 20
a 475 47 0 9 14
a 475 827 0 6 44
a 475 831 0 8 12
a 475 320 0 5 38
a 475 32 0 10 3
a 475 1073 0 2 41
a 475 1041 0 9 8
a 475 755 0 4 3
a 475 440 0 8 24
a 475 810 0 2 22
a 475 126 0 9 47
a 476 434 0 929 36
a 476 1072 0 7 25
a 476 913 0 2 31
a 476 186 0 7 34
a 476 180 0 9 6
a 476 461 0 3 29
a 476 344 0 1 24
a 476 1079 0 5 40
a 476 897 0 9 5
a 480 1046 0 929 21
a 480 83 0 5 4
a 480 607 0 6 47
a 480 337 0 4 45
a 480 233 0 1 13
a 480 380 0 3 5
a 480 932 0 2 23
a 480 747 0 1 42
a 480 1150 0 5 33
a 480 733 0 4 49
a 480 504 0 4 47
a 480 479 0 7 47
a 480 163 0 8 46
a 480 400 0 1 39
a 480 1181 0 10 47
a 491 38 0 929 8
a 491 106 0 5 22
a 491 142 0 10 30
a 491 324 0 7 37
a 491 660 0 10 49
a 491 1180 0 8 32
a 491 443 0 2 35
a 491 405 0 8 26
a 491 179 0 4 33
a 494 342 0 929 50
a 494 572 0 6 10
a 494 400 0 8 19
a 494 167 0 10 14
a 494 232 0 8 45
a 494 84 0 10 3
a 494 485 0 4 1
a 494 1076 0 7 13
a 494 268 0 6 37
a 494 414 0 8 40
a 494 517 0 6 41
a 501 1171 0 929 50
a 501 401 0 10 5
a 501 331 0 10 16
a 501 874 0 1 34
a 501 129 0 3 45
a 501 770 0 10 11
a 501 320 0 5 28
a 501 467 0 6 31
a 501 515 0 1 36
a 501 725 0 10 14
a 501 317 0 7 37
a 526 656 0 929 48
a 526 398 0 3 17
a 526 59 0 9 26
a 526 75 0 7 15
a 526 1018 0 3 11
a 526 576 0 1 41
a 526 455 0 7 1
a 526 1074 0 3 17
a 526 969 0 10 33
a 526 312 0 4 48
a 526 592 0 5 4
a 526 443 0 4 50
a 526 44 0 3 50
a 526 490 0 10 45
a 526 937 0 6 35
a 530 912 0 929 43
a 530 767 0 10 30
a 542 70 0 929 50
a 542 643 0 8 7
a 542 1021 0 1 36
a 542 589 0 7 24
a 554 177 0 929 2
a 554 667 0 9 27
a 554 806 0 7 31
a 554 450 0 9 35
a 554 385 0 2 36
a 566 755 0 929 23
a 566 404 0 2 14
a 566 769 0 1 37
a 566 666 0 3 10
a 568 62 0 929 45
a 568 1195 0 929 47
a 568 454 0 1 15
a 568 805 0 6 27
a 568 781 0 10 42
a 568 590 0 9 39
a 568 616 0 10 29
a 568 273 0 3 44
a 568 816 0 4 34
a 568 1106 0 1 14
a 568 542 0 3 50
a 568 355 0 5 16
a 568 953 0 5 20
a 568 873 0 10 39
a 586 14 0 929 50
a 586 1121 0 1 33
a 586 270 0 9 31
a 590 192 0 929 50
a 590 966 0 1 14
a 590 1101 0 1 23
a 590 365 0 6 31
a 590 108 0 9 27
a 590 693 0 3 46
a 590 1184 0 7 26
a 590 799 0 9 6
a 590 794 0 3 11
a 590 24 0 4 44
a 590 1180 0 3 41
a 590 1194 0 4 19
a 590 383 0 4 1
a 590 490 0 10 9
a 609 190 0 929 50
a 609 433 0 4 5
a 609 732 0 5 47
a 609 859 0 3 19
a 609 12 0 3 44
a 609 1160 0 4 32
a 609 601 0 10 24
a 609 936 0 4 38
a 609 1106 0 9 32
a 609 221 0 4 22
a 609 343 0 6 7
a 609 1104 0 1 39
a 612 18 0 929 43
a 612 68 0 6 5
a 612 1059 0 5 31
a 612 662 0 1 22
a 612 682 0 1 42
a 612 452 0 2 27
a 612 1038 0 2 44
a 612 856 0 10 5
a 651 1123 0 929 10
a 651 491 0 4 21
a 651 761 0 5 28
a 651 1199 0 3 39
a 651 1196 0 9 22
a 651 490 0 9 15
a 651 540 0 2 9
a 651 907 0 3 37
a 651 1029 0 8 10
a 651 457 0 10 8
a 651 591 0 3 21
a 651 286 0 9 9
a 651 1017 0 10 43
a 656 660 0 929 18
a 656 753 0 8 36
a 656 267 0 10 24
a 656 1194 0 8 24
a 656 867 0 8 40
a 656 548 0 5 50
a 656 1133 0 4 50
a 656 535 0 2 15
a 656 1123 0 2 38
a 656 26 0 9 33
a 656 398 0 3 10
a 656 936 0 3 14
a 656 1144 0 2 25
a 656 434 0 6 29
a 656 574 0 8 26
a 658 740 0 929 24
a 658 503 0 7 47
a 658 232 0 1 34
a 658 825 0 2 38
a 658 376 0 8 18
a 660 125 0 929 50
a 660 567 0 10 27
a 660 1169 0 1 3
a 660 182 0 7 3
a 661 1154 0 929 32
a 661 344 0 8 33
a 661 192 0 2 7
a 661 1169 0 3 29
a 661 1174 0 5 34
a 661 1127 0 7 31
a 661 745 0 4 6
a 661 1008 0 1 38
a 661 395 0 10 41
a 661 1195 0 1 49
a 682 278 0 929 50
a 682 17 0 9 45
a 682 1161 0 1 10
a 682 981 0 3 27
a 682 554 0 4 13
a 682 33 0 9 43
a 682 483 0 3 37
a 682 489 0 2 49
a 682 975 0 8 30
a 709 475 0 929 49
a 709 64 0 4 45
a 709 85 0 2 4
a 709 595 0 3 41
a 709 541 0 3 35
a 709 84 0 3 7
a 709 654 0 1 21
a 715 1091 0 929 41
a 715 255 0 7 27
a 731 472 0 929 38
a 731 960 0 3 25
a 731 96 0 4 9
a 731 103 0 5 29
a 731 381 0 3 46
a 731 579 0 1 43
a 731 958 0 9 12
a 731 299 0 10 14
a 740 337 0 929 33
a 740 123 0 5 47
a 740 862 0 10 48
a 740 701 0 2 2
a 740 1172 0 2 27
a 740 821 0 10 46
a 740 128 0 6 35
a 740 195 0 8 33
a 740 502 0 1 50
a 740 688 0 5 23
a 740 578 0 10 40
a 740 575 0 6 9
a 740 715 0 5 2
a 740 1059 0 3 48
a 740 497 0 2 21
a 742 590 0 929 50
a 742 387 0 6 16
a 742 552 0 1 38
a 742 963 0 9 27
a 742 808 0 4 34
a 742 1063 0 1 5
a 742 773 0 2 34
a 742 1015 0 3 33
a 742 328 0 9 25
a 742 207 0 7 33
a 742 281 0 9 1
a 742 344 0 5 46
a 742 398 0 10 19
a 755 530 0 929 31
a 755 1011 0 6 3
a 755 1131 0 5 48
a 755 719 0 7 31
a 755 124 0 9 49
a 755 929 0 2 7
a 755 1196 0 5 25
a 755 1151 0 1 12
a 755 661 0 9 21
a 755 360 0 1 1
a 755 1161 0 10 15
a 755 1008 0 8 46
a 780 96 0 929 37
a 780 423 0 5 4
a 780 918 0 1 48
a 780 25 0 3 23
a 780 220 0 10 18
a 780 1091 0 1 10
a 780 14 0 1 37
a 780 892 0 9 5
a 780 1101 0 2 20
a 780 830 0 7 34
a 780 134 0 4 12
a 780 394 0 3 30
a 780 1120 0 5 26
a 790 586 0 929 11
a 790 808 0 1 47
a 790 1117 0 5 45
a 804 790 0 929 50
a 804 801 0 1 6
a 804 532 0 9 3
a 804 73 0 9 35
a 804 499 0 9 14
a 804 336 0 6 33
a 804 1124 0 6 35
a 804 664 0 4 23
a 804 646 0 7 4
a 804 992 0 1 5
a 804 802 0 1 12
a 804 590 0 3 26
a 804 789 0 8 18
a 804 1118 0 4 2
a 804 252 0 3 29
a 831 423 0 929 50
a 831 642 0 10 50
a 831 611 0 6 9
a 831 974 0 7 39
a 831 130 0 1 23
a 831 225 0 8 3
a 836 121 0 929 2
a 836 440 0 2 44
a 836 750 0 4 25
a 836 849 0 10 49
a 836 371 0 10 31
a 836 1117 0 2 7
a 836 87 0 9 10
a 836 807 0 8 32
a 836 465 0 4 33
a 836 900 0 9 6
a 836 718 0 2 49
a 836 677 0 9 35
a 836 816 0 1 26
a 839 40 0 929 22
a 839 97 0 4 14
a 839 774 0 9 15
a 839 1024 0 8 16
a 839 169 0 4 20
a 839 335 0 10 45
a 839 36 0 10 48
a 839 777 0 1 7
a 839 375 0 5 6
a 839 251 0 3 41
a 839 832 0 4 42
a 839 386 0 2 3
a 839 280 0 4 44
a 839 884 0 5 9
a 839 199 0 2 29
a 849 1071 0 929 4
a 849 400 0 6 18
a 849 199 0 5 36
a 849 300 0 2 22
a 849 347 0 1 4
a 849 1066 0 3 19
a 849 249 0 9 28
a 849 748 0 2 25
a 849 635 0 4 42
a 849 554 0 8 26
a 849 22 0 3 19
a 849 1050 0 7 24
a 849 999 0 2 50
a 849 603 0 7 36
a 878 612 0 929 16
a 878 852 0 3 17
a 878 702 0 6 29
a 878 1200 0 7 16
a 878 1035 0 7 39
a 878 1025 0 9 39
a 878 604 0 1 17
a 878 869 0 3 19
a 878 339 0 10 3
a 878 463 0 3 25
a 878 819 0 4 23
a 878 733 0 5 50
a 878 518 0 2 18
a 878 610 0 4 24
a 907 401 0 929 50
a 907 1028 0 2 34
a 907 27 0 9 29
a 907 162 0 10 45
a 907 879 0 9 16
a 907 247 0 2 3
a 907 1111 0 6 8
a 907 818 0 10 41
a 907 820 0 4 6
a 907 109 0 3 12
a 907 1020 0 10 35
a 912 1101 0 929 46
a 912 89 0 10 17
a 912 254 0 1 45
a 912 344 0 1 25
a 912 461 0 7 48
a 912 67 0 10 16
a 912 343 0 1 47
a 912 362 0 4 7
a 912 1179 0 10 39
a 912 219 0 1 6
a 912 1170 0 7 12
a 912 83 0 10 44
a 912 1173 0 3 15
a 912 532 0 3 18
a 912 138 0 9 14
a 926 322 0 929 50
a 926 977 0 7 50
a 929 360 0 929 36
a 929 729 0 6 14
a 929 175 0 4 49
a 929 424 0 4 34
a 929 15 0 6 1
a 929 1061 0 5 26
a 929 95 0 10 1
a 929 913 0 1 21
a 938 418 0 929 43
a 938 912 0 5 34
a 938 324 0 8 3
a 938 712 0 6 33
a 939 839 0 929 50
a 939 373 0 2 40
a 955 994 0 929 50
a 955 299 0 2 13
a 955 214 0 10 50
a 955 99 0 2 11
a 955 614 0 1 1
a 955 326 0 2 39
a 955 186 0 7 35
a 955 794 0 4 41
a 955 283 0 3 47
a 955 644 0 6 6
a 955 1182 0 8 22
a 955 421 0 3 45
a 955 490 0 10 47
a 965 1004 0 929 50
a 965 767 0 3 7
a 965 378 0 8 16
a 965 1015 0 3 12
a 965 989 0 2 38
a 965 825 0 3 39
a 965 903 0 4 40
a 965 1039 0 8 33
a 965 260 0 3 30
a 965 563 0 8 30
a 970 86 0 929 50
a 970 1148 0 8 24
a 970 401 0 8 10
a 970 582 0 5 22
a 970 738 0 1 10
a 970 227 0 8 28
a 970 263 0 1 47
a 970 343 0 9 7
a 970 756 0 2 35
a 970 438 0 2 9
a 974 1040 0 929 2
a 974 1160 0 7 23
a 974 553 0 2 50
a 974 290 0 8 9
a 974 238 0 9 40
a 974 329 0 7 39
a 974 1072 0 9 42
a 974 590 0 9 15
a 974 981 0 1 26
a 974 295 0 2 42
a 974 448 0 1 46
a 974 1122 0 2 39
a 974 1047 0 10 40
a 974 171 0 3 7
a 994 373 0 929 50
a 994 1072 0 3 48
a 994 734 0 8 42
a 1004 780 0 929 1
a 1004 1026 0 7 22
a 1004 180 0 1 4
a 1004 383 0 5 48
a 1004 155 0 8 40
a 1004 118 0 5 11
a 1004 1170 0 8 47
a 1004 197 0 7 49
a 1004 894 0 8 38
a 1012 709 0 929 29
a 1012 221 0 8 42
a 1024 480 0 929 50
a 1024 132 0 6 7
a 1024 952 0 9 12
a 1024 1019 0 2 25
a 1024 1176 0 4 4
a 1024 908 0 10 33
a 1024 991 0 3 27
a 1024 657 0 2 25
a 1024 158 0 9 40
a 1024 823 0 7 16
a 1024 671 0 7 25
a 1029 1190 0 929 50
a 1029 135 0 8 2
a 1029 829 0 1 5
a 1029 1094 0 10 2
a 1033 262 0 929 17
a 1033 780 0 6 47
a 1033 291 0 9 28
a 1033 875 0 6 1
a 1033 434 0 9 28
a 1033 1054 0 2 14
a 1033 879 0 10 25
a 1033 467 0 5 31
a 1033 622 0 8 32
a 1033 587 0 6 48
a 1033 885 0 7 13
a 1040 955 0 929 41
a 1040 1081 0 10 18
a 1040 403 0 10 27
a 1040 358 0 5 16
a 1040 1074 0 7 14
a 1040 98 0 8 31
a 1040 525 0 5 32
a 1040 1011 0 1 44
a 1040 1003 0 4 1
a 1040 978 0 10 5
a 1040 972 0 9 38
a 1040 476 0 7 30
a 1040 750 0 7 42
a 1046 526 0 929 8
a 1046 494 0 9 44
a 1046 918 0 2 8
a 1046 351 0 5 13
a 1046 1020 0 6 30
a 1046 886 0 1 9
a 1046 645 0 10 35
a 1059 410 0 929 4
a 1059 568 0 10 25
a 1059 467 0 9 26
a 1059 87 0 7 31
a 1059 212 0 8 47
a 1059 294 0 10 24
a 1059 214 0 9 16
a 1063 1129 0 929 50
a 1063 399 0 2 40
a 1063 681 0 5 47
a 1063 408 0 6 29
a 1063 799 0 6 30
a 1063 70 0 5 33
a 1063 955 0 4 28
a 1063 597 0 3 14
a 1066 165 0 929 50
a 1066 138 0 10 1
a 1066 975 0 7 31
a 1066 438 0 2 40
a 1066 1037 0 9 19
a 1066 943 0 9 19
a 1066 245 0 2 47
a 1071 804 0 929 44
a 1071 145 0 1 36
a 1071 284 0 8 2
a 1071 1128 0 2 47
a 1071 294 0 1 2
a 1071 48 0 3 7
a 1071 815 0 5 34
a 1091 970 0 929 50
a 1091 103 0 6 44
a 1091 1153 0 5 42
a 1091 643 0 10 22
a 1091 146 0 7 14
a 1091 101 0 10 45
a 1091 754 0 8 35
a 1101 939 0 929 50
a 1101 695 0 4 16
a 1123 542 0 929 23
a 1123 418 0 1 50
a 1123 342 0 7 22
a 1123 592 0 6 50
a 1123 655 0 10 3
a 1123 934 0 2 31
a 1123 758 0 5 11
a 1123 133 0 10 2
a 1123 1051 0 9 28
a 1123 350 0 1 22
a 1123 355 0 2 22
a 1124 476 0 929 14
a 1124 723 0 7 21
a 1124 292 0 1 22
a 1124 1000 0 10 44
a 1124 213 0 6 20
a 1124 1083 0 6 35
a 1124 558 0 3 43
a 1124 518 0 8 7
a 1129 658 0 929 50
a 1129 98 0 9 34
a 1129 752 0 10 44
a 1129 185 0 9 37
a 1129 115 0 5 50
a 1129 134 0 8 23
a 1129 1116 0 10 1
a 1129 274 0 6 10
a 1129 622 0 2 12
a 1131 1033 0 929 50
a 1131 441 0 5 9
a 1131 589 0 8 8
a 1131 490 0 6 26
a 1131 503 0 7 18
a 1131 1135 0 1 48
a 1131 761 0 6 14
a 1154 651 0 929 45
a 1154 271 0 3 21
a 1154 700 0 7 47
a 1154 984 0 5 15
a 1154 933 0 4 12
a 1154 818 0 9 5
a 1154 898 0 1 9
a 1165 350 0 929 50
a 1165 541 0 4 45
a 1165 969 0 6 18
a 1165 1022 0 9 16
a 1165 223 0 8 13
a 1165 853 0 7 19
a 1165 530 0 4 10
a 1171 609 0 929 49
a 1171 686 0 3 46
a 1171 107 0 3 23
a 1190 501 0 929 25
a 1190 832 0 6 44
a 1190 16 0 9 22
a 1190 486 0 5 26
a 1190 409 0 9 44
a 1190 162 0 3 42
a 1190 142 0 3 19
a 1190 1197 0 9 38
a 1190 1150 0 4 20
a 1190 602 0 4 28
a 1190 643 0 2 10
a 1190 895 0 4 24
a 7 77 0 1095 24
a 7 928 0 9 36
a 7 151 0 7 9
a 12 1144 0 1095 50
a 12 1077 0 7 33
a 12 596 0 2 36
a 12 442 0 6 28
a 12 369 0 2 13
a 12 783 0 3 8
a 12 400 0 3 26
a 12 543 0 2 34
a 12 987 0 5 18
a 12 383 0 7 43
a 12 492 0 3 11
a 12 244 0 7 12
a 12 151 0 4 4
a 12 355 0 9 34
a 21 1021 0 1095 1
a 21 244 0 10 18
a 21 563 0 1 34
a 21 886 0 10 49
a 21 611 0 7 22
a 21 387 0 4 28
a 21 1096 0 5 17
a 21 555 0 1 45
a 21 256 0 7 39
a 33 1072 0 1095 50
a 33 554 0 2 31
a 33 462 0 5 21
a 33 283 0 2 39
a 33 894 0 6 45
a 33 257 0 9 3
a 33 908 0 4 36
a 33 1181 0 10 30
a 33 1022 0 2 8
a 33 106 0 6 10
a 33 479 0 3 3
a 33 1074 0 3 17
a 33 548 0 8 43
a 57 502 0 1095 50
a 57 711 0 1 29
a 57 15 0 6 5
a 57 476 0 2 2
a 57 40 0 4 33
a 57 106 0 1 35
a 57 470 0 7 50
a 57 327 0 1 4
a 57 740 0 1 23
a 57 661 0 5 36
a 57 219 0 8 2
a 57 799 0 7 3
a 57 201 0 2 41
a 61 446 0 1095 50
a 61 909 0 9 6
a 61 1199 0 5 50
a 61 1150 0 3 22
a 61 700 0 8 7
a 61 601 0 8 37
a 61 726 0 7 40
a 61 390 0 7 45
a 61 379 0 5 35
a 61 103 0 5 22
a 61 14 0 4 11
a 74 321 0 1095 50
a 74 1127 0 7 19
a 74 383 0 4 40
a 74 786 0 3 40
a 74 279 0 7 29
a 74 331 0 6 12
a 74 574 0 6 6
a 74 292 0 6 24
a 74 560 0 10 47
a 74 106 0 10 39
a 74 160 0 10 45
a 74 200 0 8 31
a 74 615 0 5 41
a 74 658 0 10 16
a 77 698 0 1095 36
a 77 618 0 7 41
a 77 706 0 3 6
a 78 911 0 1095 22
a 78 756 0 8 17
a 78 456 0 5 31
a 78 909 0 5 20
a 78 473 0 4 28
a 78 95 0 4 32
a 78 443 0 7 45
a 78 1187 0 10 28
a 78 388 0 3 25
a 78 13 0 1 21
a 78 662 0 2 24
a 78 42 0 3 21
a 78 521 0 3 16
a 81 1195 0 1095 4
a 81 462 0 1 12
a 81 766 0 4 39
a 81 14 0 8 13
a 81 88 0 3 30
a 81 405 0 2 50
a 81 1093 0 4 16
a 81 934 0 5 1
a 81 1039 0 3 42
a 81 217 0 6 33
a 81 86 0 4 7
a 81 16 0 10 34
a 103 941 0 1095 50
a 103 985 0 7 18
a 103 695 0 3 48
a 103 62 0 3 19
a 103 604 0 3 50
a 103 624 0 9 43
a 103 105 0 9 22
a 103 706 0 9 42
a 103 317 0 6 23
a 104 689 0 1095 50
a 104 1029 0 1 24
a 104 325 0 9 19
a 104 460 0 3 16
a 104 1048 0 5 34
a 104 223 0 6 7
a 104 825 0 3 45
a 104 251 0 2 30
a 104 185 0 1 10
a 104 333 0 2 44
a 104 31 0 5 44
a 104 292 0 1 40
a 117 245 0 1095 50
a 117 762 0 6 1
a 117 479 0 7 1
a 117 143 0 9 50
a 117 483 0 2 31
a 117 625 0 9 17
a 117 443 0 4 16
a 117 926 0 10 11
a 117 801 0 8 28
a 117 1163 0 5 26
a 117 114 0 9 32
a 127 582 0 1095 36
a 127 1015 0 7 16
a 127 231 0 2 11
a 127 446 0 5 23
a 127 982 0 7 38
a 127 575 0 2 25
a 127 193 0 9 26
a 127 804 0 7 26
a 127 1121 0 1 44
a 127 25 0 6 38
a 141 74 0 1095 8
a 141 741 0 8 12
a 141 783 0 7 12
a 141 453 0 6 16
a 141 394 0 3 1
a 141 552 0 9 31
a 141 240 0 5 17
a 144 770 0 1095 35
a 144 1188 0 1 47
a 144 531 0 2 43
a 144 912 0 5 7
a 144 116 0 2 40
a 144 867 0 2 45
a 144 1147 0 1 1
a 144 465 0 9 40
a 144 343 0 1 34
a 144 228 0 10 43
a 144 927 0 10 5
a 144 980 0 7 47
a 144 1002 0 7 43
a 144 118 0 9 19
a 145 247 0 1095 19
a 145 365 0 7 28
a 145 499 0 2 50
a 145 560 0 7 14
a 145 776 0 6 29
a 163 754 0 1095 20
a 163 306 0 9 34
a 163 276 0 2 20
a 163 62 0 8 49
a 163 107 0 9 23
a 163 915 0 1 21
a 163 419 0 1 23
a 163 415 0 3 44
a 163 703 0 5 50
a 180 881 0 1095 25
a 180 569 0 9 3
a 180 630 0 5 32
a 180 61 0 4 17
a 180 1166 0 9 36
a 180 539 0 6 41
a 180 189 0 8 47
a 180 537 0 3 1
a 180 387 0 1 13
a 180 1000 0 8 49
a 180 748 0 8 20
a 180 1078 0 8 17
a 180 446 0 3 22
a 185 888 0 1095 9
a 185 747 0 6 14
a 185 131 0 9 22
a 185 598 0 5 50
a 185 609 0 8 12
a 193 674 0 1095 50
a 193 529 0 1 27
a 193 736 0 1 24
a 193 668 0 1 32
a 193 112 0 1 30
a 193 1165 0 10 17
a 193 617 0 3 20
a 193 766 0 5 47
a 193 642 0 3 19
a 193 951 0 10 21
a 193 975 0 5 41
a 193 65 0 7 48
a 193 1031 0 10 22
a 193 678 0 3 6
a 196 821 0 1095 49
a 196 686 0 6 12
a 196 40 0 7 41
a 196 1166 0 1 43
a 196 1045 0 9 22
a 196 1104 0 10 32
a 196 296 0 8 47
a 196 117 0 9 13
a 196 263 0 2 6
a 196 595 0 7 31
a 196 408 0 5 15
a 196 459 0 3 22
a 196 107 0 1 7
a 228 432 0 1095 50
a 228 424 0 5 48
a 228 1159 0 3 1
a 228 512 0 6 11
a 228 943 0 10 42
a 228 544 0 8 2
a 228 887 0 9 6
a 228 320 0 4 48
a 228 605 0 10 32
a 228 463 0 1 21
a 245 365 0 1095 50
a 245 146 0 4 43
a 245 666 0 1 45
a 245 692 0 10 43
a 245 573 0 6 45
a 245 799 0 7 28
a 247 127 0 1095 45
a 247 1177 0 3 13
a 247 965 0 9 32
a 247 336 0 6 13
a 247 995 0 10 35
a 247 538 0 4 16
a 250 511 0 1095 50
a 250 827 0 9 5
a 250 933 0 10 42
a 250 588 0 5 4
a 250 618 0 7 43
a 250 251 0 10 18
a 250 1173 0 2 9
a 250 1143 0 4 47
a 250 541 0 8 4
a 250 637 0 1 4
a 281 583 0 1095 50
a 281 179 0 4 11
a 281 415 0 9 4
a 281 984 0 7 6
a 281 66 0 7 10
a 281 229 0 3 6
a 281 1091 0 9 50
a 281 280 0 5 7
a 293 413 0 1095 50
a 293 908 0 6 43
a 293 242 0 4 5
a 293 144 0 3 6
a 293 915 0 8 15
a 293 241 0 5 47
a 293 325 0 6 28
a 293 966 0 2 9
a 293 15 0 9 34
a 300 433 0 1095 19
a 300 577 0 5 32
a 300 846 0 10 15
a 300 656 0 8 28
a 300 968 0 10 18
a 312 909 0 1095 50
a 312 574 0 4 18
a 312 609 0 7 22
a 312 728 0 1 44
a 312 15 0 5 37
a 312 694 0 7 25
a 312 851 0 3 14
a 312 872 0 1 34
a 321 1085 0 1095 50
a 321 1147 0 2 18
a 321 545 0 8 48
a 321 597 0 3 24
a 321 1088 0 5 23
a 321 900 0 8 3
a 321 739 0 7 31
a 321 837 0 9 2
a 321 818 0 4 38
a 321 290 0 6 42
a 321 351 0 5 41
a 321 917 0 1 16
a 321 304 0 6 30
a 321 897 0 10 41
a 323 392 0 1095 33
a 323 822 0 8 24
a 323 902 0 2 21
a 323 1105 0 4 31
a 331 1052 0 1095 25
a 331 794 0 1 39
a 331 695 0 6 15
a 331 1057 0 3 10
a 343 1055 0 1095 50
a 343 487 0 5 26
a 343 1123 0 7 13
a 343 273 0 5 5
a 343 470 0 7 7
a 343 660 0 7 45
a 343 531 0 5 23
a 343 1164 0 5 18
a 349 885 0 1095 50
a 349 1134 0 5 28
a 349 893 0 2 38
a 349 625 0 5 48
a 349 192 0 9 34
a 349 521 0 9 18
a 349 430 0 5 23
a 349 689 0 10 43
a 349 84 0 4 38
a 349 1106 0 3 23
a 349 1132 0 3 38
a 349 42 0 6 32
a 365 679 0 1095 50
a 365 164 0 7 42
a 365 487 0 6 22
a 365 59 0 7 32
a 365 723 0 2 21
a 365 807 0 9 3
a 365 284 0 10 29
a 365 794 0 4 26
a 365 1059 0 8 34
a 365 1065 0 2 15
a 365 327 0 5 45
a 365 610 0 7 18
a 365 378 0 1 14
a 365 876 0 6 13
a 365 216 0 9 40
a 374 713 0 1095 50
a 374 961 0 1 47
a 374 574 0 7 50
a 376 185 0 1095 50
a 376 1050 0 9 32
a 376 707 0 10 15
a 376 444 0 1 20
a 376 33 0 3 48
a 385 196 0 1095 50
a 385 82 0 7 28
a 385 772 0 6 45
a 385 309 0 6 25
a 385 640 0 5 28
a 385 768 0 6 2
a 385 405 0 3 40
a 385 1041 0 10 11
a 385 980 0 2 4
a 385 248 0 6 8
a 385 441 0 10 37
a 385 449 0 9 18
a 385 813 0 8 48
a 392 479 0 1095 50
a 392 1187 0 3 45
a 392 885 0 6 7
a 392 380 0 2 33
a 392 572 0 6 21
a 392 845 0 2 33
a 392 93 0 6 21
a 407 438 0 1095 50
a 407 235 0 6 6
a 407 491 0 5 13
a 407 989 0 8 48
a 407 647 0 10 46
a 407 229 0 6 42
a 407 287 0 2 2
a 407 812 0 7 1
a 407 825 0 1 38
a 407 796 0 3 37
a 407 177 0 2 3
a 413 763 0 1095 50
a 413 626 0 9 31
a 420 81 0 1095 50
a 420 988 0 9 31
a 420 839 0 7 23
a 420 1037 0 9 39
a 420 1061 0 9 25
a 432 915 0 1095 50
a 432 550 0 2 1
a 432 997 0 9 28
a 432 344 0 2 37
a 432 393 0 5 44
a 432 465 0 7 40
a 432 436 0 9 34
a 432 1097 0 9 34
a 433 117 0 1095 27
a 433 1044 0 6 4
a 433 1160 0 3 10
a 433 26 0 7 37
a 433 1066 0 1 17
a 433 486 0 3 21
a 433 869 0 7 38
a 433 1095 0 7 26
a 433 634 0 10 10
a 433 938 0 8 6
a 433 795 0 2 11
a 438 901 0 1095 50
a 438 700 0 8 45
a 438 389 0 8 19
a 438 298 0 2 27
a 438 1141 0 2 30
a 438 1192 0 4 33
a 438 63 0 3 3
a 438 1133 0 6 14
a 438 1077 0 4 9
a 438 44 0 10 41
a 438 942 0 5 12
a 438 72 0 9 41
a 438 1195 0 10 26
a 438 983 0 1 15
a 446 180 0 1095 16
a 446 574 0 4 35
a 446 1014 0 6 21
a 446 882 0 5 9
a 446 318 0 1 8
a 446 1032 0 5 43
a 446 699 0 8 47
a 446 554 0 7 44
a 446 360 0 4 17
a 446 141 0 10 36
a 446 135 0 10 21
a 446 577 0 9 14
a 446 1162 0 4 31
a 446 52 0 6 9
a 446 907 0 6 17
a 447 228 0 1095 50
a 447 131 0 4 11
a 447 858 0 1 6
a 447 790 0 7 16
a 447 448 0 4 42
a 447 474 0 9 31
a 447 568 0 5 42
a 447 570 0 3 49
a 447 818 0 3 3
a 447 223 0 10 8
a 447 140 0 8 42
a 447 736 0 5 49
a 447 353 0 7 3
a 447 1013 0 4 21
a 447 540 0 2 48
a 448 716 0 1095 49
a 448 884 0 8 12
a 448 86 0 4 25
a 448 271 0 8 39
a 448 710 0 1 21
a 448 968 0 3 9
a 448 868 0 2 28
a 448 904 0 5 24
a 448 674 0 7 26
a 448 46 0 4 39
a 456 103 0 1095 50
a 456 904 0 5 25
a 456 27 0 9 26
a 456 837 0 3 10
a 456 958 0 10 29
a 456 59 0 4 6
a 456 573 0 1 24
a 456 439 0 4 8
a 456 600 0 2 29
a 456 822 0 2 7
a 456 577 0 10 31
a 456 505 0 6 42
a 458 986 0 1095 28
a 458 1120 0 4 39
a 458 648 0 2 19
a 458 1020 0 2 24
a 458 175 0 1 25
a 458 809 0 6 48
a 458 71 0 4 46
a 458 359 0 1 27
a 458 579 0 1 32
a 458 340 0 3 23
a 458 211 0 3 14
a 458 76 0 2 4
a 458 937 0 9 5
a 458 1078 0 3 38
a 458 943 0 9 48
a 465 458 0 1095 50
a 465 1021 0 1 8
a 465 135 0 10 3
a 465 245 0 5 7
a 465 468 0 4 31
a 465 766 0 8 4
a 465 753 0 1 40
a 465 999 0 2 1
a 465 531 0 5 49
a 465 449 0 5 37
a 465 159 0 10 18
a 465 980 0 4 25
a 465 551 0 7 18
a 465 80 0 7 11
a 470 281 0 1095 12
a 470 686 0 8 11
a 470 558 0 2 41
a 470 914 0 8 18
a 470 1096 0 8 19
a 470 120 0 2 5
a 470 1058 0 2 43
a 470 910 0 3 46
a 479 144 0 1095 16
a 479 711 0 9 22
a 479 815 0 2 44
a 479 651 0 1 5
a 479 698 0 3 16
a 479 667 0 2 7
a 479 548 0 1 1
a 479 263 0 3 34
a 479 1028 0 1 47
a 479 509 0 1 27
a 479 738 0 8 13
a 479 795 0 1 39
a 479 949 0 3 37
a 479 663 0 9 32
a 485 632 0 1095 50
a 485 818 0 9 31
a 485 1050 0 5 20
a 490 914 0 1095 50
a 490 976 0 7 30
a 490 296 0 9 27
a 490 403 0 9 13
a 490 636 0 1 18
a 502 768 0 1095 18
a 502 788 0 10 16
a 502 710 0 8 47
a 502 1015 0 2 44
a 502 314 0 7 19
a 502 373 0 2 29
a 502 1162 0 3 44
a 502 1047 0 5 24
a 502 1022 0 5 11
a 502 499 0 10 38
a 502 749 0 8 22
a 502 393 0 4 7
a 511 958 0 1095 50
a 511 148 0 9 10
a 511 344 0 2 48
a 511 643 0 8 8
a 511 340 0 2 41
a 511 1146 0 3 30
a 511 956 0 8 16
a 511 789 0 2 26
a 511 194 0 5 8
a 511 291 0 7 24
a 511 610 0 9 10
a 511 801 0 7 27
a 511 857 0 3 24
a 511 1050 0 10 40
a 511 1084 0 3 12
a 514 312 0 1095 50
a 514 1200 0 10 39
a 514 497 0 7 31
a 514 522 0 10 32
a 514 1088 0 10 1
a 514 467 0 3 9
a 514 1188 0 6 27
a 514 347 0 5 13
a 514 537 0 8 4
a 514 418 0 2 48
a 514 508 0 8 45
a 514 625 0 4 17
a 514 227 0 7 13
a 514 1197 0 7 41
a 514 560 0 2 20
a 519 12 0 1095 50
a 519 1193 0 4 12
a 519 1031 0 6 19
a 519 136 0 3 44
a 522 805 0 1095 50
a 522 144 0 3 33
a 522 335 0 9 39
a 522 842 0 7 28
a 522 478 0 9 25
a 522 904 0 2 32
a 522 566 0 6 25
a 528 145 0 1095 50
a 528 284 0 10 19
a 528 114 0 6 42
a 528 241 0 7 18
a 528 954 0 4 40
a 528 176 0 4 31
a 528 349 0 2 8
a 528 449 0 2 42
a 528 1066 0 9 19
a 528 404 0 5 31
a 528 334 0 3 50
a 528 933 0 2 9
a 529 104 0 1095 9
a 529 120 0 10 40
a 529 467 0 10 7
a 529 204 0 10 30
a 529 762 0 2 13
a 529 537 0 2 38
a 529 512 0 7 8
a 529 332 0 4 37
a 529 793 0 7 11
a 529 713 0 7 5
a 529 26 0 3 11
a 529 227 0 7 28
a 529 1076 0 5 12
a 532 752 0 1095 39
a 532 46 0 1 19
a 532 1007 0 5 49
a 545 522 0 1095 48
a 545 243 0 5 6
a 545 209 0 8 9
a 545 1197 0 9 49
a 575 456 0 1095 50
a 575 422 0 8 19
a 575 954 0 6 23
a 575 1071 0 10 38
a 575 505 0 6 24
a 582 864 0 1095 50
a 582 1075 0 5 27
a 582 828 0 7 44
a 582 956 0 3 49
a 582 1015 0 9 32
a 582 62 0 10 50
a 582 574 0 3 8
a 582 1004 0 3 35
a 582 789 0 2 33
a 582 364 0 8 41
a 582 1089 0 1 24
a 582 471 0 10 43
a 582 169 0 8 7
a 582 391 0 9 6
a 582 473 0 2 44
a 583 889 0 1095 5
a 583 1171 0 7 2
a 583 15 0 4 48
a 583 86 0 3 4
a 583 450 0 7 29
a 583 817 0 8 12
a 583 454 0 6 25
a 583 732 0 7 18
a 583 645 0 2 2
a 583 453 0 10 24
a 583 711 0 6 46
a 583 98 0 3 5
a 583 851 0 9 37
a 583 1173 0 5 25
a 583 1007 0 3 27
a 600 1007 0 1095 20
a 600 242 0 8 34
a 600 50 0 6 1
a 600 1180 0 8 43
a 600 668 0 3 50
a 600 624 0 3 31
a 600 819 0 9 26
a 600 134 0 9 34
a 600 1012 0 10 40
a 600 204 0 3 33
a 600 540 0 10 11
a 600 613 0 10 30
a 600 244 0 1 19
a 600 463 0 2 28
a 600 838 0 10 19
a 608 448 0 1095 50
a 608 1053 0 8 47
a 608 713 0 5 41
a 608 158 0 8 3
a 608 357 0 7 5
a 608 1199 0 2 1
a 608 774 0 5 1
a 608 885 0 1 23
a 608 210 0 6 38
a 608 316 0 9 34
a 608 338 0 1 43
a 608 173 0 3 46
a 608 43 0 7 5
a 608 1096 0 2 42
a 608 309 0 10 33
a 632 1125 0 1095 31
a 632 1064 0 10 39
a 632 89 0 5 25
a 674 1157 0 1095 50
a 674 1151 0 8 11
a 674 344 0 1 12
a 674 684 0 2 24
a 674 1139 0 5 1
a 674 150 0 1 22
a 674 1005 0 3 25
a 674 230 0 2 1
a 674 567 0 5 42
a 674 1063 0 6 4
a 674 1058 0 5 50
a 674 25 0 10 20
a 678 1181 0 1095 32
a 678 152 0 4 21
a 678 872 0 2 16
a 678 1131 0 10 35
a 678 60 0 8 8
a 678 976 0 8 6
a 678 297 0 2 5
a 678 28 0 2 48
a 678 1189 0 7 15
a 678 850 0 5 19
a 678 426 0 7 8
a 678 763 0 2 6
a 678 1190 0 7 34
a 678 468 0 3 6
a 678 644 0 9 42
a 679 1067 0 1095 50
a 679 474 0 7 12
a 689 1089 0 1095 43
a 689 633 0 5 27
a 689 1110 0 8 32
a 689 903 0 9 49
a 689 228 0 7 24
a 689 679 0 1 2
a 689 801 0 4 40
a 689 749 0 2 33
a 689 455 0 5 29
a 689 1143 0 10 5
a 689 510 0 5 30
a 689 1188 0 6 48
a 689 419 0 8 38
a 696 1013 0 1095 2
a 696 1088 0 5 3
a 696 797 0 5 12
a 696 635 0 2 30
a 696 122 0 1 12
a 696 254 0 8 30
a 696 132 0 6 11
a 696 511 0 6 36
a 696 1096 0 10 46
a 696 1137 0 2 12
a 698 1082 0 1095 7
a 698 494 0 7 27
a 698 770 0 9 4
a 698 127 0 2 3
a 698 503 0 8 12
a 698 560 0 3 30
a 698 1063 0 7 44
a 698 1161 0 10 50
a 698 43 0 5 41
a 698 649 0 3 24
a 698 36 0 5 30
a 698 144 0 10 30
a 698 581 0 10 7
a 698 851 0 10 42
a 711 331 0 1095 50
a 711 472 0 8 8
a 711 430 0 6 49
a 713 193 0 1095 26
a 713 298 0 7 32
a 713 1176 0 10 31
a 713 107 0 5 7
a 713 393 0 1 7
a 713 501 0 3 39
a 713 700 0 8 22
a 713 769 0 10 30
a 713 1104 0 6 32
a 716 323 0 1095 38
a 716 44 0 1 10
a 716 662 0 8 37
a 716 436 0 7 35
a 716 1157 0 9 33
a 716 1183 0 8 6
a 717 78 0 1095 50
a 717 726 0 10 50
a 717 950 0 1 38
a 717 273 0 7 26
a 717 843 0 2 50
a 717 425 0 7 13
a 717 882 0 4 24
a 717 1196 0 7 10
a 717 195 0 10 24
a 717 499 0 5 32
a 717 1059 0 6 22
a 737 376 0 1095 50
a 737 497 0 8 35
a 737 630 0 1 47
a 737 682 0 7 27
a 737 638 0 4 30
a 737 510 0 9 39
a 737 328 0 9 8
a 737 957 0 4 29
a 737 680 0 3 20
a 737 91 0 3 46
a 737 726 0 8 34
a 737 176 0 5 4
a 737 108 0 1 6
a 737 1063 0 4 3
a 737 202 0 8 36
a 752 600 0 1095 50
a 752 94 0 7 18
a 752 480 0 9 12
a 752 28 0 2 29
a 752 1128 0 1 24
a 752 947 0 7 39
a 754 447 0 1095 22
a 754 50 0 8 25
a 763 608 0 1095 18
a 763 664 0 2 7
a 763 506 0 2 4
a 763 874 0 6 33
a 763 601 0 7 44
a 763 254 0 9 47
a 763 676 0 6 6
a 763 238 0 10 36
a 763 526 0 5 31
a 763 952 0 7 31
a 763 1095 0 8 14
a 765 532 0 1095 50
a 765 89 0 10 36
a 765 556 0 6 39
a 765 464 0 5 16
a 765 603 0 10 45
a 765 164 0 9 7
a 765 296 0 7 4
a 765 299 0 9 1
a 765 424 0 2 29
a 765 900 0 1 15
a 765 871 0 5 50
a 765 1052 0 2 14
a 765 495 0 8 3
a 765 1139 0 5 18
a 768 696 0 1095 50
a 768 236 0 4 5
a 768 109 0 5 41
a 768 990 0 6 21
a 768 673 0 6 38
a 768 1120 0 8 27
a 770 873 0 1095 50
a 770 452 0 7 20
a 770 632 0 1 18
a 770 572 0 8 10
a 770 1199 0 10 38
a 770 426 0 9 38
a 770 467 0 9 37
a 770 224 0 3 19
a 801 913 0 1095 50
a 801 1083 0 8 38
a 805 33 0 1095 47
a 805 816 0 6 15
a 805 129 0 10 25
a 805 656 0 10 24
a 821 470 0 1095 43
a 821 841 0 5 20
a 821 713 0 9 49
a 821 1160 0 10 27
a 821 1055 0 3 34
a 821 189 0 6 24
a 821 1007 0 4 16
a 821 573 0 5 18
a 864 765 0 1095 50
a 864 1181 0 5 41
a 864 389 0 5 44
a 864 1050 0 5 36
a 864 348 0 8 41
a 864 712 0 3 15
a 864 503 0 3 20
a 864 517 0 4 33
a 864 532 0 7 35
a 864 63 0 2 41
a 864 38 0 5 13
a 864 347 0 9 15
a 873 575 0 1095 38
a 873 375 0 2 10
a 873 216 0 5 50
a 873 755 0 6 46
a 873 591 0 2 9
a 873 290 0 1 23
a 873 478 0 10 17
a 873 561 0 10 31
a 873 476 0 1 30
a 873 501 0 3 6
a 873 649 0 4 8
a 881 545 0 1095 50
a 881 298 0 8 4
a 881 565 0 4 46
a 881 313 0 1 34
a 881 253 0 4 39
a 881 332 0 3 33
a 881 1085 0 3 19
a 885 1062 0 1095 6
a 885 621 0 4 50
a 885 325 0 4 23
a 885 1133 0 8 11
a 885 952 0 1 31
a 885 302 0 6 14
a 885 249 0 4 17
a 885 151 0 10 7
a 885 246 0 8 45
a 885 209 0 1 15
a 885 808 0 3 33
a 888 141 0 1095 50
a 888 77 0 7 36
a 888 412 0 7 13
a 888 870 0 7 7
a 888 490 0 4 1
a 888 645 0 8 19
a 888 1140 0 3 48
a 888 1187 0 4 26
a 888 578 0 8 42
a 888 948 0 6 24
a 888 633 0 1 41
a 888 1157 0 3 22
a 888 728 0 3 31
a 888 575 0 6 23
a 889 490 0 1095 50
a 889 404 0 10 7
a 889 75 0 4 33
a 889 555 0 9 26
a 889 588 0 5 36
a 901 711 0 1095 50
a 901 279 0 5 49
a 901 87 0 5 28
a 901 188 0 1 21
a 901 366 0 7 25
a 909 1065 0 1095 2
a 909 690 0 6 26
a 909 1173 0 2 8
a 909 512 0 8 10
a 909 818 0 9 28
a 909 449 0 8 9
a 911 514 0 1095 47
a 911 272 0 6 39
a 911 1113 0 1 12
a 911 858 0 2 21
a 911 499 0 2 36
a 911 873 0 7 38
a 913 1056 0 1095 50
a 913 91 0 9 37
a 913 522 0 4 5
a 913 95 0 1 33
a 913 863 0 4 10
a 913 835 0 4 36
a 913 209 0 7 15
a 914 61 0 1095 27
a 914 649 0 4 27
a 915 980 0 1095 43
a 915 449 0 8 6
a 915 547 0 10 8
a 941 300 0 1095 50
a 941 353 0 2 5
a 941 580 0 9 48
a 941 955 0 4 37
a 941 511 0 2 29
a 941 1049 0 2 30
a 941 43 0 2 1
a 941 98 0 2 14
a 941 926 0 1 48
a 941 680 0 1 16
a 941 24 0 4 25
a 958 529 0 1095 31
a 958 1002 0 6 48
a 958 228 0 6 12
a 958 417 0 10 32
a 958 366 0 4 28
a 958 687 0 3 41
a 958 39 0 3 29
a 980 519 0 1095 38
a 980 24 0 10 37
a 980 423 0 7 8
a 986 1097 0 1095 50
a 986 668 0 5 38
a 986 59 0 9 23
a 986 942 0 3 21
a 986 783 0 8 34
a 986 684 0 4 20
a 986 342 0 7 17
a 986 1039 0 7 5
a 986 829 0 4 44
a 1007 293 0 1095 50
a 1007 445 0 2 11
a 1013 343 0 1095 21
a 1013 341 0 5 21
a 1013 118 0 3 29
a 1021 349 0 1095 36
a 1021 569 0 8 40
a 1021 102 0 9 47
a 1021 888 0 8 17
a 1021 12 0 5 29
a 1021 235 0 10 21
a 1037 801 0 1095 50
a 1037 260 0 7 16
a 1037 172 0 1 40
a 1037 524 0 4 19
a 1037 652 0 8 48
a 1037 107 0 8 13
a 1037 205 0 8 27
a 1037 112 0 8 42
a 1037 1197 0 4 43
a 1052 528 0 1095 49
a 1052 975 0 2 16
a 1052 810 0 4 49
a 1052 522 0 7 45
a 1052 416 0 3 15
a 1052 953 0 9 16
a 1052 806 0 4 22
a 1052 591 0 8 5
a 1052 737 0 5 35
a 1052 693 0 9 40
a 1052 1186 0 4 42
a 1052 779 0 1 12
a 1055 420 0 1095 50
a 1055 258 0 8 21
a 1055 971 0 5 25
a 1055 1064 0 2 34
a 1055 1027 0 9 34
a 1055 617 0 2 50
a 1055 986 0 8 48
a 1056 407 0 1095 22
a 1056 591 0 7 27
a 1056 883 0 6 1
a 1056 26 0 2 29
a 1056 1024 0 9 9
a 1056 197 0 6 12
a 1056 30 0 10 48
a 1056 21 0 8 19
a 1056 335 0 3 44
a 1056 289 0 5 29
a 1056 107 0 7 29
a 1056 694 0 10 37
a 1056 765 0 8 16
a 1062 385 0 1095 47
a 1062 1033 0 10 40
a 1062 804 0 9 19
a 1062 928 0 6 1
a 1062 744 0 7 6
a 1062 977 0 10 33
a 1062 293 0 3 25
a 1065 163 0 1095 18
a 1065 1051 0 6 34
a 1065 827 0 10 45
a 1065 424 0 9 41
a 1065 782 0 4 49
a 1065 811 0 10 23
a 1067 465 0 1095 50
a 1067 1020 0 5 38
a 1067 555 0 8 45
a 1067 563 0 5 42
a 1067 132 0 10 27
a 1067 457 0 1 45
a 1067 174 0 8 30
a 1067 829 0 9 47
a 1067 223 0 1 23
a 1067 528 0 6 5
a 1067 592 0 8 44
a 1067 939 0 6 42
a 1072 717 0 1095 50
a 1072 309 0 2 22
a 1072 556 0 2 49
a 1072 637 0 10 34
a 1072 500 0 8 27
a 1072 242 0 10 36
a 1072 297 0 5 16
a 1072 281 0 10 50
a 1072 399 0 9 5
a 1082 485 0 1095 10
a 1082 1144 0 5 50
a 1082 262 0 7 21
a 1082 577 0 6 21
a 1082 1093 0 10 3
a 1085 250 0 1095 41
a 1085 634 0 10 24
a 1085 624 0 7 18
a 1085 649 0 1 29
a 1085 744 0 2 39
a 1085 396 0 7 40
a 1085 186 0 2 16
a 1085 717 0 1 42
a 1085 537 0 5 45
a 1085 906 0 7 48
a 1085 608 0 5 48
a 1085 464 0 5 43
a 1089 374 0 1095 50
a 1089 340 0 7 29
a 1089 726 0 8 6
a 1089 817 0 2 42
a 1089 323 0 7 49
a 1097 57 0 1095 50
a 1097 925 0 9 34
a 1097 862 0 8 8
a 1125 678 0 1095 50
a 1125 914 0 3 4
a 1125 543 0 2 26
a 1125 916 0 1 2
a 1125 579 0 4 14
a 1125 140 0 4 39
a 1125 870 0 2 11
a 1125 1059 0 5 48
a 1125 562 0 2 29
a 1125 251 0 7 31
a 1125 741 0 5 7
a 1125 806 0 5 25
a 1144 1037 0 1095 17
a 1144 105 0 5 9
a 1144 1115 0 10 14
a 1144 338 0 7 47
a 1144 1100 0 10 29
a 1144 242 0 4 50
a 1144 451 0 2 10
a 1144 669 0 4 23
a 1144 661 0 3 49
a 1144 447 0 8 7
a 1144 1114 0 10 6
a 1157 21 0 1095 50
a 1157 715 0 6 48
a 1157 1094 0 7 30
a 1157 707 0 4 40
a 1157 297 0 10 28
a 1157 780 0 5 46
a 1157 815 0 4 45
a 1157 968 0 3 49
a 1157 1163 0 9 27
a 1157 552 0 7 37
a 1157 842 0 2 29
a 1181 737 0 1095 48
a 1181 1193 0 1095 36
a 1181 336 0 2 45
a 1181 320 0 10 9
a 1181 104 0 2 9
a 1181 592 0 7 36
a 1181 536 0 2 13
a 1181 726 0 9 33
a 1181 884 0 8 20
a 8 859 0 535 50
a 8 1154 0 6 21
a 8 1151 0 5 9
a 8 494 0 1 40
a 8 38 0 10 7
a 8 539 0 4 16
a 8 292 0 8 19
a 8 385 0 1 6
a 15 585 0 535 50
a 15 618 0 4 13
a 15 852 0 10 8
a 15 345 0 1 33
a 15 1166 0 1 32
a 15 134 0 5 6
a 15 997 0 4 25
a 15 754 0 5 11
a 15 703 0 6 50
a 15 384 0 9 7
a 15 966 0 4 3
a 15 918 0 1 5
a 26 64 0 535 42
a 26 868 0 7 46
a 26 19 0 5 18
a 26 1009 0 4 8
a 26 791 0 9 22
a 26 329 0 3 3
a 26 341 0 9 40
a 26 162 0 8 41
a 26 753 0 5 36
a 26 249 0 4 18
a 26 352 0 5 44
a 26 1123 0 7 43
a 26 506 0 3 14
a 26 75 0 9 46
a 26 512 0 5 39
a 30 400 0 535 50
a 30 706 0 8 35
a 30 119 0 4 33
a 30 186 0 9 33
a 30 1139 0 2 6
a 30 450 0 1 48
a 30 1016 0 3 36
a 47 389 0 535 50
a 47 216 0 9 21
a 47 406 0 3 41
a 47 430 0 10 46
a 47 377 0 2 41
a 47 884 0 8 13
a 47 1110 0 9 33
a 64 445 0 535 11
a 64 943 0 2 13
a 72 652 0 535 47
a 72 762 0 2 35
a 72 985 0 8 18
a 72 716 0 10 16
a 72 803 0 4 2
a 72 615 0 9 13
a 72 1050 0 2 19
a 72 593 0 3 28
a 73 697 0 535 50
a 73 667 0 1 35
a 73 485 0 1 20
a 73 692 0 10 44
a 73 972 0 10 13
a 73 510 0 4 22
a 73 170 0 4 4
a 73 90 0 1 35
a 73 698 0 10 49
a 73 686 0 10 27
a 73 1059 0 2 42
a 73 392 0 6 19
a 92 305 0 535 50
a 92 886 0 8 16
a 92 552 0 8 50
a 92 519 0 4 42
a 92 122 0 8 19
a 92 1132 0 1 35
a 92 191 0 8 32
a 92 832 0 9 12
a 92 1160 0 4 1
a 92 1150 0 8 6
a 92 769 0 4 30
a 92 72 0 10 44
a 92 872 0 6 42
a 92 692 0 10 11
a 102 838 0 535 7
a 102 761 0 4 17
a 102 719 0 4 11
a 108 319 0 535 6
a 108 569 0 3 3
a 108 566 0 10 16
a 108 156 0 6 1
a 108 388 0 8 9
a 124 551 0 535 50
a 124 766 0 5 31
a 124 1076 0 10 7
a 124 499 0 7 16
a 130 833 0 535 50
a 130 679 0 5 35
a 130 910 0 10 14
a 130 1087 0 2 10
a 130 704 0 9 6
a 130 897 0 6 4
a 130 349 0 3 42
a 130 333 0 10 3
a 130 891 0 5 49
a 130 744 0 3 4
a 130 109 0 2 14
a 130 816 0 8 2
a 130 149 0 3 35
a 130 417 0 7 26
a 135 1014 0 535 33
a 135 642 0 4 4
a 135 830 0 10 6
a 135 998 0 5 30
a 135 341 0 6 22
a 136 1163 0 535 50
a 136 1187 0 3 43
a 136 476 0 6 20
a 136 931 0 5 38
a 136 146 0 10 42
a 136 508 0 8 9
a 136 913 0 3 37
a 136 1156 0 4 38
a 158 1048 0 535 40
a 158 188 0 4 4
a 158 837 0 6 48
a 198 699 0 535 46
a 198 546 0 3 22
a 211 1095 0 535 9
a 211 250 0 9 6
a 211 374 0 6 3
a 211 357 0 10 30
a 211 441 0 1 37
a 211 623 0 4 38
a 211 60 0 10 4
a 211 28 0 3 23
a 211 1155 0 8 45
a 211 489 0 6 35
a 211 1074 0 4 27
a 211 300 0 3 34
a 211 795 0 10 15
a 211 1085 0 3 33
a 211 403 0 8 26
a 218 211 0 535 50
a 218 765 0 9 48
a 222 26 0 535 50
a 222 127 0 3 47
a 222 467 0 8 26
a 222 469 0 4 29
a 222 216 0 3 21
a 222 408 0 8 40
a 222 377 0 1 36
a 222 991 0 9 20
a 222 1097 0 7 4
a 222 372 0 10 42
a 222 724 0 1 17
a 222 978 0 1 27
a 222 97 0 2 49
a 229 136 0 535 8
a 229 944 0 4 42
a 229 1181 0 8 3
a 229 1176 0 2 29
a 229 466 0 3 43
a 229 766 0 1 31
a 235 257 0 535 9
a 235 173 0 6 18
a 235 1138 0 3 27
a 238 890 0 535 50
a 238 1087 0 1 36
a 238 251 0 4 10
a 238 1011 0 6 49
a 238 357 0 3 17
a 238 716 0 7 30
a 238 108 0 8 41
a 238 792 0 2 47
a 238 858 0 4 29
a 238 164 0 9 44
a 238 893 0 8 7
a 238 176 0 2 13
a 238 493 0 6 18
a 238 824 0 5 1
a 238 385 0 7 31
a 243 649 0 535 35
a 243 702 0 10 2
a 243 660 0 10 17
a 243 1116 0 4 44
a 257 990 0 535 50
a 257 983 0 3 39
a 257 1067 0 1 14
a 257 817 0 9 1
a 266 158 0 535 38
a 266 1066 0 10 39
a 266 725 0 7 16
a 266 998 0 7 34
a 266 835 0 10 49
a 266 567 0 6 19
a 266 40 0 9 44
a 266 718 0 1 34
a 266 1027 0 7 7
a 266 890 0 10 3
a 266 739 0 10 35
a 266 607 0 10 9
a 266 991 0 6 15
a 266 1180 0 4 20
a 271 739 0 535 3
a 271 1084 0 8 10
a 271 921 0 6 11
a 271 933 0 9 44
a 271 979 0 10 32
a 271 1061 0 8 7
a 271 1127 0 3 40
a 271 535 0 4 27
a 271 898 0 1 25
a 271 598 0 8 2
a 271 237 0 9 32
a 271 251 0 6 30
a 271 1003 0 4 8
a 275 276 0 535 31
a 275 609 0 8 12
a 275 689 0 8 7
a 275 1006 0 2 23
a 275 966 0 8 28
a 275 171 0 6 44
a 275 64 0 10 29
a 276 72 0 535 18
a 276 184 0 1 14
a 276 557 0 3 5
a 276 1193 0 9 19
a 276 856 0 9 44
a 276 430 0 3 29
a 276 93 0 3 2
a 276 663 0 10 14
a 276 239 0 2 39
a 277 238 0 535 40
a 277 183 0 10 40
a 305 408 0 535 20
a 305 847 0 10 1
a 305 935 0 8 50
a 305 728 0 9 4
a 305 906 0 7 1
a 305 316 0 4 36
a 305 712 0 8 17
a 305 862 0 3 17
a 305 999 0 9 47
a 305 701 0 6 36
a 305 281 0 4 48
a 305 933 0 9 8
a 305 1147 0 3 27
a 314 1161 0 535 50
a 314 94 0 9 4
a 319 449 0 535 22
a 319 932 0 8 25
a 319 666 0 9 20
a 319 669 0 9 20
a 319 246 0 9 8
a 319 393 0 2 48
a 319 335 0 10 29
a 319 864 0 6 38
a 319 1077 0 8 33
a 346 744 0 535 50
a 346 515 0 5 7
a 346 548 0 5 13
a 346 102 0 2 30
a 346 119 0 2 43
a 346 509 0 10 1
a 346 563 0 10 8
a 346 834 0 1 31
a 346 333 0 10 25
a 346 1165 0 5 23
a 346 863 0 4 21
a 346 299 0 10 2
a 375 275 0 535 8
a 375 1198 0 6 18
a 375 892 0 7 14
a 375 399 0 10 5
a 375 1046 0 5 9
a 375 37 0 5 20
a 375 1119 0 8 44
a 375 363 0 3 7
a 375 492 0 2 19
a 375 930 0 8 11
a 375 410 0 3 14
a 377 198 0 535 39
a 377 271 0 1 2
a 377 827 0 1 27
a 377 1179 0 1 16
a 377 22 0 4 11
a 377 233 0 10 14
a 377 956 0 4 41
a 377 487 0 5 6
a 377 680 0 6 7
a 377 317 0 7 35
a 389 394 0 535 50
a 389 265 0 3 26
a 389 611 0 1 7
a 389 702 0 3 20
a 389 800 0 8 7
a 389 979 0 2 8
a 389 548 0 1 36
a 389 1152 0 8 35
a 389 430 0 9 26
a 389 790 0 2 37
a 389 353 0 8 6
a 389 601 0 7 2
a 389 777 0 2 22
a 389 573 0 7 5
a 389 462 0 8 16
a 393 1198 0 535 32
a 393 44 0 4 2
a 393 889 0 10 37
a 393 940 0 8 45
a 393 657 0 5 41
a 393 1123 0 2 33
a 393 247 0 7 1
a 393 318 0 5 33
a 393 441 0 4 48
a 393 963 0 6 16
a 393 1001 0 3 8
a 393 201 0 2 15
a 394 638 0 535 47
a 394 917 0 6 38
a 394 793 0 8 32
a 394 510 0 4 7
a 394 652 0 7 10
a 394 106 0 2 3
a 396 346 0 535 40
a 396 872 0 4 44
a 396 754 0 5 36
a 396 1027 0 7 13
a 396 336 0 6 25
a 396 915 0 9 14
a 396 977 0 2 47
a 396 949 0 1 28
a 396 269 0 6 39
a 396 97 0 7 26
a 396 1127 0 1 9
a 396 1084 0 4 25
a 396 105 0 6 35
a 400 102 0 535 40
a 400 1166 0 4 8
a 400 1150 0 4 2
a 400 294 0 5 41
a 400 927 0 4 42
a 400 199 0 2 50
a 400 678 0 1 9
a 400 963 0 9 45
a 400 532 0 1 29
a 400 403 0 1 2
a 400 506 0 2 10
a 406 454 0 535 50
a 406 225 0 7 32
a 406 712 0 8 31
a 406 395 0 9 49
a 406 317 0 6 2
a 406 160 0 10 28
a 406 1140 0 3 35
a 406 1150 0 8 15
a 406 1189 0 7 8
a 406 479 0 7 13
a 406 271 0 7 21
a 406 144 0 10 36
a 406 209 0 4 37
a 406 729 0 7 36
a 408 1104 0 535 50
a 408 590 0 9 34
a 408 955 0 8 5
a 421 222 0 535 18
a 421 1082 0 7 44
a 421 558 0 8 35
a 421 89 0 6 12
a 421 249 0 9 30
a 421 794 0 1 46
a 421 867 0 3 25
a 421 245 0 1 2
a 421 1016 0 8 14
a 421 550 0 6 38
a 421 1122 0 4 33
a 421 149 0 5 49
a 421 130 0 6 16
a 421 675 0 9 6
a 444 124 0 535 45
a 444 735 0 1 17
a 444 1044 0 7 38
a 444 1038 0 3 42
a 444 565 0 8 30
a 444 62 0 8 18
a 444 850 0 5 4
a 444 363 0 6 31
a 444 961 0 5 31
a 444 894 0 5 32
a 445 1084 0 535 50
a 445 232 0 6 30
a 445 543 0 5 30
a 445 863 0 2 7
a 449 547 0 535 12
a 449 291 0 6 16
a 449 513 0 3 48
a 449 98 0 7 14
a 449 477 0 8 10
a 449 175 0 9 26
a 449 773 0 3 48
a 452 702 0 535 50
a 452 188 0 8 18
a 452 127 0 6 50
a 452 434 0 10 1
a 452 1183 0 10 11
a 452 734 0 2 13
a 452 493 0 5 39
a 452 726 0 7 36
a 452 1152 0 8 17
a 452 765 0 8 44
a 452 48 0 1 48
a 454 47 0 535 3
a 454 535 0 8 45
a 454 271 0 9 36
a 454 1166 0 5 10
a 454 655 0 1 31
a 454 436 0 7 20
a 454 306 0 9 8
a 468 667 0 535 36
a 468 293 0 10 31
a 468 228 0 2 47
a 468 125 0 2 10
a 468 540 0 7 13
a 468 571 0 1 33
a 468 808 0 10 15
a 468 155 0 7 8
a 468 369 0 7 6
a 483 1045 0 535 50
a 483 721 0 10 7
a 483 964 0 7 42
a 483 819 0 10 17
a 483 921 0 5 36
a 483 439 0 3 27
a 486 406 0 535 50
a 486 45 0 9 40
a 486 1161 0 9 2
a 486 1128 0 2 2
a 486 591 0 1 41
a 504 736 0 535 50
a 504 419 0 3 47
a 504 251 0 9 40
a 547 897 0 535 50
a 547 618 0 1 42
a 547 835 0 1 50
a 547 213 0 2 22
a 551 1074 0 535 50
a 551 262 0 2 50
a 551 246 0 7 20
a 551 1126 0 1 6
a 551 185 0 4 19
a 551 1184 0 6 39
a 551 914 0 7 27
a 551 1038 0 4 47
a 551 712 0 2 42
a 551 850 0 2 7
a 551 710 0 2 47
a 551 497 0 5 46
a 551 283 0 6 40
a 551 241 0 3 30
a 556 243 0 535 20
a 556 1200 0 535 50
a 556 855 0 10 19
a 556 63 0 4 47
a 556 549 0 6 36
a 561 421 0 535 50
a 561 407 0 9 1
a 561 470 0 10 16
a 561 1134 0 2 39
a 561 594 0 4 42
a 561 487 0 9 31
a 561 936 0 2 41
a 561 1037 0 6 13
a 585 108 0 535 50
a 585 123 0 3 4
a 585 1130 0 5 2
a 585 341 0 6 48
a 585 694 0 7 17
a 585 175 0 2 45
a 585 926 0 6 4
a 585 1177 0 6 26
a 585 72 0 6 22
a 585 721 0 8 37
a 585 43 0 2 19
a 585 762 0 10 25
a 591 393 0 535 50
a 591 1061 0 9 23
a 591 1093 0 3 8
a 591 12 0 1 14
a 591 687 0 4 19
a 591 829 0 7 35
a 591 936 0 7 46
a 591 248 0 9 3
a 598 904 0 535 50
a 598 923 0 1 3
a 615 775 0 535 43
a 615 341 0 3 5
a 615 666 0 2 38
a 615 859 0 10 21
a 615 1034 0 9 23
a 615 1136 0 10 38
a 615 272 0 4 36
a 615 908 0 7 44
a 615 37 0 5 21
a 624 444 0 535 50
a 624 517 0 4 24
a 624 1088 0 3 22
a 624 673 0 4 29
a 624 782 0 1 2
a 624 539 0 10 34
a 624 792 0 2 5
a 624 688 0 5 16
a 624 295 0 6 16
a 624 1080 0 1 1
a 624 28 0 5 12
a 624 921 0 9 27
a 624 106 0 4 3
a 624 814 0 8 20
a 624 1121 0 4 27
a 638 591 0 535 50
a 638 1048 0 10 37
a 638 707 0 9 48
a 638 906 0 2 43
a 649 130 0 535 50
a 649 88 0 10 32
a 649 955 0 10 34
a 649 69 0 1 35
a 649 348 0 1 39
a 649 410 0 3 24
a 649 537 0 8 15
a 649 109 0 6 14
a 652 774 0 535 50
a 652 864 0 10 49
a 652 45 0 4 23
a 652 315 0 8 34
a 652 424 0 1 28
a 652 726 0 3 48
a 652 520 0 1 47
a 657 1009 0 535 27
a 657 284 0 5 44
a 657 633 0 1 7
a 657 1087 0 8 10
a 657 828 0 5 42
a 657 761 0 10 31
a 657 151 0 3 39
a 657 1159 0 5 8
a 657 976 0 3 29
a 657 1138 0 3 14
a 657 336 0 4 8
a 667 1127 0 535 19
a 667 575 0 2 36
a 667 788 0 3 13
a 667 447 0 2 1
a 667 387 0 7 42
a 667 969 0 1 30
a 667 65 0 3 45
a 667 613 0 6 22
a 669 561 0 535 37
a 669 423 0 5 33
a 669 1023 0 7 15
a 680 732 0 535 25
a 680 920 0 1 29
a 680 202 0 5 13
a 680 629 0 5 36
a 680 1163 0 2 48
a 680 241 0 5 40
a 680 468 0 5 38
a 680 689 0 9 38
a 680 1123 0 4 19
a 680 59 0 6 32
a 687 277 0 535 50
a 687 338 0 7 48
a 687 746 0 7 31
a 687 792 0 10 44
a 687 1115 0 7 50
a 687 1159 0 6 49
a 687 340 0 4 30
a 687 783 0 4 2
a 687 527 0 5 27
a 687 182 0 7 26
a 687 913 0 9 29
a 687 491 0 2 23
a 687 790 0 9 37
a 687 98 0 8 40
a 697 902 0 535 50
a 697 122 0 9 30
a 697 92 0 6 42
a 697 201 0 9 20
a 697 877 0 5 6
a 697 40 0 1 36
a 697 266 0 1 8
a 699 1119 0 535 29
a 699 919 0 7 32
a 699 414 0 9 2
a 699 1070 0 6 44
a 699 489 0 8 7
a 699 723 0 6 27
a 699 557 0 8 6
a 699 475 0 10 8
a 699 827 0 7 37
a 699 524 0 9 8
a 702 657 0 535 22
a 702 648 0 3 3
a 702 639 0 10 47
a 702 424 0 4 12
a 702 729 0 1 5
a 702 837 0 9 23
a 702 1015 0 3 34
a 702 726 0 9 40
a 702 891 0 5 27
a 702 346 0 1 8
a 702 26 0 5 8
a 732 468 0 535 28
a 732 660 0 9 20
a 732 783 0 2 26
a 732 914 0 7 2
a 732 1036 0 5 35
a 732 417 0 2 27
a 732 835 0 10 32
a 732 232 0 9 30
a 732 134 0 3 45
a 736 271 0 535 50
a 736 567 0 9 7
a 736 557 0 10 3
a 736 378 0 7 38
a 736 705 0 6 49
a 739 1076 0 535 19
a 739 213 0 5 11
a 739 850 0 3 37
a 739 332 0 8 34
a 739 198 0 3 49
a 739 254 0 10 15
a 739 1173 0 1 23
a 739 146 0 1 46
a 739 220 0 2 29
a 741 30 0 535 50
a 741 708 0 9 30
a 741 66 0 9 8
a 741 901 0 1 43
a 741 65 0 10 47
a 741 889 0 5 20
a 741 437 0 1 9
a 741 260 0 4 2
a 741 336 0 8 29
a 741 809 0 6 25
a 741 187 0 9 31
a 741 943 0 4 31
a 744 229 0 535 34
a 744 114 0 4 17
a 744 93 0 10 13
a 744 1166 0 7 45
a 744 935 0 8 11
a 744 701 0 10 32
a 744 717 0 1 3
a 744 297 0 1 23
a 744 305 0 5 49
a 744 556 0 10 19
a 744 1016 0 5 19
a 744 994 0 9 11
a 744 1048 0 2 30
a 774 377 0 535 38
a 774 332 0 10 14
a 774 72 0 4 48
a 774 1023 0 4 8
a 774 82 0 9 30
a 774 1105 0 9 14
a 774 210 0 3 35
a 774 902 0 7 50
a 774 222 0 6 40
a 774 404 0 1 10
a 774 176 0 3 10
a 774 406 0 10 32
a 774 714 0 1 15
a 775 741 0 535 13
a 775 763 0 4 1
a 775 866 0 8 28
a 775 1169 0 6 7
a 779 396 0 535 1
a 779 624 0 3 40
a 779 1032 0 3 13
a 779 527 0 1 35
a 779 646 0 9 40
a 779 680 0 2 41
a 779 873 0 6 19
a 779 786 0 7 14
a 779 751 0 2 20
a 779 1038 0 6 4
a 802 1027 0 535 50
a 802 105 0 7 48
a 813 680 0 535 24
a 813 69 0 8 15
a 813 1180 0 2 28
a 813 577 0 1 17
a 813 251 0 4 23
a 813 1157 0 6 22
a 813 115 0 9 5
a 813 173 0 8 50
a 818 966 0 535 33
a 818 162 0 3 37
a 818 562 0 10 32
a 818 412 0 6 12
a 818 203 0 10 16
a 818 250 0 4 5
a 818 721 0 7 21
a 833 1025 0 535 50
a 833 789 0 7 27
a 838 375 0 535 28
a 838 1188 0 5 17
a 838 629 0 6 5
a 838 816 0 9 18
a 838 1031 0 1 8
a 838 410 0 1 21
a 838 659 0 5 47
a 838 898 0 6 29
a 838 71 0 9 27
a 838 612 0 1 39
a 838 617 0 2 2
a 838 573 0 5 26
a 838 661 0 9 16
a 838 1061 0 9 29
a 859 556 0 535 3
a 859 743 0 8 17
a 859 310 0 1 48
a 859 594 0 8 36
a 890 962 0 535 35
a 890 79 0 6 13
a 890 142 0 8 9
a 890 322 0 3 8
a 890 407 0 5 26
a 890 508 0 2 28
a 897 818 0 535 28
a 897 555 0 4 23
a 897 616 0 5 28
a 897 760 0 7 14
a 897 438 0 2 24
a 897 1077 0 3 7
a 897 118 0 9 47
a 897 729 0 2 8
a 897 450 0 1 46
a 897 1144 0 7 19
a 897 1054 0 2 9
a 902 933 0 535 14
a 902 572 0 3 28
a 902 58 0 1 17
a 902 159 0 2 39
a 902 312 0 4 46
a 902 805 0 8 42
a 902 1193 0 6 42
a 902 1113 0 1 44
a 902 339 0 4 13
a 903 624 0 535 22
a 903 54 0 3 36
a 903 613 0 8 12
a 903 51 0 9 47
a 903 1090 0 6 16
a 903 417 0 5 7
a 903 272 0 6 44
a 904 1122 0 535 28
a 904 840 0 5 5
a 904 622 0 3 34
a 904 1140 0 6 15
a 904 834 0 4 38
a 904 578 0 10 9
a 904 77 0 7 41
a 904 785 0 9 18
a 904 717 0 8 14
a 904 575 0 10 7
a 904 350 0 9 26
a 904 636 0 7 40
a 933 669 0 535 50
a 933 418 0 10 16
a 933 305 0 3 38
a 933 995 0 5 43
a 933 979 0 5 32
a 933 121 0 1 44
a 933 21 0 10 29
a 933 1150 0 9 8
a 933 984 0 9 38
a 933 1000 0 7 36
a 933 117 0 10 7
a 962 235 0 535 44
a 962 19 0 4 6
a 962 1186 0 10 20
a 962 337 0 1 38
a 962 244 0 3 34
a 962 392 0 1 34
a 962 218 0 1 9
a 962 824 0 10 4
a 962 193 0 2 14
a 962 255 0 9 39
a 962 553 0 4 29
a 966 218 0 535 50
a 966 475 0 2 36
a 966 798 0 4 10
a 966 546 0 1 14
a 966 304 0 2 10
a 966 587 0 7 21
a 966 295 0 2 49
a 966 656 0 6 44
a 966 713 0 6 11
a 966 606 0 9 17
a 966 357 0 4 8
a 966 630 0 1 39
a 966 91 0 8 43
a 966 812 0 5 46
a 990 903 0 535 50
a 990 1020 0 10 12
a 990 182 0 6 43
a 990 859 0 7 28
a 990 1068 0 7 20
a 990 434 0 6 31
a 990 866 0 8 15
a 990 1083 0 8 37
a 990 917 0 10 7
a 990 101 0 8 49
a 990 981 0 5 38
a 990 178 0 6 43
a 1009 483 0 535 41
a 1009 1118 0 6 44
a 1009 922 0 8 46
a 1009 657 0 8 2
a 1009 883 0 9 9
a 1009 666 0 8 46
a 1009 121 0 8 27
a 1009 644 0 2 10
a 1009 27 0 5 30
a 1009 771 0 5 30
a 1009 377 0 8 48
a 1014 92 0 535 50
a 1014 909 0 2 35
a 1014 430 0 4 29
a 1014 469 0 4 2
a 1014 669 0 10 47
a 1014 420 0 3 43
a 1014 362 0 7 10
a 1014 922 0 4 48
a 1025 1051 0 535 50
a 1025 181 0 8 31
a 1025 143 0 6 13
a 1025 457 0 8 11
a 1025 335 0 9 8
a 1027 73 0 535 47
a 1027 729 0 6 4
a 1027 1108 0 8 7
a 1027 483 0 3 5
a 1027 420 0 6 9
a 1027 798 0 2 10
a 1027 1066 0 6 46
a 1027 276 0 10 10
a 1027 397 0 3 4
a 1027 537 0 4 39
a 1027 847 0 10 1
a 1027 204 0 4 2
a 1027 99 0 2 28
a 1027 849 0 4 20
a 1045 15 0 535 22
a 1045 1129 0 2 30
a 1045 309 0 1 39
a 1045 1069 0 2 26
a 1045 155 0 4 6
a 1045 689 0 2 23
a 1045 521 0 3 10
a 1048 813 0 535 23
a 1048 582 0 8 42
a 1048 673 0 6 44
a 1048 507 0 9 30
a 1048 163 0 10 37
a 1048 21 0 8 26
a 1048 930 0 6 21
a 1048 935 0 6 48
a 1048 71 0 4 31
a 1048 443 0 10 3
a 1048 596 0 9 23
a 1048 393 0 1 22
a 1048 396 0 10 40
a 1048 1138 0 3 13
a 1051 135 0 535 2
a 1051 637 0 10 6
a 1051 635 0 5 34
a 1051 517 0 7 24
a 1051 779 0 1 11
a 1074 802 0 535 50
a 1074 1126 0 4 12
a 1074 837 0 1 10
a 1074 840 0 10 6
a 1074 88 0 10 3
a 1076 266 0 535 50
a 1076 397 0 6 50
a 1076 672 0 8 47
a 1076 825 0 10 20
a 1076 816 0 7 32
a 1076 1018 0 10 1
a 1076 804 0 5 7
a 1076 1104 0 3 8
a 1084 314 0 535 30
a 1084 1078 0 7 48
a 1084 431 0 1 47
a 1084 595 0 5 41
a 1084 163 0 9 8
a 1084 77 0 8 15
a 1084 1147 0 5 44
a 1084 254 0 4 13
a 1084 1041 0 4 21
a 1084 93 0 6 27
a 1084 196 0 1 35
a 1084 851 0 5 25
a 1084 485 0 7 8
a 1084 1121 0 3 2
a 1095 486 0 535 34
a 1095 645 0 4 11
a 1095 234 0 9 6
a 1095 595 0 1 36
a 1104 504 0 535 50
a 1104 737 0 5 29
a 1104 304 0 2 38
a 1104 1149 0 5 25
a 1104 1148 0 3 46
a 1104 1035 0 1 20
a 1104 307 0 5 42
a 1104 699 0 1 46
a 1104 884 0 6 7
a 1104 901 0 10 11
a 1119 779 0 535 50
a 1119 217 0 3 19
a 1119 658 0 1 37
a 1119 1121 0 10 24
a 1122 687 0 535 3
a 1122 1167 0 4 15
a 1122 891 0 3 50
a 1122 455 0 7 41
a 1122 562 0 7 43
a 1127 615 0 535 50
a 1127 746 0 3 18
a 1127 301 0 9 41
a 1127 450 0 1 2
a 1127 556 0 3 13
a 1127 426 0 8 32
a 1127 235 0 4 28
a 1127 1153 0 10 33
a 1127 89 0 9 24
a 1127 462 0 4 31
a 1127 733 0 9 17
a 1127 470 0 3 7
a 1127 26 0 10 16
a 1130 452 0 535 20
a 1130 57 0 6 40
a 1130 185 0 1 37
a 1130 589 0 3 37
a 1130 783 0 10 5
a 1161 1130 0 535 50
a 1161 899 0 9 25
a 1161 1131 0 3 43
a 1163 598 0 535 18
a 1163 809 0 1 31
a 1163 1027 0 10 27
a 1163 1112 0 7 50
a 1163 167 0 1 50
a 9 1075 0 318 50
a 9 1132 0 9 45
a 9 632 0 10 45
a 9 469 0 5 46
a 9 351 0 4 43
a 11 992 0 318 14
a 11 1170 0 10 2
a 11 428 0 8 47
a 11 874 0 8 40
a 11 859 0 5 49
a 11 797 0 8 43
a 11 88 0 4 16
a 20 603 0 318 50
a 20 611 0 7 23
a 20 99 0 10 18
a 20 240 0 6 18
a 20 151 0 4 40
a 20 386 0 9 2
a 20 170 0 5 34
a 20 738 0 6 49
a 20 419 0 1 38
a 32 655 0 318 50
a 32 935 0 3 12
a 32 159 0 8 36
a 32 843 0 6 42
a 32 677 0 1 28
a 32 1105 0 5 43
a 32 1079 0 4 13
a 32 1174 0 7 19
a 32 388 0 7 46
a 32 1130 0 5 14
a 32 704 0 8 35
a 32 854 0 2 9
a 32 261 0 1 21
a 34 640 0 318 50
a 34 638 0 3 21
a 34 583 0 2 36
a 34 153 0 1 2
a 34 728 0 3 24
a 34 336 0 9 2
a 34 961 0 7 38
a 34 888 0 4 21
a 41 559 0 318 36
a 41 223 0 4 12
a 41 40 0 6 4
a 45 85 0 318 34
a 45 842 0 3 25
a 45 1034 0 7 26
a 45 462 0 5 49
a 45 452 0 4 46
a 45 245 0 9 35
a 45 198 0 8 39
a 45 781 0 5 4
a 45 1026 0 4 41
a 45 424 0 7 43
a 56 793 0 318 40
a 56 63 0 2 14
a 56 555 0 3 17
a 56 609 0 2 28
a 56 100 0 7 22
a 56 383 0 4 12
a 56 733 0 10 30
a 56 678 0 2 20
a 56 349 0 9 14
a 56 950 0 2 3
a 56 1094 0 2 20
a 56 540 0 4 31
a 69 599 0 318 40
a 69 1029 0 10 16
a 69 858 0 2 23
a 69 1196 0 5 25
a 69 1046 0 7 27
a 69 55 0 10 9
a 69 456 0 5 32
a 69 676 0 10 43
a 69 354 0 8 15
a 69 121 0 4 22
a 84 499 0 318 6
a 84 337 0 10 37
a 84 323 0 7 40
a 84 1156 0 3 6
a 84 1011 0 4 11
a 85 1162 0 318 50
a 85 369 0 10 41
a 101 333 0 318 50
a 101 877 0 4 1
a 101 538 0 7 26
a 101 1066 0 5 27
a 101 97 0 1 45
a 101 467 0 5 21
a 101 844 0 8 50
a 107 620 0 318 50
a 107 198 0 3 13
a 107 909 0 8 2
a 107 1109 0 10 40
a 107 1010 0 5 20
a 107 1027 0 9 49
a 107 919 0 3 6
a 107 1184 0 7 1
a 107 462 0 1 17
a 107 451 0 8 14
a 107 543 0 8 47
a 107 18 0 5 33
a 115 416 0 318 27
a 115 131 0 6 14
a 115 643 0 3 29
a 115 873 0 6 37
a 115 737 0 7 27
a 115 960 0 7 10
a 115 332 0 5 1
a 115 230 0 8 13
a 115 152 0 10 14
a 115 1117 0 7 24
a 115 800 0 1 42
a 115 250 0 9 34
a 115 913 0 1 31
a 115 577 0 10 17
a 140 1158 0 318 7
a 140 1096 0 7 50
a 140 74 0 8 2
a 140 683 0 3 18
a 140 1057 0 10 39
a 146 1141 0 318 50
a 146 1120 0 3 25
a 146 650 0 2 29
a 146 599 0 9 34
a 146 1010 0 2 30
a 146 273 0 5 39
a 146 449 0 6 46
a 146 1150 0 8 23
a 171 284 0 318 27
a 171 1198 0 318 50
a 171 1020 0 3 45
a 171 849 0 10 16
a 171 185 0 7 17
a 171 97 0 8 49
a 171 949 0 7 4
a 171 199 0 6 49
a 171 592 0 6 7
a 171 190 0 5 4
a 171 269 0 9 47
a 189 1003 0 318 50
a 189 1175 0 2 12
a 189 444 0 7 21
a 189 957 0 9 12
a 189 1018 0 9 31
a 189 1016 0 7 49
a 189 1122 0 3 1
a 189 759 0 1 22
a 189 784 0 7 16
a 189 235 0 7 5
a 189 716 0 8 36
a 207 853 0 318 50
a 207 563 0 10 39
a 207 507 0 1 17
a 207 835 0 7 27
a 207 689 0 10 37
a 207 857 0 8 44
a 207 797 0 1 26
a 234 786 0 318 50
a 234 429 0 5 10
a 256 383 0 318 50
a 256 285 0 5 35
a 256 269 0 10 33
a 256 585 0 4 24
a 256 886 0 2 35
a 256 1109 0 8 31
a 256 279 0 9 13
a 256 263 0 8 33
a 256 379 0 4 36
a 256 315 0 7 12
a 256 385 0 1 34
a 261 539 0 318 50
a 261 239 0 7 42
a 261 121 0 2 22
a 261 878 0 10 6
a 261 988 0 7 3
a 261 1072 0 5 8
a 261 490 0 4 47
a 263 388 0 318 50
a 263 315 0 4 44
a 263 13 0 9 43
a 263 1134 0 9 13
a 263 849 0 2 1
a 263 377 0 8 1
a 263 1109 0 3 40
a 263 768 0 3 14
a 263 932 0 1 38
a 263 521 0 2 33
a 263 1103 0 5 12
a 279 672 0 318 42
a 279 937 0 3 44
a 279 1008 0 3 4
a 279 1087 0 3 46
a 279 785 0 2 15
a 279 514 0 3 3
a 279 909 0 2 35
a 279 413 0 3 36
a 279 295 0 1 42
a 279 547 0 4 22
a 279 179 0 7 14
a 279 1105 0 9 31
a 284 45 0 318 26
a 284 771 0 8 20
a 289 1138 0 318 34
a 289 664 0 10 47
a 289 1164 0 6 23
a 289 1110 0 3 46
a 289 346 0 10 24
a 289 851 0 4 43
a 289 832 0 6 14
a 289 416 0 8 23
a 299 289 0 318 50
a 299 1144 0 1 27
a 299 336 0 4 18
a 299 287 0 3 48
a 299 1055 0 2 15
a 299 1153 0 2 33
a 307 935 0 318 50
a 307 23 0 1 40
a 307 278 0 6 48
a 307 212 0 9 19
a 307 148 0 2 9
a 307 478 0 4 12
a 307 337 0 2 31
a 309 977 0 318 4
a 309 216 0 9 27
a 309 1144 0 4 43
a 309 447 0 4 18
a 309 745 0 5 47
a 327 1111 0 318 50
a 327 854 0 8 14
a 327 1165 0 1 17
a 327 145 0 9 12
a 327 1038 0 3 49
a 327 219 0 7 32
a 327 238 0 7 38
a 327 927 0 8 50
a 327 175 0 1 32
a 327 926 0 2 7
a 327 1043 0 6 5
a 327 1148 0 7 24
a 327 240 0 2 40
a 327 64 0 7 26
a 333 1008 0 318 50
a 333 642 0 6 11
a 333 101 0 9 4
a 333 611 0 4 8
a 333 292 0 7 34
a 352 493 0 318 48
a 352 872 0 10 38
a 352 956 0 10 39
a 352 362 0 10 11
a 352 185 0 6 8
a 352 266 0 2 7
a 352 837 0 10 41
a 352 693 0 9 2
a 352 1101 0 6 19
a 352 576 0 1 19
a 352 257 0 7 11
a 352 613 0 1 46
a 352 233 0 2 12
a 352 44 0 1 26
a 354 299 0 318 4
a 354 147 0 7 9
a 354 413 0 8 26
a 354 128 0 7 21
a 354 631 0 9 48
a 354 684 0 3 37
a 354 727 0 3 43
a 354 855 0 4 27
a 354 199 0 2 24
a 354 62 0 6 30
a 355 865 0 318 26
a 355 259 0 10 19
a 355 145 0 1 4
a 383 146 0 318 12
a 383 442 0 5 43
a 383 292 0 1 27
a 383 289 0 1 19
a 383 559 0 2 32
a 383 815 0 4 48
a 383 115 0 8 24
a 383 227 0 3 31
a 383 1126 0 2 39
a 388 428 0 318 50
a 388 525 0 9 26
a 388 1169 0 3 33
a 388 918 0 10 4
a 388 1002 0 4 29
a 388 838 0 5 16
a 388 773 0 1 16
a 388 397 0 3 30
a 388 622 0 4 44
a 388 32 0 1 21
a 388 1109 0 3 15
a 416 189 0 318 50
a 416 823 0 6 15
a 416 1014 0 1 46
a 416 997 0 7 19
a 416 1184 0 1 42
a 416 557 0 7 48
a 416 872 0 6 14
a 416 139 0 6 22
a 416 51 0 5 4
a 416 571 0 3 7
a 416 931 0 5 31
a 428 991 0 318 13
a 428 940 0 10 13
a 428 130 0 7 4
a 428 1031 0 6 27
a 428 378 0 3 30
a 428 1004 0 2 7
a 428 347 0 1 6
a 428 531 0 8 45
a 428 901 0 8 22
a 460 41 0 318 50
a 460 872 0 3 11
a 460 581 0 3 1
a 460 568 0 10 38
a 460 778 0 3 8
a 460 974 0 3 23
a 460 403 0 10 21
a 460 940 0 7 23
a 460 1010 0 1 7
a 460 74 0 7 21
a 460 968 0 4 9
a 460 388 0 9 39
a 460 499 0 8 11
a 467 171 0 318 42
a 467 787 0 6 4
a 467 693 0 9 5
a 467 492 0 2 46
a 467 321 0 10 35
a 467 730 0 6 41
a 467 334 0 6 41
a 467 763 0 6 50
a 467 411 0 5 6
a 467 1167 0 2 18
a 493 683 0 318 50
a 493 282 0 6 21
a 493 77 0 7 8
a 493 805 0 1 5
a 493 69 0 6 44
a 493 1196 0 4 5
a 493 384 0 10 40
a 495 279 0 318 47
a 495 456 0 3 37
a 495 740 0 9 9
a 495 621 0 5 36
a 495 132 0 2 15
a 495 201 0 7 14
a 495 317 0 2 37
a 495 480 0 8 1
a 495 703 0 10 41
a 499 614 0 318 33
a 499 378 0 10 50
a 499 861 0 7 31
a 499 287 0 3 20
a 499 970 0 7 21
a 499 76 0 2 5
a 507 115 0 318 50
a 507 1133 0 4 35
a 507 541 0 5 45
a 507 314 0 8 43
a 507 774 0 8 12
a 507 1016 0 7 42
a 513 1057 0 318 50
a 513 320 0 1 24
a 524 327 0 318 4
a 524 958 0 2 7
a 524 1121 0 5 26
a 536 467 0 318 42
a 536 190 0 9 44
a 536 519 0 5 33
a 539 936 0 318 50
a 539 458 0 10 21
a 539 977 0 4 10
a 539 1196 0 8 19
a 539 810 0 3 48
a 539 444 0 10 20
a 540 643 0 318 36
a 540 1170 0 9 31
a 540 17 0 9 29
a 540 457 0 6 39
a 540 1112 0 1 5
a 540 739 0 7 23
a 540 336 0 6 39
a 558 107 0 318 50
a 558 147 0 10 23
a 558 415 0 4 33
a 558 586 0 9 5
a 558 556 0 1 25
a 558 607 0 6 28
a 558 577 0 4 10
a 558 1101 0 9 9
a 558 1153 0 5 24
a 558 912 0 8 10
a 558 640 0 1 7
a 558 1166 0 1 2
a 558 862 0 6 48
a 559 354 0 318 32
a 559 949 0 10 26
a 559 1071 0 9 1
a 559 76 0 9 49
a 563 355 0 318 50
a 563 110 0 10 2
a 563 1149 0 8 36
a 563 208 0 6 4
a 563 625 0 7 3
a 563 555 0 1 8
a 563 1058 0 4 4
a 563 734 0 5 47
a 563 225 0 10 10
a 564 782 0 318 50
a 564 50 0 8 32
a 564 106 0 2 10
a 564 218 0 5 6
a 564 377 0 8 3
a 564 249 0 10 15
a 564 1040 0 3 6
a 564 845 0 2 50
a 599 628 0 318 31
a 599 450 0 9 40
a 599 366 0 2 46
a 599 204 0 4 45
a 599 890 0 8 18
a 599 561 0 8 43
a 599 412 0 10 4
a 599 1033 0 1 32
a 599 1016 0 2 18
a 599 670 0 7 43
a 599 350 0 10 18
a 599 606 0 4 46
a 599 782 0 10 26
a 603 832 0 318 26
a 603 552 0 8 23
a 614 56 0 318 35
a 614 128 0 7 14
a 614 881 0 2 25
a 614 1003 0 10 29
a 614 541 0 5 8
a 614 76 0 3 32
a 614 1178 0 4 14
a 614 767 0 5 37
a 614 828 0 4 36
a 614 606 0 8 36
a 614 884 0 10 39
a 620 263 0 318 30
a 620 463 0 10 39
a 620 1070 0 1 34
a 620 891 0 9 23
a 628 101 0 318 50
a 628 299 0 1 38
a 628 87 0 8 2
a 628 105 0 6 32
a 628 627 0 1 30
a 640 524 0 318 4
a 640 401 0 2 32
a 640 750 0 4 12
a 640 928 0 8 22
a 640 36 0 5 49
a 640 559 0 4 37
a 643 1106 0 318 44
a 643 221 0 9 28
a 643 55 0 1 7
a 643 645 0 4 22
a 643 1142 0 4 16
a 643 517 0 1 3
a 643 757 0 2 41
a 643 454 0 2 30
a 647 352 0 318 7
a 647 1200 0 9 31
a 647 304 0 2 19
a 655 1197 0 318 33
a 655 1177 0 9 41
a 655 224 0 2 3
a 655 87 0 4 25
a 655 586 0 6 29
a 655 144 0 6 33
a 655 140 0 8 16
a 670 261 0 318 50
a 670 897 0 1 48
a 670 1066 0 8 38
a 670 254 0 7 23
a 670 229 0 3 16
a 670 195 0 8 19
a 670 943 0 5 22
a 670 495 0 3 46
a 670 370 0 6 6
a 672 256 0 318 50
a 672 223 0 5 31
a 683 495 0 318 50
a 683 813 0 7 17
a 683 1105 0 8 34
a 683 1112 0 6 41
a 683 508 0 7 5
a 683 896 0 1 15
a 683 1092 0 9 44
a 683 848 0 8 15
a 683 863 0 4 33
a 683 1077 0 9 2
a 683 741 0 2 43
a 683 950 0 7 7
a 683 784 0 10 20
a 683 1093 0 5 11
a 691 734 0 318 50
a 691 227 0 4 3
a 691 600 0 10 21
a 691 52 0 9 23
a 691 166 0 5 5
a 691 924 0 9 21
a 691 308 0 6 38
a 691 525 0 9 47
a 691 560 0 5 14
a 691 1027 0 6 44
a 703 825 0 318 50
a 703 155 0 10 11
a 703 861 0 1 26
a 703 281 0 9 6
a 703 640 0 9 23
a 727 563 0 318 50
a 727 322 0 9 16
a 727 303 0 2 19
a 727 677 0 1 8
a 727 457 0 4 50
a 727 434 0 6 28
a 727 276 0 2 37
a 727 453 0 10 28
a 727 743 0 7 37
a 727 881 0 10 39
a 727 311 0 5 10
a 727 1048 0 5 8
a 734 536 0 318 13
a 734 1128 0 8 9
a 734 1172 0 6 35
a 734 890 0 5 23
a 734 413 0 6 46
a 734 392 0 8 3
a 734 498 0 7 33
a 734 796 0 3 22
a 734 743 0 10 1
a 734 368 0 7 37
a 734 999 0 9 24
a 734 863 0 2 48
a 734 280 0 5 1
a 734 95 0 10 21
a 750 829 0 318 50
a 750 838 0 7 38
a 750 421 0 1 31
a 750 542 0 3 48
a 750 457 0 5 27
a 750 505 0 8 4
a 750 393 0 8 18
a 750 861 0 1 41
a 750 932 0 9 44
a 750 210 0 10 19
a 750 858 0 3 23
a 750 584 0 8 17
a 782 953 0 318 38
a 782 493 0 4 31
a 782 1042 0 3 39
a 782 522 0 4 48
a 782 1017 0 7 33
a 782 18 0 3 24
a 782 837 0 2 13
a 786 540 0 318 50
a 786 994 0 9 27
a 786 368 0 2 10
a 786 230 0 7 12
a 786 134 0 10 33
a 786 129 0 4 42
a 786 790 0 4 28
a 786 536 0 2 14
a 786 862 0 8 7
a 786 1177 0 5 33
a 786 908 0 9 46
a 786 60 0 4 41
a 786 653 0 7 14
a 793 857 0 318 50
a 793 1119 0 8 31
a 793 434 0 5 11
a 793 580 0 7 40
a 793 867 0 10 36
a 793 1188 0 8 39
a 793 414 0 9 1
a 793 898 0 10 19
a 797 234 0 318 50
a 797 1050 0 7 22
a 797 889 0 3 19
a 797 725 0 10 32
a 797 822 0 6 38
a 819 1187 0 318 50
a 819 685 0 4 35
a 819 939 0 5 9
a 819 613 0 7 19
a 819 731 0 10 37
a 819 809 0 8 4
a 819 193 0 9 48
a 819 344 0 5 32
a 819 1124 0 9 44
a 819 282 0 8 46
a 819 1103 0 6 5
a 819 910 0 10 30
a 820 727 0 318 21
a 820 775 0 1 32
a 820 359 0 7 14
a 820 92 0 8 7
a 820 375 0 8 1
a 820 1049 0 7 12
a 825 1070 0 318 50
a 825 753 0 10 14
a 825 631 0 6 28
a 829 32 0 318 50
a 829 271 0 2 25
a 829 502 0 7 32
a 829 893 0 9 16
a 829 168 0 2 35
a 829 554 0 1 50
a 832 307 0 318 50
a 832 704 0 9 43
a 832 1181 0 2 30
a 832 822 0 8 49
a 832 659 0 8 11
a 832 874 0 4 1
a 852 1136 0 318 34
a 852 309 0 7 24
a 852 654 0 4 33
a 852 592 0 2 46
a 852 296 0 7 5
a 853 852 0 318 50
a 853 1122 0 10 11
a 853 1187 0 9 1
a 853 377 0 8 23
a 853 714 0 6 27
a 853 563 0 5 37
a 853 390 0 2 35
a 857 34 0 318 34
a 857 120 0 4 20
a 865 750 0 318 50
a 865 85 0 1 8
a 865 45 0 2 17
a 865 1066 0 5 16
a 865 908 0 3 28
a 865 1139 0 1 12
a 879 20 0 318 50
a 879 1133 0 1 24
a 879 511 0 9 15
a 879 964 0 1 26
a 879 229 0 3 12
a 879 670 0 7 17
a 879 1016 0 3 19
a 879 843 0 3 15
a 879 399 0 8 32
a 879 465 0 4 14
a 879 496 0 5 24
a 879 612 0 2 41
a 905 975 0 318 12
a 905 1147 0 1 7
a 905 488 0 3 33
a 905 473 0 6 45
a 905 383 0 10 46
a 905 690 0 6 41
a 905 639 0 4 16
a 905 1057 0 8 11
a 905 885 0 1 17
a 905 88 0 9 30
a 905 32 0 10 3
a 905 417 0 8 48
a 905 512 0 2 7
a 905 24 0 10 32
a 919 905 0 318 50
a 919 61 0 8 23
a 919 753 0 5 1
a 919 435 0 2 17
a 919 667 0 3 18
a 919 792 0 5 16
a 919 717 0 6 28
a 919 845 0 3 4
a 919 1153 0 10 17
a 935 947 0 318 50
a 935 821 0 5 7
a 935 468 0 3 20
a 935 348 0 8 10
a 935 825 0 9 6
a 935 1129 0 9 48
a 935 951 0 3 33
a 935 390 0 3 37
a 936 564 0 318 6
a 936 738 0 8 43
a 936 994 0 5 41
a 936 1017 0 1 48
a 936 958 0 8 44
a 947 819 0 318 17
a 947 317 0 5 1
a 947 43 0 3 44
a 947 1062 0 2 25
a 947 779 0 8 30
a 947 780 0 10 11
a 947 380 0 9 39
a 947 130 0 4 14
a 947 991 0 10 34
a 947 896 0 9 21
a 953 507 0 318 36
a 953 493 0 6 30
a 953 1070 0 4 23
a 953 881 0 1 3
a 953 854 0 3 2
a 953 376 0 2 20
a 953 341 0 6 29
a 953 104 0 8 7
a 953 899 0 10 32
a 953 1122 0 6 32
a 953 646 0 10 44
a 953 1019 0 6 41
a 953 706 0 9 30
a 975 797 0 318 50
a 975 505 0 4 38
a 975 1158 0 1 6
a 975 775 0 10 2
a 977 879 0 318 40
a 977 367 0 10 5
a 977 1027 0 9 27
a 977 1150 0 8 30
a 977 602 0 10 4
a 984 820 0 318 11
a 984 666 0 1 12
a 984 618 0 6 30
a 984 398 0 3 44
a 984 687 0 1 47
a 984 1026 0 6 28
a 984 845 0 9 42
a 984 1118 0 10 29
a 984 534 0 9 36
a 984 103 0 7 1
a 984 1167 0 8 23
a 984 437 0 8 15
a 991 69 0 318 21
a 991 966 0 5 21
a 991 106 0 9 48
a 991 656 0 3 40
a 991 334 0 3 16
a 991 373 0 8 11
a 992 309 0 318 26
a 992 514 0 4 5
a 992 900 0 9 21
a 992 1047 0 7 29
a 992 142 0 4 4
a 992 548 0 5 5
a 992 46 0 6 18
a 992 327 0 10 9
a 992 1133 0 4 20
a 992 461 0 6 29
a 992 249 0 1 30
a 992 95 0 10 24
a 1003 1081 0 318 50
a 1003 406 0 8 38
a 1003 729 0 6 31
a 1003 32 0 1 8
a 1003 969 0 5 9
a 1003 1002 0 8 23
a 1003 617 0 6 43
a 1003 742 0 9 19
a 1008 984 0 318 31
a 1008 835 0 3 42
a 1008 375 0 2 17
a 1008 785 0 8 34
a 1008 548 0 9 14
a 1008 832 0 10 7
a 1008 519 0 8 27
a 1008 584 0 10 33
a 1008 162 0 6 19
a 1008 180 0 7 31
a 1008 817 0 7 10
a 1008 381 0 6 18
a 1008 943 0 4 9
a 1016 703 0 318 5
a 1016 947 0 1 22
a 1016 322 0 10 6
a 1057 84 0 318 50
a 1057 57 0 6 19
a 1057 724 0 8 32
a 1057 883 0 5 3
a 1070 460 0 318 50
a 1070 679 0 3 13
a 1075 691 0 318 50
a 1075 112 0 7 5
a 1075 1046 0 9 14
a 1075 331 0 5 6
a 1075 878 0 10 30
a 1075 479 0 1 26
a 1075 600 0 5 11
a 1075 977 0 10 14
a 1075 828 0 4 25
a 1075 70 0 2 31
a 1075 154 0 3 28
a 1075 677 0 7 18
a 1075 204 0 4 50
a 1081 1016 0 318 10
a 1081 1170 0 9 41
a 1081 334 0 6 26
a 1081 167 0 4 10
a 1081 965 0 4 2
a 1081 676 0 10 31
a 1081 272 0 6 22
a 1102 1173 0 318 43
a 1102 85 0 9 13
a 1106 558 0 318 50
a 1106 890 0 7 33
a 1106 770 0 9 19
a 1106 414 0 8 32
a 1106 94 0 9 6
a 1106 195 0 8 31
a 1106 342 0 1 38
a 1106 332 0 4 46
a 1106 1081 0 7 13
a 1106 887 0 3 44
a 1106 709 0 3 49
a 1106 488 0 3 18
a 1106 624 0 3 50
a 1111 670 0 318 50
a 1111 221 0 4 16
a 1111 888 0 7 34
a 1111 143 0 8 41
a 1111 465 0 5 50
a 1111 997 0 3 40
a 1136 1153 0 318 28
a 1136 381 0 2 31
a 1136 1079 0 7 24
a 1136 867 0 10 49
a 1136 678 0 4 30
a 1136 418 0 4 49
a 1136 311 0 5 14
a 1136 263 0 10 9
a 1136 633 0 7 10
a 1136 38 0 7 50
a 1137 140 0 318 50
a 1137 1022 0 3 5
a 1137 913 0 5 20
a 1138 919 0 318 5
a 1138 63 0 9 7
a 1138 1188 0 4 19
a 1138 622 0 2 14
a 1138 1177 0 5 41
a 1138 860 0 2 45
a 1138 427 0 4 9
a 1138 684 0 2 23
a 1138 280 0 2 48
a 1138 1180 0 1 48
a 1138 1187 0 2 19
a 1138 187 0 5 5
a 1138 1196 0 7 35
a 1138 30 0 5 31
a 1141 1102 0 318 50
a 1141 1080 0 6 27
a 1141 33 0 9 23
a 1141 579 0 4 12
a 1141 294 0 9 41
a 1141 566 0 8 48
a 1141 420 0 2 7
a 1153 513 0 318 50
a 1153 900 0 8 4
a 1153 786 0 1 16
a 1153 373 0 6 19
a 1153 679 0 7 7
a 1158 207 0 318 30
a 1158 999 0 4 50
a 1158 423 0 3 30
a 1158 23 0 7 29
a 1158 149 0 4 25
a 1158 513 0 2 5
a 1158 630 0 1 40
a 1158 951 0 8 41
a 1162 11 0 318 41
a 1162 1075 0 5 29
a 1162 342 0 7 27
a 1162 959 0 7 7
a 1162 864 0 2 49
a 1162 449 0 7 3
a 1173 1137 0 318 24
a 1173 820 0 1 35
a 1173 223 0 6 2
a 1173 789 0 2 44
a 1173 619 0 2 35
a 1173 1192 0 10 23
a 1173 587 0 1 11
a 1173 556 0 7 20
a 1173 314 0 10 42
a 1173 798 0 7 17
a 1173 542 0 4 40
a 1173 1024 0 2 13
a 1173 420 0 9 49
a 1173 355 0 6 35
a 1187 647 0 318 26
a 1187 429 0 2 1
a 1187 1194 0 9 30
a 1187 53 0 9 8
a 1187 140 0 2 7
a 1187 1077 0 8 12
a 1187 1053 0 4 15
a 1187 668 0 5 46
a 1187 810 0 5 15
a 1187 476 0 1 13
a 1187 575 0 6 11
a 1187 245 0 6 44
a 1187 1062 0 3 15
a 1187 1179 0 8 41
a 10 164 0 624 50
a 10 861 0 8 2
a 10 364 0 8 17
a 10 1121 0 6 22
a 10 399 0 8 31
a 23 1143 0 624 7
a 23 1167 0 7 19
a 23 1072 0 5 38
a 23 1084 0 10 18
a 23 65 0 4 41
a 23 570 0 5 37
a 23 341 0 1 34
a 23 111 0 8 33
a 23 512 0 9 48
a 23 822 0 4 44
a 25 1176 0 624 50
a 25 61 0 9 38
a 25 922 0 2 38
a 25 1074 0 10 7
a 25 290 0 1 38
a 25 1112 0 5 44
a 25 435 0 4 33
a 25 1114 0 6 22
a 37 538 0 624 50
a 37 188 0 1 31
a 52 817 0 624 33
a 52 350 0 2 43
a 52 487 0 8 44
a 52 770 0 1 45
a 52 303 0 2 4
a 52 805 0 10 41
a 52 927 0 4 23
a 52 109 0 1 14
a 52 364 0 6 40
a 52 527 0 10 14
a 52 288 0 10 48
a 52 708 0 6 34
a 79 324 0 624 50
a 79 247 0 4 30
a 79 287 0 10 35
a 79 806 0 7 38
a 79 94 0 5 44
a 79 183 0 6 11
a 79 659 0 1 15
a 79 378 0 10 40
a 79 338 0 5 49
a 111 217 0 624 50
a 111 1118 0 4 23
a 111 489 0 6 46
a 111 977 0 2 35
a 111 930 0 1 41
a 111 292 0 5 34
a 111 388 0 5 7
a 111 317 0 7 36
a 114 187 0 624 48
a 114 535 0 5 15
a 114 563 0 3 12
a 114 948 0 10 35
a 114 676 0 10 40
a 114 505 0 7 20
a 114 755 0 5 1
a 114 44 0 10 19
a 116 851 0 624 50
a 116 703 0 5 14
a 116 698 0 7 18
a 116 414 0 2 24
a 116 354 0 9 40
a 116 613 0 3 5
a 116 1114 0 2 31
a 116 344 0 2 50
a 128 960 0 624 50
a 128 758 0 9 26
a 128 481 0 8 46
a 128 229 0 6 15
a 164 580 0 624 50
a 164 67 0 9 44
a 164 884 0 2 16
a 164 36 0 3 28
a 174 894 0 624 50
a 174 749 0 3 20
a 174 638 0 5 1
a 174 668 0 5 17
a 174 628 0 6 40
a 174 1134 0 3 49
a 174 455 0 10 24
a 174 1044 0 6 4
a 174 778 0 5 39
a 174 972 0 4 22
a 174 250 0 7 28
a 174 1014 0 9 22
a 174 138 0 7 2
a 181 923 0 624 50
a 181 882 0 8 43
a 181 1133 0 3 26
a 181 514 0 6 44
a 187 712 0 624 44
a 187 1038 0 6 49
a 197 25 0 624 50
a 197 924 0 5 42
a 197 237 0 5 46
a 197 349 0 10 33
a 197 444 0 6 16
a 197 764 0 3 46
a 197 873 0 5 48
a 197 833 0 7 31
a 197 79 0 5 49
a 197 1169 0 10 47
a 197 804 0 1 43
a 197 172 0 1 47
a 197 625 0 2 9
a 200 877 0 624 18
a 200 32 0 7 17
a 200 857 0 1 12
a 200 1102 0 4 49
a 200 87 0 2 18
a 200 470 0 10 35
a 200 140 0 9 46
a 200 541 0 4 12
a 200 218 0 5 23
a 208 357 0 624 31
a 208 799 0 2 35
a 208 889 0 6 42
a 208 176 0 2 18
a 208 383 0 7 36
a 208 156 0 7 24
a 208 817 0 2 26
a 208 551 0 2 8
a 208 268 0 3 12
a 208 38 0 3 8
a 208 1091 0 5 48
a 217 1114 0 624 17
a 217 863 0 9 12
a 217 788 0 8 39
a 217 1078 0 10 1
a 217 121 0 4 4
a 217 1133 0 7 50
a 217 318 0 2 23
a 217 988 0 6 34
a 217 273 0 8 27
a 217 599 0 2 38
a 217 707 0 3 11
a 217 517 0 7 8
a 231 358 0 624 6
a 231 1194 0 624 49
a 231 139 0 2 37
a 237 435 0 624 50
a 237 1064 0 9 43
a 237 165 0 9 46
a 237 714 0 7 24
a 237 338 0 1 4
a 237 118 0 3 32
a 237 857 0 6 9
a 237 127 0 10 9
a 255 968 0 624 50
a 255 225 0 1 19
a 255 205 0 8 8
a 255 319 0 2 16
a 255 14 0 2 31
a 255 888 0 2 22
a 255 1108 0 4 4
a 255 870 0 3 5
a 255 120 0 5 48
a 255 822 0 10 13
a 255 197 0 7 4
a 255 599 0 3 33
a 280 128 0 624 42
a 280 1184 0 7 30
a 280 957 0 8 14
a 280 1061 0 2 8
a 280 1185 0 3 29
a 283 469 0 624 12
a 283 305 0 8 29
a 283 147 0 2 12
a 283 106 0 6 18
a 283 945 0 1 7
a 283 391 0 9 43
a 283 604 0 6 50
a 283 1152 0 7 29
a 283 793 0 9 2
a 283 751 0 2 10
a 283 192 0 1 45
a 283 201 0 3 50
a 294 116 0 624 50
a 294 857 0 2 5
a 294 827 0 5 41
a 294 213 0 7 31
a 294 48 0 3 12
a 294 260 0 7 41
a 294 935 0 4 3
a 294 637 0 5 17
a 294 1089 0 10 13
a 294 175 0 2 47
a 294 128 0 4 43
a 310 720 0 624 50
a 310 56 0 4 23
a 310 288 0 4 15
a 324 1050 0 624 50
a 324 215 0 3 20
a 324 891 0 2 38
a 324 556 0 10 7
a 326 332 0 624 22
a 326 146 0 3 27
a 326 291 0 2 22
a 326 780 0 8 39
a 329 973 0 624 50
a 329 813 0 5 33
a 329 341 0 5 24
a 330 676 0 624 36
a 330 366 0 4 13
a 330 1176 0 3 6
a 330 1186 0 10 27
a 330 1197 0 6 33
a 330 616 0 8 14
a 330 1136 0 1 30
a 330 291 0 8 32
a 332 441 0 624 47
a 332 407 0 10 22
a 332 420 0 6 5
a 332 362 0 10 47
a 332 515 0 6 7
a 336 23 0 624 50
a 336 79 0 9 24
a 336 878 0 10 44
a 336 1049 0 8 14
a 336 886 0 3 23
a 336 67 0 8 15
a 336 1094 0 3 1
a 336 284 0 2 18
a 336 400 0 4 28
a 353 478 0 624 50
a 353 173 0 4 27
a 353 541 0 6 40
a 353 947 0 3 15
a 353 318 0 5 41
a 353 884 0 3 31
a 353 31 0 9 9
a 353 835 0 8 21
a 353 83 0 9 26
a 353 199 0 1 40
a 353 505 0 1 28
a 353 1023 0 6 39
a 353 269 0 2 29
a 357 653 0 624 23
a 357 923 0 2 42
a 357 1162 0 3 46
a 357 753 0 7 44
a 358 871 0 624 50
a 358 284 0 6 17
a 361 237 0 624 16
a 361 261 0 10 18
a 361 480 0 1 39
a 361 700 0 2 26
a 361 796 0 2 31
a 361 147 0 5 1
a 361 670 0 2 35
a 361 1188 0 4 41
a 361 1131 0 1 45
a 361 173 0 1 8
a 361 80 0 2 39
a 361 883 0 4 31
a 362 329 0 624 50
a 362 724 0 9 36
a 362 1057 0 3 49
a 362 668 0 1 6
a 362 1179 0 9 28
a 362 631 0 2 42
a 362 160 0 7 25
a 362 876 0 9 48
a 362 523 0 10 41
a 362 915 0 3 42
a 362 733 0 7 34
a 362 474 0 8 50
a 362 935 0 9 1
a 362 929 0 3 46
a 372 807 0 624 16
a 372 228 0 2 23
a 372 120 0 6 49
a 382 613 0 624 50
a 382 416 0 10 40
a 412 735 0 624 24
a 412 579 0 5 33
a 412 664 0 6 26
a 412 1069 0 3 16
a 412 1140 0 10 13
a 412 334 0 9 21
a 427 326 0 624 31
a 427 903 0 8 50
a 427 727 0 4 5
a 427 859 0 8 50
a 427 1081 0 1 42
a 427 396 0 6 38
a 427 604 0 3 47
a 427 1162 0 1 48
a 429 987 0 624 50
a 429 1074 0 2 41
a 435 443 0 624 9
a 435 463 0 7 29
a 435 373 0 9 49
a 435 1099 0 5 5
a 435 288 0 1 44
a 435 406 0 5 6
a 435 449 0 9 37
a 435 454 0 6 2
a 435 245 0 5 9
a 435 135 0 4 24
a 441 1000 0 624 13
a 441 729 0 6 39
a 441 1041 0 6 44
a 441 837 0 10 16
a 441 817 0 8 38
a 441 768 0 5 25
a 441 695 0 6 18
a 441 182 0 4 33
a 441 1092 0 7 1
a 443 294 0 624 41
a 443 1183 0 5 6
a 443 361 0 7 12
a 443 293 0 1 2
a 443 116 0 2 45
a 443 476 0 3 35
a 443 1056 0 10 1
a 443 588 0 9 29
a 443 273 0 8 17
a 443 284 0 9 29
a 443 509 0 6 20
a 443 271 0 7 21
a 443 456 0 4 45
a 443 959 0 4 14
a 464 972 0 624 12
a 464 450 0 10 15
a 464 324 0 10 28
a 464 565 0 3 25
a 464 52 0 9 14
a 464 577 0 6 36
a 464 719 0 6 37
a 464 1004 0 1 18
a 464 888 0 8 40
a 469 1167 0 624 50
a 469 137 0 5 35
a 469 1132 0 2 24
a 469 117 0 5 38
a 469 1187 0 5 19
a 469 240 0 2 37
a 469 922 0 1 14
a 471 464 0 624 24
a 471 898 0 1 25
a 471 419 0 7 4
a 471 950 0 6 40
a 471 1000 0 8 2
a 471 82 0 2 48
a 471 578 0 7 17
a 471 1144 0 5 21
a 471 1146 0 9 32
a 478 1103 0 624 50
a 478 821 0 9 16
a 492 946 0 624 50
a 492 180 0 3 11
a 492 160 0 1 33
a 492 979 0 8 25
a 492 335 0 7 12
a 492 382 0 5 39
a 492 424 0 4 34
a 492 331 0 1 1
a 492 245 0 2 25
a 492 973 0 5 32
a 492 327 0 10 25
a 492 944 0 5 25
a 538 200 0 624 42
a 538 1172 0 7 17
a 538 508 0 6 44
a 538 469 0 6 26
a 550 745 0 624 50
a 550 763 0 8 40
a 550 890 0 9 32
a 550 586 0 5 43
a 550 792 0 5 33
a 550 850 0 7 34
a 550 81 0 9 39
a 550 912 0 2 34
a 550 238 0 6 8
a 565 372 0 624 50
a 565 488 0 7 28
a 565 704 0 10 28
a 580 1155 0 624 6
a 580 69 0 1 49
a 580 478 0 8 45
a 580 757 0 4 38
a 580 588 0 7 32
a 580 893 0 4 33
a 580 445 0 3 22
a 580 642 0 6 37
a 580 924 0 10 27
a 580 897 0 4 39
a 580 400 0 8 30
a 580 283 0 4 28
a 580 686 0 10 7
a 580 1189 0 8 38
a 593 382 0 624 50
a 593 1005 0 1 44
a 593 781 0 6 27
a 593 177 0 4 21
a 593 818 0 9 9
a 605 231 0 624 14
a 605 816 0 3 14
a 605 1173 0 8 5
a 605 79 0 7 49
a 605 414 0 7 49
a 605 601 0 3 38
a 605 381 0 10 7
a 605 94 0 8 24
a 605 455 0 4 8
a 605 60 0 6 46
a 605 55 0 6 9
a 605 1190 0 6 39
a 605 392 0 1 24
a 605 166 0 10 50
a 605 194 0 1 49
a 607 743 0 624 50
a 607 1076 0 7 4
a 607 665 0 3 15
a 607 284 0 9 8
a 607 550 0 9 48
a 607 1057 0 6 26
a 613 197 0 624 34
a 613 704 0 8 10
a 613 166 0 2 49
a 613 216 0 9 40
a 630 280 0 624 50
a 630 504 0 2 28
a 630 24 0 9 5
a 630 964 0 10 32
a 630 1093 0 1 27
a 630 503 0 5 7
a 630 26 0 5 15
a 630 385 0 6 6
a 630 514 0 10 13
a 630 668 0 2 44
a 630 945 0 1 19
a 630 720 0 1 19
a 630 570 0 9 3
a 630 314 0 7 17
a 653 1036 0 624 23
a 653 220 0 6 31
a 653 1044 0 2 46
a 653 763 0 1 1
a 664 738 0 624 20
a 664 486 0 10 25
a 664 792 0 1 33
a 675 1018 0 624 9
a 675 622 0 9 16
a 675 857 0 4 8
a 675 173 0 6 38
a 675 56 0 5 11
a 675 918 0 6 22
a 675 980 0 10 38
a 675 1011 0 8 24
a 675 789 0 1 3
a 675 360 0 6 41
a 675 33 0 8 32
a 675 962 0 8 33
a 675 533 0 1 35
a 675 732 0 8 47
a 676 1164 0 624 50
a 676 1041 0 10 49
a 676 409 0 7 23
a 676 41 0 5 9
a 676 1139 0 1 27
a 708 1196 0 624 15
a 708 301 0 3 19
a 708 875 0 8 32
a 708 1090 0 2 32
a 708 557 0 1 43
a 708 117 0 9 28
a 708 1076 0 9 31
a 708 382 0 4 34
a 708 415 0 10 38
a 708 310 0 6 27
a 708 286 0 8 42
a 708 181 0 7 36
a 712 810 0 624 5
a 712 793 0 3 1
a 712 969 0 9 23
a 712 917 0 6 3
a 712 295 0 6 36
a 712 1111 0 3 48
a 712 70 0 8 3
a 712 587 0 9 28
a 712 609 0 7 5
a 712 49 0 3 15
a 720 607 0 624 50
a 720 655 0 6 40
a 720 130 0 8 7
a 720 118 0 9 19
a 720 750 0 4 14
a 720 170 0 10 4
a 720 50 0 3 33
a 721 181 0 624 50
a 721 1094 0 6 40
a 721 888 0 6 8
a 721 415 0 5 2
a 721 774 0 3 20
a 721 988 0 1 15
a 721 402 0 1 20
a 721 1143 0 9 39
a 721 692 0 6 29
a 721 166 0 3 37
a 721 136 0 1 24
a 721 910 0 7 3
a 721 179 0 4 9
a 735 550 0 624 50
a 735 283 0 7 30
a 735 919 0 10 20
a 735 419 0 1 49
a 735 141 0 1 10
a 735 264 0 2 25
a 735 855 0 7 46
a 735 650 0 5 34
a 735 1013 0 6 8
a 735 853 0 2 33
a 735 1090 0 10 14
a 735 1067 0 1 36
a 738 492 0 624 50
a 738 658 0 9 29
a 738 954 0 6 45
a 738 513 0 4 33
a 738 666 0 5 11
a 738 418 0 5 32
a 738 1193 0 7 48
a 738 168 0 2 50
a 743 37 0 624 46
a 743 947 0 5 39
a 745 114 0 624 50
a 745 925 0 7 2
a 745 354 0 10 33
a 745 734 0 6 10
a 745 30 0 6 41
a 745 698 0 8 31
a 746 208 0 624 50
a 746 272 0 3 16
a 746 231 0 6 49
a 746 802 0 6 4
a 746 876 0 2 13
a 746 522 0 1 47
a 746 310 0 9 39
a 746 684 0 5 16
a 788 1047 0 624 17
a 788 882 0 6 12
a 788 1057 0 10 36
a 788 391 0 7 5
a 788 616 0 2 39
a 807 79 0 624 50
a 807 1193 0 2 27
a 807 184 0 6 8
a 807 655 0 3 30
a 807 702 0 4 4
a 807 203 0 10 41
a 807 931 0 10 28
a 807 638 0 4 40
a 810 565 0 624 24
a 810 442 0 1 2
a 810 400 0 6 46
a 810 925 0 7 37
a 810 856 0 8 15
a 810 764 0 2 6
a 810 1164 0 8 50
a 810 489 0 2 6
a 810 322 0 7 33
a 810 22 0 8 2
a 815 412 0 624 50
a 815 41 0 4 33
a 815 1080 0 2 18
a 815 688 0 1 50
a 815 649 0 1 9
a 815 399 0 2 34
a 815 684 0 1 32
a 815 215 0 6 8
a 815 568 0 4 36
a 815 677 0 10 48
a 816 471 0 624 50
a 816 271 0 2 24
a 816 1182 0 1 50
a 816 335 0 6 49
a 816 795 0 1 31
a 816 1041 0 3 17
a 817 353 0 624 36
a 817 587 0 2 9
a 817 864 0 10 13
a 817 705 0 5 21
a 817 997 0 9 18
a 817 1150 0 1 2
a 823 1108 0 624 50
a 823 338 0 10 22
a 823 530 0 9 12
a 823 1126 0 9 13
a 823 904 0 1 6
a 823 404 0 3 16
a 851 330 0 624 38
a 851 871 0 3 4
a 851 819 0 7 1
a 851 502 0 7 45
a 851 135 0 4 43
a 851 585 0 7 47
a 861 605 0 624 50
a 861 886 0 2 1
a 861 283 0 1 8
a 861 407 0 9 47
a 861 762 0 5 44
a 861 1026 0 5 1
a 861 721 0 7 22
a 871 111 0 624 8
a 871 577 0 1 34
a 871 916 0 8 4
a 871 996 0 6 13
a 871 735 0 10 25
a 871 1100 0 2 16
a 871 357 0 5 16
a 871 317 0 9 35
a 871 470 0 10 49
a 871 941 0 10 5
a 877 721 0 624 37
a 877 545 0 8 26
a 877 282 0 7 32
a 877 252 0 4 9
a 877 995 0 3 2
a 877 491 0 8 5
a 877 550 0 6 16
a 877 487 0 5 36
a 877 138 0 5 4
a 894 1110 0 624 50
a 894 1128 0 2 32
a 894 579 0 3 26
a 894 52 0 1 20
a 894 882 0 3 35
a 894 1106 0 1 8
a 894 203 0 9 1
a 894 385 0 3 1
a 894 91 0 10 14
a 894 299 0 5 6
a 894 1097 0 1 8
a 894 921 0 6 48
a 894 98 0 8 24
a 894 707 0 1 48
a 920 664 0 624 37
a 920 871 0 3 29
a 920 645 0 3 47
a 920 853 0 3 18
a 923 920 0 624 41
a 923 439 0 3 49
a 923 967 0 5 6
a 923 797 0 3 38
a 923 1016 0 2 5
a 923 356 0 9 2
a 923 56 0 4 39
a 923 1012 0 7 30
a 923 373 0 6 37
a 923 185 0 7 39
a 923 417 0 6 5
a 923 723 0 1 49
a 923 741 0 10 37
a 946 427 0 624 38
a 946 587 0 4 22
a 946 311 0 1 10
a 946 135 0 7 27
a 960 995 0 624 50
a 960 40 0 4 6
a 960 153 0 2 35
a 960 337 0 9 6
a 960 488 0 3 24
a 960 137 0 2 15
a 960 1048 0 1 21
a 968 788 0 624 19
a 968 109 0 9 39
a 968 428 0 2 16
a 968 967 0 1 38
a 968 241 0 8 42
a 968 636 0 6 38
a 968 202 0 2 19
a 968 1020 0 7 38
a 968 92 0 5 14
a 968 543 0 9 16
a 972 861 0 624 3
a 972 800 0 3 37
a 972 810 0 10 16
a 972 887 0 6 34
a 972 888 0 1 21
a 972 407 0 4 29
a 972 825 0 1 39
a 972 161 0 2 37
a 972 360 0 4 8
a 973 1177 0 624 35
a 973 1101 0 7 24
a 973 152 0 9 26
a 987 336 0 624 42
a 987 790 0 7 5
a 987 1170 0 8 42
a 987 725 0 6 32
a 987 538 0 3 24
a 987 477 0 1 3
a 995 362 0 624 50
a 995 44 0 3 46
a 995 1152 0 5 14
a 995 1064 0 8 13
a 995 602 0 9 21
a 995 197 0 1 9
a 995 435 0 9 4
a 995 394 0 2 39
a 995 1173 0 5 44
a 995 1156 0 6 3
a 995 1057 0 8 42
a 995 603 0 1 33
a 995 133 0 10 11
a 1000 1189 0 624 21
a 1000 383 0 8 15
a 1000 505 0 6 35
a 1000 1159 0 2 49
a 1000 832 0 4 14
a 1000 1182 0 10 26
a 1000 214 0 5 17
a 1000 879 0 9 23
a 1018 1054 0 624 48
a 1018 1060 0 10 11
a 1018 142 0 5 11
a 1018 1143 0 8 21
a 1018 775 0 7 16
a 1018 882 0 9 48
a 1018 1175 0 8 20
a 1018 309 0 6 35
a 1032 630 0 624 36
a 1032 529 0 6 49
a 1032 566 0 8 33
a 1032 285 0 10 40
a 1036 708 0 624 34
a 1036 810 0 6 4
a 1036 1182 0 8 16
a 1036 316 0 5 28
a 1036 294 0 7 37
a 1036 721 0 9 10
a 1036 20 0 6 49
a 1036 1014 0 10 48
a 1036 59 0 2 36
a 1047 429 0 624 13
a 1047 658 0 7 11
a 1050 816 0 624 24
a 1050 565 0 6 30
a 1050 1160 0 7 28
a 1050 1044 0 6 26
a 1050 324 0 7 33
a 1050 251 0 8 34
a 1050 308 0 3 21
a 1050 902 0 9 28
a 1054 1032 0 624 50
a 1054 1020 0 9 19
a 1054 791 0 7 20
a 1054 415 0 4 8
a 1054 632 0 8 33
a 1103 815 0 624 50
a 1103 301 0 4 8
a 1103 276 0 10 8
a 1103 975 0 5 17
a 1103 704 0 10 36
a 1108 746 0 624 37
a 1108 1023 0 10 23
a 1108 562 0 10 23
a 1108 1017 0 2 40
a 1108 297 0 7 8
a 1108 1157 0 9 10
a 1108 826 0 10 26
a 1108 899 0 2 16
a 1108 963 0 10 47
a 1110 283 0 624 50
a 1110 735 0 3 45
a 1110 1189 0 5 36
a 1110 32 0 4 37
a 1110 771 0 8 33
a 1110 143 0 3 8
a 1110 634 0 1 46
a 1114 361 0 624 50
a 1114 339 0 9 41
a 1114 922 0 8 18
a 1121 593 0 624 7
a 1121 168 0 4 37
a 1121 269 0 4 47
a 1121 765 0 5 2
a 1121 288 0 9 47
a 1121 86 0 6 14
a 1121 360 0 7 19
a 1121 941 0 6 35
a 1121 542 0 7 1
a 1121 416 0 5 15
a 1121 577 0 2 23
a 1121 830 0 7 32
a 1121 398 0 4 22
a 1121 271 0 6 28
a 1121 874 0 8 16
a 1121 112 0 8 38
a 1143 310 0 624 50
a 1143 1191 0 624 50
a 1143 539 0 8 20
a 1143 808 0 6 16
a 1155 1121 0 624 20
a 1155 243 0 8 22
a 1155 115 0 8 8
a 1155 414 0 9 9
a 1155 747 0 4 29
a 1155 753 0 5 35
a 1155 238 0 9 3
a 1155 680 0 1 30
a 1155 81 0 3 36
a 1155 786 0 1 15
a 1155 967 0 9 48
a 1155 116 0 5 32
a 1155 383 0 10 13
a 1164 255 0 624 20
a 1164 689 0 1 17
a 1164 727 0 5 12
a 1167 675 0 624 50
a 1167 481 0 1 39
a 1167 1168 0 9 30
a 1167 982 0 4 6
a 1167 823 0 1 1
a 1167 820 0 4 24
a 1167 537 0 4 21
a 1167 38 0 10 26
a 1167 163 0 7 33
a 1167 112 0 6 49
a 1167 93 0 4 25
a 1167 140 0 5 39
a 1167 1063 0 10 7
a 1167 991 0 3 36
a 1167 201 0 1 8
a 1167 1002 0 9 9
a 1167 471 0 10 5
a 1167 483 0 7 23
a 1167 935 0 3 37
a 1167 1033 0 4 41
a 1176 174 0 624 43
a 1176 226 0 5 46
a 1176 750 0 3 21
a 1176 611 0 3 41
a 1176 377 0 2 42
a 1176 497 0 10 47
a 1176 1108 0 9 42
a 1176 814 0 1 11
a 1176 118 0 10 3
a 1176 589 0 3 10
a 1176 509 0 8 16
a 1176 1157 0 7 1
a 1176 398 0 10 29
a 1176 856 0 7 39
a 1176 464 0 1 31
a 1177 52 0 624 50
a 1177 346 0 1 43
a 1177 689 0 3 19
a 1189 823 0 624 31
a 1189 684 0 10 18
a 1189 629 0 9 28
a 1189 374 0 6 25
a 1189 1100 0 7 30
a 1189 500 0 1 48
a 1189 232 0 2 28
a 1189 290 0 8 39
a 1189 546 0 8 4
a 1189 1139 0 3 49
a 1189 791 0 9 42
a 1189 967 0 6 48
